time_vao,time_dong,chieu,nguon,gia_vao,sl_goc,R_pip,mfe_pip,mae_pip,mfe_R,mae_R,cham10,phut10,phut_ve_entry_10,cham20,phut20,phut_ve_entry_20,cham30,phut30,phut_ve_entry_30,cham50,phut50,phut_ve_entry_50,cham80,phut80,phut_ve_entry_80,cham100,phut100,phut_ve_entry_100,cham150,phut150,phut_ve_entry_150,cham200,phut200,phut_ve_entry_200,cham300,phut300,phut_ve_entry_300,ket_cuc,lai_usd,phut_giu
2025.01.02 13:54,2025.01.02 14:31,SELL,Swing,2645.371,2649.482,41.1,48.5,38.6,1.18,0.94,1,4,19,1,5,19,1,7,19,0,,,0,,,0,,,0,,,0,,,0,,,SL,-41.11,36
2025.01.02 13:00,2025.01.02 14:31,SELL,LienKe,2643.336,2649.482,61.5,71.3,58.9,1.16,0.96,1,0,5,1,1,5,1,13,50,1,17,50,0,,,0,,,0,,,0,,,0,,,SL,-61.46,91
2025.01.02 13:00,2025.01.02 14:31,SELL,Swing,2643.336,2649.482,61.5,71.3,58.9,1.16,0.96,1,0,5,1,1,5,1,13,50,1,17,50,0,,,0,,,0,,,0,,,0,,,SL,-61.46,91
2025.01.02 14:30,2025.01.02 15:34,SELL,LienKe,2647.936,2652.069,41.3,25.9,32.9,0.63,0.80,1,6,7,1,33,35,0,,,0,,,0,,,0,,,0,,,0,,,0,,,SL,-41.33,64
2025.01.02 14:30,2025.01.02 15:34,SELL,LienKe,2646.280,2652.069,57.9,9.3,49.5,0.16,0.85,0,,,0,,,0,,,0,,,0,,,0,,,0,,,0,,,0,,,SL,-57.89,64
2025.01.02 06:30,2025.01.03 03:08,BUY,LienKe,2634.379,2628.226,61.5,296.7,32.8,4.82,0.53,1,16,17,1,90,101,1,135,212,1,152,212,1,229,-,1,231,-,1,481,-,1,560,-,0,,,TP,294.65,1238
2025.01.03 02:15,2025.01.03 05:34,BUY,LienKe,2659.417,2653.109,63.1,58.4,7.8,0.93,0.12,1,1,12,1,1,12,1,3,12,1,53,-,0,,,0,,,0,,,0,,,0,,,SL,0.00,199
2025.01.03 06:30,2025.01.03 07:22,BUY,Swing,2657.230,2652.909,43.2,30.2,35.4,0.70,0.82,1,2,5,1,10,35,1,25,35,0,,,0,,,0,,,0,,,0,,,0,,,SL,-43.21,52
2025.01.03 06:00,2025.01.03 07:22,BUY,Swing,2658.698,2652.909,57.9,15.5,50.1,0.27,0.86,1,1,3,0,,,0,,,0,,,0,,,0,,,0,,,0,,,0,,,SL,-57.89,82
2025.01.03 09:45,2025.01.03 11:16,SELL,LienKe,2654.073,2659.006,49.3,9.6,48.5,0.19,0.98,0,,,0,,,0,,,0,,,0,,,0,,,0,,,0,,,0,,,SL,-49.33,91
2025.01.03 09:00,2025.01.03 13:38,BUY,LienKe,2653.135,2646.890,62.5,61.2,51.4,0.98,0.82,1,1,11,1,4,11,1,65,96,1,123,258,0,,,0,,,0,,,0,,,0,,,SL,-62.45,278
2025.01.03 03:30,2025.01.06 05:33,SELL,LienKe,2663.516,2668.253,47.4,299.7,10.5,6.33,0.22,1,12,19,1,98,-,1,113,-,1,137,-,1,226,-,1,232,-,1,593,-,1,694,-,0,,,TP,300.00,4443
2025.01.03 02:39,2025.01.06 05:47,SELL,LienKe,2661.685,2667.049,53.6,294.0,37.3,5.48,0.70,1,6,15,1,175,-,1,186,-,1,194,-,1,283,-,1,355,-,1,659,-,1,760,-,0,,,TP,300.00,4507
2025.01.06 06:45,2025.01.06 07:37,BUY,LienKe,2631.887,2627.173,47.1,17.5,43.2,0.37,0.92,1,21,28,0,,,0,,,0,,,0,,,0,,,0,,,0,,,0,,,SL,-47.14,52
2025.01.06 10:45,2025.01.06 13:39,BUY,LienKe,2633.168,2627.930,52.4,163.5,42.9,3.12,0.82,1,11,16,1,28,172,1,29,172,1,30,172,1,37,172,1,39,172,1,50,172,0,,,0,,,SL,-52.38,174
2025.01.07 12:40,2025.01.07 13:03,SELL,LienKe,2649.857,2654.366,45.1,10.0,37.9,0.22,0.84,1,1,2,0,,,0,,,0,,,0,,,0,,,0,,,0,,,0,,,SL,-45.09,23
2025.01.07 12:15,2025.01.07 13:03,SELL,LienKe,2648.239,2654.366,61.3,7.2,54.1,0.12,0.88,0,,,0,,,0,,,0,,,0,,,0,,,0,,,0,,,0,,,SL,-61.27,48
2025.01.06 14:30,2025.01.07 13:16,BUY,LienKe,2625.850,2611.419,144.3,295.5,32.6,2.05,0.23,1,1,2,1,2,3,1,18,-,1,21,-,1,22,-,1,54,-,1,134,-,1,937,-,0,,,TP,294.65,1366
2025.01.09 12:53,2025.01.09 13:35,SELL,LienKe,2673.700,2677.573,38.7,15.5,33.9,0.40,0.88,1,19,20,0,,,0,,,0,,,0,,,0,,,0,,,0,,,0,,,SL,-38.73,41
2025.01.09 12:45,2025.01.09 13:35,SELL,LienKe,2672.847,2677.573,47.3,13.9,42.4,0.29,0.90,1,4,7,0,,,0,,,0,,,0,,,0,,,0,,,0,,,0,,,SL,-47.26,50
2025.01.09 23:01,2025.01.10 02:25,SELL,LienKe,2670.696,2674.332,36.4,20.4,33.5,0.56,0.92,1,46,66,1,46,66,0,,,0,,,0,,,0,,,0,,,0,,,0,,,SL,-36.36,204
2025.01.10 08:21,2025.01.10 09:25,SELL,LienKe,2677.846,2681.966,41.2,14.4,33.5,0.35,0.81,1,31,36,0,,,0,,,0,,,0,,,0,,,0,,,0,,,0,,,SL,-41.20,64
2025.01.10 08:15,2025.01.10 09:25,SELL,LienKe,2676.753,2681.966,52.1,3.4,44.4,0.07,0.85,0,,,0,,,0,,,0,,,0,,,0,,,0,,,0,,,0,,,SL,-52.13,70
2025.01.10 00:00,2025.01.10 13:30,BUY,LienKe,2670.118,2665.492,46.3,129.7,11.4,2.80,0.25,1,37,38,1,123,-,1,139,-,1,342,-,1,406,-,1,504,-,0,,,0,,,0,,,SL,-46.26,810
2025.01.10 09:30,2025.01.10 14:02,SELL,LienKe,2679.990,2685.389,54.0,158.4,53.4,2.93,0.99,1,12,16,1,162,200,1,177,200,1,190,200,1,240,258,1,240,258,1,243,258,0,,,0,,,SL,-53.99,272
2025.01.10 10:30,2025.01.10 14:03,SELL,LienKe,2681.114,2685.687,45.7,169.6,42.8,3.71,0.94,1,1,2,1,21,27,1,102,199,1,129,199,1,180,199,1,180,199,1,180,199,0,,,0,,,SL,-45.73,213
2025.01.10 13:45,2025.01.13 16:00,BUY,LienKe,2675.989,2660.994,149.9,220.4,149.0,1.47,0.99,1,0,1,1,3,6,1,3,6,1,4,6,1,15,4214,1,19,4214,1,46,4214,1,107,4214,0,,,SL,-155.30,4455
2025.01.10 13:45,2025.01.13 16:00,BUY,Swing,2675.989,2660.994,149.9,220.4,149.0,1.47,0.99,1,0,1,1,3,6,1,3,6,1,4,6,1,15,4214,1,19,4214,1,46,4214,1,107,4214,0,,,SL,-155.30,4455
2025.01.13 16:45,2025.01.13 17:03,BUY,Swing,2664.620,2660.292,43.3,5.3,42.0,0.12,0.97,0,,,0,,,0,,,0,,,0,,,0,,,0,,,0,,,0,,,SL,-43.28,18
2025.01.13 16:30,2025.01.13 17:03,BUY,Swing,2667.069,2660.292,67.8,9.3,66.5,0.14,0.98,0,,,0,,,0,,,0,,,0,,,0,,,0,,,0,,,0,,,SL,-67.77,33
2025.01.14 01:30,2025.01.14 05:02,SELL,LienKe,2671.565,2675.238,36.7,35.6,31.2,0.97,0.85,1,0,28,1,1,28,1,5,28,0,,,0,,,0,,,0,,,0,,,0,,,SL,-36.73,212
2025.01.14 01:15,2025.01.14 05:02,SELL,LienKe,2670.847,2675.238,43.9,28.4,38.3,0.65,0.87,1,10,15,1,20,34,0,,,0,,,0,,,0,,,0,,,0,,,0,,,SL,-43.91,227
2025.01.14 04:20,2025.01.14 09:41,BUY,LienKe,2668.977,2665.406,35.7,63.9,32.0,1.79,0.90,1,6,85,1,20,85,1,23,85,1,35,85,0,,,0,,,0,,,0,,,0,,,SL,-35.71,321
2025.01.14 04:15,2025.01.14 09:41,BUY,LienKe,2669.739,2665.406,43.3,56.3,39.7,1.30,0.92,1,25,76,1,26,76,1,33,76,1,47,76,0,,,0,,,0,,,0,,,0,,,SL,-43.33,326
2025.01.14 06:30,2025.01.14 13:38,BUY,LienKe,2667.939,2664.370,35.7,65.2,34.9,1.83,0.98,1,9,61,1,33,61,1,105,187,1,116,187,0,,,0,,,0,,,0,,,0,,,SL,-35.69,428
2025.01.14 06:15,2025.01.14 13:38,BUY,LienKe,2668.897,2664.370,45.3,55.6,44.4,1.23,0.98,1,48,54,1,120,191,1,126,191,1,135,191,0,,,0,,,0,,,0,,,0,,,SL,-45.27,443
2025.01.15 03:00,2025.01.15 05:45,SELL,LienKe,2673.409,2678.052,46.4,9.2,45.7,0.20,0.98,0,,,0,,,0,,,0,,,0,,,0,,,0,,,0,,,0,,,SL,-46.43,165
2025.01.15 04:30,2025.01.15 06:00,SELL,LienKe,2675.386,2679.716,43.3,10.4,41.6,0.24,0.96,1,12,19,0,,,0,,,0,,,0,,,0,,,0,,,0,,,0,,,SL,-43.30,90
2025.01.15 12:34,2025.01.15 14:35,BUY,LienKe,2685.582,2681.530,40.5,104.7,36.6,2.58,0.90,1,6,8,1,56,64,1,56,64,1,56,64,1,84,119,1,86,119,0,,,0,,,0,,,SL,-40.52,121
2025.01.15 12:30,2025.01.15 14:35,BUY,LienKe,2686.812,2681.530,52.8,92.4,48.9,1.75,0.93,1,60,67,1,60,67,1,60,67,1,60,67,1,90,111,0,,,0,,,0,,,0,,,SL,-52.82,125
2025.01.15 13:48,2025.01.15 23:02,SELL,LienKe,2690.117,2696.435,63.2,133.2,75.8,2.11,1.20,1,1,2,1,4,5,1,31,36,1,46,190,1,46,190,1,48,190,0,,,0,,,0,,,SL,-63.18,553
2025.01.15 13:48,2025.01.15 23:02,SELL,Swing,2690.117,2696.435,63.2,133.2,75.8,2.11,1.20,1,1,2,1,4,5,1,31,36,1,46,190,1,46,190,1,48,190,0,,,0,,,0,,,SL,-63.18,553
2025.01.15 13:45,2025.01.15 23:02,SELL,LienKe,2686.834,2696.435,96.0,100.3,108.7,1.05,1.13,1,48,180,1,49,180,1,49,180,1,50,180,1,51,180,1,79,180,0,,,0,,,0,,,SL,-96.01,557
2025.01.15 13:45,2025.01.15 23:02,SELL,Swing,2686.834,2696.435,96.0,100.3,108.7,1.05,1.13,1,48,180,1,49,180,1,49,180,1,50,180,1,51,180,1,79,180,0,,,0,,,0,,,SL,-96.01,557
2025.01.14 18:30,2025.01.16 01:09,BUY,LienKe,2669.456,2663.677,57.8,299.8,1.8,5.19,0.03,1,6,450,1,10,450,1,27,450,1,64,450,1,170,450,1,690,-,1,817,-,1,1140,-,0,,,TP,278.60,1839
2025.01.17 05:26,2025.01.17 06:22,BUY,LienKe,2714.282,2710.866,34.2,0.0,31.9,0.00,0.93,0,,,0,,,0,,,0,,,0,,,0,,,0,,,0,,,0,,,SL,-34.16,56
2025.01.17 05:15,2025.01.17 06:22,BUY,LienKe,2715.029,2710.866,41.6,5.1,39.4,0.12,0.95,0,,,0,,,0,,,0,,,0,,,0,,,0,,,0,,,0,,,SL,-41.63,67
2025.01.17 08:00,2025.01.17 09:42,BUY,Swing,2710.737,2705.585,51.5,22.5,51.0,0.44,0.99,1,44,64,1,46,64,0,,,0,,,0,,,0,,,0,,,0,,,0,,,SL,-51.52,102
2025.01.17 11:56,2025.01.17 12:00,SELL,LienKe,2706.671,2710.215,35.4,0.6,23.3,0.02,0.66,0,,,0,,,0,,,0,,,0,,,0,,,0,,,0,,,0,,,SL,-35.44,4
2025.01.17 11:45,2025.01.17 12:00,SELL,LienKe,2705.869,2710.215,43.5,15.4,31.3,0.35,0.72,1,2,5,0,,,0,,,0,,,0,,,0,,,0,,,0,,,0,,,SL,-43.46,15
2025.01.17 12:23,2025.01.17 15:00,SELL,LienKe,2709.278,2713.553,42.8,63.6,34.3,1.49,0.80,1,48,57,1,53,57,1,53,57,1,97,138,0,,,0,,,0,,,0,,,0,,,SL,-42.75,157
2025.01.17 12:15,2025.01.17 15:00,SELL,LienKe,2707.849,2713.553,57.0,49.3,48.6,0.86,0.85,1,61,65,1,76,77,1,103,121,0,,,0,,,0,,,0,,,0,,,0,,,SL,-57.04,165
2025.01.17 13:48,2025.01.17 20:01,BUY,LienKe,2706.878,2701.972,49.1,103.8,47.4,2.12,0.97,1,47,48,1,53,304,1,54,304,1,61,304,1,77,304,1,176,304,0,,,0,,,0,,,SL,-49.06,373
2025.01.17 13:45,2025.01.17 20:01,BUY,LienKe,2708.768,2701.972,68.0,84.9,66.3,1.25,0.98,1,57,284,1,61,284,1,64,284,1,76,284,1,156,284,0,,,0,,,0,,,0,,,SL,-67.96,376
2025.01.20 17:25,2025.01.21 01:27,SELL,LienKe,2708.611,2712.662,40.5,56.5,31.3,1.40,0.77,1,0,1,1,7,9,1,44,60,1,448,460,0,,,0,,,0,,,0,,,0,,,SL,-40.51,482
2025.01.20 17:15,2025.01.21 01:27,SELL,LienKe,2706.876,2712.662,57.9,39.2,48.6,0.68,0.84,1,2,10,1,9,10,1,458,466,0,,,0,,,0,,,0,,,0,,,0,,,SL,-57.86,492
2025.01.17 15:47,2025.01.21 01:55,SELL,LienKe,2713.686,2717.949,42.6,241.7,37.3,5.67,0.88,1,81,3785,1,81,3785,1,155,3785,1,162,3785,1,192,3785,1,247,3785,1,3334,3785,1,3336,3785,0,,,SL,-42.63,4928
2025.01.17 15:47,2025.01.21 01:55,SELL,Swing,2713.686,2717.949,42.6,241.7,37.3,5.67,0.88,1,81,3785,1,81,3785,1,155,3785,1,162,3785,1,192,3785,1,247,3785,1,3334,3785,1,3336,3785,0,,,SL,-42.63,4928
2025.01.17 15:15,2025.01.21 01:55,SELL,LienKe,2712.440,2717.949,55.1,229.3,49.8,4.16,0.90,1,1,8,1,3,8,1,190,3817,1,212,3817,1,278,3817,1,285,3817,1,3367,3817,1,3372,3817,0,,,SL,-55.09,4960
2025.01.17 15:15,2025.01.21 01:55,SELL,Swing,2712.440,2717.949,55.1,229.3,49.8,4.16,0.90,1,1,8,1,3,8,1,190,3817,1,212,3817,1,278,3817,1,285,3817,1,3367,3817,1,3372,3817,0,,,SL,-55.09,4960
2025.01.17 07:15,2025.01.21 01:55,SELL,LienKe,2712.005,2717.624,56.2,224.9,54.2,4.00,0.96,1,25,89,1,33,89,1,38,89,1,130,369,1,166,369,1,766,4297,1,3847,4297,1,3853,4297,0,,,SL,-56.19,5440
2025.01.21 03:30,2025.01.21 07:38,SELL,LienKe,2724.327,2729.946,56.2,14.8,53.0,0.26,0.94,1,9,24,0,,,0,,,0,,,0,,,0,,,0,,,0,,,0,,,SL,-56.19,248
2025.01.21 06:58,2025.01.21 09:02,BUY,LienKe,2724.730,2720.771,39.6,81.0,33.1,2.05,0.84,1,15,20,1,26,78,1,30,78,1,40,78,1,43,78,0,,,0,,,0,,,0,,,SL,-39.59,124
2025.01.21 06:45,2025.01.21 09:02,BUY,LienKe,2725.850,2720.771,50.8,69.8,44.3,1.37,0.87,1,0,2,1,44,90,1,52,90,1,54,90,0,,,0,,,0,,,0,,,0,,,SL,-50.79,137
2025.01.21 17:23,2025.01.22 00:57,SELL,LienKe,2744.454,2748.839,43.8,44.1,40.2,1.01,0.92,1,13,59,1,17,59,1,26,59,0,,,0,,,0,,,0,,,0,,,0,,,SL,-43.85,454
2025.01.21 17:15,2025.01.22 00:57,SELL,LienKe,2742.908,2748.839,59.3,28.6,55.6,0.48,0.94,1,1,3,1,42,53,0,,,0,,,0,,,0,,,0,,,0,,,0,,,SL,-59.31,462
2025.01.22 03:59,2025.01.22 05:29,SELL,LienKe,2750.358,2754.084,37.3,8.9,33.6,0.24,0.90,0,,,0,,,0,,,0,,,0,,,0,,,0,,,0,,,0,,,SL,-37.26,90
2025.01.22 03:59,2025.01.22 05:29,SELL,Swing,2750.358,2754.084,37.3,8.9,33.6,0.24,0.90,0,,,0,,,0,,,0,,,0,,,0,,,0,,,0,,,0,,,SL,-37.26,90
2025.01.22 03:45,2025.01.22 05:29,SELL,LienKe,2749.052,2754.084,50.3,3.0,46.7,0.06,0.93,0,,,0,,,0,,,0,,,0,,,0,,,0,,,0,,,0,,,SL,-50.32,104
2025.01.22 03:45,2025.01.22 05:29,SELL,Swing,2749.052,2754.084,50.3,3.0,46.7,0.06,0.93,0,,,0,,,0,,,0,,,0,,,0,,,0,,,0,,,0,,,SL,-50.32,104
2025.01.22 17:58,2025.01.23 01:46,BUY,LienKe,2756.667,2752.810,38.6,26.8,38.4,0.70,1.00,1,20,76,1,28,76,0,,,0,,,0,,,0,,,0,,,0,,,0,,,SL,-54.62,468
2025.01.22 20:45,2025.01.23 01:47,BUY,Swing,2756.138,2751.802,43.4,9.9,33.9,0.23,0.78,0,,,0,,,0,,,0,,,0,,,0,,,0,,,0,,,0,,,SL,-59.41,302
2025.01.23 11:28,2025.01.23 16:46,SELL,LienKe,2752.732,2756.702,39.7,168.0,38.4,4.23,0.97,1,32,35,1,42,304,1,44,304,1,45,304,1,63,304,1,70,304,1,118,304,0,,,0,,,SL,-39.70,317
2025.01.23 11:15,2025.01.23 16:46,SELL,LienKe,2751.727,2756.702,49.8,158.0,48.4,3.18,0.97,1,56,304,1,57,304,1,57,304,1,58,304,1,83,304,1,119,304,1,143,304,0,,,0,,,SL,-49.75,331
2025.01.23 17:06,2025.01.24 00:44,SELL,Swing,2754.416,2760.440,60.2,29.5,59.3,0.49,0.98,1,174,184,1,175,184,0,,,0,,,0,,,0,,,0,,,0,,,0,,,SL,-60.24,458
2025.01.23 17:00,2025.01.24 00:44,SELL,Swing,2753.880,2760.440,65.6,24.1,64.7,0.37,0.99,1,1,6,1,183,190,0,,,0,,,0,,,0,,,0,,,0,,,0,,,SL,-65.60,464
2025.01.24 03:15,2025.01.24 13:03,SELL,LienKe,2775.128,2780.446,53.2,50.1,52.2,0.94,0.98,1,1,85,1,6,85,1,9,85,1,320,333,0,,,0,,,0,,,0,,,0,,,SL,-53.18,588
2025.01.24 12:16,2025.01.24 13:20,SELL,Swing,2778.565,2783.193,46.3,15.9,43.4,0.34,0.94,1,7,9,0,,,0,,,0,,,0,,,0,,,0,,,0,,,0,,,SL,-46.28,64
2025.01.24 11:45,2025.01.24 13:20,SELL,Swing,2776.658,2783.193,65.4,10.4,62.5,0.16,0.96,1,12,13,0,,,0,,,0,,,0,,,0,,,0,,,0,,,0,,,SL,-65.35,95
2025.01.24 08:33,2025.01.26 23:05,BUY,Swing,2770.829,2767.117,37.1,151.8,9.4,4.09,0.25,1,6,499,1,11,499,1,14,499,1,44,499,1,181,499,1,275,499,1,423,499,0,,,0,,,SL,-42.47,3751
2025.01.24 08:30,2025.01.26 23:05,BUY,Swing,2772.196,2767.117,50.8,138.2,23.0,2.72,0.45,1,17,66,1,17,66,1,18,66,1,60,66,1,273,500,1,283,500,0,,,0,,,0,,,SL,-56.14,3755
2025.01.27 13:20,2025.01.27 13:40,BUY,LienKe,2759.585,2754.829,47.6,8.6,47.3,0.18,1.00,0,,,0,,,0,,,0,,,0,,,0,,,0,,,0,,,0,,,SL,-47.56,20
2025.01.27 13:15,2025.01.27 13:40,BUY,LienKe,2761.813,2754.829,69.8,6.2,69.6,0.09,1.00,0,,,0,,,0,,,0,,,0,,,0,,,0,,,0,,,0,,,SL,-69.84,25
2025.01.27 01:15,2025.01.27 15:35,SELL,LienKe,2770.297,2775.541,52.4,291.4,19.7,5.56,0.38,1,10,577,1,11,577,1,15,577,1,26,577,1,48,577,1,58,577,1,67,577,1,373,577,0,,,TP,300.00,860
2025.01.27 16:42,2025.01.27 16:51,BUY,LienKe,2739.671,2735.162,45.1,7.0,37.9,0.15,0.84,0,,,0,,,0,,,0,,,0,,,0,,,0,,,0,,,0,,,SL,-45.09,9
2025.01.27 16:30,2025.01.27 16:51,BUY,LienKe,2741.253,2735.162,60.9,19.2,53.8,0.32,0.88,1,6,9,0,,,0,,,0,,,0,,,0,,,0,,,0,,,0,,,SL,-60.91,21
2025.01.28 10:00,2025.01.28 13:31,SELL,Swing,2743.429,2748.151,47.2,23.5,45.1,0.50,0.95,1,49,58,1,50,58,0,,,0,,,0,,,0,,,0,,,0,,,0,,,SL,-47.22,211
2025.01.29 04:56,2025.01.29 07:07,BUY,LienKe,2762.547,2758.457,40.9,5.1,39.7,0.12,0.97,0,,,0,,,0,,,0,,,0,,,0,,,0,,,0,,,0,,,SL,-40.90,131
2025.01.29 04:56,2025.01.29 07:07,BUY,Swing,2762.547,2758.457,40.9,5.1,39.7,0.12,0.97,0,,,0,,,0,,,0,,,0,,,0,,,0,,,0,,,0,,,SL,-40.90,131
2025.01.29 04:30,2025.01.29 07:07,BUY,Swing,2763.738,2758.457,52.8,6.2,51.6,0.12,0.98,0,,,0,,,0,,,0,,,0,,,0,,,0,,,0,,,0,,,SL,-52.81,157
2025.01.29 11:01,2025.01.29 13:17,BUY,Swing,2757.632,2754.008,36.2,21.5,20.9,0.59,0.58,1,4,6,1,20,63,0,,,0,,,0,,,0,,,0,,,0,,,0,,,SL,-36.24,136
2025.01.29 11:00,2025.01.29 13:17,BUY,Swing,2758.376,2754.008,43.7,14.1,28.3,0.32,0.65,1,22,30,0,,,0,,,0,,,0,,,0,,,0,,,0,,,0,,,SL,-43.68,137
2025.01.29 15:20,2025.01.29 15:27,BUY,LienKe,2757.692,2753.265,44.3,0.8,38.1,0.02,0.86,0,,,0,,,0,,,0,,,0,,,0,,,0,,,0,,,0,,,SL,-44.27,7
2025.01.29 18:15,2025.01.29 19:05,BUY,LienKe,2752.020,2745.752,62.7,18.6,57.1,0.30,0.91,1,11,19,0,,,0,,,0,,,0,,,0,,,0,,,0,,,0,,,SL,-62.68,50
2025.01.29 14:18,2025.01.30 04:09,SELL,LienKe,2759.780,2763.557,37.8,148.8,33.0,3.94,0.87,1,6,17,1,7,17,1,8,17,1,66,457,1,69,457,1,72,457,0,,,0,,,0,,,SL,-37.77,831
2025.01.29 14:15,2025.01.30 04:09,SELL,LienKe,2758.946,2763.557,46.1,140.4,41.4,3.05,0.90,1,10,15,1,11,15,1,68,371,1,72,371,1,73,371,1,81,371,0,,,0,,,0,,,SL,-46.11,834
2025.01.30 11:36,2025.01.30 13:02,SELL,LienKe,2778.802,2782.359,35.6,25.8,32.6,0.73,0.92,1,14,37,1,27,37,0,,,0,,,0,,,0,,,0,,,0,,,0,,,SL,-35.57,86
2025.01.30 11:30,2025.01.30 13:02,SELL,LienKe,2778.255,2782.359,41.0,20.3,38.1,0.50,0.93,1,33,41,1,34,41,0,,,0,,,0,,,0,,,0,,,0,,,0,,,SL,-41.04,92
2025.01.30 05:30,2025.01.30 15:14,BUY,LienKe,2760.000,2756.619,33.8,297.6,13.7,8.80,0.40,1,28,-,1,38,-,1,86,-,1,87,-,1,107,-,1,150,-,1,203,-,1,427,-,0,,,TP,300.00,584
2025.01.30 05:30,2025.01.30 15:25,BUY,LienKe,2760.513,2756.619,38.9,298.1,18.8,7.66,0.48,1,38,-,1,72,-,1,86,-,1,88,-,1,142,-,1,155,-,1,205,-,1,433,-,0,,,TP,300.00,595
2025.01.30 16:15,2025.01.31 12:01,SELL,LienKe,2793.940,2801.505,75.7,49.8,72.8,0.66,0.96,1,1,2,1,9,18,1,13,18,0,,,0,,,0,,,0,,,0,,,0,,,SL,-75.65,1186
2025.01.31 16:16,2025.01.31 17:11,BUY,LienKe,2808.105,2804.081,40.2,18.5,32.0,0.46,0.79,1,26,27,0,,,0,,,0,,,0,,,0,,,0,,,0,,,0,,,SL,-40.24,55
2025.01.31 16:15,2025.01.31 17:11,BUY,LienKe,2809.813,2804.081,57.3,1.4,49.1,0.03,0.86,0,,,0,,,0,,,0,,,0,,,0,,,0,,,0,,,0,,,SL,-57.32,56
2025.01.31 20:15,2025.02.02 23:24,BUY,LienKe,2797.399,2791.029,63.7,72.5,46.7,1.14,0.73,1,29,3066,1,30,3066,1,35,3066,1,52,3066,0,,,0,,,0,,,0,,,0,,,SL,-69.05,3069
2025.01.31 20:15,2025.02.02 23:24,BUY,Swing,2797.399,2791.029,63.7,72.5,46.7,1.14,0.73,1,29,3066,1,30,3066,1,35,3066,1,52,3066,0,,,0,,,0,,,0,,,0,,,SL,-69.05,3069
2025.01.31 06:31,2025.02.02 23:25,BUY,LienKe,2794.031,2790.447,35.8,232.1,35.5,6.48,0.99,1,9,21,1,47,114,1,47,114,1,53,114,1,333,813,1,345,813,1,483,813,1,514,813,0,,,SL,-41.19,3894
2025.01.31 06:30,2025.02.02 23:25,BUY,LienKe,2794.731,2790.447,42.8,225.1,42.5,5.26,0.99,1,42,112,1,48,112,1,53,112,1,55,112,1,342,812,1,349,812,1,506,812,1,516,812,0,,,SL,-48.19,3895
2025.02.03 13:58,2025.02.03 14:14,SELL,LienKe,2811.154,2814.871,37.2,9.0,36.0,0.24,0.97,0,,,0,,,0,,,0,,,0,,,0,,,0,,,0,,,0,,,SL,-37.17,16
2025.02.03 13:30,2025.02.03 14:14,SELL,LienKe,2810.334,2814.871,45.4,20.6,44.2,0.45,0.97,1,4,6,1,15,18,0,,,0,,,0,,,0,,,0,,,0,,,0,,,SL,-45.37,44
2025.02.04 07:00,2025.02.04 07:27,BUY,Swing,2811.500,2807.868,36.3,29.3,30.7,0.81,0.85,1,1,22,1,3,22,0,,,0,,,0,,,0,,,0,,,0,,,0,,,SL,-36.32,27
2025.02.04 06:45,2025.02.04 07:27,BUY,Swing,2812.940,2807.868,50.7,14.9,45.1,0.29,0.89,1,12,15,0,,,0,,,0,,,0,,,0,,,0,,,0,,,0,,,SL,-50.72,42
2025.02.05 10:45,2025.02.05 15:49,SELL,LienKe,2870.736,2880.085,93.5,119.8,87.4,1.28,0.94,1,2,3,1,6,128,1,8,128,1,26,128,1,168,244,1,179,244,0,,,0,,,0,,,SL,-93.49,304
2025.02.05 20:41,2025.02.06 06:50,BUY,LienKe,2862.840,2859.178,36.6,104.9,29.6,2.86,0.81,1,57,607,1,59,607,1,70,607,1,143,607,1,189,607,1,321,607,0,,,0,,,0,,,SL,-52.67,609
2025.02.05 20:30,2025.02.06 06:50,BUY,LienKe,2864.942,2859.178,57.6,83.9,50.6,1.45,0.88,1,4,6,1,86,281,1,155,281,1,197,281,1,332,417,0,,,0,,,0,,,0,,,SL,-73.69,620
2025.02.05 19:56,2025.02.06 06:50,BUY,LienKe,2864.108,2859.681,44.3,92.2,42.3,2.08,0.95,1,33,42,1,38,42,1,120,315,1,229,315,1,365,652,0,,,0,,,0,,,0,,,SL,-60.32,654
2025.02.05 19:56,2025.02.06 06:50,BUY,Swing,2864.108,2859.681,44.3,92.2,42.3,2.08,0.95,1,33,42,1,38,42,1,120,315,1,229,315,1,365,652,0,,,0,,,0,,,0,,,SL,-60.32,654
2025.02.05 19:15,2025.02.06 06:50,BUY,LienKe,2865.726,2859.681,60.5,76.0,58.4,1.26,0.97,1,1,35,1,3,35,1,8,35,1,275,353,0,,,0,,,0,,,0,,,0,,,SL,-76.50,695
2025.02.05 19:15,2025.02.06 06:50,BUY,Swing,2865.726,2859.681,60.5,76.0,58.4,1.26,0.97,1,1,35,1,3,35,1,8,35,1,275,353,0,,,0,,,0,,,0,,,0,,,SL,-76.50,695
2025.02.06 04:15,2025.02.06 15:00,SELL,LienKe,2869.389,2875.366,59.8,280.8,21.7,4.70,0.36,1,43,53,1,58,60,1,92,109,1,153,468,1,155,468,1,155,468,1,226,468,1,248,468,0,,,TP,300.00,645
2025.02.07 05:21,2025.02.07 05:57,BUY,LienKe,2865.883,2862.243,36.4,0.0,33.0,0.00,0.91,0,,,0,,,0,,,0,,,0,,,0,,,0,,,0,,,0,,,SL,-36.40,36
2025.02.07 05:15,2025.02.07 05:57,BUY,LienKe,2866.743,2862.243,45.0,2.8,41.6,0.06,0.93,0,,,0,,,0,,,0,,,0,,,0,,,0,,,0,,,0,,,SL,-45.00,42
2025.02.07 10:30,2025.02.07 13:17,BUY,LienKe,2866.535,2860.332,62.0,17.0,55.1,0.27,0.89,1,29,34,0,,,0,,,0,,,0,,,0,,,0,,,0,,,0,,,SL,-62.03,167
2025.02.07 03:15,2025.02.07 14:27,SELL,LienKe,2868.043,2873.645,56.0,154.4,55.3,2.76,0.99,1,40,45,1,106,350,1,135,350,1,144,350,1,216,350,1,617,624,1,617,624,0,,,0,,,SL,-56.02,672
2025.02.06 15:15,2025.02.07 14:27,BUY,LienKe,2843.895,2831.055,128.4,295.2,4.1,2.30,0.03,1,1,3,1,1,3,1,2,3,1,24,-,1,32,-,1,62,-,1,527,-,1,608,-,0,,,TP,294.65,1392
2025.02.10 14:15,2025.02.11 01:13,BUY,LienKe,2900.781,2893.260,75.2,290.3,41.5,3.86,0.55,1,2,154,1,4,154,1,4,154,1,24,154,1,40,154,1,64,154,1,559,-,1,565,-,0,,,TP,294.65,658
2025.02.11 07:25,2025.02.11 07:31,BUY,LienKe,2915.192,2909.488,57.0,6.0,52.8,0.11,0.92,0,,,0,,,0,,,0,,,0,,,0,,,0,,,0,,,0,,,SL,-57.04,6
2025.02.11 07:15,2025.02.11 07:31,BUY,LienKe,2918.356,2909.488,88.7,0.0,84.4,0.00,0.95,0,,,0,,,0,,,0,,,0,,,0,,,0,,,0,,,0,,,SL,-88.68,16
2025.02.12 01:45,2025.02.12 10:43,BUY,LienKe,2893.891,2880.760,131.3,39.0,120.1,0.30,0.91,1,2,10,1,3,10,1,45,47,0,,,0,,,0,,,0,,,0,,,0,,,SL,-131.31,538
2025.02.13 06:22,2025.02.13 08:14,BUY,LienKe,2915.921,2911.490,44.3,47.5,38.5,1.07,0.87,1,3,4,1,63,66,1,69,73,0,,,0,,,0,,,0,,,0,,,0,,,SL,-44.31,112
2025.02.13 06:15,2025.02.13 08:14,BUY,LienKe,2917.522,2911.490,60.3,31.5,54.5,0.52,0.90,1,76,78,1,76,78,1,76,78,0,,,0,,,0,,,0,,,0,,,0,,,SL,-60.32,119
2025.02.13 10:00,2025.02.13 12:40,SELL,LienKe,2915.277,2921.332,60.5,12.0,59.9,0.20,0.99,1,0,2,0,,,0,,,0,,,0,,,0,,,0,,,0,,,0,,,SL,-60.55,160
2025.02.13 20:33,2025.02.13 23:35,SELL,LienKe,2927.600,2931.894,42.9,25.6,42.4,0.60,0.99,1,12,21,1,14,21,0,,,0,,,0,,,0,,,0,,,0,,,0,,,SL,-42.94,182
2025.02.13 20:30,2025.02.13 23:35,SELL,LienKe,2925.891,2931.894,60.0,8.5,59.5,0.14,0.99,0,,,0,,,0,,,0,,,0,,,0,,,0,,,0,,,0,,,SL,-60.03,185
2025.02.14 02:34,2025.02.14 13:43,BUY,Swing,2927.316,2922.961,43.6,126.9,41.5,2.91,0.95,1,2,8,1,28,62,1,47,62,1,197,631,1,248,631,1,345,631,0,,,0,,,0,,,SL,-43.55,669
2025.02.14 02:30,2025.02.14 13:43,BUY,Swing,2927.865,2922.961,49.0,121.4,47.0,2.48,0.96,1,31,64,1,34,64,1,196,613,1,229,613,1,253,613,1,350,613,0,,,0,,,0,,,SL,-49.04,673
2025.02.14 14:15,2025.02.14 15:17,BUY,LienKe,2922.424,2911.082,113.4,61.1,87.6,0.54,0.77,1,0,0,1,3,21,1,5,21,1,10,21,0,,,0,,,0,,,0,,,0,,,SL,-113.42,62
2025.02.17 09:43,2025.02.18 03:22,SELL,Swing,2903.550,2909.455,59.0,113.9,56.8,1.93,0.96,1,2,4,1,38,77,1,43,77,1,44,77,1,927,1017,1,950,1017,0,,,0,,,0,,,SL,-59.05,1059
2025.02.17 09:30,2025.02.18 03:22,SELL,Swing,2902.767,2909.455,66.9,106.0,64.6,1.59,0.97,1,33,37,1,55,88,1,56,88,1,61,88,1,963,1029,1,964,1029,0,,,0,,,0,,,SL,-66.88,1072
2025.02.18 14:20,2025.02.18 14:47,SELL,LienKe,2921.247,2925.420,41.7,0.0,38.3,0.00,0.92,0,,,0,,,0,,,0,,,0,,,0,,,0,,,0,,,0,,,SL,-41.73,27
2025.02.18 14:15,2025.02.18 14:47,SELL,LienKe,2920.043,2925.420,53.8,21.7,50.3,0.40,0.94,1,1,3,1,2,3,0,,,0,,,0,,,0,,,0,,,0,,,0,,,SL,-53.77,32
2025.02.18 11:00,2025.02.19 09:15,BUY,Swing,2911.387,2904.069,73.2,286.5,17.0,3.92,0.23,1,26,29,1,54,-,1,55,-,1,101,-,1,162,-,1,166,-,1,231,-,1,341,-,0,,,TP,294.65,1335
2025.02.18 08:00,2025.02.19 09:15,BUY,LienKe,2911.751,2905.517,62.3,282.9,46.8,4.54,0.75,1,13,14,1,235,-,1,236,-,1,281,-,1,342,-,1,370,-,1,411,-,1,522,-,0,,,TP,294.65,1515
2025.02.19 03:00,2025.02.19 15:58,BUY,LienKe,2929.414,2921.030,83.8,176.3,45.1,2.10,0.54,1,22,22,1,155,-,1,166,-,1,175,-,1,314,-,1,329,-,1,378,-,0,,,0,,,SL,0.00,778
2025.02.19 12:28,2025.02.19 15:59,BUY,LienKe,2932.904,2928.202,47.0,87.1,42.8,1.85,0.91,1,3,31,1,6,31,1,9,31,1,34,85,1,39,85,0,,,0,,,0,,,0,,,SL,-47.02,211
2025.02.19 12:15,2025.02.19 15:59,BUY,LienKe,2934.791,2928.202,65.9,68.2,61.6,1.03,0.94,1,0,1,1,47,96,1,47,96,1,49,96,0,,,0,,,0,,,0,,,0,,,SL,-65.89,224
2025.02.20 04:31,2025.02.20 13:46,BUY,LienKe,2940.339,2936.608,37.3,146.4,27.0,3.92,0.72,1,9,15,1,33,473,1,45,473,1,65,473,1,143,473,1,182,473,0,,,0,,,0,,,SL,-37.31,555
2025.02.20 04:30,2025.02.20 13:46,BUY,LienKe,2940.842,2936.608,42.3,141.3,32.0,3.34,0.76,1,34,474,1,37,474,1,49,474,1,85,474,1,146,474,1,183,474,0,,,0,,,0,,,SL,-42.34,556
2025.02.20 02:15,2025.02.20 14:01,BUY,LienKe,2936.314,2930.855,54.6,186.6,34.5,3.42,0.63,1,2,26,1,7,26,1,11,26,1,38,691,1,185,691,1,223,691,1,321,691,0,,,0,,,SL,-54.59,706
2025.02.20 01:52,2025.02.20 14:01,BUY,LienKe,2935.604,2931.594,40.1,193.7,27.4,4.83,0.68,1,1,11,1,3,11,1,33,715,1,59,715,1,81,715,1,243,715,1,341,715,0,,,0,,,SL,-40.10,729
2025.02.20 01:45,2025.02.20 14:01,BUY,LienKe,2936.881,2931.594,52.9,180.9,40.2,3.42,0.76,1,0,2,1,40,52,1,65,721,1,77,721,1,215,721,1,255,721,1,352,721,0,,,0,,,SL,-52.87,736
2025.02.21 06:00,2025.02.21 14:47,SELL,LienKe,2930.212,2937.039,68.3,133.7,65.8,1.96,0.96,1,2,14,1,3,14,1,4,14,1,129,241,1,138,241,1,141,241,0,,,0,,,0,,,SL,-68.27,527
2025.02.21 14:45,2025.02.21 14:48,SELL,LienKe,2931.931,2938.656,67.2,0.0,66.5,0.00,0.99,0,,,0,,,0,,,0,,,0,,,0,,,0,,,0,,,0,,,SL,-67.25,3
2025.02.21 18:52,2025.02.24 08:52,SELL,LienKe,2941.512,2945.463,39.5,200.4,36.5,5.07,0.92,1,34,3368,1,34,3368,1,48,3368,1,54,3368,1,57,3368,1,3246,3368,1,3248,3368,1,3272,3368,0,,,SL,-39.51,3720
2025.02.21 18:45,2025.02.24 08:52,SELL,LienKe,2940.520,2945.463,49.4,190.4,46.4,3.85,0.94,1,41,48,1,55,3148,1,57,3148,1,61,3148,1,145,3148,1,3253,3370,1,3266,3370,0,,,0,,,SL,-49.43,3727
2025.02.24 13:03,2025.02.24 13:57,SELL,Swing,2949.425,2954.141,47.2,23.6,44.8,0.50,0.95,1,1,3,1,17,17,0,,,0,,,0,,,0,,,0,,,0,,,0,,,SL,-47.16,54
2025.02.24 12:15,2025.02.24 13:57,SELL,LienKe,2946.424,2954.141,77.2,8.2,74.9,0.11,0.97,0,,,0,,,0,,,0,,,0,,,0,,,0,,,0,,,0,,,SL,-77.17,102
2025.02.24 12:15,2025.02.24 13:57,SELL,Swing,2946.424,2954.141,77.2,8.2,74.9,0.11,0.97,0,,,0,,,0,,,0,,,0,,,0,,,0,,,0,,,0,,,SL,-77.17,102
2025.02.24 04:42,2025.02.24 14:40,BUY,LienKe,2939.185,2934.781,44.0,170.4,42.9,3.87,0.97,1,7,8,1,14,58,1,171,237,1,182,237,1,251,355,1,439,593,1,557,593,0,,,0,,,SL,-44.04,597
2025.02.24 04:15,2025.02.24 14:40,BUY,LienKe,2940.741,2934.781,59.6,154.9,58.5,2.60,0.98,1,2,20,1,5,20,1,209,246,1,277,378,1,466,613,1,467,613,1,585,613,0,,,0,,,SL,-59.60,625
2025.02.24 11:04,2025.02.24 15:07,BUY,Swing,2937.947,2931.892,60.6,182.8,54.2,3.02,0.90,1,0,211,1,1,211,1,18,211,1,26,211,1,45,211,1,53,211,1,168,211,0,,,0,,,SL,-60.55,243
2025.02.24 11:00,2025.02.24 15:07,BUY,Swing,2938.550,2931.892,66.6,176.8,60.2,2.66,0.90,1,5,7,1,5,7,1,23,215,1,33,215,1,50,215,1,61,215,1,173,215,0,,,0,,,SL,-66.58,247
2025.02.24 15:00,2025.02.24 15:09,BUY,Swing,2938.575,2931.596,69.8,0.8,69.2,0.01,0.99,0,,,0,,,0,,,0,,,0,,,0,,,0,,,0,,,0,,,SL,-69.79,9
2025.02.25 06:46,2025.02.25 07:52,BUY,Swing,2934.915,2931.340,35.7,55.3,29.9,1.55,0.84,1,7,17,1,8,17,1,23,57,1,27,57,0,,,0,,,0,,,0,,,0,,,SL,-35.75,66
2025.02.25 06:45,2025.02.25 07:52,BUY,Swing,2935.647,2931.340,43.1,48.0,37.2,1.11,0.86,1,9,15,1,24,57,1,28,57,0,,,0,,,0,,,0,,,0,,,0,,,SL,-43.07,67
2025.02.25 10:53,2025.02.25 12:29,BUY,LienKe,2938.187,2934.393,37.9,31.3,35.9,0.83,0.95,1,10,61,1,35,61,1,84,89,0,,,0,,,0,,,0,,,0,,,0,,,SL,-37.94,96
2025.02.25 10:15,2025.02.25 12:29,BUY,LienKe,2939.550,2934.393,51.6,19.9,49.6,0.39,0.96,1,5,6,0,,,0,,,0,,,0,,,0,,,0,,,0,,,0,,,SL,-51.57,134
2025.02.24 15:37,2025.02.25 12:33,BUY,LienKe,2933.519,2927.654,58.6,203.8,40.0,3.47,0.68,1,1,909,1,1,909,1,2,909,1,3,909,1,30,909,1,39,909,1,204,909,1,445,909,0,,,SL,-64.00,1256
2025.02.24 15:15,2025.02.25 12:33,BUY,LienKe,2936.559,2927.654,89.1,173.4,70.4,1.95,0.79,1,1,2,1,25,28,1,26,28,1,52,773,1,121,773,1,192,773,1,343,773,0,,,0,,,SL,-94.40,1278
2025.02.25 05:45,2025.02.25 14:35,SELL,LienKe,2938.677,2943.964,52.9,144.7,47.0,2.74,0.89,1,11,85,1,30,85,1,44,85,1,62,85,1,127,173,1,408,495,0,,,0,,,0,,,SL,-52.87,530
2025.02.25 14:45,2025.02.25 15:30,SELL,Swing,2938.729,2947.949,92.2,285.1,13.9,3.09,0.15,1,1,-,1,2,-,1,7,-,1,13,-,1,23,-,1,25,-,1,32,-,1,36,-,0,,,TP,300.00,45
2025.02.25 18:45,2025.02.25 23:04,SELL,LienKe,2909.926,2915.225,53.0,40.5,75.8,0.76,1.43,1,16,18,1,26,52,1,35,52,0,,,0,,,0,,,0,,,0,,,0,,,SL,-52.99,259
2025.02.25 18:15,2025.02.25 23:04,SELL,LienKe,2906.924,2915.225,83.0,14.1,105.8,0.17,1.27,1,2,3,0,,,0,,,0,,,0,,,0,,,0,,,0,,,0,,,SL,-83.01,289
2025.02.26 04:35,2025.02.26 06:12,BUY,Swing,2913.941,2909.639,43.0,70.9,39.3,1.65,0.91,1,20,93,1,21,93,1,32,93,1,50,93,0,,,0,,,0,,,0,,,0,,,SL,-43.02,97
2025.02.26 04:30,2025.02.26 06:12,BUY,Swing,2915.427,2909.639,57.9,56.0,54.1,0.97,0.94,1,36,51,1,38,51,1,54,71,1,58,71,0,,,0,,,0,,,0,,,0,,,SL,-57.88,102
2025.02.26 11:00,2025.02.26 13:55,BUY,LienKe,2912.904,2907.971,49.3,25.7,46.8,0.52,0.95,1,1,15,1,40,55,0,,,0,,,0,,,0,,,0,,,0,,,0,,,SL,-49.33,175
2025.02.27 07:17,2025.02.27 08:09,BUY,LienKe,2892.026,2887.031,49.9,47.1,41.0,0.94,0.82,1,1,2,1,4,12,1,6,12,0,,,0,,,0,,,0,,,0,,,0,,,SL,-49.95,52
2025.02.27 07:15,2025.02.27 08:09,BUY,LienKe,2894.141,2887.031,71.1,25.9,62.2,0.36,0.87,1,8,13,1,8,13,0,,,0,,,0,,,0,,,0,,,0,,,0,,,SL,-71.10,54
2025.02.27 11:46,2025.02.27 12:04,BUY,LienKe,2887.464,2883.202,42.6,6.1,41.7,0.14,0.98,0,,,0,,,0,,,0,,,0,,,0,,,0,,,0,,,0,,,SL,-42.62,18
2025.02.27 11:45,2025.02.27 12:04,BUY,LienKe,2889.104,2883.202,59.0,0.0,58.1,0.00,0.99,0,,,0,,,0,,,0,,,0,,,0,,,0,,,0,,,0,,,SL,-59.02,19
2025.02.28 02:15,2025.02.28 03:42,BUY,LienKe,2874.628,2867.339,72.9,32.9,69.8,0.45,0.96,1,7,18,1,7,18,1,11,18,0,,,0,,,0,,,0,,,0,,,0,,,SL,-72.89,87
2025.02.28 02:15,2025.02.28 03:42,BUY,Swing,2874.628,2867.339,72.9,32.9,69.8,0.45,0.96,1,7,18,1,7,18,1,11,18,0,,,0,,,0,,,0,,,0,,,0,,,SL,-72.89,87
2025.02.27 14:31,2025.02.28 04:03,SELL,LienKe,2891.052,2895.452,44.0,276.2,2.3,6.28,0.05,1,0,-,1,1,-,1,1,-,1,7,-,1,7,-,1,11,-,1,15,-,1,16,-,0,,,TP,300.00,812
2025.02.27 10:51,2025.02.28 04:03,SELL,LienKe,2892.744,2896.815,40.7,293.1,24.0,7.20,0.59,1,14,19,1,15,19,1,15,19,1,43,-,1,61,-,1,162,-,1,235,-,1,236,-,0,,,TP,300.00,1032
2025.02.27 10:45,2025.02.28 04:03,SELL,LienKe,2891.744,2896.815,50.7,283.1,34.0,5.58,0.67,1,21,24,1,21,24,1,21,24,1,53,156,1,67,156,1,168,199,1,241,-,1,242,-,0,,,TP,300.00,1038
2025.02.27 13:30,2025.02.28 04:09,SELL,LienKe,2890.415,2895.174,47.6,294.2,22.0,6.18,0.46,1,0,24,1,0,24,1,0,24,1,1,24,1,3,24,1,73,-,1,76,-,1,77,-,0,,,TP,300.00,879
2025.02.27 14:30,2025.02.28 04:19,SELL,LienKe,2889.325,2895.452,61.3,299.6,19.6,4.89,0.32,1,2,-,1,4,-,1,7,-,1,9,-,1,13,-,1,16,-,1,16,-,1,17,-,0,,,TP,300.00,829
2025.02.27 13:30,2025.02.28 04:19,SELL,LienKe,2888.527,2895.174,66.5,291.6,40.9,4.39,0.61,1,0,4,1,0,4,1,1,4,1,1,4,1,73,-,1,76,-,1,76,-,1,78,-,0,,,TP,300.00,889
2025.02.28 01:30,2025.02.28 08:47,SELL,LienKe,2881.858,2888.034,61.8,294.9,5.1,4.77,0.08,1,1,12,1,3,12,1,7,12,1,22,-,1,30,-,1,30,-,1,132,-,1,153,-,0,,,TP,300.00,437
2025.02.28 11:50,2025.02.28 12:53,BUY,LienKe,2860.278,2856.061,42.2,47.1,39.5,1.12,0.94,1,5,45,1,6,45,1,11,45,0,,,0,,,0,,,0,,,0,,,0,,,SL,-42.17,63
2025.02.28 11:30,2025.02.28 12:53,BUY,LienKe,2861.631,2856.061,55.7,33.6,53.1,0.60,0.95,1,26,42,1,32,42,1,33,42,0,,,0,,,0,,,0,,,0,,,0,,,SL,-55.70,83
2025.02.28 01:15,2025.02.28 13:59,SELL,LienKe,2878.690,2888.034,93.4,284.9,36.8,3.05,0.39,1,37,-,1,37,-,1,39,-,1,45,-,1,50,-,1,126,-,1,167,-,1,184,-,0,,,TP,300.00,764
2025.02.28 12:30,2025.02.28 15:00,SELL,LienKe,2862.887,2867.990,51.0,293.0,3.0,5.74,0.06,1,0,-,1,3,-,1,6,-,1,12,-,1,23,-,1,62,-,1,91,-,1,98,-,0,,,TP,300.00,150
2025.02.28 12:30,2025.02.28 15:00,SELL,Swing,2862.887,2867.990,51.0,293.0,3.0,5.74,0.06,1,0,-,1,3,-,1,6,-,1,12,-,1,23,-,1,62,-,1,91,-,1,98,-,0,,,TP,300.00,150
2025.03.03 12:26,2025.03.03 14:34,SELL,LienKe,2875.385,2879.389,40.0,63.9,25.3,1.60,0.63,1,37,48,1,40,48,1,40,48,1,42,48,0,,,0,,,0,,,0,,,0,,,SL,-40.04,128
2025.03.03 12:15,2025.03.03 14:34,SELL,LienKe,2874.243,2879.389,51.5,52.5,36.7,1.02,0.71,1,51,58,1,51,58,1,53,58,1,55,58,0,,,0,,,0,,,0,,,0,,,SL,-51.46,139
2025.03.04 05:30,2025.03.04 07:27,SELL,LienKe,2892.777,2897.468,46.9,82.3,21.8,1.75,0.47,1,8,106,1,17,106,1,19,106,1,47,106,1,81,106,0,,,0,,,0,,,0,,,SL,-46.91,117
2025.03.04 05:30,2025.03.04 07:27,SELL,LienKe,2892.457,2897.468,50.1,79.1,25.0,1.58,0.50,1,8,106,1,17,106,1,23,106,1,47,106,0,,,0,,,0,,,0,,,0,,,SL,-50.11,117
2025.03.04 05:30,2025.03.04 07:27,SELL,Swing,2892.457,2897.468,50.1,79.1,25.0,1.58,0.50,1,8,106,1,17,106,1,23,106,1,47,106,0,,,0,,,0,,,0,,,0,,,SL,-50.11,117
2025.03.03 13:19,2025.03.04 08:10,BUY,LienKe,2871.802,2865.834,59.7,296.8,24.7,4.97,0.41,1,13,29,1,14,29,1,17,29,1,72,-,1,76,-,1,77,-,1,125,-,1,201,-,0,,,TP,294.65,1131
2025.03.03 13:15,2025.03.04 08:14,BUY,LienKe,2874.996,2865.834,91.6,295.6,56.7,3.23,0.62,1,75,91,1,76,91,1,79,91,1,80,91,1,85,91,1,126,-,1,135,-,1,494,-,0,,,TP,294.65,1139
2025.03.05 01:06,2025.03.05 01:11,BUY,Swing,2913.198,2909.219,39.8,6.9,7.0,0.17,0.17,0,,,0,,,0,,,0,,,0,,,0,,,0,,,0,,,0,,,SL,-39.79,5
2025.03.05 00:15,2025.03.05 01:11,BUY,Swing,2914.344,2909.219,51.3,28.3,18.4,0.55,0.36,1,4,21,1,11,21,0,,,0,,,0,,,0,,,0,,,0,,,0,,,SL,-51.25,56
2025.03.05 11:00,2025.03.05 13:42,BUY,LienKe,2913.440,2906.010,74.3,58.0,69.1,0.78,0.93,1,1,7,1,40,52,1,40,52,1,76,127,0,,,0,,,0,,,0,,,0,,,SL,-74.30,162
2025.03.05 11:00,2025.03.05 13:42,BUY,Swing,2913.440,2906.010,74.3,58.0,69.1,0.78,0.93,1,1,7,1,40,52,1,40,52,1,76,127,0,,,0,,,0,,,0,,,0,,,SL,-74.30,162
2025.03.05 02:56,2025.03.05 13:44,BUY,LienKe,2904.643,2899.124,55.2,178.9,24.7,3.24,0.45,1,4,11,1,7,11,1,7,11,1,19,647,1,51,647,1,170,647,1,197,647,0,,,0,,,SL,-55.19,648
2025.03.05 02:45,2025.03.05 13:44,BUY,LienKe,2907.865,2899.124,87.4,146.7,56.9,1.68,0.65,1,20,21,1,31,649,1,55,649,1,62,649,1,186,649,1,192,649,0,,,0,,,0,,,SL,-87.41,659
2025.03.06 05:50,2025.03.06 07:37,BUY,Swing,2915.646,2911.524,41.2,74.2,25.3,1.80,0.61,1,1,98,1,5,98,1,6,98,1,6,98,0,,,0,,,0,,,0,,,0,,,SL,-41.22,107
2025.03.06 05:30,2025.03.06 07:37,BUY,Swing,2916.364,2911.524,48.4,67.0,32.5,1.39,0.67,1,0,17,1,2,17,1,4,17,1,30,113,0,,,0,,,0,,,0,,,0,,,SL,-48.40,127
2025.03.06 07:53,2025.03.06 08:01,BUY,Swing,2913.292,2908.472,48.2,3.6,47.6,0.07,0.99,0,,,0,,,0,,,0,,,0,,,0,,,0,,,0,,,0,,,SL,-48.20,8
2025.03.06 07:45,2025.03.06 08:01,BUY,Swing,2915.369,2908.472,69.0,10.5,68.4,0.15,0.99,1,3,5,0,,,0,,,0,,,0,,,0,,,0,,,0,,,0,,,SL,-68.97,16
2025.03.05 18:15,2025.03.06 08:01,BUY,LienKe,2917.147,2908.220,89.3,94.4,86.2,1.06,0.97,1,1,13,1,4,13,1,5,13,1,130,300,1,459,610,0,,,0,,,0,,,0,,,SL,-105.32,826
2025.03.06 09:19,2025.03.06 09:36,BUY,LienKe,2902.036,2896.475,55.6,6.3,41.1,0.11,0.74,0,,,0,,,0,,,0,,,0,,,0,,,0,,,0,,,0,,,SL,-55.61,17
2025.03.06 09:15,2025.03.06 09:36,BUY,LienKe,2904.668,2896.475,81.9,1.9,67.4,0.02,0.82,0,,,0,,,0,,,0,,,0,,,0,,,0,,,0,,,0,,,SL,-81.93,21
2025.03.06 02:15,2025.03.06 09:54,SELL,LienKe,2924.608,2929.584,49.8,295.0,11.6,5.93,0.23,1,1,37,1,53,71,1,84,-,1,111,-,1,149,-,1,318,-,1,345,-,1,380,-,0,,,TP,300.00,459
2025.03.07 12:00,2025.03.07 13:20,BUY,LienKe,2918.956,2913.601,53.6,38.8,44.3,0.73,0.83,1,15,16,1,23,55,1,26,55,0,,,0,,,0,,,0,,,0,,,0,,,SL,-53.55,80
2025.03.07 19:34,2025.03.09 22:05,SELL,LienKe,2907.838,2912.527,46.9,31.7,49.7,0.68,1.06,1,10,13,1,15,34,1,24,34,0,,,0,,,0,,,0,,,0,,,0,,,SL,-46.89,3031
2025.03.07 19:30,2025.03.09 22:05,SELL,LienKe,2906.109,2912.527,64.2,14.4,67.0,0.22,1.04,1,28,30,0,,,0,,,0,,,0,,,0,,,0,,,0,,,0,,,SL,-64.18,3035
2025.03.10 05:19,2025.03.10 07:54,BUY,LienKe,2910.040,2906.054,39.9,53.8,30.9,1.35,0.77,1,43,60,1,49,60,1,51,60,1,104,150,0,,,0,,,0,,,0,,,0,,,SL,-39.86,155
2025.03.07 14:15,2025.03.10 08:43,BUY,LienKe,2913.620,2900.570,130.5,169.1,119.8,1.30,0.92,1,0,1,1,3,86,1,3,86,1,5,86,1,23,86,1,36,86,1,41,86,0,,,0,,,SL,-135.85,3988
2025.03.07 18:30,2025.03.10 08:45,BUY,LienKe,2906.306,2898.860,74.5,120.1,62.1,1.61,0.83,1,0,6,1,53,59,1,54,59,1,174,3684,1,3096,3684,1,3171,3684,0,,,0,,,0,,,SL,-79.81,3735
2025.03.07 18:30,2025.03.10 08:45,BUY,Swing,2906.306,2898.860,74.5,120.1,62.1,1.61,0.83,1,0,6,1,53,59,1,54,59,1,174,3684,1,3096,3684,1,3171,3684,0,,,0,,,0,,,SL,-79.81,3735
2025.03.07 15:15,2025.03.10 09:00,SELL,LienKe,2927.328,2933.525,62.0,296.6,16.5,4.79,0.27,1,0,1,1,5,-,1,6,-,1,21,-,1,23,-,1,26,-,1,30,-,1,123,-,0,,,TP,300.00,3945
2025.03.10 06:15,2025.03.10 09:17,SELL,LienKe,2910.678,2916.327,56.5,138.2,49.0,2.45,0.87,1,5,6,1,98,103,1,99,103,1,100,103,1,134,-,1,148,-,0,,,0,,,0,,,SL,0.00,182
2025.03.10 06:26,2025.03.10 09:18,SELL,LienKe,2912.011,2916.327,43.2,151.5,35.7,3.51,0.83,1,82,-,1,83,-,1,87,-,1,88,-,1,121,-,1,127,-,1,154,-,0,,,0,,,SL,0.00,172
2025.03.10 12:28,2025.03.10 15:00,SELL,LienKe,2905.562,2909.878,43.2,77.5,38.2,1.80,0.89,1,19,20,1,22,27,1,57,101,1,62,101,0,,,0,,,0,,,0,,,0,,,SL,-43.16,152
2025.03.10 12:15,2025.03.10 15:00,SELL,LienKe,2904.199,2909.878,56.8,63.9,51.8,1.12,0.91,1,7,12,1,8,12,1,8,12,1,82,101,0,,,0,,,0,,,0,,,0,,,SL,-56.79,165
2025.03.10 13:45,2025.03.10 17:00,BUY,LienKe,2900.126,2895.689,44.4,104.9,42.9,2.36,0.97,1,3,4,1,7,180,1,11,180,1,24,180,1,27,180,1,75,180,0,,,0,,,0,,,SL,-44.37,195
2025.03.10 13:45,2025.03.10 17:00,BUY,LienKe,2902.242,2895.689,65.5,83.8,64.0,1.28,0.98,1,11,11,1,11,11,1,24,49,1,26,49,1,75,93,0,,,0,,,0,,,0,,,SL,-65.53,195
2025.03.11 05:31,2025.03.11 06:34,SELL,LienKe,2898.283,2901.860,35.8,54.4,30.1,1.52,0.84,1,9,58,1,9,58,1,15,58,1,25,58,0,,,0,,,0,,,0,,,0,,,SL,-35.77,62
2025.03.11 05:30,2025.03.11 06:34,SELL,LienKe,2897.556,2901.860,43.0,47.2,37.4,1.10,0.87,1,11,12,1,16,56,1,17,56,0,,,0,,,0,,,0,,,0,,,0,,,SL,-43.04,64
2025.03.10 18:15,2025.03.11 10:45,BUY,LienKe,2884.325,2877.166,71.6,299.8,42.0,4.19,0.59,1,19,48,1,22,48,1,27,48,1,33,48,1,476,-,1,482,-,1,520,-,1,840,-,0,,,TP,294.65,990
2025.03.11 00:00,2025.03.11 11:33,BUY,LienKe,2884.884,2879.332,55.5,299.2,47.6,5.39,0.86,1,0,1,1,14,48,1,16,48,1,82,-,1,131,-,1,138,-,1,175,-,1,496,-,0,,,TP,300.00,693
2025.03.11 01:15,2025.03.11 12:43,BUY,LienKe,2885.789,2877.121,86.7,297.9,2.8,3.44,0.03,1,0,-,1,2,-,1,6,-,1,36,-,1,59,-,1,67,-,1,318,-,1,426,-,0,,,TP,300.00,688
2025.03.11 01:15,2025.03.11 12:43,BUY,Swing,2885.789,2877.121,86.7,297.9,2.8,3.44,0.03,1,0,-,1,2,-,1,6,-,1,36,-,1,59,-,1,67,-,1,318,-,1,426,-,0,,,TP,300.00,688
2025.03.12 04:30,2025.03.12 07:20,BUY,LienKe,2915.675,2909.597,60.8,54.3,52.8,0.89,0.87,1,90,120,1,94,120,1,96,120,1,102,120,0,,,0,,,0,,,0,,,0,,,SL,-60.78,170
2025.03.12 02:46,2025.03.12 08:52,SELL,LienKe,2917.363,2921.270,39.1,83.0,39.0,2.12,1.00,1,3,3,1,73,194,1,74,194,1,161,194,1,274,333,0,,,0,,,0,,,0,,,SL,-39.07,366
2025.03.12 02:45,2025.03.12 08:52,SELL,LienKe,2916.455,2921.270,48.2,73.9,48.1,1.54,1.00,1,74,185,1,75,185,1,94,185,1,255,323,0,,,0,,,0,,,0,,,0,,,SL,-48.15,367
2025.03.11 23:15,2025.03.12 09:00,SELL,LienKe,2917.551,2922.589,50.4,84.9,48.3,1.68,0.96,1,1,14,1,45,196,1,48,196,1,86,196,1,485,549,0,,,0,,,0,,,0,,,SL,-50.38,585
2025.03.11 06:00,2025.03.12 15:11,BUY,LienKe,2895.972,2889.680,62.9,299.5,25.4,4.76,0.40,1,8,9,1,30,-,1,32,-,1,33,-,1,133,-,1,141,-,1,187,-,1,403,-,0,,,TP,294.65,1991
2025.03.13 12:18,2025.03.13 13:42,SELL,LienKe,2947.748,2952.124,43.8,86.5,36.1,1.98,0.82,1,3,12,1,3,12,1,6,12,1,9,12,1,42,77,0,,,0,,,0,,,0,,,SL,-43.76,83
2025.03.13 12:18,2025.03.13 13:42,SELL,Swing,2947.748,2952.124,43.8,86.5,36.1,1.98,0.82,1,3,12,1,3,12,1,6,12,1,9,12,1,42,77,0,,,0,,,0,,,0,,,SL,-43.76,83
2025.03.13 12:15,2025.03.13 13:42,SELL,Swing,2946.104,2952.124,60.2,70.1,52.5,1.16,0.87,1,9,15,1,10,15,1,11,15,1,43,75,0,,,0,,,0,,,0,,,0,,,SL,-60.20,87
2025.03.13 06:59,2025.03.13 14:48,BUY,LienKe,2936.911,2932.389,45.2,293.2,39.9,6.48,0.88,1,2,5,1,72,-,1,73,-,1,75,-,1,98,-,1,144,-,1,402,-,1,458,-,0,,,TP,300.00,469
2025.03.13 06:59,2025.03.13 14:48,BUY,Swing,2936.911,2932.389,45.2,293.2,39.9,6.48,0.88,1,2,5,1,72,-,1,73,-,1,75,-,1,98,-,1,144,-,1,402,-,1,458,-,0,,,TP,300.00,469
2025.03.13 06:15,2025.03.13 14:48,BUY,LienKe,2938.520,2932.389,61.3,277.2,56.0,4.52,0.91,1,6,9,1,117,-,1,118,-,1,138,-,1,188,-,1,213,-,1,471,-,1,505,-,0,,,TP,300.00,513
2025.03.13 06:15,2025.03.13 14:48,BUY,Swing,2938.520,2932.389,61.3,277.2,56.0,4.52,0.91,1,6,9,1,117,-,1,118,-,1,138,-,1,188,-,1,213,-,1,471,-,1,505,-,0,,,TP,300.00,513
2025.03.13 22:45,2025.03.14 03:55,SELL,LienKe,2986.364,2992.943,65.8,44.9,49.3,0.68,0.75,1,103,105,1,163,173,1,165,173,0,,,0,,,0,,,0,,,0,,,0,,,SL,-65.79,310
2025.03.14 07:00,2025.03.14 08:21,SELL,LienKe,2985.663,2990.674,50.1,46.6,46.6,0.93,0.93,1,2,3,1,6,39,1,10,39,0,,,0,,,0,,,0,,,0,,,0,,,SL,-50.11,81
2025.03.17 00:30,2025.03.17 04:47,BUY,LienKe,2989.420,2983.336,60.8,36.8,60.7,0.60,1.00,1,1,3,1,30,35,1,30,35,0,,,0,,,0,,,0,,,0,,,0,,,SL,-60.84,257
2025.03.14 20:26,2025.03.18 03:13,BUY,LienKe,2982.576,2978.677,39.0,296.3,4.2,7.60,0.11,1,9,3390,1,11,3390,1,12,3390,1,18,3390,1,3021,3390,1,3056,3390,1,3734,-,1,4514,-,0,,,TP,289.30,4727
2025.03.14 19:31,2025.03.18 03:14,BUY,LienKe,2983.180,2979.728,34.5,297.0,15.0,8.60,0.44,1,27,29,1,66,3437,1,67,3437,1,73,3437,1,3106,3437,1,3115,3437,1,3791,-,1,4620,-,0,,,TP,289.30,4783
2025.03.14 20:15,2025.03.18 03:15,BUY,LienKe,2983.592,2978.677,49.1,298.6,14.3,6.08,0.29,1,22,3374,1,23,3374,1,25,3374,1,30,3374,1,3062,3374,1,3071,3374,1,3759,-,1,4627,-,0,,,TP,289.30,4740
2025.03.14 07:30,2025.03.18 03:15,BUY,LienKe,2983.927,2977.838,60.9,295.3,55.3,4.85,0.91,1,8,14,1,27,367,1,29,367,1,37,367,1,55,367,1,96,367,1,131,367,1,167,367,0,,,TP,289.30,5505
2025.03.14 19:30,2025.03.18 03:20,BUY,LienKe,2984.555,2979.728,48.3,295.2,28.8,6.12,0.60,1,68,3416,1,70,3416,1,74,3416,1,3042,3416,1,3112,3416,1,3728,-,1,3807,-,1,4678,-,0,,,TP,289.30,4790
2025.03.18 05:00,2025.03.18 08:17,SELL,LienKe,3014.475,3020.137,56.6,82.5,55.8,1.46,0.99,1,5,63,1,5,63,1,15,63,1,23,63,1,28,63,0,,,0,,,0,,,0,,,SL,-56.62,197
2025.03.18 01:15,2025.03.18 12:34,BUY,LienKe,3001.494,2996.490,50.0,299.0,9.2,5.98,0.18,1,5,6,1,7,-,1,13,-,1,41,-,1,92,-,1,99,-,1,217,-,1,427,-,0,,,TP,300.00,679
2025.03.18 17:45,2025.03.19 08:51,BUY,LienKe,3032.564,3026.741,58.2,128.0,53.9,2.20,0.93,1,45,333,1,46,333,1,49,333,1,94,333,1,710,865,1,712,865,0,,,0,,,0,,,SL,-63.58,906
2025.03.20 00:00,2025.03.20 00:07,SELL,LienKe,3050.023,3054.335,43.1,0.0,40.8,0.00,0.95,0,,,0,,,0,,,0,,,0,,,0,,,0,,,0,,,0,,,SL,-43.12,7
2025.03.19 19:15,2025.03.20 00:24,SELL,LienKe,3047.310,3054.982,76.7,61.4,76.7,0.80,1.00,1,3,23,1,4,23,1,5,23,1,7,23,0,,,0,,,0,,,0,,,0,,,SL,-76.72,309
2025.03.20 06:00,2025.03.20 07:57,BUY,Swing,3046.997,3041.873,51.2,45.2,49.5,0.88,0.97,1,6,35,1,10,35,1,22,35,0,,,0,,,0,,,0,,,0,,,0,,,SL,-51.24,117
2025.03.20 07:36,2025.03.20 08:09,BUY,Swing,3045.463,3041.319,41.4,8.8,39.8,0.21,0.96,0,,,0,,,0,,,0,,,0,,,0,,,0,,,0,,,0,,,SL,-41.44,33
2025.03.20 07:35,2025.03.20 08:09,BUY,LienKe,3045.889,3041.319,45.7,4.5,44.1,0.10,0.96,0,,,0,,,0,,,0,,,0,,,0,,,0,,,0,,,0,,,SL,-45.70,34
2025.03.20 07:30,2025.03.20 08:09,BUY,LienKe,3047.005,3041.319,56.9,8.1,55.2,0.14,0.97,0,,,0,,,0,,,0,,,0,,,0,,,0,,,0,,,0,,,SL,-56.86,39
2025.03.20 07:30,2025.03.20 08:09,BUY,Swing,3047.005,3041.319,56.9,8.1,55.2,0.14,0.97,0,,,0,,,0,,,0,,,0,,,0,,,0,,,0,,,0,,,SL,-56.86,39
2025.03.21 00:40,2025.03.21 01:44,BUY,Swing,3043.050,3039.327,37.2,14.8,29.3,0.40,0.79,1,3,7,0,,,0,,,0,,,0,,,0,,,0,,,0,,,0,,,SL,-37.23,64
2025.03.21 00:30,2025.03.21 01:44,BUY,Swing,3043.964,3039.327,46.4,7.9,38.4,0.17,0.83,0,,,0,,,0,,,0,,,0,,,0,,,0,,,0,,,0,,,SL,-46.37,74
2025.03.20 05:00,2025.03.21 05:42,SELL,Swing,3052.523,3060.484,79.6,267.3,12.4,3.36,0.16,1,6,10,1,21,-,1,24,-,1,27,-,1,141,-,1,175,-,1,307,-,1,317,-,0,,,TP,300.00,1482
2025.03.21 12:48,2025.03.21 13:57,SELL,LienKe,3036.791,3041.045,42.5,282.2,15.0,6.63,0.35,1,7,16,1,8,16,1,13,16,1,34,-,1,42,-,1,44,-,1,50,-,1,51,-,0,,,TP,300.00,69
2025.03.21 12:15,2025.03.21 13:58,SELL,LienKe,3035.504,3041.045,55.4,291.1,27.8,5.25,0.50,1,3,3,1,47,48,1,67,-,1,70,-,1,77,-,1,77,-,1,83,-,1,84,-,0,,,TP,300.00,103
2025.03.21 15:30,2025.03.21 18:36,SELL,LienKe,3014.037,3020.925,68.9,39.0,67.8,0.57,0.98,1,2,6,1,3,6,1,3,6,0,,,0,,,0,,,0,,,0,,,0,,,SL,-68.88,186
2025.03.23 23:44,2025.03.24 09:00,SELL,LienKe,3025.621,3029.331,37.1,118.2,34.7,3.18,0.93,1,16,27,1,17,27,1,40,116,1,63,116,1,72,116,1,181,427,0,,,0,,,0,,,SL,-37.10,556
2025.03.23 23:30,2025.03.24 09:00,SELL,LienKe,3024.871,3029.331,44.6,110.7,42.2,2.48,0.95,1,31,34,1,45,125,1,72,125,1,81,125,1,195,434,1,196,434,0,,,0,,,0,,,SL,-44.60,570
2025.03.24 07:30,2025.03.24 10:27,SELL,LienKe,3025.099,3031.914,68.2,39.9,63.7,0.59,0.93,1,0,37,1,5,37,1,6,37,0,,,0,,,0,,,0,,,0,,,0,,,SL,-68.15,177
2025.03.24 03:49,2025.03.24 14:33,BUY,Swing,3017.016,3012.662,43.5,161.9,39.6,3.72,0.91,1,17,638,1,30,638,1,66,638,1,79,638,1,176,638,1,212,638,1,398,638,0,,,0,,,SL,-43.54,644
2025.03.24 03:45,2025.03.24 14:33,BUY,Swing,3018.191,3012.662,55.3,150.2,51.4,2.72,0.93,1,35,37,1,82,148,1,83,148,1,103,148,1,203,639,1,218,639,1,405,639,0,,,0,,,SL,-55.29,648
2025.03.24 17:15,2025.03.24 18:07,BUY,LienKe,3007.923,3004.087,38.4,20.0,28.1,0.52,0.73,1,7,12,0,,,0,,,0,,,0,,,0,,,0,,,0,,,0,,,SL,-38.36,52
2025.03.24 17:15,2025.03.24 18:07,BUY,LienKe,3008.946,3004.087,48.6,9.7,38.4,0.20,0.79,0,,,0,,,0,,,0,,,0,,,0,,,0,,,0,,,0,,,SL,-48.59,52
2025.03.24 15:15,2025.03.24 18:12,BUY,LienKe,3010.913,3002.745,81.7,47.5,81.5,0.58,1.00,1,1,6,1,23,66,1,24,66,0,,,0,,,0,,,0,,,0,,,0,,,SL,-81.68,177
2025.03.26 01:15,2025.03.26 05:11,BUY,LienKe,3018.884,3013.394,54.9,82.5,54.0,1.50,0.98,1,1,4,1,21,134,1,28,134,1,38,134,1,81,134,0,,,0,,,0,,,0,,,SL,-54.90,236
2025.03.26 01:15,2025.03.26 05:11,BUY,Swing,3018.884,3013.394,54.9,82.5,54.0,1.50,0.98,1,1,4,1,21,134,1,28,134,1,38,134,1,81,134,0,,,0,,,0,,,0,,,SL,-54.90,236
2025.03.27 01:19,2025.03.27 02:38,SELL,LienKe,3026.342,3030.175,38.3,31.9,33.6,0.83,0.88,1,22,51,1,28,51,1,37,51,0,,,0,,,0,,,0,,,0,,,0,,,SL,-38.33,79
2025.03.27 01:15,2025.03.27 02:38,SELL,LienKe,3025.502,3030.175,46.7,23.5,42.0,0.50,0.90,1,26,28,1,41,50,0,,,0,,,0,,,0,,,0,,,0,,,0,,,SL,-46.73,83
2025.03.27 05:29,2025.03.27 06:00,BUY,LienKe,3032.763,3028.653,41.1,27.3,34.1,0.66,0.83,1,9,16,1,9,16,0,,,0,,,0,,,0,,,0,,,0,,,0,,,SL,-41.10,31
2025.03.27 05:15,2025.03.27 06:00,BUY,LienKe,3033.988,3028.653,53.4,19.2,46.4,0.36,0.87,1,2,10,0,,,0,,,0,,,0,,,0,,,0,,,0,,,0,,,SL,-53.35,45
2025.03.25 02:28,2025.03.27 09:56,BUY,LienKe,3009.981,3005.716,42.7,291.9,24.7,6.84,0.58,1,8,12,1,44,-,1,51,-,1,64,-,1,162,-,1,177,-,1,530,-,1,673,-,0,,,TP,278.60,3328
2025.03.25 02:28,2025.03.27 09:56,BUY,Swing,3009.981,3005.716,42.7,291.9,24.7,6.84,0.58,1,8,12,1,44,-,1,51,-,1,64,-,1,162,-,1,177,-,1,530,-,1,673,-,0,,,TP,278.60,3328
2025.03.27 09:50,2025.03.27 10:02,SELL,LienKe,3037.440,3041.372,39.3,0.5,37.6,0.01,0.96,0,,,0,,,0,,,0,,,0,,,0,,,0,,,0,,,0,,,SL,-39.32,12
2025.03.27 09:15,2025.03.27 10:02,SELL,LienKe,3036.521,3041.372,48.5,17.6,46.8,0.36,0.96,1,3,4,0,,,0,,,0,,,0,,,0,,,0,,,0,,,0,,,SL,-48.51,47
2025.03.25 02:15,2025.03.27 10:02,BUY,LienKe,3011.400,3005.716,56.8,296.4,38.9,5.21,0.68,1,57,342,1,65,342,1,66,342,1,113,342,1,188,342,1,395,-,1,557,-,1,707,-,0,,,TP,278.60,3347
2025.03.25 02:15,2025.03.27 10:02,BUY,Swing,3011.400,3005.716,56.8,296.4,38.9,5.21,0.68,1,57,342,1,65,342,1,66,342,1,113,342,1,188,342,1,395,-,1,557,-,1,707,-,0,,,TP,278.60,3347
2025.03.26 15:15,2025.03.27 10:16,BUY,LienKe,3017.554,3009.325,82.3,294.8,26.6,3.58,0.32,1,0,2,1,70,84,1,173,230,1,526,-,1,582,-,1,609,-,1,688,-,1,795,-,0,,,TP,283.95,1141
2025.03.28 02:22,2025.03.28 05:55,SELL,LienKe,3075.689,3080.502,48.1,58.8,44.3,1.22,0.92,1,8,94,1,9,94,1,12,94,1,23,94,0,,,0,,,0,,,0,,,0,,,SL,-48.13,213
2025.03.28 02:15,2025.03.28 05:55,SELL,LienKe,3073.884,3080.502,66.2,40.8,62.4,0.62,0.94,1,19,73,1,20,73,1,30,73,0,,,0,,,0,,,0,,,0,,,0,,,SL,-66.18,220
2025.03.28 03:45,2025.03.28 08:28,BUY,LienKe,3072.612,3066.645,59.7,133.8,59.6,2.24,1.00,1,4,29,1,10,29,1,11,29,1,108,273,1,130,273,1,143,273,0,,,0,,,0,,,SL,-59.67,283
2025.03.28 12:17,2025.03.28 14:34,BUY,LienKe,3074.997,3070.672,43.2,117.6,42.7,2.72,0.99,1,7,13,1,15,44,1,17,44,1,18,44,1,100,133,1,105,133,0,,,0,,,0,,,SL,-43.25,136
2025.03.28 12:15,2025.03.28 14:34,BUY,LienKe,3076.457,3070.672,57.8,103.0,57.3,1.78,0.99,1,17,18,1,19,45,1,20,45,1,39,45,1,105,134,1,110,134,0,,,0,,,0,,,SL,-57.85,139
2025.03.28 19:26,2025.03.28 20:34,SELL,LienKe,3080.874,3084.707,38.3,6.8,32.0,0.18,0.84,0,,,0,,,0,,,0,,,0,,,0,,,0,,,0,,,0,,,SL,-38.33,68
2025.03.28 19:15,2025.03.28 20:34,SELL,LienKe,3080.044,3084.707,46.6,2.0,40.3,0.04,0.86,0,,,0,,,0,,,0,,,0,,,0,,,0,,,0,,,0,,,SL,-46.63,79
2025.03.28 14:46,2025.03.31 02:21,BUY,LienKe,3071.026,3065.085,59.4,288.2,37.7,4.85,0.63,1,1,2,1,3,6,1,3,6,1,23,-,1,35,-,1,40,-,1,78,-,1,3318,-,0,,,TP,294.65,3575
2025.03.28 14:45,2025.03.31 02:22,BUY,LienKe,3074.227,3065.085,91.4,274.2,69.7,3.00,0.76,1,24,25,1,24,25,1,32,235,1,36,235,1,51,235,1,60,235,1,3320,-,1,3321,-,0,,,TP,294.65,3577
2025.03.31 11:00,2025.03.31 12:57,SELL,LienKe,3118.493,3126.663,81.7,49.4,80.3,0.60,0.98,1,1,1,1,14,15,1,26,42,0,,,0,,,0,,,0,,,0,,,0,,,SL,-81.70,117
2025.03.31 10:15,2025.03.31 13:38,BUY,LienKe,3115.159,3108.829,63.3,115.8,56.9,1.83,0.90,1,7,71,1,12,71,1,13,71,1,17,71,1,36,71,1,133,170,0,,,0,,,0,,,SL,-63.30,203
2025.03.31 22:45,2025.03.31 23:59,BUY,LienKe,3123.366,3119.126,42.4,31.0,33.4,0.73,0.79,1,16,66,1,20,66,1,60,66,0,,,0,,,0,,,0,,,0,,,0,,,CON_MO,0.00,74
2025.04.01 06:15,2025.04.01 15:42,BUY,LienKe,3130.995,3123.488,75.1,80.0,72.9,1.07,0.97,1,0,73,1,1,73,1,2,73,1,10,73,1,248,296,0,,,0,,,0,,,0,,,SL,-75.07,567
2025.04.01 05:45,2025.04.01 15:58,SELL,LienKe,3145.386,3152.059,66.7,293.0,10.4,4.39,0.16,1,1,-,1,4,-,1,5,-,1,6,-,1,8,-,1,8,-,1,15,-,1,121,-,0,,,TP,300.00,613
2025.04.02 06:44,2025.04.02 07:50,SELL,LienKe,3118.058,3122.701,46.4,57.2,46.2,1.23,0.99,1,13,37,1,18,37,1,18,37,1,25,37,0,,,0,,,0,,,0,,,0,,,SL,-46.43,66
2025.04.02 06:30,2025.04.02 07:50,SELL,LienKe,3116.405,3122.701,63.0,40.7,62.7,0.65,1.00,1,1,4,1,34,48,1,39,48,0,,,0,,,0,,,0,,,0,,,0,,,SL,-62.96,80
2025.04.02 02:15,2025.04.02 20:29,SELL,LienKe,3132.720,3138.703,59.8,278.2,57.0,4.65,0.95,1,3,5,1,26,30,1,44,379,1,45,379,1,123,379,1,139,379,1,154,379,1,194,379,0,,,SL,-59.83,1094
2025.04.03 02:45,2025.04.03 04:50,BUY,LienKe,3148.904,3141.642,72.6,33.0,70.2,0.45,0.97,1,20,24,1,21,24,1,22,24,0,,,0,,,0,,,0,,,0,,,0,,,SL,-72.62,125
2025.04.03 02:45,2025.04.03 04:50,BUY,LienKe,3149.021,3141.642,73.8,31.9,71.4,0.43,0.97,1,20,24,1,21,24,1,22,24,0,,,0,,,0,,,0,,,0,,,0,,,SL,-73.79,125
2025.04.03 00:30,2025.04.03 05:01,BUY,LienKe,3148.282,3137.717,105.7,147.4,95.5,1.39,0.90,1,0,0,1,5,13,1,5,13,1,6,13,1,39,42,1,66,118,0,,,0,,,0,,,SL,-105.65,271
2025.04.03 10:17,2025.04.03 10:26,BUY,Swing,3115.674,3109.101,65.7,0.0,60.9,0.00,0.93,0,,,0,,,0,,,0,,,0,,,0,,,0,,,0,,,0,,,SL,-65.73,9
2025.04.03 10:15,2025.04.03 10:26,BUY,Swing,3119.501,3109.101,104.0,4.7,99.2,0.05,0.95,0,,,0,,,0,,,0,,,0,,,0,,,0,,,0,,,0,,,SL,-104.00,11
2025.04.03 11:30,2025.04.03 12:23,BUY,LienKe,3091.593,3084.566,70.3,57.0,67.3,0.81,0.96,1,5,6,1,21,30,1,21,30,1,22,30,0,,,0,,,0,,,0,,,0,,,SL,-70.27,53
2025.04.03 11:15,2025.04.03 12:23,BUY,LienKe,3098.438,3084.566,138.7,16.4,135.7,0.12,0.98,1,0,1,0,,,0,,,0,,,0,,,0,,,0,,,0,,,0,,,SL,-138.72,68
2025.04.03 17:45,2025.04.04 02:37,BUY,LienKe,3106.708,3096.949,97.6,132.5,55.6,1.36,0.57,1,2,33,1,2,33,1,14,33,1,74,103,1,179,411,1,179,411,0,,,0,,,0,,,SL,-102.94,532
2025.04.03 16:30,2025.04.04 02:37,BUY,LienKe,3108.604,3098.799,98.0,113.6,86.5,1.16,0.88,1,0,0,1,13,19,1,149,175,1,249,481,1,254,481,1,255,481,0,,,0,,,0,,,SL,-103.40,607
2025.04.04 03:30,2025.04.04 08:21,BUY,LienKe,3093.542,3083.989,95.5,164.2,83.9,1.72,0.88,1,0,4,1,1,4,1,23,232,1,30,232,1,50,232,1,72,232,1,149,232,0,,,0,,,SL,-95.53,291
2025.04.04 12:46,2025.04.04 13:35,BUY,Swing,3079.838,3067.792,120.5,75.9,104.8,0.63,0.87,1,3,3,1,21,22,1,29,40,1,29,40,0,,,0,,,0,,,0,,,0,,,SL,-120.46,49
2025.04.04 13:53,2025.04.04 14:01,BUY,LienKe,3067.177,3056.559,106.2,10.7,77.1,0.10,0.73,1,4,5,0,,,0,,,0,,,0,,,0,,,0,,,0,,,0,,,SL,-106.18,8
2025.04.04 13:45,2025.04.04 14:01,BUY,LienKe,3074.930,3056.559,183.7,21.6,154.6,0.12,0.84,1,1,1,1,3,4,0,,,0,,,0,,,0,,,0,,,0,,,0,,,SL,-183.71,16
2025.04.07 10:48,2025.04.07 11:07,SELL,LienKe,3034.533,3039.374,48.4,34.2,39.3,0.71,0.81,1,8,13,1,9,13,1,9,13,0,,,0,,,0,,,0,,,0,,,0,,,SL,-48.41,19
2025.04.07 10:48,2025.04.07 11:07,SELL,Swing,3034.533,3039.374,48.4,34.2,39.3,0.71,0.81,1,8,13,1,9,13,1,9,13,0,,,0,,,0,,,0,,,0,,,0,,,SL,-48.41,19
2025.04.07 10:45,2025.04.07 11:07,SELL,LienKe,3032.376,3039.374,70.0,21.0,60.9,0.30,0.87,1,0,1,1,0,1,0,,,0,,,0,,,0,,,0,,,0,,,0,,,SL,-69.98,22
2025.04.07 10:45,2025.04.07 11:07,SELL,Swing,3032.376,3039.374,70.0,21.0,60.9,0.30,0.87,1,0,1,1,0,1,0,,,0,,,0,,,0,,,0,,,0,,,0,,,SL,-69.98,22
2025.04.08 05:49,2025.04.08 05:54,SELL,Swing,3004.678,3008.320,36.4,23.0,2.3,0.63,0.06,1,1,-,1,3,-,0,,,0,,,0,,,0,,,0,,,0,,,0,,,SL,-36.42,5
2025.04.08 05:45,2025.04.08 05:54,SELL,Swing,3000.455,3008.320,78.7,0.3,44.5,0.00,0.57,0,,,0,,,0,,,0,,,0,,,0,,,0,,,0,,,0,,,SL,-78.65,9
2025.04.08 04:45,2025.04.08 16:41,BUY,LienKe,2995.596,2987.880,77.2,271.5,77.0,3.52,1.00,1,2,281,1,2,281,1,6,281,1,10,281,1,29,281,1,69,281,1,95,281,1,116,281,0,,,SL,-77.16,716
2025.04.08 19:33,2025.04.08 23:35,BUY,LienKe,2979.655,2975.012,46.4,112.3,30.1,2.42,0.65,1,10,42,1,10,42,1,10,42,1,19,42,1,211,231,1,212,231,0,,,0,,,0,,,SL,-46.43,242
2025.04.08 19:30,2025.04.08 23:35,BUY,LienKe,2981.466,2975.012,64.5,94.2,48.2,1.46,0.75,1,14,14,1,20,44,1,22,44,1,24,44,1,214,226,0,,,0,,,0,,,0,,,SL,-64.54,245
2025.04.08 23:15,2025.04.09 01:32,SELL,LienKe,2984.961,2993.888,89.3,148.2,81.3,1.66,0.91,1,1,72,1,1,72,1,1,72,1,9,72,1,20,72,1,20,72,0,,,0,,,0,,,SL,-89.27,137
2025.04.08 18:45,2025.04.09 01:32,SELL,LienKe,2986.810,2995.374,85.6,166.7,62.8,1.95,0.73,1,4,18,1,7,18,1,8,18,1,11,18,1,35,69,1,54,69,1,293,345,0,,,0,,,SL,-85.64,407
2025.04.09 01:15,2025.04.09 01:54,BUY,LienKe,2978.785,2969.466,93.2,294.4,15.6,3.16,0.17,1,0,2,1,0,2,1,0,2,1,8,-,1,12,-,1,12,-,1,17,-,1,17,-,0,,,TP,300.00,39
2025.04.10 01:45,2025.04.10 02:37,BUY,LienKe,3088.270,3075.431,128.4,292.2,29.1,2.28,0.23,1,4,5,1,4,5,1,4,5,1,6,-,1,15,-,1,16,-,1,24,-,1,24,-,0,,,TP,300.00,52
2025.04.10 13:00,2025.04.10 14:05,SELL,Swing,3123.139,3136.993,138.5,69.7,136.5,0.50,0.98,1,2,3,1,3,4,1,34,35,1,58,60,0,,,0,,,0,,,0,,,0,,,SL,-138.54,65
2025.04.10 08:54,2025.04.10 14:07,BUY,LienKe,3108.363,3101.686,66.8,297.1,51.8,4.45,0.78,1,23,24,1,32,36,1,43,-,1,60,-,1,64,-,1,69,-,1,156,-,1,195,-,0,,,TP,300.00,313
2025.04.10 08:45,2025.04.10 14:09,BUY,LienKe,3112.297,3101.686,106.1,295.4,91.2,2.78,0.86,1,0,2,1,70,-,1,71,-,1,74,-,1,97,-,1,102,-,1,204,-,1,225,-,0,,,TP,300.00,324
2025.04.10 17:15,2025.04.10 22:33,BUY,LienKe,3157.804,3148.517,92.9,232.4,10.4,2.50,0.11,1,0,-,1,1,-,1,2,-,1,9,-,1,71,-,1,77,-,1,86,-,1,286,-,0,,,TP,300.00,318
2025.04.11 04:36,2025.04.11 05:03,BUY,LienKe,3213.459,3207.717,57.4,18.8,52.7,0.33,0.92,1,6,9,0,,,0,,,0,,,0,,,0,,,0,,,0,,,0,,,SL,-57.42,27
2025.04.11 04:30,2025.04.11 05:03,BUY,LienKe,3216.293,3207.717,85.8,9.7,81.0,0.11,0.94,0,,,0,,,0,,,0,,,0,,,0,,,0,,,0,,,0,,,SL,-85.76,33
2025.04.11 05:15,2025.04.11 05:41,BUY,LienKe,3208.826,3201.022,78.0,104.6,48.9,1.34,0.63,1,1,22,1,1,22,1,1,22,1,4,22,1,11,22,1,15,22,0,,,0,,,0,,,SL,-78.04,26
2025.04.11 01:42,2025.04.11 08:22,SELL,LienKe,3214.970,3222.465,75.0,276.2,65.8,3.69,0.88,1,1,2,1,1,2,1,1,2,1,13,30,1,15,30,1,209,217,1,240,379,1,241,379,0,,,SL,-74.95,400
2025.04.11 01:15,2025.04.11 08:22,SELL,LienKe,3210.506,3222.465,119.6,231.6,110.4,1.94,0.92,1,1,10,1,1,10,1,2,10,1,2,10,1,3,10,1,266,350,1,268,350,1,269,350,0,,,SL,-119.59,427
2025.04.11 18:28,2025.04.14 01:43,SELL,LienKe,3235.633,3240.252,46.2,218.8,42.0,4.74,0.91,1,25,28,1,32,36,1,37,100,1,43,100,1,48,100,1,3096,3307,1,3097,3307,1,3109,3307,0,,,SL,-46.19,3315
2025.04.11 18:15,2025.04.14 01:43,SELL,LienKe,3233.389,3240.252,68.6,196.4,64.4,2.86,0.94,1,0,4,1,4,4,1,56,110,1,60,110,1,3110,3319,1,3110,3319,1,3110,3319,0,,,0,,,SL,-68.63,3328
2025.04.14 05:16,2025.04.14 08:05,BUY,LienKe,3225.297,3220.911,43.9,129.0,39.1,2.94,0.89,1,16,18,1,20,159,1,21,159,1,22,159,1,39,159,1,42,159,0,,,0,,,0,,,SL,-43.86,169
2025.04.14 05:15,2025.04.14 08:05,BUY,LienKe,3226.751,3220.911,58.4,114.5,53.7,1.96,0.92,1,21,151,1,22,151,1,23,151,1,37,151,1,43,151,1,73,151,0,,,0,,,0,,,SL,-58.40,170
2025.04.14 09:30,2025.04.14 13:16,SELL,LienKe,3224.479,3234.724,102.5,294.8,33.9,2.88,0.33,1,0,15,1,0,15,1,0,15,1,45,108,1,50,108,1,50,108,1,53,108,1,190,-,0,,,TP,300.00,226
2025.04.15 03:52,2025.04.15 04:53,SELL,Swing,3226.576,3231.084,45.1,9.5,44.9,0.21,1.00,0,,,0,,,0,,,0,,,0,,,0,,,0,,,0,,,0,,,SL,-45.08,61
2025.04.15 03:15,2025.04.15 04:53,SELL,Swing,3225.086,3231.084,60.0,16.5,59.8,0.28,1.00,1,2,10,0,,,0,,,0,,,0,,,0,,,0,,,0,,,0,,,SL,-59.98,98
2025.04.15 04:30,2025.04.15 20:02,SELL,LienKe,3229.224,3233.103,38.8,175.1,36.4,4.51,0.94,1,3,12,1,47,220,1,48,220,1,57,220,1,77,220,1,180,220,1,561,792,0,,,0,,,SL,-38.79,932
2025.04.15 04:15,2025.04.15 20:02,SELL,LienKe,3227.920,3233.103,51.8,162.0,49.4,3.13,0.95,1,63,118,1,66,118,1,70,118,1,88,118,1,195,228,1,201,228,1,578,806,0,,,0,,,SL,-51.83,947
2025.04.15 19:57,2025.04.15 22:29,SELL,LienKe,3229.275,3234.877,56.0,26.6,45.6,0.48,0.81,1,22,35,1,24,35,0,,,0,,,0,,,0,,,0,,,0,,,0,,,SL,-56.02,152
2025.04.15 19:57,2025.04.15 22:29,SELL,Swing,3229.275,3234.877,56.0,26.6,45.6,0.48,0.81,1,22,35,1,24,35,0,,,0,,,0,,,0,,,0,,,0,,,0,,,SL,-56.02,152
2025.04.15 19:30,2025.04.15 22:29,SELL,Swing,3226.799,3234.877,80.8,4.3,70.3,0.05,0.87,0,,,0,,,0,,,0,,,0,,,0,,,0,,,0,,,0,,,SL,-80.78,179
2025.04.15 20:15,2025.04.15 22:38,SELL,LienKe,3231.185,3236.674,54.9,45.7,49.9,0.83,0.91,1,3,37,1,3,37,1,4,37,0,,,0,,,0,,,0,,,0,,,0,,,SL,-54.89,143
2025.04.16 02:28,2025.04.16 03:50,SELL,LienKe,3273.395,3278.400,50.1,70.7,46.8,1.41,0.94,1,0,4,1,2,4,1,2,4,1,18,40,0,,,0,,,0,,,0,,,0,,,SL,-50.05,82
2025.04.16 02:15,2025.04.16 03:50,SELL,LienKe,3271.417,3278.400,69.8,51.0,66.6,0.73,0.95,1,0,0,1,29,51,1,31,51,1,45,51,0,,,0,,,0,,,0,,,0,,,SL,-69.83,95
2025.04.16 06:30,2025.04.16 07:02,SELL,LienKe,3291.485,3295.726,42.4,45.7,41.8,1.08,0.99,1,9,10,1,11,23,1,11,23,0,,,0,,,0,,,0,,,0,,,0,,,SL,-42.41,32
2025.04.16 06:30,2025.04.16 07:02,SELL,LienKe,3290.292,3295.726,54.3,33.8,53.7,0.62,0.99,1,11,22,1,12,22,1,12,22,0,,,0,,,0,,,0,,,0,,,0,,,SL,-54.34,32
2025.04.16 14:23,2025.04.16 15:41,SELL,Swing,3314.045,3322.620,85.7,86.6,58.5,1.01,0.68,1,1,1,1,7,43,1,10,43,1,22,43,1,46,66,0,,,0,,,0,,,0,,,SL,-85.75,78
2025.04.16 14:15,2025.04.16 15:41,SELL,LienKe,3309.110,3322.620,135.1,37.3,107.9,0.28,0.80,1,1,1,1,42,42,1,54,58,0,,,0,,,0,,,0,,,0,,,0,,,SL,-135.10,86
2025.04.16 14:15,2025.04.16 15:41,SELL,Swing,3309.110,3322.620,135.1,37.3,107.9,0.28,0.80,1,1,1,1,42,42,1,54,58,0,,,0,,,0,,,0,,,0,,,0,,,SL,-135.10,86
2025.04.16 19:22,2025.04.16 22:01,SELL,LienKe,3340.708,3345.462,47.5,61.1,32.5,1.29,0.68,1,7,86,1,13,86,1,20,86,1,52,86,0,,,0,,,0,,,0,,,0,,,SL,-47.54,159
2025.04.16 19:15,2025.04.16 22:01,SELL,LienKe,3338.946,3345.462,65.2,43.5,50.1,0.67,0.77,1,27,30,1,28,30,1,58,74,0,,,0,,,0,,,0,,,0,,,0,,,SL,-65.16,166
2025.04.17 01:47,2025.04.17 01:51,BUY,LienKe,3336.155,3326.527,96.3,0.2,80.3,0.00,0.83,0,,,0,,,0,,,0,,,0,,,0,,,0,,,0,,,0,,,SL,-96.28,4
2025.04.17 01:47,2025.04.17 01:51,BUY,Swing,3336.155,3326.527,96.3,0.2,80.3,0.00,0.83,0,,,0,,,0,,,0,,,0,,,0,,,0,,,0,,,0,,,SL,-96.28,4
2025.04.17 01:45,2025.04.17 01:51,BUY,LienKe,3342.915,3326.527,163.9,0.0,147.8,0.00,0.90,0,,,0,,,0,,,0,,,0,,,0,,,0,,,0,,,0,,,SL,-163.88,6
2025.04.17 01:45,2025.04.17 01:51,BUY,Swing,3342.915,3326.527,163.9,0.0,147.8,0.00,0.90,0,,,0,,,0,,,0,,,0,,,0,,,0,,,0,,,0,,,SL,-163.88,6
2025.04.17 06:25,2025.04.17 07:12,BUY,LienKe,3327.330,3322.204,51.3,56.4,43.9,1.10,0.86,1,0,1,1,0,1,1,6,35,1,11,35,0,,,0,,,0,,,0,,,0,,,SL,-51.26,47
2025.04.17 06:15,2025.04.17 07:12,BUY,LienKe,3330.983,3322.204,87.8,20.1,80.4,0.23,0.92,1,0,2,1,1,2,0,,,0,,,0,,,0,,,0,,,0,,,0,,,SL,-87.79,57
2025.04.17 10:35,2025.04.17 12:14,SELL,LienKe,3329.942,3337.181,72.4,73.9,29.4,1.02,0.41,1,0,1,1,5,28,1,17,28,1,50,87,0,,,0,,,0,,,0,,,0,,,SL,-72.39,99
2025.04.17 10:30,2025.04.17 12:14,SELL,LienKe,3325.673,3337.181,115.1,31.2,72.1,0.27,0.63,1,55,55,1,55,55,1,74,87,0,,,0,,,0,,,0,,,0,,,0,,,SL,-115.08,104
2025.04.17 05:30,2025.04.17 14:02,SELL,Swing,3336.858,3348.445,115.9,281.4,57.3,2.43,0.49,1,0,6,1,1,6,1,2,6,1,20,404,1,29,404,1,31,404,1,103,404,1,106,404,0,,,TP,300.00,512
2025.04.17 14:18,2025.04.17 14:29,BUY,LienKe,3308.869,3302.164,67.0,19.2,62.0,0.29,0.93,1,0,1,0,,,0,,,0,,,0,,,0,,,0,,,0,,,0,,,SL,-67.05,10
2025.04.17 14:15,2025.04.17 14:29,BUY,LienKe,3312.684,3302.164,105.2,8.5,100.2,0.08,0.95,0,,,0,,,0,,,0,,,0,,,0,,,0,,,0,,,0,,,SL,-105.20,14
2025.04.17 12:30,2025.04.17 14:32,SELL,Swing,3325.596,3345.433,198.4,291.5,66.1,1.47,0.33,1,0,0,1,0,0,1,25,25,1,60,65,1,82,-,1,82,-,1,90,-,1,92,-,0,,,TP,300.00,122
2025.04.22 06:30,2025.04.22 08:37,SELL,LienKe,3488.365,3503.033,146.7,298.9,27.2,2.04,0.19,1,0,16,1,0,16,1,1,16,1,1,16,1,3,16,1,3,16,1,35,-,1,43,-,0,,,TP,300.00,127
2025.04.22 15:59,2025.04.22 16:02,BUY,LienKe,3419.918,3407.299,126.2,11.6,103.3,0.09,0.82,1,0,1,0,,,0,,,0,,,0,,,0,,,0,,,0,,,0,,,SL,-126.19,2
2025.04.22 19:50,2025.04.22 22:02,BUY,LienKe,3370.793,3363.745,70.5,119.3,10.6,1.69,0.15,1,2,-,1,3,-,1,3,-,1,4,-,1,12,-,1,18,-,0,,,0,,,0,,,SL,-70.48,131
2025.04.22 19:50,2025.04.22 22:02,BUY,Swing,3370.793,3363.745,70.5,119.3,10.6,1.69,0.15,1,2,-,1,3,-,1,3,-,1,4,-,1,12,-,1,18,-,0,,,0,,,0,,,SL,-70.48,131
2025.04.22 19:45,2025.04.22 22:02,BUY,LienKe,3374.961,3363.745,112.2,77.7,52.3,0.69,0.47,1,9,11,1,10,11,1,17,-,1,20,-,0,,,0,,,0,,,0,,,0,,,SL,-112.16,137
2025.04.22 19:45,2025.04.22 22:02,BUY,Swing,3374.961,3363.745,112.2,77.7,52.3,0.69,0.47,1,9,11,1,10,11,1,17,-,1,20,-,0,,,0,,,0,,,0,,,0,,,SL,-112.16,137
2025.04.22 23:30,2025.04.23 00:30,SELL,LienKe,3339.615,3352.967,133.5,73.5,132.6,0.55,0.99,1,0,0,1,3,12,1,3,12,1,6,12,0,,,0,,,0,,,0,,,0,,,SL,-133.52,60
2025.04.23 06:15,2025.04.23 06:51,BUY,LienKe,3316.675,3304.896,117.8,92.8,44.9,0.79,0.38,1,1,28,1,1,28,1,2,28,1,2,28,1,4,28,0,,,0,,,0,,,0,,,SL,-117.79,36
2025.04.23 06:51,2025.04.23 06:53,BUY,LienKe,3312.185,3304.896,72.9,0.0,73.5,0.00,1.01,0,,,0,,,0,,,0,,,0,,,0,,,0,,,0,,,0,,,SL,-72.89,2
2025.04.23 17:45,2025.04.23 22:38,BUY,LienKe,3283.113,3274.824,82.9,287.9,52.2,3.47,0.63,1,1,1,1,28,37,1,28,37,1,85,-,1,85,-,1,93,-,1,256,-,1,257,-,0,,,TP,300.00,293
2025.04.24 09:00,2025.04.24 12:40,SELL,LienKe,3336.159,3344.630,84.7,105.7,79.9,1.25,0.94,1,26,27,1,30,58,1,30,58,1,32,58,1,46,58,1,48,58,0,,,0,,,0,,,SL,-84.71,220
2025.04.24 12:51,2025.04.24 14:04,SELL,LienKe,3341.455,3347.719,62.6,287.6,2.4,4.59,0.04,1,1,4,1,2,4,1,7,-,1,7,-,1,9,-,1,10,-,1,29,-,1,46,-,0,,,TP,300.00,73
2025.04.24 12:45,2025.04.24 14:06,SELL,LienKe,3338.138,3347.719,95.8,285.4,35.5,2.98,0.37,1,0,1,1,14,-,1,15,-,1,15,-,1,18,-,1,30,-,1,47,-,1,59,-,0,,,TP,300.00,81
2025.04.24 09:15,2025.04.24 14:06,SELL,LienKe,3337.732,3345.926,81.9,281.4,71.5,3.43,0.87,1,5,7,1,10,121,1,15,121,1,15,121,1,20,121,1,32,121,1,257,-,1,269,-,0,,,TP,300.00,291
2025.04.24 14:17,2025.04.24 18:26,BUY,LienKe,3310.180,3303.739,64.4,291.5,14.9,4.53,0.23,1,0,1,1,3,5,1,7,-,1,7,-,1,10,-,1,13,-,1,25,-,1,29,-,0,,,TP,300.00,249
2025.04.24 18:30,2025.04.24 19:47,SELL,LienKe,3338.086,3343.308,52.2,45.1,41.8,0.86,0.80,1,1,61,1,2,61,1,7,61,0,,,0,,,0,,,0,,,0,,,0,,,SL,-52.22,77
2025.04.24 14:15,2025.04.24 19:49,BUY,LienKe,3313.888,3303.739,101.5,299.1,52.0,2.95,0.51,1,9,-,1,10,-,1,11,-,1,13,-,1,16,-,1,17,-,1,31,-,1,116,-,0,,,TP,300.00,334
2025.04.24 20:32,2025.04.24 20:55,SELL,Swing,3344.626,3350.026,54.0,6.7,53.7,0.12,0.99,0,,,0,,,0,,,0,,,0,,,0,,,0,,,0,,,0,,,SL,-54.00,23
2025.04.24 20:00,2025.04.24 20:55,SELL,Swing,3342.266,3350.026,77.6,39.8,77.3,0.51,1.00,1,0,4,1,0,4,1,9,30,0,,,0,,,0,,,0,,,0,,,0,,,SL,-77.60,55
2025.04.25 09:27,2025.04.25 13:17,SELL,LienKe,3306.677,3311.792,51.1,298.6,4.5,5.84,0.09,1,1,-,1,1,-,1,2,-,1,4,-,1,7,-,1,22,-,1,135,-,1,214,-,0,,,TP,300.00,230
2025.04.25 09:15,2025.04.25 13:17,SELL,LienKe,3304.547,3311.792,72.4,277.3,25.8,3.83,0.36,1,5,9,1,5,9,1,5,9,1,16,74,1,34,74,1,37,74,1,149,-,1,226,-,0,,,TP,300.00,242
2025.04.28 11:36,2025.04.28 12:09,SELL,LienKe,3291.997,3297.421,54.2,14.2,53.9,0.26,0.99,1,1,2,0,,,0,,,0,,,0,,,0,,,0,,,0,,,0,,,SL,-54.24,33
2025.04.28 11:15,2025.04.28 12:09,SELL,LienKe,3287.785,3297.421,96.4,27.4,96.1,0.28,1.00,1,2,4,1,7,10,0,,,0,,,0,,,0,,,0,,,0,,,0,,,SL,-96.36,54
2025.04.28 12:20,2025.04.28 12:27,SELL,LienKe,3296.830,3301.031,42.0,26.9,37.0,0.64,0.88,1,0,3,1,0,3,0,,,0,,,0,,,0,,,0,,,0,,,0,,,SL,-42.01,7
2025.04.28 12:15,2025.04.28 12:27,SELL,LienKe,3295.686,3301.031,53.4,28.2,48.4,0.53,0.91,1,1,2,1,3,4,0,,,0,,,0,,,0,,,0,,,0,,,0,,,SL,-53.45,12
2025.04.28 13:42,2025.04.28 13:49,BUY,LienKe,3292.978,3287.501,54.8,11.7,43.7,0.21,0.80,1,0,1,0,,,0,,,0,,,0,,,0,,,0,,,0,,,0,,,SL,-54.77,7
2025.04.28 13:15,2025.04.28 13:49,BUY,LienKe,3295.618,3287.501,81.2,56.9,70.1,0.70,0.86,1,0,21,1,1,21,1,3,21,1,6,21,0,,,0,,,0,,,0,,,0,,,SL,-81.17,34
2025.04.28 15:30,2025.04.28 16:42,SELL,LienKe,3328.604,3339.044,104.4,93.5,104.4,0.90,1.00,1,0,35,1,1,35,1,1,35,1,8,35,1,10,35,0,,,0,,,0,,,0,,,SL,-104.40,72
2025.04.28 17:49,2025.04.28 18:24,SELL,LienKe,3338.822,3343.193,43.7,47.6,26.0,1.09,0.59,1,2,22,1,2,22,1,5,22,0,,,0,,,0,,,0,,,0,,,0,,,SL,-43.71,35
2025.04.28 17:45,2025.04.28 18:24,SELL,LienKe,3337.429,3343.193,57.6,33.7,39.9,0.58,0.69,1,1,3,1,10,24,1,19,24,0,,,0,,,0,,,0,,,0,,,0,,,SL,-57.64,39
2025.04.29 00:21,2025.04.29 00:52,BUY,LienKe,3335.462,3330.280,51.8,0.0,48.1,0.00,0.93,0,,,0,,,0,,,0,,,0,,,0,,,0,,,0,,,0,,,SL,-51.82,31
2025.04.29 00:15,2025.04.29 00:52,BUY,LienKe,3337.747,3330.280,74.7,13.2,70.9,0.18,0.95,1,1,1,0,,,0,,,0,,,0,,,0,,,0,,,0,,,0,,,SL,-74.67,37
2025.04.29 09:41,2025.04.29 12:20,BUY,LienKe,3311.734,3305.620,61.1,42.7,58.1,0.70,0.95,1,21,32,1,26,32,1,28,32,0,,,0,,,0,,,0,,,0,,,0,,,SL,-61.14,159
2025.04.29 09:30,2025.04.29 12:20,BUY,LienKe,3315.258,3305.620,96.4,7.5,93.3,0.08,0.97,0,,,0,,,0,,,0,,,0,,,0,,,0,,,0,,,0,,,SL,-96.38,170
2025.04.29 12:16,2025.04.29 12:21,BUY,LienKe,3307.656,3302.962,46.9,1.0,41.4,0.02,0.88,0,,,0,,,0,,,0,,,0,,,0,,,0,,,0,,,0,,,SL,-46.94,5
2025.04.29 12:16,2025.04.29 12:21,BUY,Swing,3307.656,3302.962,46.9,1.0,41.4,0.02,0.88,0,,,0,,,0,,,0,,,0,,,0,,,0,,,0,,,0,,,SL,-46.94,5
2025.04.29 12:15,2025.04.29 12:21,BUY,LienKe,3310.152,3302.962,71.9,0.5,66.4,0.01,0.92,0,,,0,,,0,,,0,,,0,,,0,,,0,,,0,,,0,,,SL,-71.90,6
2025.04.29 12:15,2025.04.29 12:21,BUY,Swing,3310.152,3302.962,71.9,0.5,66.4,0.01,0.92,0,,,0,,,0,,,0,,,0,,,0,,,0,,,0,,,0,,,SL,-71.90,6
2025.04.29 18:30,2025.04.30 01:04,BUY,LienKe,3318.577,3310.260,83.2,94.0,79.0,1.13,0.95,1,28,81,1,30,81,1,30,81,1,32,81,1,343,359,0,,,0,,,0,,,0,,,SL,-88.52,394
2025.04.30 01:57,2025.04.30 02:57,BUY,LienKe,3310.670,3305.206,54.6,25.4,47.6,0.46,0.87,1,7,8,1,13,24,0,,,0,,,0,,,0,,,0,,,0,,,0,,,SL,-54.64,60
2025.04.30 01:57,2025.04.30 02:57,BUY,Swing,3310.670,3305.206,54.6,25.4,47.6,0.46,0.87,1,7,8,1,13,24,0,,,0,,,0,,,0,,,0,,,0,,,0,,,SL,-54.64,60
2025.04.30 01:15,2025.04.30 02:57,BUY,LienKe,3315.930,3305.206,107.2,67.9,100.2,0.63,0.93,1,1,31,1,2,31,1,6,31,1,10,31,0,,,0,,,0,,,0,,,0,,,SL,-107.24,102
2025.04.30 01:15,2025.04.30 02:57,BUY,Swing,3315.930,3305.206,107.2,67.9,100.2,0.63,0.93,1,1,31,1,2,31,1,6,31,1,10,31,0,,,0,,,0,,,0,,,0,,,SL,-107.24,102
2025.04.30 04:21,2025.04.30 08:10,BUY,LienKe,3303.632,3299.498,41.3,110.3,25.6,2.67,0.62,1,13,15,1,23,160,1,25,160,1,31,160,1,48,160,1,67,160,0,,,0,,,0,,,SL,-41.34,229
2025.04.30 04:15,2025.04.30 08:10,BUY,LienKe,3305.766,3299.498,62.7,88.9,47.0,1.42,0.75,1,31,129,1,34,129,1,38,129,1,52,129,1,73,129,0,,,0,,,0,,,0,,,SL,-62.68,235
2025.04.29 14:15,2025.04.30 08:11,BUY,LienKe,3309.270,3296.649,126.2,207.4,100.5,1.64,0.80,1,3,3,1,10,58,1,11,58,1,12,58,1,24,58,1,131,649,1,144,649,1,157,649,0,,,SL,-131.56,1076
2025.04.30 09:49,2025.04.30 09:59,BUY,LienKe,3280.644,3275.205,54.4,6.5,50.9,0.12,0.94,0,,,0,,,0,,,0,,,0,,,0,,,0,,,0,,,0,,,SL,-54.39,10
2025.04.30 09:30,2025.04.30 09:59,BUY,LienKe,3283.214,3275.205,80.1,36.5,76.6,0.46,0.96,1,1,15,1,2,15,1,5,15,0,,,0,,,0,,,0,,,0,,,0,,,SL,-80.09,29
2025.04.30 10:43,2025.04.30 11:03,BUY,LienKe,3275.513,3268.840,66.7,25.6,58.3,0.38,0.87,1,0,7,1,2,7,0,,,0,,,0,,,0,,,0,,,0,,,0,,,SL,-66.73,20
2025.04.30 10:30,2025.04.30 11:03,BUY,LienKe,3277.715,3268.840,88.8,30.8,80.3,0.35,0.91,1,0,5,1,1,5,1,4,5,0,,,0,,,0,,,0,,,0,,,0,,,SL,-88.75,33
2025.05.01 01:19,2025.05.01 03:13,BUY,LienKe,3239.760,3232.707,70.5,118.8,53.0,1.68,0.75,1,0,28,1,0,28,1,1,28,1,2,28,1,6,28,1,17,28,0,,,0,,,0,,,SL,-70.53,114
2025.05.01 01:15,2025.05.01 03:13,BUY,LienKe,3243.970,3232.707,112.6,76.7,95.1,0.68,0.84,1,1,3,1,1,3,1,10,16,1,10,16,0,,,0,,,0,,,0,,,0,,,SL,-112.63,118
2025.05.01 06:15,2025.05.01 11:49,SELL,LienKe,3238.235,3246.197,79.6,275.2,24.0,3.46,0.30,1,0,2,1,0,2,1,1,2,1,47,-,1,53,-,1,63,-,1,202,-,1,223,-,0,,,TP,300.00,334
2025.05.01 11:15,2025.05.01 12:30,SELL,LienKe,3223.695,3229.863,61.7,216.7,36.2,3.51,0.59,1,21,22,1,23,-,1,24,-,1,25,-,1,29,-,1,31,-,1,34,-,1,38,-,0,,,SL,0.00,75
2025.05.01 11:18,2025.05.01 12:36,SELL,LienKe,3225.250,3229.863,46.1,232.3,20.6,5.04,0.45,1,2,3,1,10,16,1,18,-,1,21,-,1,23,-,1,26,-,1,31,-,1,34,-,0,,,SL,0.00,78
2025.05.01 14:16,2025.05.01 15:31,BUY,LienKe,3219.533,3211.507,80.3,120.3,71.9,1.50,0.90,1,4,5,1,4,5,1,13,41,1,14,41,1,22,41,1,24,41,0,,,0,,,0,,,SL,-80.26,75
2025.05.01 14:15,2025.05.01 15:31,BUY,LienKe,3224.769,3211.507,132.6,68.0,124.3,0.51,0.94,1,16,16,1,17,18,1,24,35,1,26,35,0,,,0,,,0,,,0,,,0,,,SL,-132.62,76
2025.05.01 22:30,2025.05.02 02:18,SELL,LienKe,3237.294,3246.462,91.7,96.0,80.5,1.05,0.88,1,0,15,1,0,15,1,0,15,1,139,166,1,145,166,0,,,0,,,0,,,0,,,SL,-91.68,228
2025.05.02 05:30,2025.05.02 06:50,BUY,LienKe,3252.686,3246.547,61.4,97.0,32.8,1.58,0.53,1,2,17,1,6,17,1,8,17,1,49,71,1,50,71,0,,,0,,,0,,,0,,,SL,-61.39,80
2025.05.02 08:00,2025.05.02 09:44,SELL,LienKe,3258.920,3266.339,74.2,36.0,60.5,0.49,0.81,1,1,1,1,9,22,1,15,22,0,,,0,,,0,,,0,,,0,,,0,,,SL,-74.19,104
2025.05.02 07:00,2025.05.02 13:05,BUY,LienKe,3253.032,3243.327,97.0,162.1,92.4,1.67,0.95,1,0,3,1,1,3,1,21,330,1,28,330,1,34,330,1,35,330,1,279,330,0,,,0,,,SL,-97.05,365
2025.05.02 14:50,2025.05.02 14:57,SELL,LienKe,3257.194,3263.763,65.7,0.0,60.5,0.00,0.92,0,,,0,,,0,,,0,,,0,,,0,,,0,,,0,,,0,,,SL,-65.69,7
2025.05.02 14:45,2025.05.02 14:57,SELL,LienKe,3253.593,3263.763,101.7,25.5,96.5,0.25,0.95,1,0,1,1,0,1,0,,,0,,,0,,,0,,,0,,,0,,,0,,,SL,-101.70,12
2025.05.02 11:47,2025.05.02 15:37,SELL,Swing,3266.875,3271.068,41.9,295.3,25.3,7.04,0.60,1,5,-,1,6,-,1,9,-,1,13,-,1,39,-,1,43,-,1,43,-,1,73,-,0,,,TP,300.00,229
2025.05.02 11:46,2025.05.02 15:37,SELL,LienKe,3265.926,3271.068,51.4,285.8,34.8,5.56,0.68,1,7,-,1,10,-,1,13,-,1,26,-,1,44,-,1,44,-,1,44,-,1,76,-,0,,,TP,300.00,230
2025.05.02 11:45,2025.05.02 15:40,SELL,LienKe,3265.426,3271.068,56.4,297.6,39.8,5.27,0.70,1,8,10,1,11,-,1,15,-,1,36,-,1,45,-,1,45,-,1,45,-,1,78,-,0,,,TP,300.00,235
2025.05.02 11:45,2025.05.02 15:40,SELL,Swing,3265.426,3271.068,56.4,297.6,39.8,5.27,0.70,1,8,10,1,11,-,1,15,-,1,36,-,1,45,-,1,45,-,1,45,-,1,78,-,0,,,TP,300.00,235
2025.05.02 19:39,2025.05.02 20:14,SELL,LienKe,3230.927,3235.850,49.2,0.0,46.2,0.00,0.94,0,,,0,,,0,,,0,,,0,,,0,,,0,,,0,,,0,,,SL,-49.23,35
2025.05.02 19:15,2025.05.02 20:14,SELL,LienKe,3228.958,3235.850,68.9,12.9,65.9,0.19,0.96,1,8,11,0,,,0,,,0,,,0,,,0,,,0,,,0,,,0,,,SL,-68.92,59
2025.05.02 20:36,2025.05.04 22:42,SELL,Swing,3239.544,3244.192,46.5,18.2,42.2,0.39,0.91,1,11,14,0,,,0,,,0,,,0,,,0,,,0,,,0,,,0,,,SL,-46.48,3006
2025.05.02 20:30,2025.05.04 22:42,SELL,Swing,3237.875,3244.192,63.2,1.5,58.9,0.02,0.93,0,,,0,,,0,,,0,,,0,,,0,,,0,,,0,,,0,,,SL,-63.17,3012
2025.05.04 22:30,2025.05.04 23:32,SELL,LienKe,3240.651,3245.819,51.7,17.2,41.0,0.33,0.79,1,27,30,0,,,0,,,0,,,0,,,0,,,0,,,0,,,0,,,SL,-51.68,62
2025.05.04 22:30,2025.05.04 23:32,SELL,LienKe,3240.183,3245.819,56.4,12.5,45.6,0.22,0.81,1,29,30,0,,,0,,,0,,,0,,,0,,,0,,,0,,,0,,,SL,-56.36,62
2025.05.05 08:00,2025.05.05 08:26,SELL,LienKe,3264.797,3270.748,59.5,15.5,56.6,0.26,0.95,1,9,10,0,,,0,,,0,,,0,,,0,,,0,,,0,,,0,,,SL,-59.51,26
2025.05.05 02:40,2025.05.05 08:38,SELL,LienKe,3267.927,3274.171,62.4,146.6,62.0,2.35,0.99,1,2,3,1,26,27,1,30,339,1,30,339,1,34,339,1,41,339,0,,,0,,,0,,,SL,-62.44,358
2025.05.05 02:15,2025.05.05 08:38,SELL,LienKe,3261.145,3274.171,130.3,78.8,129.8,0.60,1.00,1,3,3,1,63,69,1,66,69,1,82,203,0,,,0,,,0,,,0,,,0,,,SL,-130.26,383
2025.05.06 06:30,2025.05.06 07:21,SELL,LienKe,3363.445,3370.979,75.3,13.8,74.6,0.18,0.99,1,3,5,0,,,0,,,0,,,0,,,0,,,0,,,0,,,0,,,SL,-75.34,51
2025.05.06 06:30,2025.05.06 07:21,SELL,LienKe,3363.406,3370.979,75.7,13.4,75.0,0.18,0.99,1,3,4,0,,,0,,,0,,,0,,,0,,,0,,,0,,,0,,,SL,-75.73,51
2025.05.06 11:30,2025.05.06 12:38,SELL,LienKe,3380.527,3388.084,75.6,72.4,60.8,0.96,0.81,1,3,3,1,5,21,1,5,21,1,6,21,0,,,0,,,0,,,0,,,0,,,SL,-75.57,68
2025.05.06 06:00,2025.05.06 12:42,BUY,Swing,3362.181,3347.195,149.9,292.5,34.4,1.95,0.23,1,1,3,1,1,3,1,16,28,1,16,28,1,70,-,1,83,-,1,94,-,1,140,-,0,,,TP,300.00,402
2025.05.06 15:45,2025.05.06 16:25,SELL,LienKe,3396.432,3402.888,64.6,31.4,64.3,0.49,1.00,1,2,3,1,2,3,1,10,13,0,,,0,,,0,,,0,,,0,,,0,,,SL,-64.56,40
2025.05.06 12:15,2025.05.06 16:36,BUY,LienKe,3375.577,3370.479,51.0,299.0,24.5,5.86,0.48,1,5,14,1,5,14,1,5,14,1,16,-,1,19,-,1,21,-,1,25,-,1,58,-,0,,,TP,300.00,261
2025.05.06 12:15,2025.05.06 16:37,BUY,LienKe,3377.736,3370.479,72.6,285.0,46.1,3.93,0.63,1,16,-,1,16,-,1,16,-,1,17,-,1,21,-,1,23,-,1,45,-,1,115,-,0,,,TP,300.00,262
2025.05.07 05:31,2025.05.07 06:00,SELL,LienKe,3386.160,3390.769,46.1,47.5,35.5,1.03,0.77,1,0,1,1,3,8,1,3,8,0,,,0,,,0,,,0,,,0,,,0,,,SL,-46.09,29
2025.05.07 05:30,2025.05.07 06:00,SELL,LienKe,3384.267,3390.769,65.0,28.6,54.4,0.44,0.84,1,4,5,1,4,5,0,,,0,,,0,,,0,,,0,,,0,,,0,,,SL,-65.02,30
2025.05.07 08:23,2025.05.07 08:52,BUY,LienKe,3384.516,3379.436,50.8,28.5,24.5,0.56,0.48,1,1,3,1,2,3,0,,,0,,,0,,,0,,,0,,,0,,,0,,,SL,-50.80,29
2025.05.07 08:15,2025.05.07 08:52,BUY,LienKe,3386.811,3379.436,73.8,17.9,47.5,0.24,0.64,1,1,1,0,,,0,,,0,,,0,,,0,,,0,,,0,,,0,,,SL,-73.75,37
2025.05.07 18:00,2025.05.07 18:02,SELL,LienKe,3385.150,3392.888,77.4,0.0,73.3,0.00,0.95,0,,,0,,,0,,,0,,,0,,,0,,,0,,,0,,,0,,,SL,-77.38,2
2025.05.07 16:30,2025.05.07 19:11,BUY,LienKe,3382.447,3375.811,66.4,155.8,64.2,2.35,0.97,1,4,121,1,5,121,1,6,121,1,16,121,1,91,121,1,92,121,1,98,121,0,,,0,,,SL,-66.36,161
2025.05.07 14:30,2025.05.07 19:14,BUY,LienKe,3383.245,3372.662,105.8,147.8,101.3,1.40,0.96,1,2,14,1,3,14,1,4,14,1,8,14,1,211,241,1,212,241,0,,,0,,,0,,,SL,-105.83,284
2025.05.09 07:36,2025.05.09 11:27,SELL,Swing,3329.792,3335.258,54.7,93.9,47.5,1.72,0.87,1,1,6,1,1,6,1,1,6,1,28,165,1,31,165,0,,,0,,,0,,,0,,,SL,-54.66,231
2025.05.09 07:15,2025.05.09 11:27,SELL,Swing,3327.315,3335.258,79.4,69.1,72.2,0.87,0.91,1,0,1,1,7,17,1,12,17,1,52,91,0,,,0,,,0,,,0,,,0,,,SL,-79.43,252
2025.05.11 23:15,2025.05.12 01:12,BUY,LienKe,3276.511,3262.847,136.6,135.1,103.0,0.99,0.75,1,0,6,1,0,6,1,1,6,1,12,86,1,13,86,1,16,86,0,,,0,,,0,,,SL,-136.64,117
2025.05.12 23:00,2025.05.13 01:30,BUY,LienKe,3234.075,3226.864,72.1,93.5,41.9,1.30,0.58,1,0,6,1,8,12,1,9,12,1,36,104,1,67,104,0,,,0,,,0,,,0,,,SL,-77.46,150
2025.05.13 13:35,2025.05.13 13:40,BUY,LienKe,3239.808,3233.273,65.3,24.5,27.1,0.38,0.41,1,1,1,1,2,3,0,,,0,,,0,,,0,,,0,,,0,,,0,,,SL,-65.35,5
2025.05.14 00:45,2025.05.14 01:02,BUY,Swing,3243.514,3238.704,48.1,27.0,47.7,0.56,0.99,1,2,2,1,10,12,0,,,0,,,0,,,0,,,0,,,0,,,0,,,SL,-48.10,16
2025.05.14 00:30,2025.05.14 01:02,BUY,Swing,3247.038,3238.704,83.3,27.4,82.9,0.33,1.00,1,0,6,1,2,6,0,,,0,,,0,,,0,,,0,,,0,,,0,,,SL,-83.34,32
2025.05.14 06:15,2025.05.14 08:03,SELL,LienKe,3233.298,3239.745,64.5,89.4,62.0,1.39,0.96,1,1,3,1,1,3,1,15,30,1,44,73,1,55,73,0,,,0,,,0,,,0,,,SL,-64.47,108
2025.05.14 08:15,2025.05.14 12:36,SELL,LienKe,3235.517,3246.897,113.8,267.7,41.1,2.35,0.36,1,13,15,1,14,15,1,20,42,1,56,89,1,214,-,1,220,-,1,222,-,1,238,-,0,,,TP,300.00,261
2025.05.14 22:18,2025.05.14 23:44,SELL,LienKe,3182.272,3186.881,46.1,18.9,37.8,0.41,0.82,1,23,25,0,,,0,,,0,,,0,,,0,,,0,,,0,,,0,,,SL,-46.09,86
2025.05.14 22:15,2025.05.14 23:44,SELL,LienKe,3180.659,3186.881,62.2,2.8,53.9,0.04,0.87,0,,,0,,,0,,,0,,,0,,,0,,,0,,,0,,,0,,,SL,-62.22,89
2025.05.15 00:25,2025.05.15 01:47,BUY,LienKe,3182.530,3177.193,53.4,101.8,47.7,1.91,0.89,1,8,10,1,27,56,1,27,56,1,30,56,1,36,56,1,38,56,0,,,0,,,0,,,SL,-53.37,82
2025.05.15 01:15,2025.05.15 02:40,SELL,LienKe,3186.733,3195.710,89.8,287.0,27.7,3.20,0.31,1,0,1,1,4,10,1,5,10,1,21,-,1,29,-,1,34,-,1,42,-,1,69,-,0,,,TP,300.00,85
2025.05.15 01:15,2025.05.15 02:40,SELL,Swing,3186.733,3195.710,89.8,287.0,27.7,3.20,0.31,1,0,1,1,4,10,1,5,10,1,21,-,1,29,-,1,34,-,1,42,-,1,69,-,0,,,TP,300.00,85
2025.05.16 13:34,2025.05.16 16:57,SELL,LienKe,3181.622,3188.772,71.5,154.7,71.2,2.16,1.00,1,0,1,1,20,22,1,45,49,1,45,49,1,58,121,1,63,121,1,69,121,0,,,0,,,SL,-71.50,203
2025.05.16 13:15,2025.05.16 16:57,SELL,LienKe,3176.862,3188.772,119.1,107.1,118.8,0.90,1.00,1,2,5,1,2,5,1,2,5,1,2,5,1,88,99,1,88,99,0,,,0,,,0,,,SL,-119.10,222
2025.05.19 03:30,2025.05.19 07:38,SELL,LienKe,3225.748,3233.547,78.0,190.1,74.7,2.44,0.96,1,2,153,1,2,153,1,4,153,1,7,153,1,13,153,1,16,153,1,19,153,0,,,0,,,SL,-77.99,248
2025.05.19 06:32,2025.05.19 07:51,SELL,Swing,3229.274,3234.692,54.2,88.9,52.4,1.64,0.97,1,1,35,1,2,35,1,2,35,1,3,35,1,5,35,0,,,0,,,0,,,0,,,SL,-54.18,78
2025.05.19 06:30,2025.05.19 07:51,SELL,Swing,3226.616,3234.692,80.8,62.3,79.0,0.77,0.98,1,5,30,1,5,30,1,6,30,1,7,30,0,,,0,,,0,,,0,,,0,,,SL,-80.76,81
2025.05.19 04:15,2025.05.19 08:52,BUY,LienKe,3211.299,3203.584,77.2,299.9,3.8,3.89,0.05,1,1,-,1,1,-,1,2,-,1,15,-,1,46,-,1,51,-,1,111,-,1,125,-,0,,,TP,300.00,277
2025.05.19 22:38,2025.05.19 23:12,BUY,Swing,3225.868,3221.915,39.5,15.7,36.4,0.40,0.92,1,5,7,0,,,0,,,0,,,0,,,0,,,0,,,0,,,0,,,SL,-39.53,34
2025.05.19 22:30,2025.05.19 23:12,BUY,Swing,3227.081,3221.915,51.7,7.0,48.5,0.13,0.94,0,,,0,,,0,,,0,,,0,,,0,,,0,,,0,,,0,,,SL,-51.66,42
2025.05.21 01:15,2025.05.21 05:53,SELL,LienKe,3297.780,3317.680,199.0,122.0,186.9,0.61,0.94,1,0,34,1,1,34,1,4,34,1,5,34,1,9,34,1,9,34,0,,,0,,,0,,,SL,-199.00,278
2025.05.21 07:49,2025.05.21 08:12,BUY,LienKe,3309.889,3305.203,46.9,12.5,42.8,0.27,0.91,1,12,12,0,,,0,,,0,,,0,,,0,,,0,,,0,,,0,,,SL,-46.86,23
2025.05.21 07:30,2025.05.21 08:12,BUY,LienKe,3312.725,3305.203,75.2,25.9,71.2,0.34,0.95,1,3,4,1,3,4,0,,,0,,,0,,,0,,,0,,,0,,,0,,,SL,-75.22,42
2025.05.21 17:40,2025.05.21 19:04,SELL,LienKe,3313.364,3318.547,51.8,15.1,47.5,0.29,0.92,1,2,4,0,,,0,,,0,,,0,,,0,,,0,,,0,,,0,,,SL,-51.83,84
2025.05.21 17:40,2025.05.21 19:04,SELL,Swing,3313.364,3318.547,51.8,15.1,47.5,0.29,0.92,1,2,4,0,,,0,,,0,,,0,,,0,,,0,,,0,,,0,,,SL,-51.83,84
2025.05.21 17:30,2025.05.21 19:04,SELL,LienKe,3310.961,3318.547,75.9,42.3,71.5,0.56,0.94,1,0,4,1,0,4,1,0,4,0,,,0,,,0,,,0,,,0,,,0,,,SL,-75.86,94
2025.05.21 17:30,2025.05.21 19:04,SELL,Swing,3310.961,3318.547,75.9,42.3,71.5,0.56,0.94,1,0,4,1,0,4,1,0,4,0,,,0,,,0,,,0,,,0,,,0,,,SL,-75.86,94
2025.05.21 20:31,2025.05.22 02:47,BUY,LienKe,3314.647,3310.164,44.8,293.4,9.4,6.54,0.21,1,0,19,1,1,19,1,5,19,1,94,-,1,172,-,1,218,-,1,276,-,1,290,-,0,,,TP,283.95,376
2025.05.21 20:30,2025.05.22 08:30,BUY,LienKe,3317.727,3310.164,75.6,277.5,40.2,3.67,0.53,1,91,91,1,95,97,1,114,122,1,173,202,1,223,-,1,276,-,1,291,-,1,294,-,0,,,SL,-16.05,720
2025.05.22 11:15,2025.05.22 14:01,BUY,LienKe,3293.352,3279.977,133.8,224.2,132.3,1.68,0.99,1,6,15,1,8,15,1,10,15,1,20,156,1,33,156,1,33,156,1,39,156,1,43,156,0,,,SL,-133.75,166
2025.05.22 17:45,2025.05.23 00:52,BUY,LienKe,3295.366,3287.167,82.0,135.4,63.8,1.65,0.78,1,12,31,1,12,31,1,12,31,1,320,378,1,395,425,1,398,425,0,,,0,,,0,,,SL,-87.34,427
2025.05.23 00:45,2025.05.23 04:24,SELL,Swing,3302.918,3311.908,89.9,158.2,86.4,1.76,0.96,1,1,16,1,2,16,1,3,16,1,4,16,1,5,16,1,5,16,1,7,16,0,,,0,,,SL,-89.90,219
2025.05.23 08:17,2025.05.23 12:36,BUY,LienKe,3327.334,3322.529,48.0,283.3,47.9,5.90,1.00,1,0,1,1,61,105,1,67,105,1,72,105,1,207,-,1,208,-,1,212,-,1,212,-,0,,,TP,300.00,259
2025.05.23 08:15,2025.05.23 12:37,BUY,LienKe,3329.268,3322.529,67.4,292.0,67.2,4.33,1.00,1,69,70,1,69,70,1,74,85,1,209,-,1,210,-,1,213,-,1,214,-,1,215,-,0,,,TP,300.00,262
2025.05.23 13:15,2025.05.26 09:26,SELL,LienKe,3355.264,3367.573,123.1,290.7,108.2,2.36,0.88,1,4,96,1,5,96,1,5,96,1,5,96,1,11,96,1,18,96,1,20,96,1,3540,3682,0,,,TP,300.00,4091
2025.05.27 14:15,2025.05.28 20:51,BUY,LienKe,3298.152,3282.089,160.6,273.8,98.8,1.70,0.61,1,22,27,1,22,27,1,36,57,1,42,57,1,323,531,1,540,784,1,615,784,1,1050,1408,0,,,SL,-165.98,1836
2025.05.27 14:15,2025.05.28 20:51,BUY,Swing,3298.152,3282.089,160.6,273.8,98.8,1.70,0.61,1,22,27,1,22,27,1,36,57,1,42,57,1,323,531,1,540,784,1,615,784,1,1050,1408,0,,,SL,-165.98,1836
2025.05.29 01:33,2025.05.29 07:15,BUY,Swing,3250.939,3242.439,85.0,292.3,28.2,3.44,0.33,1,3,-,1,3,-,1,4,-,1,6,-,1,17,-,1,18,-,1,35,-,1,72,-,0,,,TP,300.00,342
2025.05.29 01:30,2025.05.29 07:57,BUY,Swing,3256.409,3242.439,139.7,290.0,82.9,2.08,0.59,1,0,1,1,19,-,1,20,-,1,21,-,1,30,-,1,60,-,1,76,-,1,113,-,0,,,TP,300.00,387
2025.05.29 05:36,2025.05.29 10:28,BUY,LienKe,3268.798,3265.427,33.7,291.1,28.1,8.64,0.83,1,20,36,1,21,36,1,22,36,1,24,36,1,98,-,1,99,-,1,135,-,1,145,-,0,,,TP,300.00,292
2025.05.29 05:30,2025.05.29 11:29,BUY,LienKe,3272.133,3265.427,67.1,286.6,61.5,4.27,0.92,1,30,35,1,30,35,1,31,35,1,104,-,1,105,-,1,105,-,1,148,-,1,288,-,0,,,TP,300.00,359
2025.05.29 17:45,2025.05.29 22:40,BUY,LienKe,3323.166,3315.087,80.8,26.8,79.3,0.33,0.98,1,14,19,1,16,19,0,,,0,,,0,,,0,,,0,,,0,,,0,,,SL,-80.79,295
2025.05.29 19:31,2025.05.29 22:56,BUY,LienKe,3318.101,3314.046,40.6,29.9,33.8,0.74,0.83,1,149,152,1,149,152,0,,,0,,,0,,,0,,,0,,,0,,,0,,,SL,-40.55,205
2025.05.29 19:30,2025.05.29 22:56,BUY,LienKe,3319.345,3314.046,53.0,17.5,46.2,0.33,0.87,1,151,152,0,,,0,,,0,,,0,,,0,,,0,,,0,,,0,,,SL,-52.99,206
2025.05.30 00:50,2025.05.30 02:04,BUY,LienKe,3312.737,3307.432,53.1,100.1,46.6,1.89,0.88,1,10,12,1,10,12,1,16,42,1,22,42,1,31,42,1,31,42,0,,,0,,,0,,,SL,-53.05,74
2025.05.30 00:45,2025.05.30 02:04,BUY,LienKe,3313.358,3307.432,59.3,93.8,52.8,1.58,0.89,1,15,17,1,16,17,1,22,47,1,27,47,1,36,47,0,,,0,,,0,,,0,,,SL,-59.26,79
2025.05.30 01:30,2025.05.30 12:10,SELL,LienKe,3316.354,3325.742,93.9,288.2,11.1,3.07,0.12,1,0,5,1,1,5,1,2,5,1,12,-,1,21,-,1,40,-,1,51,-,1,80,-,0,,,TP,300.00,640
2025.05.30 01:30,2025.05.30 12:10,SELL,Swing,3316.354,3325.742,93.9,288.2,11.1,3.07,0.12,1,0,5,1,1,5,1,2,5,1,12,-,1,21,-,1,40,-,1,51,-,1,80,-,0,,,TP,300.00,640
2025.05.30 13:15,2025.05.30 14:01,SELL,LienKe,3302.765,3311.311,85.5,289.5,2.8,3.39,0.03,1,0,-,1,0,-,1,1,-,1,1,-,1,2,-,1,16,-,1,30,-,1,38,-,0,,,TP,300.00,46
2025.06.01 23:15,2025.06.02 05:14,SELL,LienKe,3313.631,3319.742,61.1,120.6,48.3,1.97,0.79,1,1,3,1,6,54,1,28,54,1,83,113,1,85,113,1,86,113,0,,,0,,,0,,,SL,-61.11,359
2025.06.02 05:02,2025.06.02 05:41,SELL,Swing,3316.475,3321.296,48.2,14.2,36.1,0.29,0.75,1,3,5,0,,,0,,,0,,,0,,,0,,,0,,,0,,,0,,,SL,-48.21,39
2025.06.02 05:00,2025.06.02 05:41,SELL,Swing,3313.883,3321.296,74.1,0.0,62.0,0.00,0.84,0,,,0,,,0,,,0,,,0,,,0,,,0,,,0,,,0,,,SL,-74.13,41
2025.06.02 16:15,2025.06.02 22:01,SELL,Swing,3372.634,3382.250,96.2,31.9,104.8,0.33,1.09,1,5,12,1,6,12,1,38,46,0,,,0,,,0,,,0,,,0,,,0,,,SL,-96.16,346
2025.06.02 13:30,2025.06.02 22:01,BUY,LienKe,3354.113,3348.931,51.8,297.3,37.9,5.74,0.73,1,2,-,1,3,-,1,5,-,1,7,-,1,10,-,1,12,-,1,16,-,1,24,-,0,,,TP,300.00,511
2025.06.02 13:30,2025.06.02 22:11,BUY,LienKe,3355.955,3348.931,70.2,297.8,56.4,4.24,0.80,1,4,5,1,6,-,1,7,-,1,10,-,1,12,-,1,13,-,1,24,-,1,25,-,0,,,TP,300.00,521
2025.06.03 03:16,2025.06.03 03:42,BUY,LienKe,3366.520,3361.366,51.5,23.8,28.2,0.46,0.55,1,0,4,1,2,4,0,,,0,,,0,,,0,,,0,,,0,,,0,,,SL,-51.54,26
2025.06.03 03:15,2025.06.03 03:42,BUY,LienKe,3368.855,3361.366,74.9,1.8,51.6,0.02,0.69,0,,,0,,,0,,,0,,,0,,,0,,,0,,,0,,,0,,,SL,-74.89,27
2025.06.03 04:45,2025.06.03 06:42,BUY,LienKe,3362.634,3356.177,64.6,50.8,63.9,0.79,0.99,1,3,6,1,64,84,1,64,84,1,68,84,0,,,0,,,0,,,0,,,0,,,SL,-64.57,117
2025.06.03 13:41,2025.06.03 13:46,BUY,Swing,3351.628,3346.030,56.0,5.7,30.0,0.10,0.54,0,,,0,,,0,,,0,,,0,,,0,,,0,,,0,,,0,,,SL,-55.98,5
2025.06.03 12:30,2025.06.03 13:46,BUY,Swing,3354.819,3346.030,87.9,83.0,61.9,0.94,0.70,1,0,1,1,7,60,1,9,60,1,10,60,1,13,60,0,,,0,,,0,,,0,,,SL,-87.89,76
2025.06.05 02:40,2025.06.05 04:16,BUY,Swing,3369.990,3365.246,47.4,74.2,18.8,1.56,0.40,1,3,3,1,23,31,1,41,77,1,52,77,0,,,0,,,0,,,0,,,0,,,SL,-47.44,96
2025.06.05 02:30,2025.06.05 04:16,BUY,Swing,3371.896,3365.246,66.5,55.1,37.9,0.83,0.57,1,1,8,1,52,85,1,61,85,1,66,85,0,,,0,,,0,,,0,,,0,,,SL,-66.50,106
2025.06.05 03:45,2025.06.05 09:20,SELL,LienKe,3374.768,3380.408,56.4,134.3,52.3,2.38,0.93,1,5,298,1,6,298,1,11,298,1,12,298,1,31,298,1,31,298,0,,,0,,,0,,,SL,-56.40,335
2025.06.05 01:15,2025.06.05 09:29,SELL,LienKe,3379.831,3387.183,73.5,184.9,66.6,2.52,0.91,1,0,1,1,3,483,1,5,483,1,16,483,1,33,483,1,59,483,1,181,483,0,,,0,,,SL,-73.52,494
2025.06.05 01:15,2025.06.05 09:29,SELL,Swing,3379.831,3387.183,73.5,184.9,66.6,2.52,0.91,1,0,1,1,3,483,1,5,483,1,16,483,1,33,483,1,59,483,1,181,483,0,,,0,,,SL,-73.52,494
2025.06.05 05:48,2025.06.05 10:05,BUY,LienKe,3363.677,3358.571,51.1,276.5,25.0,5.41,0.49,1,12,-,1,16,-,1,19,-,1,36,-,1,82,-,1,89,-,1,206,-,1,215,-,0,,,TP,300.00,257
2025.06.05 05:45,2025.06.05 10:30,BUY,LienKe,3366.205,3358.571,76.3,297.8,50.3,3.90,0.66,1,22,23,1,37,52,1,45,52,1,84,-,1,96,-,1,188,-,1,215,-,1,223,-,0,,,TP,300.00,285
2025.06.05 12:39,2025.06.05 12:49,BUY,LienKe,3392.194,3386.531,56.6,33.6,18.0,0.59,0.32,1,1,8,1,2,8,1,4,8,0,,,0,,,0,,,0,,,0,,,0,,,SL,-56.63,10
2025.06.05 12:30,2025.06.05 12:49,BUY,LienKe,3394.960,3386.531,84.3,52.4,45.7,0.62,0.54,1,0,6,1,0,6,1,0,6,1,1,6,0,,,0,,,0,,,0,,,0,,,SL,-84.29,19
2025.06.05 13:50,2025.06.05 14:06,BUY,LienKe,3376.454,3368.133,83.2,51.1,81.4,0.61,0.98,1,0,10,1,1,10,1,1,10,1,5,10,0,,,0,,,0,,,0,,,0,,,SL,-83.21,15
2025.06.05 13:15,2025.06.05 14:06,BUY,LienKe,3381.983,3368.133,138.5,64.7,136.7,0.47,0.99,1,4,9,1,5,9,1,5,9,1,21,23,0,,,0,,,0,,,0,,,0,,,SL,-138.50,51
2025.06.05 11:30,2025.06.05 14:48,SELL,LienKe,3395.263,3406.592,113.3,275.1,50.9,2.43,0.45,1,4,4,1,9,15,1,23,31,1,50,53,1,79,-,1,79,-,1,80,-,1,92,-,0,,,TP,300.00,198
2025.06.05 14:42,2025.06.05 14:58,BUY,LienKe,3371.295,3364.589,67.1,58.3,66.5,0.87,0.99,1,0,4,1,0,4,1,0,4,1,1,4,0,,,0,,,0,,,0,,,0,,,SL,-67.06,16
2025.06.05 14:15,2025.06.05 14:58,BUY,LienKe,3375.199,3364.589,106.1,80.6,105.5,0.76,0.99,1,0,7,1,0,7,1,2,7,1,2,7,1,19,26,0,,,0,,,0,,,0,,,SL,-106.10,43
2025.06.06 10:00,2025.06.06 12:30,BUY,Swing,3356.885,3349.703,71.8,74.4,29.7,1.04,0.41,1,1,10,1,1,10,1,1,10,1,61,130,0,,,0,,,0,,,0,,,0,,,SL,-71.82,150
2025.06.06 08:00,2025.06.06 12:30,BUY,LienKe,3359.579,3349.826,97.5,82.0,68.8,0.84,0.71,1,0,12,1,3,12,1,27,69,1,27,69,1,44,69,0,,,0,,,0,,,0,,,SL,-97.53,270
2025.06.06 05:15,2025.06.06 12:42,SELL,LienKe,3373.851,3378.685,48.3,281.8,2.0,5.83,0.04,1,2,-,1,5,-,1,6,-,1,9,-,1,28,-,1,33,-,1,89,-,1,155,-,0,,,TP,300.00,447
2025.06.06 16:52,2025.06.06 18:10,BUY,LienKe,3322.746,3318.427,43.2,40.5,27.9,0.94,0.65,1,8,9,1,10,38,1,11,38,0,,,0,,,0,,,0,,,0,,,0,,,SL,-43.19,78
2025.06.06 16:45,2025.06.06 18:10,BUY,LienKe,3325.044,3318.427,66.2,17.6,50.9,0.27,0.77,1,25,29,0,,,0,,,0,,,0,,,0,,,0,,,0,,,0,,,SL,-66.17,85
2025.06.06 19:46,2025.06.06 20:05,BUY,LienKe,3314.344,3309.759,45.9,0.0,45.8,0.00,1.00,0,,,0,,,0,,,0,,,0,,,0,,,0,,,0,,,0,,,SL,-45.85,19
2025.06.06 19:45,2025.06.06 20:05,BUY,LienKe,3315.940,3309.759,61.8,1.0,61.7,0.02,1.00,0,,,0,,,0,,,0,,,0,,,0,,,0,,,0,,,0,,,SL,-61.81,20
2025.06.09 00:38,2025.06.09 00:45,BUY,Swing,3307.376,3301.612,57.6,14.2,57.1,0.25,0.99,1,0,1,0,,,0,,,0,,,0,,,0,,,0,,,0,,,0,,,SL,-57.64,7
2025.06.09 00:30,2025.06.09 00:45,BUY,Swing,3310.329,3301.612,87.2,16.4,86.6,0.19,0.99,1,3,5,0,,,0,,,0,,,0,,,0,,,0,,,0,,,0,,,SL,-87.17,15
2025.06.09 10:17,2025.06.09 10:41,BUY,LienKe,3317.705,3313.741,39.6,5.8,35.1,0.15,0.89,0,,,0,,,0,,,0,,,0,,,0,,,0,,,0,,,0,,,SL,-39.64,24
2025.06.09 10:15,2025.06.09 10:41,BUY,LienKe,3319.417,3313.741,56.8,2.7,52.2,0.05,0.92,0,,,0,,,0,,,0,,,0,,,0,,,0,,,0,,,0,,,SL,-56.76,26
2025.06.09 12:58,2025.06.09 14:14,SELL,LienKe,3320.949,3325.432,44.8,100.9,42.3,2.25,0.94,1,1,57,1,2,57,1,4,57,1,8,57,1,24,57,1,25,57,0,,,0,,,0,,,SL,-44.83,76
2025.06.09 12:45,2025.06.09 14:14,SELL,LienKe,3319.423,3325.432,60.1,85.6,57.5,1.43,0.96,1,0,10,1,5,10,1,5,10,1,32,61,1,38,61,0,,,0,,,0,,,0,,,SL,-60.09,89
2025.06.10 07:45,2025.06.10 10:27,SELL,LienKe,3330.614,3335.201,45.9,42.6,45.8,0.93,1.00,1,1,1,1,3,4,1,22,24,0,,,0,,,0,,,0,,,0,,,0,,,SL,-45.87,161
2025.06.10 07:45,2025.06.10 10:27,SELL,LienKe,3328.981,3335.201,62.2,26.3,62.1,0.42,1.00,1,21,23,1,61,68,0,,,0,,,0,,,0,,,0,,,0,,,0,,,SL,-62.20,162
2025.06.10 15:31,2025.06.10 16:55,BUY,LienKe,3325.160,3320.480,46.8,41.9,45.6,0.89,0.97,1,1,9,1,1,9,1,2,9,0,,,0,,,0,,,0,,,0,,,0,,,SL,-46.80,83
2025.06.10 15:30,2025.06.10 16:55,BUY,LienKe,3326.873,3320.480,63.9,24.7,62.8,0.39,0.98,1,2,2,1,3,4,0,,,0,,,0,,,0,,,0,,,0,,,0,,,SL,-63.93,85
2025.06.11 06:00,2025.06.11 06:29,BUY,LienKe,3339.857,3332.522,73.4,3.8,67.6,0.05,0.92,0,,,0,,,0,,,0,,,0,,,0,,,0,,,0,,,0,,,SL,-73.35,29
2025.06.11 11:15,2025.06.11 12:36,BUY,LienKe,3330.084,3323.110,69.7,297.5,28.9,4.27,0.41,1,0,2,1,12,13,1,21,49,1,32,49,1,64,-,1,66,-,1,75,-,1,75,-,0,,,TP,300.00,81
2025.06.11 23:15,2025.06.12 01:29,SELL,LienKe,3366.786,3376.534,97.5,89.9,94.1,0.92,0.97,1,0,2,1,1,2,1,1,2,1,38,45,1,39,45,0,,,0,,,0,,,0,,,SL,-97.48,134
2025.06.12 05:15,2025.06.12 07:32,BUY,LienKe,3371.042,3364.772,62.7,47.4,57.9,0.76,0.92,1,1,60,1,2,60,1,7,60,0,,,0,,,0,,,0,,,0,,,0,,,SL,-62.70,137
2025.06.12 06:30,2025.06.12 07:33,BUY,LienKe,3369.867,3362.254,76.1,57.3,63.1,0.75,0.83,1,0,49,1,4,49,1,9,49,1,22,49,0,,,0,,,0,,,0,,,0,,,SL,-76.13,63
2025.06.12 18:46,2025.06.12 19:43,SELL,LienKe,3384.440,3388.190,37.5,7.9,37.0,0.21,0.99,0,,,0,,,0,,,0,,,0,,,0,,,0,,,0,,,0,,,SL,-37.50,57
2025.06.12 18:45,2025.06.12 19:43,SELL,LienKe,3383.690,3388.190,45.0,0.4,44.5,0.01,0.99,0,,,0,,,0,,,0,,,0,,,0,,,0,,,0,,,0,,,SL,-45.00,58
2025.06.12 17:30,2025.06.13 00:09,BUY,LienKe,3380.920,3375.097,58.2,299.4,21.6,5.14,0.37,1,12,304,1,16,304,1,19,304,1,88,304,1,148,304,1,383,-,1,389,-,1,392,-,0,,,TP,294.65,399
2025.06.12 17:30,2025.06.13 00:10,BUY,LienKe,3381.417,3375.097,63.2,297.4,26.5,4.71,0.42,1,13,289,1,18,289,1,21,289,1,98,289,1,378,-,1,384,-,1,390,-,1,392,-,0,,,TP,294.65,400
2025.06.13 20:15,2025.06.16 05:02,BUY,LienKe,3433.057,3425.965,70.9,181.9,61.8,2.57,0.87,1,26,34,1,2990,3319,1,2990,3319,1,2990,3319,1,2990,3319,1,2990,3319,1,2997,3319,0,,,0,,,SL,-76.27,3407
2025.06.16 05:34,2025.06.16 05:42,BUY,LienKe,3424.587,3418.943,56.4,11.8,50.9,0.21,0.90,1,1,2,0,,,0,,,0,,,0,,,0,,,0,,,0,,,0,,,SL,-56.44,8
2025.06.16 05:30,2025.06.16 05:42,BUY,LienKe,3427.745,3418.943,88.0,26.9,82.5,0.31,0.94,1,0,2,1,1,2,0,,,0,,,0,,,0,,,0,,,0,,,0,,,SL,-88.02,12
2025.06.16 10:30,2025.06.16 13:16,BUY,LienKe,3414.450,3407.609,68.4,82.5,36.2,1.21,0.53,1,2,76,1,4,76,1,6,76,1,13,76,1,53,76,0,,,0,,,0,,,0,,,SL,-68.41,166
2025.06.16 13:39,2025.06.16 13:54,BUY,Swing,3410.263,3402.914,73.5,22.9,72.9,0.31,0.99,1,0,1,1,1,1,0,,,0,,,0,,,0,,,0,,,0,,,0,,,SL,-73.49,15
2025.06.16 13:30,2025.06.16 13:54,BUY,Swing,3416.306,3402.914,133.9,11.3,133.3,0.08,1.00,1,4,4,0,,,0,,,0,,,0,,,0,,,0,,,0,,,0,,,SL,-133.92,24
2025.06.16 11:30,2025.06.16 13:54,SELL,LienKe,3419.989,3425.697,57.1,168.6,1.6,2.95,0.03,1,0,-,1,1,-,1,2,-,1,15,-,1,18,-,1,106,-,1,132,-,0,,,0,,,TP,300.00,144
2025.06.17 00:45,2025.06.17 14:37,SELL,LienKe,3399.956,3406.256,63.0,281.0,26.7,4.46,0.42,1,3,22,1,4,22,1,4,22,1,6,22,1,10,22,1,134,625,1,144,625,1,158,625,0,,,TP,300.00,832
2025.06.17 18:30,2025.06.17 22:03,SELL,LienKe,3389.112,3395.499,63.9,66.6,45.3,1.04,0.71,1,19,137,1,19,137,1,19,137,1,25,137,0,,,0,,,0,,,0,,,0,,,SL,-63.87,213
2025.06.17 19:53,2025.06.18 01:45,BUY,LienKe,3383.432,3379.296,41.4,127.9,35.0,3.09,0.85,1,2,260,1,2,260,1,7,260,1,54,260,1,128,260,1,129,260,0,,,0,,,0,,,SL,-46.71,352
2025.06.17 19:30,2025.06.18 01:45,BUY,LienKe,3384.677,3379.296,53.8,115.4,47.5,2.14,0.88,1,1,2,1,30,33,1,77,281,1,79,281,1,152,281,1,153,281,0,,,0,,,0,,,SL,-59.16,375
2025.06.17 10:36,2025.06.18 19:29,SELL,Swing,3395.647,3400.528,48.8,294.1,47.2,6.02,0.97,1,45,45,1,50,55,1,62,68,1,75,161,1,84,161,1,85,161,1,230,687,1,237,687,0,,,TP,300.00,1973
2025.06.17 10:30,2025.06.18 19:31,SELL,Swing,3393.799,3400.528,67.3,296.3,65.6,4.40,0.98,1,68,68,1,81,163,1,81,163,1,88,163,1,92,163,1,110,163,1,242,693,1,245,693,0,,,TP,300.00,1981
2025.06.19 01:15,2025.06.19 06:21,SELL,LienKe,3380.885,3390.968,100.8,296.0,20.3,2.94,0.20,1,2,11,1,3,11,1,5,11,1,42,-,1,125,-,1,132,-,1,272,-,1,278,-,0,,,TP,300.00,306
2025.06.19 14:00,2025.06.22 22:05,SELL,LienKe,3369.547,3375.963,64.2,290.4,50.9,4.53,0.79,1,5,7,1,9,12,1,21,82,1,22,82,1,671,1432,1,674,1432,1,751,1432,1,789,1432,0,,,SL,-64.16,4805
2025.06.23 05:45,2025.06.23 13:44,BUY,Swing,3353.377,3343.971,94.1,286.8,17.4,3.05,0.18,1,0,52,1,1,52,1,4,52,1,17,52,1,137,-,1,196,-,1,210,-,1,325,-,0,,,TP,300.00,479
2025.06.23 14:00,2025.06.23 16:18,SELL,Swing,3380.514,3390.768,102.5,105.4,94.7,1.03,0.92,1,4,21,1,4,21,1,4,21,1,5,21,1,6,21,1,6,21,0,,,0,,,0,,,SL,-102.54,138
2025.06.23 23:30,2025.06.23 23:34,BUY,LienKe,3352.272,3345.980,62.9,10.6,26.3,0.17,0.42,1,0,1,0,,,0,,,0,,,0,,,0,,,0,,,0,,,0,,,SL,-62.92,4
2025.06.23 23:30,2025.06.23 23:34,BUY,LienKe,3352.554,3345.980,65.7,7.7,29.2,0.12,0.44,0,,,0,,,0,,,0,,,0,,,0,,,0,,,0,,,0,,,SL,-65.74,4
2025.06.24 00:15,2025.06.24 05:47,BUY,LienKe,3345.090,3330.168,149.2,128.2,133.3,0.86,0.89,1,1,2,1,2,2,1,5,81,1,15,81,1,32,81,1,33,81,0,,,0,,,0,,,SL,-149.22,332
2025.06.24 12:01,2025.06.24 12:13,BUY,Swing,3319.522,3314.829,46.9,12.8,36.5,0.27,0.78,1,6,8,0,,,0,,,0,,,0,,,0,,,0,,,0,,,0,,,SL,-46.93,12
2025.06.24 12:00,2025.06.24 12:13,BUY,LienKe,3321.341,3314.829,65.1,0.0,54.7,0.00,0.84,0,,,0,,,0,,,0,,,0,,,0,,,0,,,0,,,0,,,SL,-65.12,13
2025.06.24 12:00,2025.06.24 12:13,BUY,Swing,3321.341,3314.829,65.1,0.0,54.7,0.00,0.84,0,,,0,,,0,,,0,,,0,,,0,,,0,,,0,,,0,,,SL,-65.12,13
2025.06.24 17:15,2025.06.24 19:37,SELL,LienKe,3320.012,3324.017,40.0,41.9,34.1,1.05,0.85,1,3,5,1,44,135,1,48,135,0,,,0,,,0,,,0,,,0,,,0,,,SL,-40.05,142
2025.06.24 17:15,2025.06.24 19:37,SELL,LienKe,3318.996,3324.017,50.2,31.7,44.3,0.63,0.88,1,44,46,1,48,53,1,59,135,0,,,0,,,0,,,0,,,0,,,0,,,SL,-50.21,142
2025.06.25 08:58,2025.06.25 09:06,BUY,LienKe,3327.358,3323.525,38.3,5.2,30.9,0.14,0.81,0,,,0,,,0,,,0,,,0,,,0,,,0,,,0,,,0,,,SL,-38.33,8
2025.06.25 08:45,2025.06.25 09:06,BUY,LienKe,3330.137,3323.525,66.1,0.0,58.7,0.00,0.89,0,,,0,,,0,,,0,,,0,,,0,,,0,,,0,,,0,,,SL,-66.12,21
2025.06.27 04:15,2025.06.27 06:39,BUY,LienKe,3293.654,3288.048,56.1,72.9,50.2,1.30,0.89,1,3,4,1,23,41,1,24,41,1,64,113,0,,,0,,,0,,,0,,,0,,,SL,-56.06,144
2025.06.27 07:35,2025.06.27 10:53,BUY,LienKe,3287.140,3280.394,67.5,39.9,53.6,0.59,0.79,1,2,4,1,2,4,1,73,99,0,,,0,,,0,,,0,,,0,,,0,,,SL,-67.46,198
2025.06.27 07:30,2025.06.27 10:53,BUY,LienKe,3289.331,3280.394,89.4,18.0,75.5,0.20,0.85,1,80,81,0,,,0,,,0,,,0,,,0,,,0,,,0,,,0,,,SL,-89.37,203
2025.06.27 11:35,2025.06.27 11:51,BUY,Swing,3282.300,3276.692,56.1,17.6,31.0,0.31,0.55,1,0,1,0,,,0,,,0,,,0,,,0,,,0,,,0,,,0,,,SL,-56.08,16
2025.06.27 11:00,2025.06.27 11:51,BUY,LienKe,3285.873,3276.692,91.8,20.7,66.7,0.23,0.73,1,0,7,1,4,7,0,,,0,,,0,,,0,,,0,,,0,,,0,,,SL,-91.81,51
2025.06.27 11:00,2025.06.27 11:51,BUY,Swing,3285.873,3276.692,91.8,20.7,66.7,0.23,0.73,1,0,7,1,4,7,0,,,0,,,0,,,0,,,0,,,0,,,0,,,SL,-91.81,51
2025.06.27 16:51,2025.06.27 17:50,SELL,LienKe,3275.995,3281.629,56.3,31.3,50.1,0.56,0.89,1,12,20,1,42,55,1,44,55,0,,,0,,,0,,,0,,,0,,,0,,,SL,-56.34,59
2025.06.27 16:45,2025.06.27 17:50,SELL,LienKe,3274.858,3281.629,67.7,20.0,61.5,0.30,0.91,1,0,1,0,,,0,,,0,,,0,,,0,,,0,,,0,,,0,,,SL,-67.71,65
2025.06.27 19:41,2025.06.29 22:13,BUY,LienKe,3269.932,3265.340,45.9,55.7,42.9,1.21,0.93,1,2,8,1,24,3029,1,30,3029,1,34,3029,0,,,0,,,0,,,0,,,0,,,SL,-51.27,3032
2025.06.27 19:30,2025.06.29 22:13,BUY,LienKe,3271.698,3265.340,63.6,38.0,60.5,0.60,0.95,1,41,3039,1,45,3039,1,45,3039,0,,,0,,,0,,,0,,,0,,,0,,,SL,-68.93,3043
2025.06.30 14:32,2025.06.30 16:09,SELL,LienKe,3286.753,3291.797,50.4,29.7,50.1,0.59,0.99,1,18,20,1,42,45,0,,,0,,,0,,,0,,,0,,,0,,,0,,,SL,-50.44,96
2025.06.30 13:45,2025.06.30 22:51,BUY,LienKe,3283.353,3274.955,84.0,278.6,41.8,3.32,0.50,1,0,2,1,5,28,1,5,28,1,19,28,1,137,-,1,149,-,1,195,-,1,327,-,0,,,TP,300.00,546
2025.07.01 07:00,2025.07.01 07:16,SELL,LienKe,3331.358,3337.567,62.1,5.2,61.1,0.08,0.98,0,,,0,,,0,,,0,,,0,,,0,,,0,,,0,,,0,,,SL,-62.09,16
2025.07.02 05:45,2025.07.02 11:02,SELL,Swing,3337.367,3346.951,95.8,96.2,93.5,1.00,0.98,1,31,153,1,31,153,1,37,153,1,55,153,1,85,153,0,,,0,,,0,,,0,,,SL,-95.84,317
2025.07.02 10:30,2025.07.02 11:04,SELL,LienKe,3343.259,3347.626,43.7,3.8,42.0,0.09,0.96,0,,,0,,,0,,,0,,,0,,,0,,,0,,,0,,,0,,,SL,-43.67,33
2025.07.02 10:30,2025.07.02 11:04,SELL,Swing,3343.259,3347.626,43.7,3.8,42.0,0.09,0.96,0,,,0,,,0,,,0,,,0,,,0,,,0,,,0,,,0,,,SL,-43.67,33
2025.07.02 10:15,2025.07.02 11:04,SELL,LienKe,3341.892,3347.626,57.3,11.5,55.7,0.20,0.97,1,1,7,0,,,0,,,0,,,0,,,0,,,0,,,0,,,0,,,SL,-57.34,49
2025.07.02 10:15,2025.07.02 11:04,SELL,Swing,3341.892,3347.626,57.3,11.5,55.7,0.20,0.97,1,1,7,0,,,0,,,0,,,0,,,0,,,0,,,0,,,0,,,SL,-57.34,49
2025.07.02 11:15,2025.07.02 12:50,SELL,LienKe,3344.948,3350.752,58.0,70.5,57.7,1.22,0.99,1,1,9,1,1,9,1,3,9,1,37,60,0,,,0,,,0,,,0,,,0,,,SL,-58.04,95
2025.07.02 12:00,2025.07.02 13:49,BUY,LienKe,3342.374,3336.708,56.7,87.5,51.0,1.55,0.90,1,15,64,1,15,64,1,15,64,1,17,64,1,24,64,0,,,0,,,0,,,0,,,SL,-56.66,109
2025.07.02 17:30,2025.07.02 18:57,SELL,LienKe,3349.599,3353.572,39.7,19.1,38.2,0.48,0.96,1,1,23,0,,,0,,,0,,,0,,,0,,,0,,,0,,,0,,,SL,-39.73,87
2025.07.02 17:15,2025.07.02 18:57,SELL,LienKe,3348.345,3353.572,52.3,7.8,50.8,0.15,0.97,0,,,0,,,0,,,0,,,0,,,0,,,0,,,0,,,0,,,SL,-52.27,102
2025.07.02 07:20,2025.07.02 20:07,BUY,LienKe,3329.832,3324.969,48.6,296.9,22.4,6.10,0.46,1,10,12,1,26,-,1,26,-,1,28,-,1,79,-,1,132,-,1,197,-,1,300,-,0,,,TP,300.00,767
2025.07.02 07:20,2025.07.02 20:07,BUY,Swing,3329.832,3324.969,48.6,296.9,22.4,6.10,0.46,1,10,12,1,26,-,1,26,-,1,28,-,1,79,-,1,132,-,1,197,-,1,300,-,0,,,TP,300.00,767
2025.07.01 12:35,2025.07.02 20:07,SELL,LienKe,3354.654,3360.113,54.6,269.1,50.3,4.93,0.92,1,1,1,1,11,14,1,31,1823,1,33,1823,1,40,1823,1,136,1823,1,160,1823,1,769,1823,0,,,SL,-54.59,1892
2025.07.01 12:30,2025.07.02 20:07,SELL,LienKe,3352.163,3360.113,79.5,244.2,75.2,3.07,0.95,1,1,4,1,37,88,1,39,88,1,46,88,1,144,1786,1,165,1786,1,205,1786,1,790,1786,0,,,SL,-79.50,1897
2025.07.02 07:15,2025.07.02 22:15,BUY,LienKe,3331.910,3324.969,69.4,288.4,43.2,4.16,0.62,1,31,-,1,32,-,1,33,-,1,63,-,1,137,-,1,162,-,1,228,-,1,661,-,0,,,TP,300.00,900
2025.07.02 07:15,2025.07.02 22:15,BUY,Swing,3331.910,3324.969,69.4,288.4,43.2,4.16,0.62,1,31,-,1,32,-,1,33,-,1,63,-,1,137,-,1,162,-,1,228,-,1,661,-,0,,,TP,300.00,900
2025.07.03 12:15,2025.07.03 12:30,BUY,LienKe,3347.846,3339.952,78.9,44.6,3.2,0.57,0.04,1,2,-,1,2,-,1,5,-,0,,,0,,,0,,,0,,,0,,,0,,,SL,-78.94,15
2025.07.03 12:08,2025.07.03 12:30,BUY,Swing,3344.476,3339.981,44.9,78.3,15.2,1.74,0.34,1,4,-,1,6,-,1,6,-,1,9,-,0,,,0,,,0,,,0,,,0,,,SL,-44.95,22
2025.07.03 12:00,2025.07.03 12:30,BUY,LienKe,3346.201,3339.981,62.2,61.1,32.5,0.98,0.52,1,14,-,1,15,-,1,17,-,1,20,-,0,,,0,,,0,,,0,,,0,,,SL,-62.20,30
2025.07.03 12:00,2025.07.03 12:30,BUY,Swing,3346.201,3339.981,62.2,61.1,32.5,0.98,0.52,1,14,-,1,15,-,1,17,-,1,20,-,0,,,0,,,0,,,0,,,0,,,SL,-62.20,30
2025.07.03 06:58,2025.07.03 12:30,SELL,LienKe,3361.511,3366.677,51.7,184.0,17.6,3.56,0.34,1,4,6,1,8,-,1,10,-,1,20,-,1,50,-,1,143,-,1,160,-,0,,,0,,,TP,300.00,332
2025.07.03 04:00,2025.07.03 12:30,BUY,LienKe,3347.597,3342.487,51.1,160.8,46.4,3.15,0.91,1,6,337,1,18,337,1,24,337,1,74,337,1,110,337,1,113,337,1,123,337,0,,,0,,,SL,-51.10,510
2025.07.03 01:22,2025.07.03 12:30,BUY,LienKe,3343.369,3338.880,44.9,203.1,14.7,4.52,0.33,1,10,630,1,13,630,1,15,630,1,43,630,1,96,630,1,233,630,1,271,630,1,282,630,0,,,SL,-44.89,668
2025.07.03 01:15,2025.07.03 12:30,BUY,LienKe,3346.031,3338.880,71.5,176.5,41.3,2.47,0.58,1,0,1,1,24,29,1,53,56,1,101,127,1,243,503,1,275,503,1,288,503,0,,,0,,,SL,-71.51,675
2025.07.03 12:30,2025.07.03 12:30,BUY,LienKe,3344.497,3339.952,45.4,0.0,144.5,0.00,3.18,0,,,0,,,0,,,0,,,0,,,0,,,0,,,0,,,0,,,SL,-45.45,0
2025.07.03 06:15,2025.07.03 12:32,SELL,LienKe,3358.744,3366.677,79.3,285.4,45.3,3.60,0.57,1,1,3,1,30,36,1,73,76,1,93,-,1,190,-,1,200,-,1,337,-,1,375,-,0,,,TP,300.00,377
2025.07.03 18:43,2025.07.03 22:02,BUY,LienKe,3328.634,3324.843,37.9,16.5,33.1,0.44,0.87,1,4,17,0,,,0,,,0,,,0,,,0,,,0,,,0,,,0,,,SL,-37.91,199
2025.07.03 18:30,2025.07.03 22:02,BUY,LienKe,3329.367,3324.843,45.2,9.2,40.5,0.20,0.89,0,,,0,,,0,,,0,,,0,,,0,,,0,,,0,,,0,,,SL,-45.24,212
2025.07.06 23:30,2025.07.07 00:04,BUY,Swing,3330.938,3326.025,49.1,0.0,47.5,0.00,0.97,0,,,0,,,0,,,0,,,0,,,0,,,0,,,0,,,0,,,SL,-49.13,34
2025.07.07 03:00,2025.07.07 07:50,BUY,LienKe,3309.063,3302.982,60.8,62.9,56.7,1.03,0.93,1,7,62,1,9,62,1,9,62,1,21,62,0,,,0,,,0,,,0,,,0,,,SL,-60.81,290
2025.07.08 07:45,2025.07.08 08:07,BUY,LienKe,3332.866,3327.509,53.6,27.0,40.3,0.50,0.75,1,5,15,1,8,15,0,,,0,,,0,,,0,,,0,,,0,,,0,,,SL,-53.57,22
2025.07.08 03:30,2025.07.08 08:07,BUY,Swing,3331.805,3326.595,52.1,77.0,45.0,1.48,0.86,1,26,27,1,105,161,1,113,161,1,210,246,0,,,0,,,0,,,0,,,0,,,SL,-52.10,277
2025.07.08 08:36,2025.07.08 09:56,BUY,Swing,3326.971,3321.517,54.5,13.0,53.5,0.24,0.98,1,1,6,0,,,0,,,0,,,0,,,0,,,0,,,0,,,0,,,SL,-54.54,80
2025.07.08 08:30,2025.07.08 09:56,BUY,Swing,3328.717,3321.517,72.0,9.1,71.0,0.13,0.99,0,,,0,,,0,,,0,,,0,,,0,,,0,,,0,,,0,,,SL,-72.00,86
2025.07.08 10:30,2025.07.08 13:48,BUY,LienKe,3323.497,3317.406,60.9,63.7,45.4,1.05,0.75,1,5,31,1,6,31,1,20,31,1,95,158,0,,,0,,,0,,,0,,,0,,,SL,-60.91,198
2025.07.08 20:34,2025.07.08 23:35,BUY,LienKe,3302.193,3298.366,38.3,18.8,28.7,0.49,0.75,1,88,97,0,,,0,,,0,,,0,,,0,,,0,,,0,,,0,,,SL,-38.27,181
2025.07.08 20:15,2025.07.08 23:35,BUY,LienKe,3303.624,3298.366,52.6,4.5,43.0,0.09,0.82,0,,,0,,,0,,,0,,,0,,,0,,,0,,,0,,,0,,,SL,-52.58,200
2025.07.09 10:29,2025.07.09 10:37,SELL,LienKe,3290.755,3295.164,44.1,4.2,40.2,0.10,0.91,0,,,0,,,0,,,0,,,0,,,0,,,0,,,0,,,0,,,SL,-44.09,8
2025.07.09 10:15,2025.07.09 10:37,SELL,LienKe,3289.359,3295.164,58.1,10.0,54.1,0.17,0.93,1,6,7,0,,,0,,,0,,,0,,,0,,,0,,,0,,,0,,,SL,-58.05,22
2025.07.09 07:40,2025.07.09 12:58,SELL,LienKe,3293.029,3297.140,41.1,102.1,40.6,2.48,0.99,1,2,5,1,3,5,1,21,173,1,37,173,1,40,173,1,57,173,0,,,0,,,0,,,SL,-41.11,318
2025.07.09 07:30,2025.07.09 12:58,SELL,LienKe,3290.766,3297.140,63.7,79.5,63.2,1.25,0.99,1,1,3,1,1,3,1,47,152,1,50,152,0,,,0,,,0,,,0,,,0,,,SL,-63.74,328
2025.07.09 08:56,2025.07.09 19:04,BUY,Swing,3285.137,3279.656,54.8,294.8,19.7,5.38,0.36,1,5,170,1,9,170,1,12,170,1,25,170,1,98,170,1,100,170,1,295,-,1,299,-,0,,,TP,300.00,608
2025.07.09 17:09,2025.07.09 19:12,SELL,Swing,3312.606,3316.324,37.2,43.8,31.1,1.18,0.84,1,23,72,1,24,72,1,47,72,0,,,0,,,0,,,0,,,0,,,0,,,SL,-37.18,123
2025.07.09 17:00,2025.07.09 19:12,SELL,LienKe,3311.906,3316.324,44.2,36.8,38.1,0.83,0.86,1,3,6,1,56,78,1,57,78,0,,,0,,,0,,,0,,,0,,,0,,,SL,-44.18,132
2025.07.09 17:00,2025.07.09 19:12,SELL,Swing,3311.906,3316.324,44.2,36.8,38.1,0.83,0.86,1,3,6,1,56,78,1,57,78,0,,,0,,,0,,,0,,,0,,,0,,,SL,-44.18,132
2025.07.09 08:45,2025.07.09 22:11,BUY,Swing,3287.182,3279.656,75.3,297.3,40.1,3.95,0.53,1,1,2,1,4,6,1,40,165,1,108,165,1,112,165,1,253,-,1,308,-,1,331,-,0,,,TP,300.00,806
2025.07.10 08:30,2025.07.10 13:47,BUY,LienKe,3322.055,3316.862,51.9,82.6,40.9,1.59,0.79,1,6,202,1,8,202,1,10,202,1,17,202,1,26,202,0,,,0,,,0,,,0,,,SL,-51.93,317
2025.07.10 18:42,2025.07.10 19:00,SELL,LienKe,3318.450,3322.156,37.1,5.2,35.6,0.14,0.96,0,,,0,,,0,,,0,,,0,,,0,,,0,,,0,,,0,,,SL,-37.06,18
2025.07.10 18:15,2025.07.10 19:00,SELL,LienKe,3317.697,3322.156,44.6,11.1,43.2,0.25,0.97,1,4,5,0,,,0,,,0,,,0,,,0,,,0,,,0,,,0,,,SL,-44.59,45
2025.07.10 22:28,2025.07.11 00:30,SELL,LienKe,3325.842,3329.476,36.3,38.5,24.3,1.06,0.67,1,4,74,1,18,74,1,25,74,0,,,0,,,0,,,0,,,0,,,0,,,SL,-36.34,122
2025.07.10 22:28,2025.07.11 00:30,SELL,Swing,3325.842,3329.476,36.3,38.5,24.3,1.06,0.67,1,4,74,1,18,74,1,25,74,0,,,0,,,0,,,0,,,0,,,0,,,SL,-36.34,122
2025.07.10 22:15,2025.07.11 00:30,SELL,LienKe,3325.166,3329.476,43.1,31.7,31.1,0.74,0.72,1,1,11,1,37,78,1,39,78,0,,,0,,,0,,,0,,,0,,,0,,,SL,-43.10,135
2025.07.10 22:15,2025.07.11 00:30,SELL,Swing,3325.166,3329.476,43.1,31.7,31.1,0.74,0.72,1,1,11,1,37,78,1,39,78,0,,,0,,,0,,,0,,,0,,,0,,,SL,-43.10,135
2025.07.10 07:15,2025.07.11 00:31,SELL,LienKe,3326.613,3332.486,58.7,164.4,38.7,2.80,0.66,1,20,91,1,21,91,1,26,91,1,34,91,1,282,345,1,392,891,1,406,891,0,,,0,,,SL,-58.73,1036
2025.07.10 07:00,2025.07.11 00:31,SELL,Swing,3326.704,3331.535,48.3,165.3,37.7,3.42,0.78,1,35,106,1,36,106,1,41,106,1,49,106,1,296,360,1,407,1024,1,420,1024,0,,,0,,,SL,-48.31,1051
2025.07.10 06:32,2025.07.11 00:31,SELL,LienKe,3325.125,3331.535,64.1,149.5,53.5,2.33,0.84,1,12,23,1,70,128,1,73,128,1,86,128,1,435,764,1,445,764,0,,,0,,,0,,,SL,-64.10,1079
2025.07.10 06:30,2025.07.11 00:31,SELL,LienKe,3324.808,3331.535,67.3,146.3,56.7,2.17,0.84,1,18,21,1,73,129,1,79,129,1,326,383,1,437,761,1,447,761,0,,,0,,,0,,,SL,-67.27,1081
2025.07.10 06:30,2025.07.11 00:31,SELL,Swing,3324.808,3331.535,67.3,146.3,56.7,2.17,0.84,1,18,21,1,73,129,1,79,129,1,326,383,1,437,761,1,447,761,0,,,0,,,0,,,SL,-67.27,1081
2025.07.14 00:15,2025.07.14 01:10,BUY,LienKe,3368.233,3361.886,63.5,50.9,55.4,0.80,0.87,1,7,35,1,11,35,1,13,35,1,17,35,0,,,0,,,0,,,0,,,0,,,SL,-63.47,55
2025.07.14 08:57,2025.07.14 12:07,BUY,LienKe,3366.394,3362.355,40.4,82.5,31.1,2.04,0.77,1,16,17,1,22,33,1,62,176,1,63,176,1,72,176,0,,,0,,,0,,,0,,,SL,-40.39,190
2025.07.14 08:45,2025.07.14 12:07,BUY,LienKe,3368.149,3362.355,57.9,65.0,48.6,1.12,0.84,1,73,184,1,74,184,1,75,184,1,78,184,0,,,0,,,0,,,0,,,0,,,SL,-57.94,202
2025.07.14 02:33,2025.07.14 12:39,BUY,LienKe,3356.957,3351.689,52.7,181.2,44.8,3.44,0.85,1,28,29,1,38,43,1,125,171,1,247,597,1,256,597,1,260,597,1,277,597,0,,,0,,,SL,-52.68,606
2025.07.14 02:30,2025.07.14 12:39,BUY,LienKe,3359.285,3351.689,76.0,157.9,68.1,2.08,0.90,1,128,138,1,129,138,1,251,591,1,259,591,1,263,591,1,265,591,1,299,591,0,,,0,,,SL,-75.96,609
2025.07.14 05:28,2025.07.14 12:41,BUY,Swing,3354.622,3350.735,38.9,204.6,37.2,5.26,0.96,1,0,428,1,2,428,1,6,428,1,45,428,1,76,428,1,81,428,1,87,428,1,122,428,0,,,SL,-38.87,433
2025.07.14 04:30,2025.07.14 12:41,BUY,LienKe,3356.353,3350.735,56.2,187.2,54.6,3.33,0.97,1,3,54,1,7,54,1,7,54,1,9,54,1,139,481,1,142,481,1,160,481,0,,,0,,,SL,-56.18,491
2025.07.14 04:30,2025.07.14 12:41,BUY,Swing,3356.353,3350.735,56.2,187.2,54.6,3.33,0.97,1,3,54,1,7,54,1,7,54,1,9,54,1,139,481,1,142,481,1,160,481,0,,,0,,,SL,-56.18,491
2025.07.11 20:56,2025.07.14 12:41,BUY,LienKe,3355.808,3350.583,52.2,192.7,49.1,3.69,0.94,1,2948,3193,1,2948,3193,1,2948,3193,1,2948,3193,1,2955,3193,1,2955,3193,1,2973,3193,0,,,0,,,SL,-57.60,3824
2025.07.14 14:32,2025.07.14 14:41,BUY,LienKe,3348.427,3342.052,63.8,13.4,56.0,0.21,0.88,1,0,1,0,,,0,,,0,,,0,,,0,,,0,,,0,,,0,,,SL,-63.75,9
2025.07.14 14:30,2025.07.14 14:41,BUY,LienKe,3352.233,3342.052,101.8,2.3,94.1,0.02,0.92,0,,,0,,,0,,,0,,,0,,,0,,,0,,,0,,,0,,,SL,-101.81,11
2025.07.15 02:59,2025.07.15 03:16,SELL,Swing,3351.106,3355.064,39.6,2.0,37.1,0.05,0.94,0,,,0,,,0,,,0,,,0,,,0,,,0,,,0,,,0,,,SL,-39.58,16
2025.07.15 02:30,2025.07.15 03:16,SELL,Swing,3350.116,3355.064,49.5,23.8,47.0,0.48,0.95,1,0,3,1,1,3,0,,,0,,,0,,,0,,,0,,,0,,,0,,,SL,-49.48,46
2025.07.14 07:19,2025.07.15 13:26,SELL,LienKe,3370.682,3375.530,48.5,295.7,45.6,6.10,0.94,1,2,2,1,67,161,1,67,161,1,80,161,1,288,-,1,301,-,1,312,-,1,321,-,0,,,TP,300.00,1807
2025.07.14 07:15,2025.07.15 13:32,SELL,LienKe,3367.702,3375.530,78.3,289.8,75.4,3.70,0.96,1,76,77,1,84,88,1,108,122,1,292,-,1,305,-,1,312,-,1,323,-,1,346,-,0,,,TP,300.00,1817
2025.07.13 23:30,2025.07.15 13:32,SELL,LienKe,3368.357,3377.017,86.6,296.3,68.8,3.42,0.79,1,2,2,1,30,31,1,30,31,1,99,445,1,120,445,1,135,445,1,787,-,1,810,-,0,,,TP,300.00,2282
2025.07.15 19:00,2025.07.16 01:37,SELL,LienKe,3328.842,3334.936,60.9,38.9,60.7,0.64,1.00,1,8,41,1,28,41,1,109,254,0,,,0,,,0,,,0,,,0,,,0,,,SL,-60.94,397
2025.07.16 13:00,2025.07.16 13:37,BUY,LienKe,3334.691,3328.022,66.7,47.4,61.9,0.71,0.93,1,1,8,1,2,8,1,18,30,0,,,0,,,0,,,0,,,0,,,0,,,SL,-66.69,37
2025.07.16 14:45,2025.07.16 15:16,BUY,LienKe,3325.391,3316.529,88.6,285.6,14.8,3.22,0.17,1,2,6,1,2,6,1,9,-,1,9,-,1,9,-,1,9,-,1,11,-,1,19,-,0,,,TP,300.00,31
2025.07.17 00:00,2025.07.17 00:37,BUY,LienKe,3346.716,3342.265,44.5,6.9,37.4,0.15,0.84,0,,,0,,,0,,,0,,,0,,,0,,,0,,,0,,,0,,,SL,-44.51,37
2025.07.17 00:00,2025.07.17 00:37,BUY,Swing,3346.716,3342.265,44.5,6.9,37.4,0.15,0.84,0,,,0,,,0,,,0,,,0,,,0,,,0,,,0,,,0,,,SL,-44.51,37
2025.07.17 03:30,2025.07.17 06:13,BUY,LienKe,3339.485,3333.241,62.4,52.4,46.3,0.84,0.74,1,5,38,1,12,38,1,66,107,1,70,107,0,,,0,,,0,,,0,,,0,,,SL,-62.44,163
2025.07.17 03:30,2025.07.17 06:13,BUY,Swing,3339.485,3333.241,62.4,52.4,46.3,0.84,0.74,1,5,38,1,12,38,1,66,107,1,70,107,0,,,0,,,0,,,0,,,0,,,SL,-62.44,163
2025.07.17 17:17,2025.07.17 22:47,SELL,LienKe,3339.804,3343.517,37.1,40.5,36.7,1.09,0.99,1,18,109,1,19,109,1,23,109,0,,,0,,,0,,,0,,,0,,,0,,,SL,-37.13,330
2025.07.17 17:15,2025.07.17 22:47,SELL,LienKe,3339.074,3343.517,44.4,33.2,44.0,0.75,0.99,1,21,91,1,25,91,1,48,91,0,,,0,,,0,,,0,,,0,,,0,,,SL,-44.43,332
2025.07.18 06:46,2025.07.18 07:08,SELL,LienKe,3339.942,3343.910,39.7,0.0,37.9,0.00,0.95,0,,,0,,,0,,,0,,,0,,,0,,,0,,,0,,,0,,,SL,-39.68,22
2025.07.18 06:45,2025.07.18 07:08,SELL,LienKe,3338.533,3343.910,53.8,2.6,52.0,0.05,0.97,0,,,0,,,0,,,0,,,0,,,0,,,0,,,0,,,0,,,SL,-53.77,23
2025.07.18 14:30,2025.07.18 19:50,BUY,LienKe,3354.248,3348.137,61.1,32.8,60.2,0.54,0.99,1,0,2,1,5,23,1,126,131,0,,,0,,,0,,,0,,,0,,,0,,,SL,-61.11,320
2025.07.18 16:45,2025.07.21 05:10,SELL,LienKe,3354.474,3360.531,60.6,93.0,59.8,1.54,0.99,1,6,3364,1,6,3364,1,37,3364,1,167,3364,1,3205,3364,0,,,0,,,0,,,0,,,SL,-60.57,3625
2025.07.21 13:38,2025.07.21 13:46,SELL,LienKe,3388.200,3392.687,44.9,3.5,32.4,0.08,0.72,0,,,0,,,0,,,0,,,0,,,0,,,0,,,0,,,0,,,SL,-44.87,8
2025.07.21 13:30,2025.07.21 13:46,SELL,LienKe,3386.965,3392.687,57.2,31.5,44.7,0.55,0.78,1,2,5,1,2,5,1,2,5,0,,,0,,,0,,,0,,,0,,,0,,,SL,-57.22,16
2025.07.22 07:54,2025.07.22 13:27,BUY,LienKe,3384.899,3380.240,46.6,299.4,3.7,6.43,0.08,1,0,92,1,2,92,1,16,92,1,46,92,1,252,-,1,262,-,1,269,-,1,289,-,0,,,TP,300.00,333
2025.07.22 07:45,2025.07.22 13:27,BUY,LienKe,3386.171,3380.240,59.3,286.7,16.4,4.83,0.28,1,11,99,1,26,99,1,37,99,1,246,-,1,262,-,1,275,-,1,285,-,1,310,-,0,,,TP,300.00,342
2025.07.23 15:35,2025.07.23 15:54,BUY,LienKe,3411.900,3407.313,45.9,7.6,36.5,0.17,0.80,0,,,0,,,0,,,0,,,0,,,0,,,0,,,0,,,0,,,SL,-45.87,19
2025.07.23 15:15,2025.07.23 15:54,BUY,LienKe,3415.100,3407.313,77.9,7.7,68.5,0.10,0.88,0,,,0,,,0,,,0,,,0,,,0,,,0,,,0,,,0,,,SL,-77.87,39
2025.07.23 00:46,2025.07.23 15:56,SELL,LienKe,3433.384,3441.980,86.0,293.1,6.3,3.41,0.07,1,2,514,1,4,514,1,6,514,1,14,514,1,18,514,1,30,514,1,297,514,1,737,-,0,,,TP,300.00,909
2025.07.23 00:30,2025.07.23 15:56,SELL,LienKe,3432.376,3441.980,96.0,283.0,16.4,2.95,0.17,1,1,10,1,2,10,1,3,10,1,30,529,1,35,529,1,46,529,1,315,529,1,772,-,0,,,TP,300.00,926
2025.07.23 12:20,2025.07.23 15:58,SELL,LienKe,3429.085,3433.000,39.1,291.9,2.7,7.46,0.07,1,0,-,1,1,-,1,1,-,1,14,-,1,34,-,1,40,-,1,43,-,1,63,-,0,,,TP,300.00,218
2025.07.23 12:15,2025.07.23 16:00,SELL,LienKe,3427.901,3433.000,51.0,296.3,14.6,5.81,0.29,1,1,4,1,6,-,1,6,-,1,35,-,1,45,-,1,45,-,1,51,-,1,79,-,0,,,TP,300.00,225
2025.07.24 01:33,2025.07.24 02:13,BUY,LienKe,3386.988,3381.027,59.6,39.3,54.4,0.66,0.91,1,1,2,1,6,30,1,8,30,0,,,0,,,0,,,0,,,0,,,0,,,SL,-59.61,40
2025.07.24 01:33,2025.07.24 02:13,BUY,Swing,3386.988,3381.027,59.6,39.3,54.4,0.66,0.91,1,1,2,1,6,30,1,8,30,0,,,0,,,0,,,0,,,0,,,0,,,SL,-59.61,40
2025.07.24 01:15,2025.07.24 02:13,BUY,LienKe,3390.149,3381.027,91.2,23.2,86.0,0.25,0.94,1,0,6,1,0,6,0,,,0,,,0,,,0,,,0,,,0,,,0,,,SL,-91.22,58
2025.07.23 18:31,2025.07.24 09:18,SELL,LienKe,3395.013,3398.851,38.4,296.8,10.7,7.73,0.28,1,11,29,1,23,29,1,55,-,1,69,-,1,146,-,1,397,-,1,512,-,1,517,-,0,,,TP,300.00,887
2025.07.23 18:30,2025.07.24 09:22,SELL,LienKe,3394.203,3398.851,46.5,299.5,18.8,6.44,0.40,1,20,30,1,56,-,1,59,-,1,75,-,1,398,-,1,398,-,1,516,-,1,715,-,0,,,TP,300.00,892
2025.07.24 00:48,2025.07.24 11:30,SELL,LienKe,3391.749,3396.259,45.1,295.7,18.5,6.56,0.41,1,14,15,1,18,27,1,19,27,1,19,27,1,83,-,1,84,-,1,140,-,1,342,-,0,,,TP,300.00,642
2025.07.24 00:48,2025.07.24 11:30,SELL,Swing,3391.749,3396.259,45.1,295.7,18.5,6.56,0.41,1,14,15,1,18,27,1,19,27,1,19,27,1,83,-,1,84,-,1,140,-,1,342,-,0,,,TP,300.00,642
2025.07.24 00:15,2025.07.24 12:01,SELL,LienKe,3390.255,3396.259,60.0,296.2,33.4,4.93,0.56,1,13,23,1,52,57,1,52,57,1,53,57,1,117,-,1,168,-,1,173,-,1,375,-,0,,,TP,300.00,706
2025.07.24 00:15,2025.07.24 12:01,SELL,Swing,3390.255,3396.259,60.0,296.2,33.4,4.93,0.56,1,13,23,1,52,57,1,52,57,1,53,57,1,117,-,1,168,-,1,173,-,1,375,-,0,,,TP,300.00,706
2025.07.25 02:33,2025.07.25 03:37,BUY,Swing,3364.880,3360.580,43.0,2.3,40.2,0.05,0.93,0,,,0,,,0,,,0,,,0,,,0,,,0,,,0,,,0,,,SL,-43.00,64
2025.07.25 02:32,2025.07.25 03:37,BUY,LienKe,3365.767,3360.580,51.9,3.7,49.0,0.07,0.95,0,,,0,,,0,,,0,,,0,,,0,,,0,,,0,,,0,,,SL,-51.87,65
2025.07.25 02:30,2025.07.25 03:37,BUY,LienKe,3366.390,3360.580,58.1,4.0,55.3,0.07,0.95,0,,,0,,,0,,,0,,,0,,,0,,,0,,,0,,,0,,,SL,-58.10,67
2025.07.25 02:30,2025.07.25 03:37,BUY,Swing,3366.390,3360.580,58.1,4.0,55.3,0.07,0.95,0,,,0,,,0,,,0,,,0,,,0,,,0,,,0,,,0,,,SL,-58.10,67
2025.07.25 12:49,2025.07.25 14:39,BUY,LienKe,3338.403,3333.312,50.9,91.0,47.2,1.79,0.93,1,4,5,1,10,14,1,11,14,1,41,86,1,47,86,0,,,0,,,0,,,0,,,SL,-50.91,110
2025.07.25 12:45,2025.07.25 14:39,BUY,LienKe,3340.651,3333.312,73.4,68.5,69.6,0.93,0.95,1,0,2,1,41,58,1,45,58,1,48,58,0,,,0,,,0,,,0,,,0,,,SL,-73.39,114
2025.07.25 14:36,2025.07.25 14:52,BUY,LienKe,3335.874,3330.811,50.6,15.1,35.5,0.30,0.70,1,7,9,0,,,0,,,0,,,0,,,0,,,0,,,0,,,0,,,SL,-50.63,15
2025.07.25 14:36,2025.07.25 14:52,BUY,Swing,3335.874,3330.811,50.6,15.1,35.5,0.30,0.70,1,7,9,0,,,0,,,0,,,0,,,0,,,0,,,0,,,0,,,SL,-50.63,15
2025.07.25 14:30,2025.07.25 14:52,BUY,LienKe,3338.133,3330.811,73.2,7.4,58.1,0.10,0.79,0,,,0,,,0,,,0,,,0,,,0,,,0,,,0,,,0,,,SL,-73.22,22
2025.07.25 14:30,2025.07.25 14:52,BUY,Swing,3338.133,3330.811,73.2,7.4,58.1,0.10,0.79,0,,,0,,,0,,,0,,,0,,,0,,,0,,,0,,,0,,,SL,-73.22,22
2025.07.28 01:33,2025.07.28 03:57,SELL,LienKe,3336.916,3341.761,48.4,61.9,45.9,1.28,0.95,1,1,3,1,19,92,1,19,92,1,25,92,0,,,0,,,0,,,0,,,0,,,SL,-48.45,144
2025.07.28 01:33,2025.07.28 03:57,SELL,Swing,3336.916,3341.761,48.4,61.9,45.9,1.28,0.95,1,1,3,1,19,92,1,19,92,1,25,92,0,,,0,,,0,,,0,,,0,,,SL,-48.45,144
2025.07.28 01:30,2025.07.28 03:57,SELL,LienKe,3335.402,3341.761,63.6,46.7,61.1,0.73,0.96,1,22,59,1,25,59,1,27,59,0,,,0,,,0,,,0,,,0,,,0,,,SL,-63.59,147
2025.07.28 01:30,2025.07.28 03:57,SELL,Swing,3335.402,3341.761,63.6,46.7,61.1,0.73,0.96,1,22,59,1,25,59,1,27,59,0,,,0,,,0,,,0,,,0,,,0,,,SL,-63.59,147
2025.07.28 06:45,2025.07.28 08:42,BUY,LienKe,3338.736,3332.755,59.8,31.6,55.8,0.53,0.93,1,11,27,1,13,27,1,39,46,0,,,0,,,0,,,0,,,0,,,0,,,SL,-59.81,117
2025.07.27 23:00,2025.07.28 13:45,BUY,Swing,3329.747,3320.817,89.3,156.1,78.7,1.75,0.88,1,0,35,1,1,35,1,1,35,1,3,35,1,126,806,1,285,806,1,420,806,0,,,0,,,SL,-89.30,885
2025.07.25 13:53,2025.07.28 13:50,SELL,LienKe,3344.808,3350.498,56.9,281.3,9.6,4.94,0.17,1,5,5,1,9,10,1,16,3847,1,22,3847,1,24,3847,1,24,3847,1,67,3847,1,3421,3847,0,,,TP,300.00,4317
2025.07.30 05:32,2025.07.30 09:57,SELL,LienKe,3328.802,3333.633,48.3,55.8,48.0,1.16,0.99,1,5,92,1,7,92,1,8,92,1,44,92,0,,,0,,,0,,,0,,,0,,,SL,-48.31,265
2025.07.30 05:00,2025.07.30 12:32,BUY,LienKe,3327.332,3322.772,45.6,66.9,42.7,1.47,0.94,1,16,29,1,20,29,1,26,29,1,198,345,0,,,0,,,0,,,0,,,0,,,SL,-45.60,452
2025.07.30 05:15,2025.07.30 12:48,BUY,LienKe,3327.130,3322.016,51.1,68.9,48.5,1.35,0.95,1,1,14,1,4,14,1,11,14,1,113,129,0,,,0,,,0,,,0,,,0,,,SL,-51.14,453
2025.07.29 13:46,2025.07.30 13:13,BUY,LienKe,3316.506,3309.842,66.6,176.4,59.4,2.65,0.89,1,8,15,1,8,15,1,14,15,1,36,1386,1,39,1386,1,52,1386,1,79,1386,0,,,0,,,SL,-71.99,1407
2025.07.29 13:46,2025.07.30 13:13,BUY,Swing,3316.506,3309.842,66.6,176.4,59.4,2.65,0.89,1,8,15,1,8,15,1,14,15,1,36,1386,1,39,1386,1,52,1386,1,79,1386,0,,,0,,,SL,-71.99,1407
2025.07.29 13:45,2025.07.30 13:13,BUY,Swing,3320.355,3309.842,105.1,137.9,97.9,1.31,0.93,1,37,123,1,38,123,1,39,123,1,50,123,1,61,123,1,79,123,0,,,0,,,0,,,SL,-110.48,1408
2025.07.31 01:35,2025.07.31 02:00,SELL,LienKe,3288.628,3294.341,57.1,9.6,54.8,0.17,0.96,0,,,0,,,0,,,0,,,0,,,0,,,0,,,0,,,0,,,SL,-57.13,25
2025.07.31 01:30,2025.07.31 02:00,SELL,LienKe,3287.351,3294.341,69.9,17.1,67.6,0.24,0.97,1,0,4,0,,,0,,,0,,,0,,,0,,,0,,,0,,,0,,,SL,-69.90,30
2025.07.31 03:30,2025.07.31 05:58,SELL,LienKe,3295.743,3301.574,58.3,19.4,53.5,0.33,0.92,1,9,13,0,,,0,,,0,,,0,,,0,,,0,,,0,,,0,,,SL,-58.31,148
2025.07.31 08:00,2025.07.31 08:18,SELL,LienKe,3304.682,3312.771,80.9,9.6,53.5,0.12,0.66,0,,,0,,,0,,,0,,,0,,,0,,,0,,,0,,,0,,,SL,-80.89,18
2025.07.31 18:15,2025.07.31 22:02,BUY,LienKe,3294.625,3289.821,48.0,25.0,48.0,0.52,1.00,1,6,18,1,8,18,0,,,0,,,0,,,0,,,0,,,0,,,0,,,SL,-48.04,227
2025.07.31 14:49,2025.07.31 23:20,BUY,Swing,3293.975,3288.300,56.7,51.6,52.4,0.91,0.92,1,4,12,1,4,12,1,6,12,1,30,53,0,,,0,,,0,,,0,,,0,,,SL,-56.75,511
2025.07.31 14:45,2025.07.31 23:20,BUY,Swing,3297.740,3288.300,94.4,14.0,90.1,0.15,0.95,1,35,35,0,,,0,,,0,,,0,,,0,,,0,,,0,,,0,,,SL,-94.40,515
2025.07.31 23:56,2025.08.01 01:51,BUY,LienKe,3289.447,3285.296,41.5,43.5,34.5,1.05,0.83,1,42,43,1,46,89,1,46,89,0,,,0,,,0,,,0,,,0,,,0,,,SL,-46.86,115
2025.07.31 23:45,2025.08.01 01:51,BUY,LienKe,3291.656,3285.296,63.6,21.4,56.5,0.34,0.89,1,57,61,1,58,61,0,,,0,,,0,,,0,,,0,,,0,,,0,,,SL,-68.95,126
2025.08.01 07:18,2025.08.01 07:38,BUY,LienKe,3290.905,3286.451,44.5,13.4,43.9,0.30,0.99,1,4,9,0,,,0,,,0,,,0,,,0,,,0,,,0,,,0,,,SL,-44.54,20
2025.08.01 07:18,2025.08.01 07:38,BUY,Swing,3290.905,3286.451,44.5,13.4,43.9,0.30,0.99,1,4,9,0,,,0,,,0,,,0,,,0,,,0,,,0,,,0,,,SL,-44.54,20
2025.08.01 07:15,2025.08.01 07:38,BUY,LienKe,3292.583,3286.451,61.3,8.0,60.7,0.13,0.99,0,,,0,,,0,,,0,,,0,,,0,,,0,,,0,,,0,,,SL,-61.32,23
2025.08.01 07:15,2025.08.01 07:38,BUY,Swing,3292.583,3286.451,61.3,8.0,60.7,0.13,0.99,0,,,0,,,0,,,0,,,0,,,0,,,0,,,0,,,0,,,SL,-61.32,23
2025.08.01 06:00,2025.08.01 12:21,SELL,Swing,3296.669,3303.470,68.0,112.9,66.0,1.66,0.97,1,7,7,1,19,275,1,26,275,1,32,275,1,92,275,1,98,275,0,,,0,,,0,,,SL,-68.01,381
2025.08.01 17:24,2025.08.01 19:30,SELL,LienKe,3348.359,3352.434,40.8,23.2,31.8,0.57,0.78,1,3,4,1,40,46,0,,,0,,,0,,,0,,,0,,,0,,,0,,,SL,-40.75,126
2025.08.01 17:15,2025.08.01 19:30,SELL,LienKe,3346.637,3352.434,58.0,8.9,49.0,0.15,0.84,0,,,0,,,0,,,0,,,0,,,0,,,0,,,0,,,0,,,SL,-57.97,135
2025.08.04 09:23,2025.08.04 11:06,SELL,LienKe,3360.208,3364.151,39.4,71.6,17.6,1.82,0.45,1,16,102,1,17,102,1,36,102,1,58,102,0,,,0,,,0,,,0,,,0,,,SL,-39.43,103
2025.08.04 09:15,2025.08.04 11:06,SELL,LienKe,3359.244,3364.151,49.1,62.0,27.3,1.26,0.56,1,3,4,1,44,108,1,65,108,1,68,108,0,,,0,,,0,,,0,,,0,,,SL,-49.07,111
2025.08.05 01:30,2025.08.05 11:34,SELL,LienKe,3381.105,3385.398,42.9,297.7,13.4,6.94,0.31,1,6,10,1,29,41,1,50,-,1,58,-,1,106,-,1,210,-,1,314,-,1,504,-,0,,,TP,300.00,604
2025.08.05 01:15,2025.08.05 13:38,SELL,LienKe,3379.675,3385.398,57.2,297.1,27.7,5.19,0.48,1,10,13,1,65,-,1,68,-,1,96,-,1,167,-,1,234,-,1,465,-,1,521,-,0,,,SL,0.00,743
2025.08.05 14:19,2025.08.05 14:40,SELL,LienKe,3377.264,3383.741,64.8,16.8,59.1,0.26,0.91,1,2,4,0,,,0,,,0,,,0,,,0,,,0,,,0,,,0,,,SL,-64.77,20
2025.08.05 14:15,2025.08.05 14:40,SELL,LienKe,3372.843,3383.741,109.0,0.0,103.3,0.00,0.95,0,,,0,,,0,,,0,,,0,,,0,,,0,,,0,,,0,,,SL,-108.98,25
2025.08.05 19:34,2025.08.06 00:22,SELL,LienKe,3380.727,3384.388,36.6,24.7,35.5,0.68,0.97,1,8,22,1,61,79,0,,,0,,,0,,,0,,,0,,,0,,,0,,,SL,-36.61,288
2025.08.06 13:17,2025.08.06 14:18,SELL,LienKe,3370.028,3374.486,44.6,48.0,40.1,1.08,0.90,1,6,13,1,15,34,1,15,34,0,,,0,,,0,,,0,,,0,,,0,,,SL,-44.58,61
2025.08.06 13:15,2025.08.06 14:18,SELL,LienKe,3368.564,3374.486,59.2,33.3,54.7,0.56,0.92,1,17,18,1,17,18,1,22,36,0,,,0,,,0,,,0,,,0,,,0,,,SL,-59.22,63
2025.08.07 01:07,2025.08.07 01:15,SELL,Swing,3373.578,3377.828,42.5,4.7,32.2,0.11,0.76,0,,,0,,,0,,,0,,,0,,,0,,,0,,,0,,,0,,,SL,-42.50,8
2025.08.07 00:45,2025.08.07 01:15,SELL,Swing,3371.631,3377.828,62.0,14.0,51.7,0.23,0.83,1,2,4,0,,,0,,,0,,,0,,,0,,,0,,,0,,,0,,,SL,-61.97,30
2025.08.06 22:15,2025.08.07 01:15,SELL,LienKe,3371.810,3377.796,59.9,64.3,49.9,1.07,0.83,1,0,1,1,48,131,1,75,131,1,107,131,0,,,0,,,0,,,0,,,0,,,SL,-59.86,180
2025.08.06 06:45,2025.08.07 01:44,SELL,Swing,3376.875,3381.650,47.8,186.2,42.8,3.90,0.90,1,2,64,1,10,64,1,15,64,1,29,64,1,85,465,1,93,465,1,180,465,0,,,0,,,SL,-47.75,1139
2025.08.07 04:36,2025.08.07 06:42,SELL,LienKe,3379.582,3383.664,40.8,77.7,37.5,1.90,0.92,1,1,19,1,21,27,1,57,103,1,61,103,0,,,0,,,0,,,0,,,0,,,SL,-40.82,126
2025.08.07 16:15,2025.08.07 19:31,SELL,LienKe,3390.718,3395.606,48.9,62.4,34.4,1.28,0.70,1,10,11,1,16,85,1,17,85,1,54,85,0,,,0,,,0,,,0,,,0,,,SL,-48.88,196
2025.08.07 18:00,2025.08.07 19:32,SELL,LienKe,3392.179,3396.010,38.3,47.4,37.0,1.24,0.97,1,15,17,1,20,90,1,29,90,0,,,0,,,0,,,0,,,0,,,0,,,SL,-38.31,92
2025.08.07 14:00,2025.08.07 19:32,SELL,LienKe,3384.883,3396.833,119.5,94.6,110.0,0.79,0.92,1,0,5,1,0,5,1,0,5,1,8,12,1,8,12,0,,,0,,,0,,,0,,,SL,-119.50,332
2025.08.07 18:15,2025.08.07 19:33,SELL,LienKe,3391.404,3396.999,55.9,39.7,54.5,0.71,0.97,1,5,75,1,7,75,1,31,75,0,,,0,,,0,,,0,,,0,,,0,,,SL,-55.95,78
2025.08.07 18:15,2025.08.07 19:33,SELL,Swing,3391.404,3396.999,55.9,39.7,54.5,0.71,0.97,1,5,75,1,7,75,1,31,75,0,,,0,,,0,,,0,,,0,,,0,,,SL,-55.95,78
2025.08.07 00:15,2025.08.07 19:45,BUY,Swing,3369.955,3362.222,77.3,299.0,7.1,3.87,0.09,1,1,2,1,11,-,1,14,-,1,55,-,1,61,-,1,76,-,1,387,-,1,429,-,0,,,TP,300.00,1170
2025.08.07 22:30,2025.08.08 01:07,BUY,LienKe,3393.079,3386.025,70.5,139.5,54.8,1.98,0.78,1,2,111,1,3,111,1,5,111,1,6,111,1,7,111,1,10,111,0,,,0,,,0,,,SL,-75.89,157
2025.08.07 22:30,2025.08.08 01:07,BUY,LienKe,3393.204,3386.025,71.8,138.2,56.1,1.93,0.78,1,2,111,1,3,111,1,5,111,1,7,111,1,7,111,1,10,111,0,,,0,,,0,,,SL,-77.14,157
2025.08.08 07:33,2025.08.08 07:51,SELL,LienKe,3398.221,3403.421,52.0,58.8,48.8,1.13,0.94,1,0,2,1,3,10,1,4,10,1,6,10,0,,,0,,,0,,,0,,,0,,,SL,-52.00,18
2025.08.08 07:33,2025.08.08 07:51,SELL,Swing,3398.221,3403.421,52.0,58.8,48.8,1.13,0.94,1,0,2,1,3,10,1,4,10,1,6,10,0,,,0,,,0,,,0,,,0,,,SL,-52.00,18
2025.08.08 07:15,2025.08.08 07:51,SELL,LienKe,3396.055,3403.421,73.7,37.1,70.5,0.50,0.96,1,6,8,1,22,26,1,24,26,0,,,0,,,0,,,0,,,0,,,0,,,SL,-73.66,36
2025.08.08 07:15,2025.08.08 07:51,SELL,Swing,3396.055,3403.421,73.7,37.1,70.5,0.50,0.96,1,6,8,1,22,26,1,24,26,0,,,0,,,0,,,0,,,0,,,0,,,SL,-73.66,36
2025.08.07 14:23,2025.08.11 01:08,BUY,LienKe,3380.072,3372.261,78.1,289.2,63.1,3.70,0.81,1,0,1656,1,0,1656,1,1,1656,1,11,1656,1,17,1656,1,52,1656,1,308,1656,1,323,1656,0,,,SL,-88.81,4965
2025.08.11 09:32,2025.08.11 11:27,BUY,LienKe,3358.999,3351.311,76.9,48.0,76.0,0.62,0.99,1,1,1,1,44,78,1,47,78,0,,,0,,,0,,,0,,,0,,,0,,,SL,-76.88,115
2025.08.11 09:32,2025.08.11 11:27,BUY,Swing,3358.999,3351.311,76.9,48.0,76.0,0.62,0.99,1,1,1,1,44,78,1,47,78,0,,,0,,,0,,,0,,,0,,,0,,,SL,-76.88,115
2025.08.11 09:30,2025.08.11 11:27,BUY,Swing,3363.688,3351.311,123.8,1.1,122.9,0.01,0.99,0,,,0,,,0,,,0,,,0,,,0,,,0,,,0,,,0,,,SL,-123.77,117
2025.08.12 01:45,2025.08.12 06:22,BUY,LienKe,3350.258,3343.212,70.5,55.1,63.5,0.78,0.90,1,1,9,1,4,9,1,47,58,1,84,107,0,,,0,,,0,,,0,,,0,,,SL,-70.46,277
2025.08.11 22:05,2025.08.12 11:35,BUY,Swing,3343.298,3338.273,50.2,148.5,39.2,2.96,0.78,1,4,28,1,5,28,1,9,28,1,72,497,1,129,497,1,148,497,0,,,0,,,0,,,SL,-55.60,810
2025.08.12 11:30,2025.08.12 11:36,BUY,Swing,3342.850,3336.377,64.7,13.7,52.3,0.21,0.81,1,1,3,0,,,0,,,0,,,0,,,0,,,0,,,0,,,0,,,SL,-64.73,5
2025.08.12 11:30,2025.08.12 11:36,BUY,Swing,3343.170,3336.377,67.9,10.5,55.5,0.15,0.82,1,2,2,0,,,0,,,0,,,0,,,0,,,0,,,0,,,0,,,SL,-67.93,6
2025.08.11 10:30,2025.08.12 14:19,SELL,LienKe,3362.405,3366.797,43.9,298.7,13.3,6.80,0.30,1,3,4,1,15,205,1,20,205,1,31,205,1,40,205,1,55,205,1,120,205,1,250,-,0,,,TP,300.00,1669
2025.08.11 10:30,2025.08.13 07:25,SELL,LienKe,3361.019,3366.797,57.8,297.8,27.2,5.15,0.47,1,15,200,1,20,200,1,30,200,1,38,200,1,54,200,1,57,200,1,120,200,1,1490,-,0,,,SL,0.00,2695
2025.08.13 13:17,2025.08.13 18:03,BUY,LienKe,3355.997,3351.464,45.3,147.4,45.3,3.25,1.00,1,5,6,1,13,120,1,18,120,1,20,120,1,28,120,1,46,120,0,,,0,,,0,,,SL,-45.33,286
2025.08.13 13:15,2025.08.13 18:03,BUY,LienKe,3357.699,3351.464,62.4,130.4,62.3,2.09,1.00,1,20,120,1,20,120,1,21,120,1,30,120,1,39,120,1,48,120,0,,,0,,,0,,,SL,-62.35,288
2025.08.13 22:30,2025.08.13 23:05,SELL,LienKe,3357.118,3361.408,42.9,3.4,36.4,0.08,0.85,0,,,0,,,0,,,0,,,0,,,0,,,0,,,0,,,0,,,SL,-42.90,35
2025.08.14 05:45,2025.08.14 07:43,BUY,LienKe,3359.148,3353.146,60.0,73.4,52.3,1.22,0.87,1,25,29,1,27,29,1,73,109,1,76,109,0,,,0,,,0,,,0,,,0,,,SL,-60.02,118
2025.08.14 12:45,2025.08.14 14:05,BUY,LienKe,3353.159,3339.001,141.6,33.4,114.6,0.24,0.81,1,0,4,1,1,4,1,1,4,0,,,0,,,0,,,0,,,0,,,0,,,SL,-141.58,80
2025.08.13 00:32,2025.08.14 14:05,BUY,Swing,3345.155,3340.672,44.8,297.0,37.1,6.63,0.83,1,2,8,1,35,51,1,41,51,1,73,1885,1,128,1885,1,344,1885,1,412,1885,1,550,1885,0,,,SL,-60.88,2253
2025.08.13 00:30,2025.08.14 14:05,BUY,Swing,3346.799,3340.672,61.3,280.6,53.5,4.58,0.87,1,37,40,1,45,50,1,69,99,1,78,99,1,346,1882,1,377,1882,1,495,1882,1,621,1882,0,,,SL,-77.32,2255
2025.08.15 18:15,2025.08.17 23:12,BUY,LienKe,3336.429,3331.687,47.4,31.7,40.5,0.67,0.85,1,7,31,1,99,132,1,103,132,0,,,0,,,0,,,0,,,0,,,0,,,SL,-52.77,3177
2025.08.14 23:15,2025.08.17 23:16,BUY,LienKe,3333.784,3329.168,46.2,149.6,37.5,3.24,0.81,1,15,49,1,24,49,1,94,125,1,99,125,1,255,797,1,258,797,0,,,0,,,0,,,SL,-56.86,4321
2025.08.14 12:15,2025.08.17 23:17,SELL,LienKe,3355.311,3361.393,60.8,262.7,13.4,4.32,0.22,1,3,5,1,3,5,1,15,31,1,15,31,1,15,31,1,15,31,1,110,-,1,112,-,0,,,TP,300.00,4982
2025.08.15 15:15,2025.08.18 00:49,SELL,LienKe,3342.449,3347.645,52.0,187.9,28.4,3.62,0.55,1,48,-,1,53,-,1,63,-,1,68,-,1,3290,-,1,3357,-,1,3362,-,0,,,0,,,SL,0.00,3454
2025.08.15 15:19,2025.08.18 01:02,SELL,LienKe,3343.532,3347.645,41.1,198.7,17.6,4.83,0.43,1,2,4,1,26,29,1,48,-,1,61,-,1,107,-,1,3287,-,1,3358,-,0,,,0,,,SL,0.00,3463
2025.08.15 05:15,2025.08.18 01:49,SELL,LienKe,3345.987,3351.747,57.6,223.2,24.4,3.88,0.42,1,1,29,1,7,29,1,15,29,1,101,132,1,314,466,1,436,466,1,3957,-,1,3962,-,0,,,SL,0.00,4114
2025.08.18 06:30,2025.08.18 13:01,BUY,LienKe,3349.620,3343.003,66.2,60.3,65.0,0.91,0.98,1,13,14,1,36,65,1,37,65,1,47,65,0,,,0,,,0,,,0,,,0,,,SL,-66.17,391
2025.08.18 17:24,2025.08.19 00:00,BUY,LienKe,3332.774,3328.685,40.9,20.5,25.9,0.50,0.63,1,19,49,1,21,49,0,,,0,,,0,,,0,,,0,,,0,,,0,,,SL,-46.24,396
2025.08.18 15:15,2025.08.19 00:00,BUY,LienKe,3334.756,3329.195,55.6,20.7,45.8,0.37,0.82,1,6,8,1,35,38,0,,,0,,,0,,,0,,,0,,,0,,,0,,,SL,-60.96,525
2025.08.19 02:15,2025.08.19 13:10,BUY,LienKe,3332.271,3326.500,57.7,130.6,16.4,2.26,0.28,1,5,652,1,9,652,1,35,652,1,42,652,1,58,652,1,472,652,0,,,0,,,0,,,SL,-57.71,655
2025.08.19 19:00,2025.08.20 05:58,SELL,LienKe,3318.519,3323.197,46.8,68.8,41.7,1.47,0.89,1,9,524,1,34,524,1,74,524,1,292,524,0,,,0,,,0,,,0,,,0,,,SL,-46.78,658
2025.08.21 04:39,2025.08.21 06:22,BUY,LienKe,3339.549,3335.644,39.1,10.9,26.9,0.28,0.69,1,55,57,0,,,0,,,0,,,0,,,0,,,0,,,0,,,0,,,SL,-39.05,103
2025.08.21 04:39,2025.08.21 06:22,BUY,Swing,3339.223,3335.644,35.8,14.1,23.7,0.39,0.66,1,54,59,0,,,0,,,0,,,0,,,0,,,0,,,0,,,0,,,SL,-35.79,103
2025.08.21 04:30,2025.08.21 06:22,BUY,LienKe,3340.177,3335.644,45.3,8.7,33.2,0.19,0.73,0,,,0,,,0,,,0,,,0,,,0,,,0,,,0,,,0,,,SL,-45.33,112
2025.08.21 04:30,2025.08.21 06:22,BUY,Swing,3340.177,3335.644,45.3,8.7,33.2,0.19,0.73,0,,,0,,,0,,,0,,,0,,,0,,,0,,,0,,,0,,,SL,-45.33,112
2025.08.21 20:45,2025.08.22 01:52,BUY,LienKe,3338.214,3334.951,32.6,24.3,32.3,0.74,0.99,1,78,147,1,100,147,0,,,0,,,0,,,0,,,0,,,0,,,0,,,SL,-37.98,307
2025.08.21 20:30,2025.08.22 01:52,BUY,LienKe,3338.832,3334.951,38.8,18.1,38.5,0.47,0.99,1,94,96,0,,,0,,,0,,,0,,,0,,,0,,,0,,,0,,,SL,-44.16,322
2025.08.21 23:33,2025.08.22 01:53,BUY,Swing,3337.663,3334.356,33.1,25.6,32.0,0.77,0.97,1,3,29,1,84,109,0,,,0,,,0,,,0,,,0,,,0,,,0,,,SL,-38.42,140
2025.08.21 23:30,2025.08.22 01:53,BUY,Swing,3338.128,3334.356,37.7,21.0,36.7,0.56,0.97,1,7,23,1,90,108,0,,,0,,,0,,,0,,,0,,,0,,,0,,,SL,-43.07,143
2025.08.22 11:49,2025.08.22 12:32,BUY,LienKe,3328.635,3324.858,37.8,13.5,36.3,0.36,0.96,1,30,32,0,,,0,,,0,,,0,,,0,,,0,,,0,,,0,,,SL,-37.77,43
2025.08.22 11:30,2025.08.22 12:32,BUY,LienKe,3329.543,3324.858,46.8,15.4,45.4,0.33,0.97,1,5,11,0,,,0,,,0,,,0,,,0,,,0,,,0,,,0,,,SL,-46.85,62
2025.08.21 11:15,2025.08.22 12:33,BUY,LienKe,3329.619,3322.126,74.9,184.6,74.3,2.46,0.99,1,6,1027,1,10,1027,1,11,1027,1,45,1027,1,49,1027,1,52,1027,1,79,1027,0,,,0,,,SL,-80.28,1518
2025.08.22 09:35,2025.08.22 13:40,SELL,LienKe,3329.753,3334.381,46.3,81.4,45.4,1.76,0.98,1,102,116,1,148,164,1,156,164,1,177,235,1,177,235,0,,,0,,,0,,,0,,,SL,-46.28,245
2025.08.22 09:30,2025.08.22 13:40,SELL,LienKe,3328.295,3334.381,60.9,66.8,60.0,1.10,0.99,1,160,167,1,161,167,1,162,167,1,182,227,0,,,0,,,0,,,0,,,0,,,SL,-60.86,250
2025.08.20 15:00,2025.08.22 14:02,SELL,LienKe,3346.936,3353.322,63.9,253.3,53.2,3.97,0.83,1,1,170,1,5,170,1,7,170,1,15,170,1,808,1350,1,922,1350,1,1180,1350,1,1202,1350,0,,,SL,-63.86,2822
2025.08.25 17:55,2025.08.25 22:02,BUY,LienKe,3371.946,3368.311,36.3,13.4,76.8,0.37,2.11,1,20,22,0,,,0,,,0,,,0,,,0,,,0,,,0,,,0,,,SL,-36.35,246
2025.08.25 17:45,2025.08.25 22:02,BUY,LienKe,3372.751,3368.311,44.4,5.4,84.9,0.12,1.91,0,,,0,,,0,,,0,,,0,,,0,,,0,,,0,,,0,,,SL,-44.40,257
2025.08.25 22:45,2025.08.25 23:12,BUY,LienKe,3364.602,3360.695,39.1,6.1,37.7,0.16,0.97,0,,,0,,,0,,,0,,,0,,,0,,,0,,,0,,,0,,,SL,-39.07,27
2025.08.26 09:25,2025.08.26 09:48,BUY,LienKe,3375.625,3371.558,40.7,0.0,40.6,0.00,1.00,0,,,0,,,0,,,0,,,0,,,0,,,0,,,0,,,0,,,SL,-40.67,23
2025.08.26 09:15,2025.08.26 09:48,BUY,LienKe,3377.086,3371.558,55.3,14.7,55.2,0.27,1.00,1,3,8,0,,,0,,,0,,,0,,,0,,,0,,,0,,,0,,,SL,-55.28,33
2025.08.26 08:16,2025.08.26 15:23,SELL,LienKe,3378.162,3382.541,43.8,107.4,41.6,2.45,0.95,1,3,13,1,5,13,1,44,62,1,74,189,1,93,189,1,139,189,0,,,0,,,0,,,SL,-43.79,427
2025.08.26 08:16,2025.08.26 15:23,SELL,Swing,3378.306,3382.541,42.4,108.9,40.1,2.57,0.95,1,3,13,1,5,13,1,44,62,1,74,192,1,93,192,1,139,192,0,,,0,,,0,,,SL,-42.35,427
2025.08.26 08:15,2025.08.26 15:23,SELL,LienKe,3376.781,3382.541,57.6,93.6,55.4,1.63,0.96,1,9,9,1,45,51,1,75,175,1,85,175,1,139,175,0,,,0,,,0,,,0,,,SL,-57.60,428
2025.08.26 08:15,2025.08.26 15:23,SELL,Swing,3376.781,3382.541,57.6,93.6,55.4,1.63,0.96,1,9,9,1,45,51,1,75,175,1,85,175,1,139,175,0,,,0,,,0,,,0,,,SL,-57.60,428
2025.08.26 18:15,2025.08.27 04:29,BUY,LienKe,3382.584,3377.245,53.4,110.0,53.3,2.06,1.00,1,18,505,1,30,505,1,44,505,1,52,505,1,94,505,1,157,505,0,,,0,,,0,,,SL,-58.74,614
2025.08.27 13:30,2025.08.27 15:09,SELL,LienKe,3381.984,3387.797,58.1,63.4,53.7,1.09,0.92,1,0,10,1,0,10,1,1,10,1,15,51,0,,,0,,,0,,,0,,,0,,,SL,-58.13,99
2025.08.26 20:31,2025.08.27 16:34,SELL,LienKe,3390.516,3394.011,34.9,166.6,32.3,4.77,0.92,1,103,112,1,270,1122,1,273,1122,1,289,1122,1,369,1122,1,450,1122,1,491,1122,0,,,0,,,SL,-34.95,1203
2025.08.26 20:30,2025.08.27 16:34,SELL,LienKe,3390.225,3394.011,37.9,163.7,35.2,4.32,0.93,1,105,113,1,273,1123,1,276,1123,1,291,1123,1,413,1123,1,454,1123,1,492,1123,0,,,0,,,SL,-37.86,1204
2025.08.26 23:30,2025.08.27 16:40,SELL,LienKe,3391.634,3395.954,43.2,177.8,38.8,4.11,0.90,1,9,18,1,65,1020,1,91,1020,1,102,1020,1,130,1020,1,243,1020,1,305,1020,0,,,0,,,SL,-43.20,1030
2025.08.28 03:45,2025.08.28 06:42,SELL,LienKe,3390.118,3394.859,47.4,23.3,45.2,0.49,0.95,1,6,9,1,119,136,0,,,0,,,0,,,0,,,0,,,0,,,0,,,SL,-47.41,177
2025.08.26 10:45,2025.08.28 08:37,BUY,Swing,3369.606,3364.258,53.5,299.0,6.4,5.59,0.12,1,5,-,1,9,-,1,14,-,1,22,-,1,34,-,1,48,-,1,297,-,1,541,-,0,,,TP,278.60,2752
2025.08.26 07:30,2025.08.28 08:56,BUY,Swing,3370.994,3364.291,67.0,299.7,37.4,4.47,0.56,1,1,139,1,2,139,1,3,139,1,10,139,1,16,139,1,454,-,1,504,-,1,760,-,0,,,TP,278.60,2966
2025.08.28 12:30,2025.08.28 14:12,SELL,LienKe,3407.027,3411.791,47.6,125.9,44.0,2.64,0.92,1,0,72,1,0,72,1,0,72,1,1,72,1,19,72,1,30,72,0,,,0,,,0,,,SL,-47.64,102
2025.08.28 04:15,2025.08.28 18:54,BUY,LienKe,3390.098,3385.709,43.9,296.1,24.7,6.75,0.56,1,5,40,1,21,40,1,142,-,1,149,-,1,262,-,1,266,-,1,435,-,1,577,-,0,,,TP,300.00,879
2025.08.29 19:31,2025.08.29 19:45,SELL,LienKe,3445.010,3448.792,37.8,5.7,31.6,0.15,0.84,0,,,0,,,0,,,0,,,0,,,0,,,0,,,0,,,0,,,SL,-37.82,14
2025.08.29 19:30,2025.08.29 19:45,SELL,LienKe,3444.263,3448.792,45.3,4.3,39.1,0.09,0.86,0,,,0,,,0,,,0,,,0,,,0,,,0,,,0,,,0,,,SL,-45.29,15
2025.08.29 16:32,2025.08.29 19:50,SELL,LienKe,3446.958,3451.429,44.7,58.1,39.0,1.30,0.87,1,8,11,1,68,186,1,70,186,1,77,186,0,,,0,,,0,,,0,,,0,,,SL,-44.71,198
2025.08.29 16:15,2025.08.29 19:50,SELL,LienKe,3444.190,3451.429,72.4,30.4,66.7,0.42,0.92,1,0,1,1,94,99,1,95,99,0,,,0,,,0,,,0,,,0,,,0,,,SL,-72.39,215
2025.08.29 18:00,2025.09.01 01:20,BUY,LienKe,3443.911,3437.988,59.2,100.1,50.3,1.69,0.85,1,25,41,1,94,3127,1,99,3127,1,105,3127,1,111,3127,1,114,3127,0,,,0,,,0,,,SL,-64.58,3320
2025.09.01 02:28,2025.09.01 02:42,SELL,LienKe,3465.006,3474.458,94.5,0.7,87.9,0.01,0.93,0,,,0,,,0,,,0,,,0,,,0,,,0,,,0,,,0,,,SL,-94.52,14
2025.09.01 02:15,2025.09.01 02:42,SELL,LienKe,3458.600,3474.458,158.6,26.0,151.9,0.16,0.96,1,0,2,1,0,2,0,,,0,,,0,,,0,,,0,,,0,,,0,,,SL,-158.58,27
2025.09.01 06:00,2025.09.01 06:23,SELL,LienKe,3477.210,3485.790,85.8,3.1,78.1,0.04,0.91,0,,,0,,,0,,,0,,,0,,,0,,,0,,,0,,,0,,,SL,-85.80,23
2025.09.02 00:00,2025.09.02 00:33,SELL,LienKe,3479.130,3483.961,48.3,5.9,47.7,0.12,0.99,0,,,0,,,0,,,0,,,0,,,0,,,0,,,0,,,0,,,SL,-48.31,33
2025.09.01 12:30,2025.09.02 01:43,BUY,LienKe,3469.888,3464.076,58.1,298.2,12.9,5.13,0.22,1,33,-,1,35,-,1,35,-,1,36,-,1,39,-,1,111,-,1,726,-,1,766,-,0,,,TP,294.65,793
2025.09.01 16:15,2025.09.02 01:45,BUY,LienKe,3473.952,3469.326,46.3,285.4,7.3,6.17,0.16,1,17,-,1,26,-,1,35,-,1,352,-,1,468,-,1,498,-,1,539,-,1,542,-,0,,,TP,294.65,570
2025.09.02 03:33,2025.09.02 06:24,BUY,LienKe,3491.953,3487.664,42.9,63.7,36.1,1.48,0.84,1,6,150,1,8,150,1,19,150,1,70,150,0,,,0,,,0,,,0,,,0,,,SL,-42.89,171
2025.09.02 03:30,2025.09.02 06:24,BUY,LienKe,3493.391,3487.664,57.3,49.3,50.5,0.86,0.88,1,21,36,1,23,36,1,68,114,0,,,0,,,0,,,0,,,0,,,0,,,SL,-57.27,174
2025.09.02 08:15,2025.09.02 14:42,BUY,LienKe,3477.141,3467.194,99.5,282.0,29.5,2.84,0.30,1,1,2,1,20,39,1,28,39,1,115,261,1,163,261,1,216,261,1,228,261,1,353,-,0,,,TP,300.00,387
2025.09.02 15:21,2025.09.02 15:58,SELL,LienKe,3514.166,3519.651,54.8,27.9,51.1,0.51,0.93,1,1,11,1,1,11,0,,,0,,,0,,,0,,,0,,,0,,,0,,,SL,-54.85,37
2025.09.02 15:15,2025.09.02 15:58,SELL,LienKe,3511.714,3519.651,79.4,13.6,75.6,0.17,0.95,1,1,1,0,,,0,,,0,,,0,,,0,,,0,,,0,,,0,,,SL,-79.37,43
2025.09.02 18:45,2025.09.02 19:11,SELL,LienKe,3529.229,3535.068,58.4,38.0,56.1,0.65,0.96,1,4,15,1,5,15,1,5,15,0,,,0,,,0,,,0,,,0,,,0,,,SL,-58.39,26
2025.09.03 09:18,2025.09.03 11:12,SELL,LienKe,3541.012,3544.951,39.4,85.6,32.0,2.17,0.81,1,1,97,1,4,97,1,12,97,1,32,97,1,57,97,0,,,0,,,0,,,0,,,SL,-39.39,114
2025.09.03 09:15,2025.09.03 11:12,SELL,LienKe,3540.034,3544.951,49.2,75.8,41.8,1.54,0.85,1,7,9,1,15,97,1,16,97,1,39,97,0,,,0,,,0,,,0,,,0,,,SL,-49.17,117
2025.09.03 02:18,2025.09.03 11:33,SELL,LienKe,3543.035,3548.994,59.6,160.9,57.2,2.70,0.96,1,4,7,1,11,525,1,13,525,1,14,525,1,35,525,1,37,525,1,217,525,0,,,0,,,SL,-59.59,555
2025.09.03 02:15,2025.09.03 11:33,SELL,LienKe,3540.072,3548.994,89.2,131.3,86.9,1.47,0.97,1,16,19,1,17,19,1,25,31,1,38,356,1,44,356,1,73,356,0,,,0,,,0,,,SL,-89.22,558
2025.09.03 00:37,2025.09.03 12:55,SELL,Swing,3542.044,3549.950,79.1,151.0,77.1,1.91,0.98,1,0,3,1,0,3,1,1,3,1,22,87,1,42,87,1,42,87,1,318,514,0,,,0,,,SL,-79.06,738
2025.09.03 00:30,2025.09.03 12:55,SELL,Swing,3537.109,3549.950,128.4,101.7,126.4,0.79,0.98,1,0,1,1,48,56,1,49,56,1,49,56,1,325,374,1,325,374,0,,,0,,,0,,,SL,-128.41,745
2025.09.03 10:30,2025.09.03 15:32,BUY,LienKe,3536.984,3529.292,76.9,292.9,20.4,3.81,0.26,1,1,7,1,19,-,1,23,-,1,31,-,1,42,-,1,43,-,1,151,-,1,164,-,0,,,TP,300.00,302
2025.09.04 05:34,2025.09.04 05:52,BUY,LienKe,3529.971,3525.672,43.0,41.7,33.8,0.97,0.79,1,0,15,1,1,15,1,7,15,0,,,0,,,0,,,0,,,0,,,0,,,SL,-42.99,18
2025.09.04 05:30,2025.09.04 05:52,BUY,LienKe,3531.465,3525.672,57.9,26.8,48.8,0.46,0.84,1,0,1,1,12,14,0,,,0,,,0,,,0,,,0,,,0,,,0,,,SL,-57.93,22
2025.09.04 12:00,2025.09.04 12:15,SELL,LienKe,3545.419,3552.837,74.2,5.5,42.2,0.07,0.57,0,,,0,,,0,,,0,,,0,,,0,,,0,,,0,,,0,,,SL,-74.18,15
2025.09.04 13:15,2025.09.04 14:04,BUY,LienKe,3546.371,3536.710,96.6,124.2,95.1,1.29,0.98,1,1,30,1,1,30,1,2,30,1,7,30,1,17,30,1,22,30,0,,,0,,,0,,,SL,-96.61,49
2025.09.05 00:33,2025.09.05 05:02,SELL,LienKe,3554.518,3559.504,49.9,83.6,48.9,1.68,0.98,1,3,29,1,7,29,1,11,29,1,117,156,1,119,156,0,,,0,,,0,,,0,,,SL,-49.86,269
2025.09.05 00:15,2025.09.05 05:02,SELL,LienKe,3550.974,3559.504,85.3,48.2,84.3,0.57,0.99,1,0,4,1,135,145,1,136,145,0,,,0,,,0,,,0,,,0,,,0,,,SL,-85.30,287
2025.09.05 09:39,2025.09.05 11:11,SELL,LienKe,3550.091,3554.215,41.2,4.8,38.0,0.12,0.92,0,,,0,,,0,,,0,,,0,,,0,,,0,,,0,,,0,,,SL,-41.24,92
2025.09.05 09:30,2025.09.05 11:11,SELL,LienKe,3548.512,3554.215,57.0,4.7,53.8,0.08,0.94,0,,,0,,,0,,,0,,,0,,,0,,,0,,,0,,,0,,,SL,-57.03,101
2025.09.05 12:00,2025.09.05 12:30,SELL,Swing,3553.791,3558.201,44.1,48.3,16.5,1.10,0.37,1,0,8,1,0,8,1,1,8,0,,,0,,,0,,,0,,,0,,,0,,,SL,-44.10,30
2025.09.05 11:15,2025.09.05 12:30,SELL,LienKe,3552.426,3558.201,57.8,44.0,30.2,0.76,0.52,1,1,1,1,5,44,1,13,44,0,,,0,,,0,,,0,,,0,,,0,,,SL,-57.75,75
2025.09.05 11:15,2025.09.05 12:30,SELL,Swing,3552.426,3558.201,57.8,44.0,30.2,0.76,0.52,1,1,1,1,5,44,1,13,44,0,,,0,,,0,,,0,,,0,,,0,,,SL,-57.75,75
2025.09.04 14:17,2025.09.05 12:30,BUY,LienKe,3539.871,3532.049,78.2,212.8,46.2,2.72,0.59,1,0,1,1,12,-,1,14,-,1,23,-,1,50,-,1,85,-,1,124,-,1,885,-,0,,,TP,294.65,1333
2025.09.04 14:17,2025.09.05 12:30,BUY,Swing,3539.871,3532.049,78.2,212.8,46.2,2.72,0.59,1,0,1,1,12,-,1,14,-,1,23,-,1,50,-,1,85,-,1,124,-,1,885,-,0,,,TP,294.65,1333
2025.09.04 13:45,2025.09.05 12:30,SELL,LienKe,3550.835,3561.793,109.6,156.3,104.7,1.43,0.96,1,0,120,1,0,120,1,0,120,1,0,120,1,15,120,1,15,120,1,19,120,0,,,0,,,SL,-109.58,1365
2025.09.04 11:20,2025.09.05 12:30,BUY,LienKe,3538.257,3533.558,47.0,228.9,32.1,4.87,0.68,1,3,162,1,6,162,1,13,162,1,18,162,1,27,162,1,30,162,1,55,162,1,137,162,0,,,TP,294.65,1510
2025.09.04 11:20,2025.09.05 12:30,BUY,Swing,3538.257,3533.558,47.0,228.9,32.1,4.87,0.68,1,3,162,1,6,162,1,13,162,1,18,162,1,27,162,1,30,162,1,55,162,1,137,162,0,,,TP,294.65,1510
2025.09.04 11:15,2025.09.05 12:30,BUY,LienKe,3540.165,3533.558,66.1,209.9,51.2,3.18,0.77,1,18,20,1,22,113,1,23,113,1,24,113,1,35,113,1,60,113,1,137,165,1,1072,-,0,,,TP,294.65,1515
2025.09.04 11:15,2025.09.05 12:30,BUY,Swing,3540.165,3533.558,66.1,209.9,51.2,3.18,0.77,1,18,20,1,22,113,1,23,113,1,24,113,1,35,113,1,60,113,1,137,165,1,1072,-,0,,,TP,294.65,1515
2025.09.04 14:15,2025.09.05 12:31,BUY,LienKe,3544.901,3532.049,128.5,292.1,96.5,2.27,0.75,1,28,29,1,45,46,1,52,69,1,87,200,1,102,200,1,126,200,1,889,1081,1,1335,-,0,,,TP,294.65,1336
2025.09.05 07:51,2025.09.05 12:32,BUY,LienKe,3548.227,3544.304,39.2,288.2,35.1,7.35,0.89,1,38,42,1,76,98,1,109,241,1,117,241,1,279,-,1,279,-,1,279,-,1,279,-,0,,,TP,300.00,281
2025.09.05 07:45,2025.09.05 12:33,BUY,LienKe,3549.909,3544.304,56.1,295.1,51.9,5.26,0.93,1,87,88,1,123,174,1,123,174,1,207,215,1,285,-,1,285,-,1,285,-,1,285,-,0,,,TP,300.00,288
2025.09.05 02:45,2025.09.05 12:33,BUY,LienKe,3549.957,3542.994,69.6,294.6,52.4,4.23,0.75,1,5,8,1,6,8,1,24,216,1,37,216,1,47,216,1,139,216,1,585,-,1,585,-,0,,,TP,300.00,588
2025.09.05 02:45,2025.09.05 12:33,BUY,LienKe,3550.312,3542.994,73.2,291.0,55.9,3.98,0.76,1,6,8,1,6,8,1,24,212,1,43,212,1,68,212,1,142,212,1,585,-,1,585,-,0,,,TP,300.00,588
2025.09.07 22:23,2025.09.08 07:04,SELL,LienKe,3594.286,3599.716,54.3,145.5,52.3,2.68,0.96,1,1,3,1,2,3,1,13,156,1,51,156,1,167,218,1,321,471,0,,,0,,,0,,,SL,-54.30,521
2025.09.09 00:38,2025.09.09 01:20,SELL,Swing,3638.988,3643.893,49.1,28.6,43.1,0.58,0.88,1,3,9,1,31,35,0,,,0,,,0,,,0,,,0,,,0,,,0,,,SL,-49.05,42
2025.09.09 00:30,2025.09.09 01:20,SELL,Swing,3636.853,3643.893,70.4,7.3,64.5,0.10,0.92,0,,,0,,,0,,,0,,,0,,,0,,,0,,,0,,,0,,,SL,-70.40,50
2025.09.09 03:31,2025.09.09 06:08,BUY,LienKe,3645.653,3640.762,48.9,136.5,48.1,2.79,0.98,1,3,4,1,36,154,1,39,154,1,52,154,1,68,154,1,74,154,0,,,0,,,0,,,SL,-48.91,157
2025.09.09 03:30,2025.09.09 06:08,BUY,LienKe,3648.879,3640.762,81.2,104.2,80.4,1.28,0.99,1,51,155,1,53,155,1,57,155,1,69,155,1,75,155,1,140,155,0,,,0,,,0,,,SL,-81.17,158
2025.09.08 23:30,2025.09.09 13:28,BUY,LienKe,3631.321,3625.192,61.3,297.2,13.8,4.85,0.22,1,20,-,1,21,-,1,21,-,1,30,-,1,52,-,1,93,-,1,125,-,1,159,-,0,,,TP,294.65,838
2025.09.10 05:24,2025.09.10 06:19,SELL,LienKe,3643.866,3647.683,38.2,38.2,31.3,1.00,0.82,1,10,34,1,11,34,1,13,34,0,,,0,,,0,,,0,,,0,,,0,,,SL,-38.17,55
2025.09.10 05:15,2025.09.10 06:19,SELL,LienKe,3643.008,3647.683,46.8,29.6,39.8,0.63,0.85,1,4,6,1,22,35,0,,,0,,,0,,,0,,,0,,,0,,,0,,,SL,-46.75,64
2025.09.10 11:36,2025.09.10 12:15,BUY,LienKe,3652.392,3647.209,51.8,9.9,45.9,0.19,0.89,0,,,0,,,0,,,0,,,0,,,0,,,0,,,0,,,0,,,SL,-51.83,38
2025.09.10 15:23,2025.09.10 15:24,BUY,LienKe,3645.685,3640.823,48.6,0.0,30.0,0.00,0.62,0,,,0,,,0,,,0,,,0,,,0,,,0,,,0,,,0,,,SL,-48.62,1
2025.09.10 15:15,2025.09.10 15:24,BUY,LienKe,3648.104,3640.823,72.8,5.5,54.2,0.08,0.74,0,,,0,,,0,,,0,,,0,,,0,,,0,,,0,,,0,,,SL,-72.81,9
2025.09.10 10:48,2025.09.11 05:32,SELL,LienKe,3656.119,3660.428,43.1,262.4,16.6,6.09,0.39,1,12,28,1,13,28,1,15,28,1,16,28,1,86,102,1,109,-,1,124,-,1,528,-,0,,,TP,300.00,1124
2025.09.10 10:45,2025.09.11 05:55,SELL,LienKe,3654.836,3660.428,55.9,293.5,29.5,5.25,0.53,1,18,24,1,18,24,1,19,24,1,56,105,1,112,212,1,113,212,1,280,-,1,960,-,0,,,TP,300.00,1150
2025.09.11 18:15,2025.09.12 01:02,SELL,LienKe,3634.404,3640.098,56.9,39.5,45.0,0.69,0.79,1,2,6,1,14,50,1,15,50,0,,,0,,,0,,,0,,,0,,,0,,,SL,-56.94,407
2025.09.12 06:19,2025.09.12 07:44,BUY,LienKe,3652.153,3648.225,39.3,16.3,39.1,0.41,1.00,1,50,51,0,,,0,,,0,,,0,,,0,,,0,,,0,,,0,,,SL,-39.28,85
2025.09.12 06:15,2025.09.12 07:44,BUY,LienKe,3653.525,3648.225,53.0,5.8,52.9,0.11,1.00,0,,,0,,,0,,,0,,,0,,,0,,,0,,,0,,,0,,,SL,-53.00,89
2025.09.12 18:29,2025.09.12 19:57,BUY,LienKe,3647.753,3644.053,37.0,16.5,35.2,0.45,0.95,1,14,31,0,,,0,,,0,,,0,,,0,,,0,,,0,,,0,,,SL,-37.00,88
2025.09.12 18:15,2025.09.12 19:57,BUY,LienKe,3648.574,3644.053,45.2,8.3,43.4,0.18,0.96,0,,,0,,,0,,,0,,,0,,,0,,,0,,,0,,,0,,,SL,-45.21,102
2025.09.11 23:00,2025.09.15 01:01,BUY,LienKe,3635.016,3630.103,49.1,216.0,44.9,4.40,0.91,1,1,4,1,112,4384,1,121,4384,1,122,4384,1,131,4384,1,151,4384,1,209,4384,1,330,4384,0,,,SL,-59.83,4441
2025.09.12 17:32,2025.09.15 13:21,SELL,LienKe,3649.071,3653.615,45.4,223.7,44.8,4.92,0.99,1,30,43,1,97,4038,1,116,4038,1,145,4038,1,3168,4038,1,3230,4038,1,3307,4038,1,3333,4038,0,,,SL,-45.44,4068
2025.09.12 17:30,2025.09.15 13:21,SELL,LienKe,3647.850,3653.615,57.6,211.5,57.0,3.67,0.99,1,109,4037,1,124,4037,1,146,4037,1,158,4037,1,3215,4037,1,3233,4037,1,3315,4037,1,3342,4037,0,,,SL,-57.65,4071
2025.09.16 13:47,2025.09.16 14:17,SELL,LienKe,3696.453,3701.599,51.5,26.4,37.8,0.51,0.74,1,0,1,1,18,20,0,,,0,,,0,,,0,,,0,,,0,,,0,,,SL,-51.46,30
2025.09.16 13:45,2025.09.16 14:17,SELL,LienKe,3693.214,3701.599,83.9,0.0,70.2,0.00,0.84,0,,,0,,,0,,,0,,,0,,,0,,,0,,,0,,,0,,,SL,-83.85,32
2025.09.16 09:32,2025.09.16 14:17,SELL,LienKe,3696.517,3700.946,44.3,112.4,37.2,2.54,0.84,1,2,5,1,72,131,1,82,131,1,105,131,1,178,243,1,210,243,0,,,0,,,0,,,SL,-44.29,285
2025.09.16 09:30,2025.09.16 14:17,SELL,LienKe,3695.057,3700.946,58.9,97.8,51.8,1.66,0.88,1,74,75,1,93,128,1,95,128,1,180,241,1,191,241,0,,,0,,,0,,,0,,,SL,-58.89,287
2025.09.16 14:30,2025.09.17 08:42,SELL,LienKe,3692.880,3706.088,132.1,298.4,31.7,2.26,0.24,1,2,5,1,2,5,1,2,5,1,21,345,1,35,345,1,36,345,1,667,-,1,970,-,0,,,TP,300.00,1092
2025.09.18 04:33,2025.09.18 04:59,BUY,LienKe,3657.575,3653.595,39.8,1.7,39.5,0.04,0.99,0,,,0,,,0,,,0,,,0,,,0,,,0,,,0,,,0,,,SL,-39.80,26
2025.09.18 04:15,2025.09.18 04:59,BUY,LienKe,3658.746,3653.595,51.5,5.5,51.2,0.11,0.99,0,,,0,,,0,,,0,,,0,,,0,,,0,,,0,,,0,,,SL,-51.51,44
2025.09.18 19:31,2025.09.18 19:59,SELL,LienKe,3643.322,3647.118,38.0,6.5,35.1,0.17,0.93,0,,,0,,,0,,,0,,,0,,,0,,,0,,,0,,,0,,,SL,-37.96,28
2025.09.18 19:30,2025.09.18 19:59,SELL,LienKe,3642.499,3647.118,46.2,0.0,43.4,0.00,0.94,0,,,0,,,0,,,0,,,0,,,0,,,0,,,0,,,0,,,SL,-46.19,29
2025.09.19 00:45,2025.09.19 01:51,BUY,LienKe,3638.654,3633.241,54.1,125.6,21.3,2.32,0.39,1,8,65,1,9,65,1,16,65,1,19,65,1,22,65,1,23,65,0,,,0,,,0,,,SL,-54.13,66
2025.09.19 08:00,2025.09.19 13:52,SELL,LienKe,3653.874,3660.576,67.0,99.5,64.1,1.48,0.96,1,7,9,1,14,21,1,15,21,1,221,316,1,236,316,0,,,0,,,0,,,0,,,SL,-67.02,352
2025.09.19 09:30,2025.09.19 13:56,SELL,Swing,3657.017,3661.535,45.2,130.9,36.8,2.90,0.81,1,18,22,1,90,241,1,101,241,1,109,241,1,131,241,1,145,241,0,,,0,,,0,,,SL,-45.18,266
2025.09.19 09:30,2025.09.19 13:56,SELL,Swing,3656.626,3661.535,49.1,127.0,40.7,2.59,0.83,1,66,72,1,90,240,1,101,240,1,114,240,1,131,240,1,145,240,0,,,0,,,0,,,SL,-49.09,266
2025.09.19 05:15,2025.09.19 13:57,SELL,LienKe,3657.803,3664.294,64.9,143.7,46.4,2.21,0.71,1,11,12,1,18,241,1,21,241,1,39,241,1,63,241,1,66,241,0,,,0,,,0,,,SL,-64.91,522
2025.09.22 04:00,2025.09.22 05:50,SELL,Swing,3695.419,3700.484,50.7,51.5,42.0,1.02,0.83,1,3,76,1,7,76,1,11,76,1,37,76,0,,,0,,,0,,,0,,,0,,,SL,-50.65,110
2025.09.22 16:17,2025.09.22 17:30,SELL,LienKe,3737.614,3742.118,45.0,14.0,42.2,0.31,0.94,1,2,6,0,,,0,,,0,,,0,,,0,,,0,,,0,,,0,,,SL,-45.04,73
2025.09.22 16:15,2025.09.22 17:30,SELL,LienKe,3735.525,3742.118,65.9,0.0,63.0,0.00,0.96,0,,,0,,,0,,,0,,,0,,,0,,,0,,,0,,,0,,,SL,-65.93,75
2025.09.23 03:00,2025.09.23 08:47,BUY,Swing,3741.840,3733.722,81.2,291.2,28.4,3.59,0.35,1,20,22,1,22,24,1,47,-,1,49,-,1,148,-,1,151,-,1,161,-,1,331,-,0,,,TP,300.00,347
2025.09.23 07:15,2025.09.23 09:12,BUY,LienKe,3753.164,3745.896,72.7,295.2,23.1,4.06,0.32,1,10,27,1,13,27,1,15,27,1,64,-,1,76,-,1,77,-,1,85,-,1,93,-,0,,,TP,300.00,117
2025.09.23 16:45,2025.09.23 18:57,BUY,LienKe,3773.844,3762.035,118.1,118.6,102.7,1.00,0.87,1,0,1,1,2,126,1,3,126,1,7,126,1,8,126,1,40,126,0,,,0,,,0,,,SL,-118.09,132
2025.09.23 16:45,2025.09.23 18:57,BUY,Swing,3773.844,3762.035,118.1,118.6,102.7,1.00,0.87,1,0,1,1,2,126,1,3,126,1,7,126,1,8,126,1,40,126,0,,,0,,,0,,,SL,-118.09,132
2025.09.24 04:31,2025.09.24 05:13,SELL,LienKe,3765.446,3770.674,52.3,0.0,51.5,0.00,0.99,0,,,0,,,0,,,0,,,0,,,0,,,0,,,0,,,0,,,SL,-52.28,42
2025.09.24 04:30,2025.09.24 05:13,SELL,LienKe,3764.972,3770.674,57.0,1.6,56.3,0.03,0.99,0,,,0,,,0,,,0,,,0,,,0,,,0,,,0,,,0,,,SL,-57.02,43
2025.09.24 01:15,2025.09.24 05:36,SELL,LienKe,3763.363,3774.839,114.8,126.1,110.4,1.10,0.96,1,0,1,1,0,1,1,6,139,1,18,139,1,35,139,1,60,139,0,,,0,,,0,,,SL,-114.76,261
2025.09.24 11:15,2025.09.24 14:08,BUY,LienKe,3763.160,3756.629,65.3,98.6,41.4,1.51,0.63,1,0,138,1,2,138,1,18,138,1,21,138,1,65,138,0,,,0,,,0,,,0,,,SL,-65.31,173
2025.09.24 10:43,2025.09.24 14:08,BUY,LienKe,3761.979,3756.764,52.1,110.4,29.6,2.12,0.57,1,2,5,1,32,174,1,34,174,1,52,174,1,78,174,1,158,174,0,,,0,,,0,,,SL,-52.15,205
2025.09.24 10:30,2025.09.24 14:08,BUY,LienKe,3764.252,3756.764,74.9,87.6,52.3,1.17,0.70,1,0,2,1,63,127,1,65,127,1,80,127,1,171,181,0,,,0,,,0,,,0,,,SL,-74.88,218
2025.09.23 19:30,2025.09.24 15:31,BUY,LienKe,3758.876,3748.856,100.2,203.8,95.2,2.03,0.95,1,0,1,1,4,281,1,5,281,1,5,281,1,22,281,1,218,281,1,605,1118,1,731,1118,0,,,SL,-105.55,1201
2025.09.25 05:54,2025.09.25 06:11,SELL,LienKe,3739.520,3744.316,48.0,16.5,47.4,0.34,0.99,1,5,7,0,,,0,,,0,,,0,,,0,,,0,,,0,,,0,,,SL,-47.96,17
2025.09.25 05:45,2025.09.25 06:11,SELL,LienKe,3737.804,3744.316,65.1,14.2,64.6,0.22,0.99,1,7,8,0,,,0,,,0,,,0,,,0,,,0,,,0,,,0,,,SL,-65.12,26
2025.09.26 08:19,2025.09.26 08:41,SELL,LienKe,3750.529,3755.128,46.0,4.3,37.8,0.09,0.82,0,,,0,,,0,,,0,,,0,,,0,,,0,,,0,,,0,,,SL,-45.99,22
2025.09.26 08:15,2025.09.26 08:41,SELL,LienKe,3748.885,3755.128,62.4,1.2,54.2,0.02,0.87,0,,,0,,,0,,,0,,,0,,,0,,,0,,,0,,,0,,,SL,-62.43,26
2025.09.26 10:15,2025.09.26 13:07,SELL,LienKe,3752.540,3758.015,54.7,94.8,51.0,1.73,0.93,1,2,81,1,4,81,1,6,81,1,25,81,1,32,81,0,,,0,,,0,,,0,,,SL,-54.75,172
2025.09.26 13:00,2025.09.26 13:08,SELL,Swing,3754.415,3760.458,60.4,21.6,44.9,0.36,0.74,1,0,0,1,1,4,0,,,0,,,0,,,0,,,0,,,0,,,0,,,SL,-60.43,8
2025.09.26 13:00,2025.09.26 13:08,SELL,Swing,3752.092,3760.458,83.7,6.3,68.2,0.08,0.81,0,,,0,,,0,,,0,,,0,,,0,,,0,,,0,,,0,,,SL,-83.66,8
2025.09.26 07:15,2025.09.26 14:09,BUY,LienKe,3743.181,3736.207,69.7,292.6,11.6,4.20,0.17,1,1,5,1,2,5,1,15,213,1,27,213,1,52,213,1,79,213,1,352,-,1,355,-,0,,,TP,300.00,414
2025.09.29 05:53,2025.09.29 06:00,SELL,LienKe,3809.273,3815.115,58.4,0.0,53.8,0.00,0.92,0,,,0,,,0,,,0,,,0,,,0,,,0,,,0,,,0,,,SL,-58.42,6
2025.09.29 05:15,2025.09.29 06:00,SELL,LienKe,3806.430,3815.115,86.8,49.6,82.2,0.57,0.95,1,3,9,1,5,9,1,6,9,0,,,0,,,0,,,0,,,0,,,0,,,SL,-86.85,45
2025.09.29 12:50,2025.09.29 13:04,BUY,LienKe,3814.828,3809.594,52.3,22.5,39.2,0.43,0.75,1,0,1,1,0,1,0,,,0,,,0,,,0,,,0,,,0,,,0,,,SL,-52.34,14
2025.09.29 12:45,2025.09.29 13:04,BUY,LienKe,3817.177,3809.594,75.8,16.0,62.7,0.21,0.83,1,4,5,0,,,0,,,0,,,0,,,0,,,0,,,0,,,0,,,SL,-75.83,19
2025.09.30 17:34,2025.09.30 19:18,SELL,LienKe,3847.162,3851.696,45.3,73.5,38.4,1.62,0.85,1,10,74,1,10,74,1,12,74,1,29,74,0,,,0,,,0,,,0,,,0,,,SL,-45.34,104
2025.09.30 17:30,2025.09.30 19:18,SELL,LienKe,3845.666,3851.696,60.3,58.5,53.4,0.97,0.89,1,16,51,1,16,51,1,33,51,1,36,51,0,,,0,,,0,,,0,,,0,,,SL,-60.30,108
2025.10.01 03:00,2025.10.01 06:21,BUY,LienKe,3863.434,3855.013,84.2,64.4,79.2,0.76,0.94,1,0,3,1,1,3,1,120,128,1,123,128,0,,,0,,,0,,,0,,,0,,,SL,-84.21,201
2025.10.01 05:19,2025.10.01 07:36,SELL,LienKe,3867.396,3872.876,54.8,139.0,49.7,2.54,0.91,1,1,2,1,7,117,1,13,117,1,26,117,1,50,117,1,59,117,0,,,0,,,0,,,SL,-54.80,137
2025.10.01 05:15,2025.10.01 07:36,SELL,LienKe,3864.221,3872.876,86.6,107.3,81.4,1.24,0.94,1,28,35,1,30,35,1,47,87,1,54,87,1,65,87,1,66,87,0,,,0,,,0,,,SL,-86.55,141
2025.10.01 02:15,2025.10.01 07:52,SELL,LienKe,3867.649,3878.562,109.1,141.5,92.0,1.30,0.84,1,7,8,1,9,13,1,20,168,1,39,168,1,39,168,1,81,168,0,,,0,,,0,,,SL,-109.13,337
2025.10.01 06:30,2025.10.01 08:19,BUY,Swing,3862.087,3850.334,117.5,290.5,42.9,2.47,0.36,1,11,21,1,12,21,1,42,-,1,44,-,1,52,-,1,60,-,1,82,-,1,92,-,0,,,TP,300.00,109
2025.10.01 03:45,2025.10.01 08:20,BUY,LienKe,3864.005,3852.514,114.9,290.3,106.7,2.53,0.93,1,74,83,1,75,83,1,78,83,1,79,83,1,225,-,1,233,-,1,247,-,1,258,-,0,,,TP,300.00,275
2025.10.02 11:35,2025.10.02 12:05,SELL,LienKe,3884.492,3888.384,38.9,19.5,36.0,0.50,0.92,1,0,1,0,,,0,,,0,,,0,,,0,,,0,,,0,,,0,,,SL,-38.92,30
2025.10.02 11:30,2025.10.02 12:05,SELL,LienKe,3883.591,3888.384,47.9,14.5,45.0,0.30,0.94,1,1,2,0,,,0,,,0,,,0,,,0,,,0,,,0,,,0,,,SL,-47.93,35
2025.10.01 18:15,2025.10.02 12:06,BUY,Swing,3859.910,3851.868,80.4,289.2,70.8,3.60,0.88,1,0,26,1,1,26,1,2,26,1,5,26,1,88,245,1,93,245,1,869,-,1,950,-,0,,,TP,283.95,1071
2025.10.02 12:15,2025.10.02 13:31,SELL,LienKe,3886.542,3895.014,84.7,63.3,78.0,0.75,0.92,1,0,20,1,0,20,1,1,20,1,2,20,0,,,0,,,0,,,0,,,0,,,SL,-84.72,76
2025.10.02 05:00,2025.10.02 13:31,BUY,LienKe,3864.397,3858.799,56.0,297.8,27.0,5.32,0.48,1,0,116,1,1,116,1,7,116,1,25,116,1,75,116,1,136,148,1,288,-,1,378,-,0,,,TP,300.00,511
2025.10.02 15:52,2025.10.02 19:06,BUY,LienKe,3827.077,3816.335,107.4,299.2,3.5,2.79,0.03,1,0,-,1,0,-,1,0,-,1,11,-,1,12,-,1,18,-,1,27,-,1,80,-,0,,,TP,300.00,194
2025.10.02 23:25,2025.10.02 23:37,SELL,LienKe,3858.116,3861.625,35.1,0.0,33.9,0.00,0.97,0,,,0,,,0,,,0,,,0,,,0,,,0,,,0,,,0,,,SL,-35.09,12
2025.10.02 23:15,2025.10.02 23:37,SELL,LienKe,3857.639,3861.625,39.9,6.6,38.7,0.17,0.97,0,,,0,,,0,,,0,,,0,,,0,,,0,,,0,,,0,,,SL,-39.86,22
2025.10.03 00:49,2025.10.03 01:11,BUY,LienKe,3857.411,3853.416,39.9,52.1,10.9,1.30,0.27,1,15,17,1,16,17,1,16,17,1,16,17,0,,,0,,,0,,,0,,,0,,,SL,-39.95,22
2025.10.03 00:45,2025.10.03 01:11,BUY,LienKe,3858.555,3853.416,51.4,40.7,22.3,0.79,0.43,1,20,21,1,20,21,1,20,21,0,,,0,,,0,,,0,,,0,,,0,,,SL,-51.39,26
2025.10.02 15:45,2025.10.03 07:42,BUY,LienKe,3835.018,3816.335,186.8,291.7,82.9,1.56,0.44,1,0,0,1,25,-,1,27,-,1,28,-,1,34,-,1,62,-,1,185,-,1,198,-,0,,,TP,294.65,957
2025.10.03 10:38,2025.10.03 12:34,SELL,LienKe,3864.328,3869.285,49.6,94.8,43.4,1.91,0.88,1,36,76,1,36,76,1,37,76,1,39,76,1,56,76,0,,,0,,,0,,,0,,,SL,-49.57,115
2025.10.03 10:30,2025.10.03 12:34,SELL,LienKe,3863.335,3869.285,59.5,84.9,53.3,1.43,0.90,1,6,6,1,45,82,1,46,82,1,48,82,1,64,82,0,,,0,,,0,,,0,,,SL,-59.50,124
2025.10.03 11:45,2025.10.03 13:45,BUY,Swing,3860.147,3851.689,84.6,273.6,10.6,3.24,0.12,1,2,-,1,4,-,1,7,-,1,30,-,1,47,-,1,56,-,1,76,-,1,96,-,0,,,TP,300.00,120
2025.10.03 18:00,2025.10.05 23:03,BUY,LienKe,3882.181,3873.883,83.0,267.0,22.6,3.22,0.27,1,0,2,1,12,13,1,31,-,1,33,-,1,3134,-,1,3136,-,1,3179,-,1,3179,-,0,,,TP,294.65,3183
2025.10.03 20:45,2025.10.05 23:04,BUY,LienKe,3885.018,3879.845,51.7,282.7,9.8,5.47,0.19,1,5,2965,1,11,2965,1,2960,2965,1,2969,-,1,2972,-,1,3002,-,1,3014,-,1,3017,-,0,,,TP,294.65,3019
2025.10.06 03:17,2025.10.06 03:45,SELL,LienKe,3924.304,3929.652,53.5,38.6,51.7,0.72,0.97,1,3,19,1,4,19,1,4,19,0,,,0,,,0,,,0,,,0,,,0,,,SL,-53.48,28
2025.10.06 03:15,2025.10.06 03:45,SELL,LienKe,3921.987,3929.652,76.6,15.4,74.8,0.20,0.98,1,10,11,0,,,0,,,0,,,0,,,0,,,0,,,0,,,0,,,SL,-76.65,30
2025.10.06 04:22,2025.10.06 04:40,SELL,LienKe,3931.485,3936.386,49.0,19.0,48.9,0.39,1.00,1,0,1,0,,,0,,,0,,,0,,,0,,,0,,,0,,,0,,,SL,-49.01,17
2025.10.06 04:15,2025.10.06 04:40,SELL,LienKe,3929.477,3936.386,69.1,5.1,69.0,0.07,1.00,0,,,0,,,0,,,0,,,0,,,0,,,0,,,0,,,0,,,SL,-69.09,25
2025.10.06 12:00,2025.10.06 12:34,BUY,LienKe,3938.416,3927.997,104.2,29.4,99.4,0.28,0.95,1,9,10,1,14,20,0,,,0,,,0,,,0,,,0,,,0,,,0,,,SL,-104.19,34
2025.10.06 12:45,2025.10.06 15:55,BUY,LienKe,3931.621,3923.472,81.5,278.9,44.8,3.42,0.55,1,0,1,1,4,21,1,5,21,1,8,21,1,55,-,1,56,-,1,60,-,1,108,-,0,,,TP,300.00,190
2025.10.07 06:18,2025.10.07 06:42,BUY,LienKe,3962.138,3956.761,53.8,41.8,35.7,0.78,0.66,1,1,14,1,2,14,1,3,14,0,,,0,,,0,,,0,,,0,,,0,,,SL,-53.77,24
2025.10.07 06:15,2025.10.07 06:42,BUY,LienKe,3964.680,3956.761,79.2,16.4,61.1,0.21,0.77,1,7,7,0,,,0,,,0,,,0,,,0,,,0,,,0,,,0,,,SL,-79.19,27
2025.10.07 01:30,2025.10.07 07:00,BUY,LienKe,3958.758,3952.804,59.5,181.6,49.3,3.05,0.83,1,0,2,1,0,2,1,42,311,1,49,311,1,65,311,1,105,311,1,140,311,0,,,0,,,SL,-59.54,330
2025.10.07 01:30,2025.10.07 07:00,BUY,Swing,3958.758,3952.804,59.5,181.6,49.3,3.05,0.83,1,0,2,1,0,2,1,42,311,1,49,311,1,65,311,1,105,311,1,140,311,0,,,0,,,SL,-59.54,330
2025.10.07 01:15,2025.10.07 07:00,BUY,LienKe,3961.884,3952.804,90.8,150.4,80.6,1.66,0.89,1,1,2,1,64,131,1,65,131,1,80,131,1,144,237,1,148,237,1,213,237,0,,,0,,,SL,-90.80,345
2025.10.07 01:15,2025.10.07 07:00,BUY,Swing,3961.884,3952.804,90.8,150.4,80.6,1.66,0.89,1,1,2,1,64,131,1,65,131,1,80,131,1,144,237,1,148,237,1,213,237,0,,,0,,,SL,-90.80,345
2025.10.07 12:33,2025.10.07 12:49,SELL,LienKe,3968.309,3975.298,69.9,17.5,60.5,0.25,0.87,1,1,2,0,,,0,,,0,,,0,,,0,,,0,,,0,,,0,,,SL,-69.89,16
2025.10.07 12:30,2025.10.07 12:49,SELL,LienKe,3965.868,3975.298,94.3,6.7,84.9,0.07,0.90,0,,,0,,,0,,,0,,,0,,,0,,,0,,,0,,,0,,,SL,-94.30,19
2025.10.07 08:15,2025.10.07 12:52,BUY,LienKe,3946.581,3937.820,87.6,288.8,15.2,3.30,0.17,1,0,-,1,0,-,1,4,-,1,8,-,1,54,-,1,56,-,1,68,-,1,211,-,0,,,TP,300.00,277
2025.10.07 14:45,2025.10.07 15:18,SELL,LienKe,3982.884,3989.545,66.6,36.1,62.3,0.54,0.94,1,18,19,1,21,23,1,21,23,0,,,0,,,0,,,0,,,0,,,0,,,SL,-66.61,33
2025.10.07 14:45,2025.10.07 15:18,SELL,LienKe,3979.346,3989.545,102.0,0.7,97.7,0.01,0.96,0,,,0,,,0,,,0,,,0,,,0,,,0,,,0,,,0,,,SL,-101.99,33
2025.10.07 15:30,2025.10.07 23:47,SELL,LienKe,3984.945,3994.059,91.1,229.7,75.9,2.52,0.83,1,0,2,1,0,2,1,7,101,1,9,101,1,9,101,1,10,101,1,15,101,1,18,101,0,,,SL,-91.14,497
2025.10.07 23:16,2025.10.07 23:49,SELL,LienKe,3991.141,3995.292,41.5,26.2,41.1,0.63,0.99,1,9,29,1,10,29,0,,,0,,,0,,,0,,,0,,,0,,,0,,,SL,-41.51,33
2025.10.07 23:15,2025.10.07 23:49,SELL,LienKe,3990.034,3995.292,52.6,15.2,52.2,0.29,0.99,1,11,16,0,,,0,,,0,,,0,,,0,,,0,,,0,,,0,,,SL,-52.58,34
2025.10.08 11:17,2025.10.08 13:36,BUY,LienKe,4034.545,4029.870,46.8,148.7,35.9,3.18,0.77,1,3,3,1,5,9,1,25,31,1,46,79,1,47,79,1,50,79,0,,,0,,,0,,,SL,-46.75,139
2025.10.08 11:15,2025.10.08 13:36,BUY,LienKe,4036.418,4029.870,65.5,130.0,54.6,1.99,0.83,1,27,28,1,46,70,1,47,70,1,49,70,1,52,70,1,54,70,0,,,0,,,0,,,SL,-65.48,141
2025.10.08 06:30,2025.10.08 16:30,BUY,LienKe,4026.678,4018.329,83.5,297.4,11.8,3.56,0.14,1,1,426,1,1,426,1,2,426,1,12,426,1,38,426,1,39,426,1,196,426,1,204,426,0,,,TP,300.00,600
2025.10.08 17:45,2025.10.08 18:15,BUY,LienKe,4049.781,4039.840,99.4,37.8,86.9,0.38,0.87,1,0,15,1,1,15,1,2,15,0,,,0,,,0,,,0,,,0,,,0,,,SL,-99.41,30
2025.10.08 23:23,2025.10.08 23:48,BUY,LienKe,4016.252,4008.948,73.0,31.7,69.1,0.43,0.95,1,7,9,1,8,9,1,8,9,0,,,0,,,0,,,0,,,0,,,0,,,SL,-73.04,25
2025.10.08 23:15,2025.10.08 23:48,BUY,LienKe,4020.677,4008.948,117.3,8.6,113.4,0.07,0.97,0,,,0,,,0,,,0,,,0,,,0,,,0,,,0,,,0,,,SL,-117.29,33
2025.10.09 02:32,2025.10.09 04:26,BUY,LienKe,4007.802,3999.498,83.0,298.9,19.0,3.60,0.23,1,0,1,1,4,-,1,4,-,1,5,-,1,6,-,1,8,-,1,37,-,1,66,-,0,,,TP,300.00,114
2025.10.09 02:30,2025.10.09 05:32,BUY,LienKe,4013.350,3999.498,138.5,279.9,74.4,2.02,0.54,1,8,-,1,8,-,1,8,-,1,17,-,1,32,-,1,40,-,1,68,-,1,105,-,0,,,TP,300.00,182
2025.10.09 11:38,2025.10.09 12:54,SELL,Swing,4042.074,4049.757,76.8,45.5,65.5,0.59,0.85,1,1,2,1,42,48,1,42,48,0,,,0,,,0,,,0,,,0,,,0,,,SL,-76.83,76
2025.10.09 11:15,2025.10.09 12:54,SELL,Swing,4038.208,4049.757,115.5,45.9,104.1,0.40,0.90,1,1,15,1,2,15,1,2,15,0,,,0,,,0,,,0,,,0,,,0,,,SL,-115.49,99
2025.10.10 14:15,2025.10.10 15:07,BUY,LienKe,3980.757,3967.604,131.5,280.5,40.1,2.13,0.30,1,0,0,1,3,20,1,4,20,1,5,20,1,43,-,1,43,-,1,46,-,1,50,-,0,,,TP,300.00,52
2025.10.10 17:31,2025.10.10 18:23,BUY,LienKe,3978.576,3971.975,66.0,265.3,3.0,4.02,0.05,1,1,-,1,1,-,1,1,-,1,3,-,1,4,-,1,4,-,1,42,-,1,44,-,0,,,TP,300.00,52
2025.10.10 17:15,2025.10.10 19:38,BUY,LienKe,3982.356,3971.975,103.8,272.0,40.8,2.62,0.39,1,1,2,1,1,2,1,3,15,1,20,-,1,23,-,1,52,-,1,60,-,1,67,-,0,,,TP,300.00,143
2025.10.13 00:30,2025.10.13 05:24,BUY,LienKe,4040.760,4021.300,194.6,295.4,50.2,1.52,0.26,1,5,7,1,5,7,1,5,7,1,8,30,1,9,30,1,9,30,1,14,30,1,274,-,0,,,TP,300.00,294
2025.10.13 22:49,2025.10.13 23:33,SELL,LienKe,4111.586,4117.315,57.3,0.0,55.5,0.00,0.97,0,,,0,,,0,,,0,,,0,,,0,,,0,,,0,,,0,,,SL,-57.29,44
2025.10.13 17:50,2025.10.14 01:11,BUY,LienKe,4103.761,4098.747,50.1,288.0,130.6,5.74,2.60,1,26,28,1,34,38,1,36,38,1,123,-,1,178,-,1,252,-,1,343,-,1,344,-,0,,,TP,294.65,441
2025.10.13 17:15,2025.10.14 01:11,BUY,LienKe,4106.913,4098.747,81.7,256.5,162.1,3.14,1.99,1,5,31,1,6,31,1,6,31,1,8,31,1,13,31,1,357,-,1,379,-,1,380,-,0,,,TP,294.65,476
2025.10.14 06:42,2025.10.14 08:02,BUY,Swing,4100.877,4087.542,133.4,273.6,101.6,2.05,0.76,1,1,2,1,1,2,1,1,2,1,8,-,1,11,-,1,15,-,1,33,-,1,35,-,0,,,TP,300.00,80
2025.10.14 17:07,2025.10.14 22:14,SELL,Swing,4148.995,4158.316,93.2,144.8,82.4,1.55,0.88,1,3,3,1,5,17,1,6,17,1,9,17,1,149,302,1,149,302,0,,,0,,,0,,,SL,-93.21,307
2025.10.14 17:00,2025.10.14 22:14,SELL,LienKe,4140.406,4158.316,179.1,58.9,168.3,0.33,0.94,1,0,1,1,0,1,1,157,158,1,157,158,0,,,0,,,0,,,0,,,0,,,SL,-179.10,314
2025.10.14 17:00,2025.10.14 22:14,SELL,Swing,4140.406,4158.316,179.1,58.9,168.3,0.33,0.94,1,0,1,1,0,1,1,157,158,1,157,158,0,,,0,,,0,,,0,,,0,,,SL,-179.10,314
2025.10.16 05:00,2025.10.16 05:14,BUY,LienKe,4233.625,4224.912,87.1,11.8,41.5,0.13,0.48,1,2,2,0,,,0,,,0,,,0,,,0,,,0,,,0,,,0,,,SL,-87.13,14
2025.10.16 08:22,2025.10.16 09:58,SELL,LienKe,4233.994,4238.933,49.4,117.7,47.3,2.38,0.96,1,5,23,1,5,23,1,6,23,1,14,23,1,64,92,1,67,92,0,,,0,,,0,,,SL,-49.39,96
2025.10.16 08:15,2025.10.16 09:58,SELL,LienKe,4232.076,4238.933,68.6,98.5,66.5,1.44,0.97,1,13,14,1,21,25,1,21,25,1,71,98,1,73,98,0,,,0,,,0,,,0,,,SL,-68.57,103
2025.10.16 17:47,2025.10.16 19:53,SELL,LienKe,4292.371,4301.709,93.4,188.2,58.3,2.02,0.62,1,6,6,1,18,19,1,18,19,1,27,51,1,27,51,1,28,51,1,29,51,0,,,0,,,SL,-93.38,126
2025.10.16 17:45,2025.10.16 19:53,SELL,LienKe,4290.963,4301.709,107.5,174.1,72.4,1.62,0.67,1,1,2,1,1,2,1,1,2,1,29,38,1,30,38,1,30,38,1,31,38,0,,,0,,,SL,-107.46,128
2025.10.20 05:38,2025.10.20 05:53,BUY,Swing,4251.985,4243.946,80.4,38.1,57.3,0.47,0.71,1,0,1,1,6,9,1,6,9,0,,,0,,,0,,,0,,,0,,,0,,,SL,-80.39,15
2025.10.20 05:30,2025.10.20 05:53,BUY,Swing,4257.146,4243.946,132.0,33.2,108.9,0.25,0.83,1,0,2,1,0,2,1,1,2,0,,,0,,,0,,,0,,,0,,,0,,,SL,-132.00,23
2025.10.20 06:20,2025.10.20 06:29,BUY,LienKe,4235.502,4228.000,75.0,31.2,57.0,0.42,0.76,1,3,5,1,3,5,1,3,5,0,,,0,,,0,,,0,,,0,,,0,,,SL,-75.02,9
2025.10.20 06:15,2025.10.20 06:29,BUY,LienKe,4244.139,4228.000,161.4,16.5,143.4,0.10,0.89,1,0,1,0,,,0,,,0,,,0,,,0,,,0,,,0,,,0,,,SL,-161.39,14
2025.10.21 00:00,2025.10.21 01:24,BUY,LienKe,4360.602,4353.602,70.0,116.9,63.5,1.67,0.91,1,2,2,1,6,9,1,7,9,1,21,67,1,23,67,1,30,67,0,,,0,,,0,,,SL,-70.00,84
2025.10.21 10:59,2025.10.21 11:56,BUY,LienKe,4254.632,4246.266,83.7,178.1,39.2,2.13,0.47,1,1,1,1,2,52,1,2,52,1,4,52,1,10,52,1,12,52,1,16,52,0,,,0,,,SL,-83.66,57
2025.10.21 10:30,2025.10.21 11:56,BUY,LienKe,4264.663,4246.266,184.0,77.8,139.5,0.42,0.76,1,42,49,1,42,49,1,43,49,1,45,49,0,,,0,,,0,,,0,,,0,,,SL,-183.97,86
2025.10.22 05:48,2025.10.22 06:37,SELL,Swing,4144.230,4150.036,58.1,163.8,54.3,2.82,0.94,1,1,42,1,1,42,1,1,42,1,2,42,1,3,42,1,3,42,1,13,42,0,,,0,,,SL,-58.06,48
2025.10.22 05:30,2025.10.22 06:37,SELL,Swing,4140.569,4150.036,94.7,127.2,90.9,1.34,0.96,1,0,15,1,0,15,1,1,15,1,1,15,1,7,15,1,31,52,0,,,0,,,0,,,SL,-94.67,67
2025.10.22 11:29,2025.10.22 13:00,BUY,LienKe,4023.586,4012.155,114.3,299.1,85.4,2.62,0.75,1,1,1,1,1,1,1,1,1,1,4,5,1,19,22,1,19,22,1,34,86,1,34,86,0,,,TP,300.00,91
2025.10.22 22:30,2025.10.23 00:21,SELL,LienKe,4103.013,4119.471,164.6,232.1,19.4,1.41,0.12,1,0,22,1,0,22,1,1,22,1,1,22,1,2,22,1,2,22,1,41,-,1,57,-,0,,,TP,300.00,111
2025.10.22 22:30,2025.10.23 00:21,SELL,Swing,4103.013,4119.471,164.6,232.1,19.4,1.41,0.12,1,0,22,1,0,22,1,1,22,1,1,22,1,2,22,1,2,22,1,41,-,1,57,-,0,,,TP,300.00,111
2025.10.23 16:42,2025.10.23 16:44,BUY,LienKe,4136.595,4129.632,69.6,0.0,42.5,0.00,0.61,0,,,0,,,0,,,0,,,0,,,0,,,0,,,0,,,0,,,SL,-69.63,2
2025.10.23 16:30,2025.10.23 16:44,BUY,LienKe,4140.697,4129.632,110.7,29.7,83.5,0.27,0.75,1,1,6,1,2,6,0,,,0,,,0,,,0,,,0,,,0,,,0,,,SL,-110.65,14
2025.10.23 14:48,2025.10.23 19:38,SELL,LienKe,4149.788,4157.670,78.8,295.7,24.1,3.75,0.31,1,1,1,1,1,1,1,2,3,1,7,12,1,7,12,1,33,-,1,92,-,1,116,-,0,,,TP,300.00,290
2025.10.23 14:15,2025.10.23 20:10,SELL,LienKe,4142.273,4157.670,154.0,291.9,99.3,1.90,0.64,1,0,2,1,0,2,1,0,2,1,0,2,1,125,136,1,149,251,1,151,251,1,322,-,0,,,TP,300.00,355
2025.10.24 04:45,2025.10.24 06:02,BUY,Swing,4106.781,4099.836,69.4,112.3,43.1,1.62,0.62,1,0,53,1,0,53,1,2,53,1,3,53,1,17,53,1,18,53,0,,,0,,,0,,,SL,-69.45,77
2025.10.24 11:15,2025.10.24 12:30,BUY,LienKe,4059.059,4040.978,180.8,65.1,43.6,0.36,0.24,1,0,0,1,3,3,1,31,40,1,34,40,0,,,0,,,0,,,0,,,0,,,TP,300.00,75
2025.10.24 11:15,2025.10.24 12:30,BUY,Swing,4059.059,4040.978,180.8,65.1,43.6,0.36,0.24,1,0,0,1,3,3,1,31,40,1,34,40,0,,,0,,,0,,,0,,,0,,,TP,300.00,75
2025.10.27 02:19,2025.10.27 03:02,BUY,LienKe,4075.101,4068.464,66.4,43.8,51.8,0.66,0.78,1,18,18,1,21,27,1,21,27,0,,,0,,,0,,,0,,,0,,,0,,,SL,-66.37,43
2025.10.27 02:15,2025.10.27 03:02,BUY,LienKe,4078.857,4068.464,103.9,25.4,89.3,0.24,0.86,1,2,4,1,2,4,0,,,0,,,0,,,0,,,0,,,0,,,0,,,SL,-103.93,47
2025.10.27 08:20,2025.10.27 08:22,BUY,LienKe,4065.034,4060.421,46.1,2.5,27.6,0.05,0.60,0,,,0,,,0,,,0,,,0,,,0,,,0,,,0,,,0,,,SL,-46.13,2
2025.10.27 08:15,2025.10.27 08:22,BUY,LienKe,4066.754,4060.421,63.3,37.8,44.8,0.60,0.71,1,0,3,1,0,3,1,1,3,0,,,0,,,0,,,0,,,0,,,0,,,SL,-63.33,7
2025.10.27 12:47,2025.10.27 12:49,SELL,LienKe,4038.224,4044.802,65.8,0.0,31.4,0.00,0.48,0,,,0,,,0,,,0,,,0,,,0,,,0,,,0,,,0,,,SL,-65.78,2
2025.10.27 12:30,2025.10.27 12:49,SELL,LienKe,4034.693,4044.802,101.1,43.9,66.8,0.43,0.66,1,0,7,1,0,7,1,0,7,0,,,0,,,0,,,0,,,0,,,0,,,SL,-101.09,19
2025.10.27 14:01,2025.10.27 14:03,BUY,Swing,4017.588,4010.181,74.1,37.4,37.5,0.50,0.51,1,0,1,1,0,1,1,0,1,0,,,0,,,0,,,0,,,0,,,0,,,SL,-74.07,2
2025.10.27 14:00,2025.10.27 14:03,BUY,Swing,4022.116,4010.181,119.3,12.7,82.8,0.11,0.69,1,0,0,0,,,0,,,0,,,0,,,0,,,0,,,0,,,0,,,SL,-119.35,3
2025.10.27 17:26,2025.10.27 17:30,SELL,LienKe,4001.709,4007.163,54.5,7.3,46.5,0.13,0.85,0,,,0,,,0,,,0,,,0,,,0,,,0,,,0,,,0,,,SL,-54.54,3
2025.10.27 17:15,2025.10.27 17:30,SELL,LienKe,3998.713,4007.163,84.5,77.8,76.5,0.92,0.91,1,0,10,1,1,10,1,2,10,1,2,10,0,,,0,,,0,,,0,,,0,,,SL,-84.50,15
2025.10.28 00:30,2025.10.28 01:05,BUY,LienKe,3984.630,3970.043,145.9,277.9,11.7,1.91,0.08,1,0,-,1,0,-,1,0,-,1,1,-,1,2,-,1,3,-,1,13,-,1,20,-,0,,,TP,300.00,35
2025.10.28 00:30,2025.10.28 01:05,BUY,Swing,3984.630,3970.043,145.9,277.9,11.7,1.91,0.08,1,0,-,1,0,-,1,0,-,1,1,-,1,2,-,1,3,-,1,13,-,1,20,-,0,,,TP,300.00,35
2025.10.28 13:00,2025.10.28 14:07,BUY,LienKe,3913.106,3902.537,105.7,298.8,6.9,2.83,0.07,1,0,-,1,0,-,1,0,-,1,0,-,1,2,-,1,3,-,1,5,-,1,19,-,0,,,TP,300.00,67
2025.10.29 09:18,2025.10.29 09:47,SELL,LienKe,4019.261,4024.930,56.7,35.3,48.8,0.62,0.86,1,1,2,1,8,15,1,8,15,0,,,0,,,0,,,0,,,0,,,0,,,SL,-56.69,29
2025.10.29 09:15,2025.10.29 09:47,SELL,LienKe,4016.470,4024.930,84.6,29.2,76.7,0.35,0.91,1,0,2,1,0,2,0,,,0,,,0,,,0,,,0,,,0,,,0,,,SL,-84.60,32
2025.10.30 01:35,2025.10.30 02:10,SELL,LienKe,3958.393,3969.389,110.0,264.1,16.0,2.40,0.15,1,1,1,1,2,9,1,3,9,1,4,9,1,4,9,1,5,9,1,26,-,1,29,-,0,,,TP,300.00,35
2025.10.30 08:00,2025.10.30 09:05,BUY,LienKe,3961.571,3952.865,87.1,287.1,14.1,3.30,0.16,1,0,5,1,0,5,1,0,5,1,0,5,1,16,-,1,17,-,1,59,-,1,61,-,0,,,TP,300.00,65
2025.10.30 22:16,2025.10.31 01:54,BUY,LienKe,4019.311,4013.328,59.8,271.1,27.2,4.53,0.45,1,11,56,1,11,56,1,14,56,1,17,56,1,33,56,1,34,56,1,34,56,1,35,56,0,,,SL,-65.18,218
2025.10.31 15:46,2025.10.31 16:04,BUY,LienKe,4013.283,4006.409,68.7,89.7,22.6,1.30,0.33,1,0,11,1,0,11,1,0,11,1,1,11,1,8,11,0,,,0,,,0,,,0,,,SL,-68.74,18
2025.10.31 15:15,2025.10.31 16:04,BUY,LienKe,4017.285,4006.409,108.8,54.7,62.6,0.50,0.58,1,0,0,1,2,3,1,18,30,1,20,30,0,,,0,,,0,,,0,,,0,,,SL,-108.76,49
2025.10.31 19:38,2025.11.02 23:36,BUY,LienKe,3995.723,3988.284,74.4,109.9,74.1,1.48,1.00,1,2,3082,1,2,3082,1,6,3082,1,7,3082,1,52,3082,1,61,3082,0,,,0,,,0,,,SL,-79.74,3118
2025.10.31 19:30,2025.11.02 23:36,BUY,LienKe,4001.603,3988.284,133.2,51.1,132.9,0.38,1.00,1,60,87,1,60,87,1,62,87,1,71,87,0,,,0,,,0,,,0,,,0,,,SL,-138.54,3126
2025.11.03 02:33,2025.11.03 03:02,SELL,LienKe,4001.039,4009.557,85.2,39.0,80.7,0.46,0.95,1,1,7,1,1,7,1,2,7,0,,,0,,,0,,,0,,,0,,,0,,,SL,-85.18,29
2025.11.03 02:30,2025.11.03 03:02,SELL,LienKe,3995.612,4009.557,139.4,5.3,135.0,0.04,0.97,0,,,0,,,0,,,0,,,0,,,0,,,0,,,0,,,0,,,SL,-139.45,32
2025.11.03 07:26,2025.11.03 08:00,SELL,LienKe,4020.495,4026.646,61.5,45.7,57.5,0.74,0.93,1,1,2,1,3,10,1,5,10,0,,,0,,,0,,,0,,,0,,,0,,,SL,-61.51,34
2025.11.03 07:15,2025.11.03 08:00,SELL,LienKe,4015.379,4026.646,112.7,16.9,108.7,0.15,0.96,1,2,3,0,,,0,,,0,,,0,,,0,,,0,,,0,,,0,,,SL,-112.67,45
2025.11.04 06:24,2025.11.04 08:27,BUY,LienKe,3970.068,3963.773,63.0,298.3,15.7,4.74,0.25,1,1,-,1,2,-,1,3,-,1,4,-,1,8,-,1,17,-,1,30,-,1,46,-,0,,,TP,300.00,123
2025.11.04 12:51,2025.11.04 13:34,BUY,Swing,3987.169,3981.176,59.9,88.8,42.8,1.48,0.71,1,1,1,1,14,31,1,17,31,1,19,31,1,20,31,0,,,0,,,0,,,0,,,SL,-59.93,43
2025.11.04 12:45,2025.11.04 13:34,BUY,Swing,3990.636,3981.176,94.6,54.1,77.5,0.57,0.82,1,0,1,1,25,35,1,26,35,1,32,35,0,,,0,,,0,,,0,,,0,,,SL,-94.60,49
2025.11.04 06:15,2025.11.04 13:51,BUY,LienKe,3974.698,3963.773,109.2,260.1,62.0,2.38,0.57,1,1,2,1,16,-,1,16,-,1,26,-,1,32,-,1,39,-,1,56,-,1,65,-,0,,,SL,0.00,456
2025.11.04 08:22,2025.11.04 14:05,SELL,LienKe,3996.675,4002.312,56.4,286.1,42.0,5.08,0.74,1,2,3,1,46,72,1,46,72,1,49,72,1,98,114,1,98,114,1,312,-,1,316,-,0,,,TP,300.00,343
2025.11.04 14:22,2025.11.04 14:29,BUY,LienKe,3970.008,3961.320,86.9,6.1,30.3,0.07,0.35,0,,,0,,,0,,,0,,,0,,,0,,,0,,,0,,,0,,,SL,-86.88,7
2025.11.04 14:15,2025.11.04 14:29,BUY,LienKe,3975.822,3961.320,145.0,19.1,88.5,0.13,0.61,1,1,1,0,,,0,,,0,,,0,,,0,,,0,,,0,,,0,,,SL,-145.02,14
2025.11.04 08:15,2025.11.04 14:29,SELL,LienKe,3991.743,4002.312,105.7,272.6,91.3,2.58,0.86,1,101,103,1,105,116,1,105,116,1,106,116,1,280,294,1,319,-,1,323,-,1,345,-,0,,,TP,300.00,374
2025.11.06 04:41,2025.11.06 07:00,SELL,Swing,3989.004,3993.439,44.3,66.4,40.9,1.50,0.92,1,1,17,1,3,17,1,5,17,1,125,130,0,,,0,,,0,,,0,,,0,,,SL,-44.35,139
2025.11.06 03:45,2025.11.06 07:00,SELL,Swing,3987.652,3993.439,57.9,52.9,54.4,0.91,0.94,1,2,14,1,6,14,1,179,186,1,181,186,0,,,0,,,0,,,0,,,0,,,SL,-57.87,195
2025.11.06 18:31,2025.11.06 19:11,SELL,LienKe,3986.698,3992.416,57.2,4.5,49.2,0.08,0.86,0,,,0,,,0,,,0,,,0,,,0,,,0,,,0,,,0,,,SL,-57.18,40
2025.11.06 18:30,2025.11.06 19:11,SELL,LienKe,3983.285,3992.416,91.3,0.3,83.4,0.00,0.91,0,,,0,,,0,,,0,,,0,,,0,,,0,,,0,,,0,,,SL,-91.31,41
2025.11.10 09:45,2025.11.10 12:14,SELL,LienKe,4081.103,4089.238,81.3,52.1,80.7,0.64,0.99,1,0,1,1,11,19,1,11,19,1,86,111,0,,,0,,,0,,,0,,,0,,,SL,-81.35,149
2025.11.10 15:30,2025.11.10 17:05,SELL,LienKe,4089.293,4097.344,80.5,111.5,78.7,1.39,0.98,1,0,1,1,2,38,1,2,38,1,5,38,1,17,38,1,19,38,0,,,0,,,0,,,SL,-80.51,95
2025.11.11 07:37,2025.11.11 14:49,BUY,LienKe,4127.847,4123.081,47.7,188.2,46.4,3.95,0.97,1,5,13,1,6,13,1,7,13,1,9,13,1,28,415,1,85,415,1,92,415,0,,,0,,,SL,-47.66,432
2025.11.11 07:15,2025.11.11 14:49,BUY,LienKe,4129.839,4123.081,67.6,168.3,66.4,2.49,0.98,1,3,8,1,3,8,1,6,8,1,49,80,1,107,426,1,108,426,1,138,426,0,,,0,,,SL,-67.58,454
2025.11.11 14:00,2025.11.11 15:21,SELL,LienKe,4142.453,4149.670,72.2,286.5,9.2,3.97,0.13,1,1,2,1,3,-,1,4,-,1,12,-,1,20,-,1,21,-,1,32,-,1,49,-,0,,,TP,300.00,81
2025.11.11 14:00,2025.11.11 15:21,SELL,Swing,4142.453,4149.670,72.2,286.5,9.2,3.97,0.13,1,1,2,1,3,-,1,4,-,1,12,-,1,20,-,1,21,-,1,32,-,1,49,-,0,,,TP,300.00,81
2025.11.12 03:28,2025.11.12 03:52,BUY,LienKe,4119.878,4113.801,60.8,17.0,45.7,0.28,0.75,1,8,11,0,,,0,,,0,,,0,,,0,,,0,,,0,,,0,,,SL,-60.77,24
2025.11.12 03:15,2025.11.12 03:52,BUY,LienKe,4123.152,4113.801,93.5,6.5,78.5,0.07,0.84,0,,,0,,,0,,,0,,,0,,,0,,,0,,,0,,,0,,,SL,-93.51,37
2025.11.12 04:17,2025.11.12 05:31,BUY,Swing,4106.674,4100.610,60.6,55.8,40.1,0.92,0.66,1,2,3,1,5,19,1,7,19,1,12,19,0,,,0,,,0,,,0,,,0,,,SL,-60.64,74
2025.11.12 04:15,2025.11.12 05:31,BUY,Swing,4109.852,4100.610,92.4,24.0,71.9,0.26,0.78,1,14,18,1,15,18,0,,,0,,,0,,,0,,,0,,,0,,,0,,,SL,-92.42,76
2025.11.12 11:31,2025.11.12 12:22,SELL,LienKe,4127.048,4134.034,69.9,31.9,68.3,0.46,0.98,1,18,19,1,25,28,1,25,28,0,,,0,,,0,,,0,,,0,,,0,,,SL,-69.86,51
2025.11.12 11:30,2025.11.12 12:22,SELL,LienKe,4124.215,4134.034,98.2,5.3,96.6,0.05,0.98,0,,,0,,,0,,,0,,,0,,,0,,,0,,,0,,,0,,,SL,-98.19,52
2025.11.12 08:15,2025.11.12 15:10,BUY,LienKe,4118.772,4109.133,96.4,260.3,15.4,2.70,0.16,1,2,135,1,3,135,1,4,135,1,5,135,1,7,135,1,9,135,1,247,-,1,259,-,0,,,TP,300.00,415
2025.11.12 16:15,2025.11.12 16:32,SELL,LienKe,4186.685,4192.660,59.7,57.1,52.6,0.96,0.88,1,1,14,1,2,14,1,2,14,1,2,14,0,,,0,,,0,,,0,,,0,,,SL,-59.75,17
2025.11.12 16:15,2025.11.12 16:32,SELL,LienKe,4183.748,4192.660,89.1,27.7,81.9,0.31,0.92,1,2,3,1,2,3,0,,,0,,,0,,,0,,,0,,,0,,,0,,,SL,-89.12,17
2025.11.12 20:30,2025.11.12 23:40,BUY,LienKe,4194.068,4187.695,63.7,141.1,54.2,2.21,0.85,1,1,6,1,2,6,1,2,6,1,22,34,1,62,174,1,149,174,0,,,0,,,0,,,SL,-63.73,190
2025.11.12 20:30,2025.11.12 23:40,BUY,Swing,4194.068,4187.695,63.7,141.1,54.2,2.21,0.85,1,1,6,1,2,6,1,2,6,1,22,34,1,62,174,1,149,174,0,,,0,,,0,,,SL,-63.73,190
2025.11.12 20:15,2025.11.12 23:40,BUY,LienKe,4197.819,4187.695,101.2,103.6,91.7,1.02,0.91,1,0,1,1,76,80,1,77,80,1,165,179,1,170,179,1,175,179,0,,,0,,,0,,,SL,-101.24,205
2025.11.12 20:15,2025.11.12 23:40,BUY,Swing,4197.819,4187.695,101.2,103.6,91.7,1.02,0.91,1,0,1,1,76,80,1,77,80,1,165,179,1,170,179,1,175,179,0,,,0,,,0,,,SL,-101.24,205
2025.11.13 01:46,2025.11.13 04:06,BUY,LienKe,4184.347,4177.565,67.8,292.7,27.0,4.32,0.40,1,0,1,1,3,47,1,3,47,1,7,47,1,11,47,1,15,47,1,80,-,1,94,-,0,,,TP,300.00,140
2025.11.13 01:45,2025.11.13 04:07,BUY,LienKe,4188.550,4177.565,109.9,295.1,69.1,2.69,0.63,1,8,9,1,8,9,1,12,39,1,13,39,1,78,-,1,81,-,1,87,-,1,122,-,0,,,TP,300.00,142
2025.11.13 23:30,2025.11.14 00:19,SELL,LienKe,4179.170,4187.841,86.7,21.1,76.6,0.24,0.88,1,0,1,1,0,1,0,,,0,,,0,,,0,,,0,,,0,,,0,,,SL,-86.71,49
2025.11.14 08:33,2025.11.14 11:15,SELL,LienKe,4180.668,4187.351,66.8,296.6,64.4,4.44,0.96,1,7,7,1,8,9,1,8,9,1,18,-,1,23,-,1,23,-,1,92,-,1,119,-,0,,,TP,300.00,162
2025.11.14 08:30,2025.11.14 11:17,SELL,LienKe,4177.005,4187.351,103.5,287.0,101.0,2.77,0.98,1,21,22,1,21,22,1,22,22,1,26,30,1,34,39,1,61,-,1,122,-,1,161,-,0,,,TP,300.00,167
2025.11.14 14:32,2025.11.14 14:33,BUY,LienKe,4043.824,4034.449,93.8,0.0,71.6,0.00,0.76,0,,,0,,,0,,,0,,,0,,,0,,,0,,,0,,,0,,,SL,-93.75,1
2025.11.14 14:15,2025.11.14 14:33,BUY,LienKe,4050.413,4034.449,159.6,99.1,137.5,0.62,0.86,1,0,1,1,0,1,1,4,15,1,6,15,1,7,15,0,,,0,,,0,,,0,,,SL,-159.64,18
2025.11.14 20:30,2025.11.16 23:03,BUY,Swing,4083.781,4072.318,114.6,85.3,65.0,0.74,0.57,1,0,0,1,3,30,1,3,30,1,5,30,1,7,30,0,,,0,,,0,,,0,,,SL,-119.98,3033
2025.11.17 03:15,2025.11.17 05:19,BUY,Swing,4079.834,4067.050,127.8,81.7,109.9,0.64,0.86,1,0,0,1,1,4,1,1,4,1,2,4,1,52,91,0,,,0,,,0,,,0,,,SL,-127.84,124
2025.11.17 04:15,2025.11.17 05:33,SELL,LienKe,4083.959,4091.000,70.4,298.4,14.5,4.24,0.21,1,3,8,1,4,8,1,31,-,1,31,-,1,47,-,1,59,-,1,64,-,1,70,-,0,,,TP,300.00,78
2025.11.17 16:15,2025.11.17 23:00,BUY,LienKe,4061.617,4049.142,124.8,194.6,547.9,1.56,4.39,1,0,0,1,2,3,1,3,3,1,8,165,1,15,165,1,16,165,1,63,165,0,,,0,,,SL,-124.75,405
2025.11.17 16:15,2025.11.17 23:00,BUY,Swing,4061.617,4049.142,124.8,194.6,547.9,1.56,4.39,1,0,0,1,2,3,1,3,3,1,8,165,1,15,165,1,16,165,1,63,165,0,,,0,,,SL,-124.75,405
2025.11.18 07:22,2025.11.18 07:38,BUY,LienKe,4005.469,3999.459,60.1,10.9,55.0,0.18,0.91,1,3,4,0,,,0,,,0,,,0,,,0,,,0,,,0,,,0,,,SL,-60.10,16
2025.11.18 07:22,2025.11.18 07:38,BUY,Swing,4005.469,3999.459,60.1,10.9,55.0,0.18,0.91,1,3,4,0,,,0,,,0,,,0,,,0,,,0,,,0,,,0,,,SL,-60.10,16
2025.11.18 07:15,2025.11.18 07:38,BUY,LienKe,4008.607,3999.459,91.5,23.0,86.4,0.25,0.94,1,0,1,1,0,1,0,,,0,,,0,,,0,,,0,,,0,,,0,,,SL,-91.48,23
2025.11.18 07:15,2025.11.18 07:38,BUY,Swing,4008.607,3999.459,91.5,23.0,86.4,0.25,0.94,1,0,1,1,0,1,0,,,0,,,0,,,0,,,0,,,0,,,0,,,SL,-91.48,23
2025.11.18 10:00,2025.11.18 10:46,SELL,LienKe,4040.134,4050.210,100.8,24.9,69.0,0.25,0.68,1,2,3,1,2,3,0,,,0,,,0,,,0,,,0,,,0,,,0,,,SL,-100.76,46
2025.11.18 11:00,2025.11.18 13:33,SELL,LienKe,4044.194,4053.503,93.1,149.5,90.5,1.61,0.97,1,7,8,1,47,63,1,51,63,1,56,63,1,84,124,1,85,124,0,,,0,,,0,,,SL,-93.09,153
2025.11.18 23:44,2025.11.18 23:57,SELL,LienKe,4072.142,4076.620,44.8,19.5,33.1,0.43,0.74,1,3,3,0,,,0,,,0,,,0,,,0,,,0,,,0,,,0,,,SL,-44.78,13
2025.11.18 23:30,2025.11.18 23:57,SELL,LienKe,4071.170,4076.620,54.5,30.8,42.8,0.57,0.79,1,0,13,1,0,13,1,1,13,0,,,0,,,0,,,0,,,0,,,0,,,SL,-54.50,27
2025.11.18 16:15,2025.11.19 05:16,BUY,LienKe,4053.566,4037.427,161.4,287.1,21.3,1.78,0.13,1,1,-,1,1,-,1,1,-,1,3,-,1,11,-,1,14,-,1,42,-,1,85,-,0,,,TP,294.65,781
2025.11.19 10:30,2025.11.19 14:55,SELL,LienKe,4112.278,4122.173,98.9,114.0,78.9,1.15,0.80,1,0,1,1,25,46,1,27,46,1,29,46,1,161,181,1,164,181,0,,,0,,,0,,,SL,-98.95,265
2025.11.19 15:30,2025.11.19 16:02,SELL,LienKe,4116.376,4135.686,193.1,289.5,50.8,1.50,0.26,1,0,0,1,2,2,1,9,-,1,9,-,1,15,-,1,15,-,1,23,-,1,23,-,0,,,TP,300.00,32
2025.11.19 16:17,2025.11.19 16:25,BUY,LienKe,4089.302,4080.865,84.4,22.0,74.3,0.26,0.88,1,5,5,1,5,5,0,,,0,,,0,,,0,,,0,,,0,,,0,,,SL,-84.37,8
2025.11.19 16:15,2025.11.19 16:25,BUY,LienKe,4094.860,4080.865,140.0,5.1,129.9,0.04,0.93,0,,,0,,,0,,,0,,,0,,,0,,,0,,,0,,,0,,,SL,-139.95,10
2025.11.20 00:18,2025.11.20 02:01,SELL,LienKe,4107.927,4113.341,54.1,292.4,14.9,5.40,0.28,1,0,1,1,11,13,1,18,44,1,19,44,1,54,-,1,54,-,1,63,-,1,97,-,0,,,TP,300.00,103
2025.11.20 00:15,2025.11.20 02:01,SELL,LienKe,4105.542,4113.341,78.0,268.6,38.8,3.44,0.50,1,21,29,1,22,29,1,22,29,1,55,-,1,57,-,1,65,-,1,77,-,1,100,-,0,,,TP,300.00,106
2025.11.20 08:00,2025.11.20 08:04,BUY,LienKe,4060.061,4051.032,90.3,30.9,73.9,0.34,0.82,1,0,1,1,0,1,1,0,1,0,,,0,,,0,,,0,,,0,,,0,,,SL,-90.29,4
2025.11.20 15:00,2025.11.20 16:26,SELL,LienKe,4093.265,4110.146,168.8,273.7,56.9,1.62,0.34,1,0,1,1,0,1,1,0,1,1,6,11,1,7,11,1,8,11,1,35,-,1,59,-,0,,,TP,300.00,86
2025.11.20 18:15,2025.11.20 19:20,SELL,LienKe,4066.507,4075.702,92.0,101.5,74.2,1.10,0.81,1,0,21,1,0,21,1,0,21,1,1,21,1,7,21,1,12,21,0,,,0,,,0,,,SL,-91.95,65
2025.11.21 04:27,2025.11.21 07:01,SELL,LienKe,4059.321,4065.482,61.6,298.3,57.2,4.84,0.93,1,1,2,1,4,91,1,4,91,1,5,91,1,8,91,1,14,91,1,84,91,1,121,-,0,,,TP,300.00,154
2025.11.21 04:15,2025.11.21 07:03,SELL,LienKe,4055.200,4065.482,102.8,297.3,98.4,2.89,0.96,1,1,1,1,18,45,1,18,45,1,25,45,1,93,101,1,95,101,1,99,101,1,133,-,0,,,TP,300.00,168
2025.11.21 07:15,2025.11.21 09:19,BUY,LienKe,4032.430,4021.810,106.2,274.8,101.7,2.59,0.96,1,1,4,1,1,4,1,1,4,1,2,4,1,60,-,1,61,-,1,72,-,1,116,-,0,,,TP,300.00,124
2025.11.24 01:30,2025.11.24 01:56,BUY,Swing,4053.210,4046.966,62.4,32.8,59.2,0.53,0.95,1,3,4,1,3,4,1,3,4,0,,,0,,,0,,,0,,,0,,,0,,,SL,-62.44,26
2025.11.24 01:30,2025.11.24 01:56,BUY,Swing,4055.633,4046.966,86.7,8.6,83.5,0.10,0.96,0,,,0,,,0,,,0,,,0,,,0,,,0,,,0,,,0,,,SL,-86.67,26
2025.11.24 05:33,2025.11.24 09:11,BUY,LienKe,4042.673,4036.842,58.3,277.6,13.0,4.76,0.22,1,0,16,1,1,16,1,1,16,1,6,16,1,31,-,1,32,-,1,70,-,1,125,-,0,,,TP,300.00,218
2025.11.24 05:33,2025.11.24 09:11,BUY,Swing,4042.673,4036.842,58.3,277.6,13.0,4.76,0.22,1,0,16,1,1,16,1,1,16,1,6,16,1,31,-,1,32,-,1,70,-,1,125,-,0,,,TP,300.00,218
2025.11.24 05:30,2025.11.24 10:03,BUY,LienKe,4047.148,4036.842,103.1,270.8,57.7,2.63,0.56,1,12,14,1,13,14,1,33,-,1,35,-,1,55,-,1,73,-,1,128,-,1,136,-,0,,,TP,300.00,273
2025.11.24 05:30,2025.11.24 10:03,BUY,Swing,4047.148,4036.842,103.1,270.8,57.7,2.63,0.56,1,12,14,1,13,14,1,33,-,1,35,-,1,55,-,1,73,-,1,128,-,1,136,-,0,,,TP,300.00,273
2025.11.24 10:16,2025.11.24 12:44,SELL,LienKe,4075.181,4080.254,50.7,119.1,36.3,2.35,0.71,1,2,138,1,2,138,1,3,138,1,4,138,1,15,138,1,36,138,0,,,0,,,0,,,SL,-50.73,148
2025.11.24 10:15,2025.11.24 12:44,SELL,LienKe,4073.149,4080.254,71.1,98.8,56.6,1.39,0.80,1,4,108,1,5,108,1,5,108,1,15,108,1,37,108,0,,,0,,,0,,,0,,,SL,-71.05,149
2025.11.25 02:17,2025.11.25 02:19,SELL,LienKe,4139.258,4145.152,58.9,0.0,32.6,0.00,0.55,0,,,0,,,0,,,0,,,0,,,0,,,0,,,0,,,0,,,SL,-58.94,2
2025.11.25 02:15,2025.11.25 02:19,SELL,LienKe,4136.403,4145.152,87.5,8.5,61.1,0.10,0.70,0,,,0,,,0,,,0,,,0,,,0,,,0,,,0,,,0,,,SL,-87.49,4
2025.11.25 00:30,2025.11.25 02:31,SELL,LienKe,4135.540,4147.609,120.7,128.6,113.5,1.07,0.94,1,4,8,1,5,8,1,6,8,1,26,36,1,30,36,1,31,36,0,,,0,,,0,,,SL,-120.69,121
2025.11.27 18:00,2025.11.27 23:09,SELL,LienKe,4157.680,4162.221,45.4,16.7,38.8,0.37,0.85,1,12,12,0,,,0,,,0,,,0,,,0,,,0,,,0,,,0,,,SL,-45.41,309
2025.11.27 19:15,2025.11.27 23:34,SELL,LienKe,4159.984,4163.413,34.3,27.1,34.1,0.79,0.99,1,5,225,1,10,225,0,,,0,,,0,,,0,,,0,,,0,,,0,,,SL,-34.29,259
2025.11.27 19:15,2025.11.27 23:34,SELL,LienKe,4159.571,4163.413,38.4,23.0,38.2,0.60,0.99,1,8,226,1,14,226,0,,,0,,,0,,,0,,,0,,,0,,,0,,,SL,-38.42,259
2025.11.27 16:30,2025.11.28 01:00,BUY,LienKe,4154.502,4148.443,60.6,289.4,4.0,4.78,0.07,1,1,3,1,18,-,1,28,-,1,146,-,1,400,-,1,451,-,1,467,-,1,484,-,0,,,TP,294.65,510
2025.11.28 05:24,2025.11.28 08:06,BUY,LienKe,4169.342,4152.874,164.7,193.4,123.5,1.17,0.75,1,0,159,1,0,159,1,0,159,1,0,159,1,0,159,1,0,159,1,0,159,0,,,0,,,SL,-164.68,162
2025.11.28 11:33,2025.11.28 13:58,SELL,LienKe,4177.035,4182.919,58.8,81.6,54.1,1.39,0.92,1,2,3,1,5,6,1,12,40,1,27,40,1,27,40,0,,,0,,,0,,,0,,,SL,-58.84,145
2025.11.28 11:30,2025.11.28 13:58,SELL,LienKe,4174.197,4182.919,87.2,53.2,82.4,0.61,0.95,1,18,20,1,29,42,1,30,42,1,30,42,0,,,0,,,0,,,0,,,0,,,SL,-87.22,148
2025.11.30 23:15,2025.12.01 01:55,BUY,LienKe,4217.164,4202.841,143.2,291.3,29.1,2.03,0.20,1,6,-,1,6,-,1,6,-,1,9,-,1,27,-,1,72,-,1,73,-,1,133,-,0,,,TP,300.00,160
2025.12.01 07:48,2025.12.01 07:57,SELL,LienKe,4241.609,4246.267,46.6,18.8,26.7,0.40,0.57,1,3,6,0,,,0,,,0,,,0,,,0,,,0,,,0,,,0,,,SL,-46.58,9
2025.12.01 07:45,2025.12.01 07:57,SELL,LienKe,4240.353,4246.267,59.1,20.5,39.3,0.35,0.66,1,1,1,1,1,1,0,,,0,,,0,,,0,,,0,,,0,,,0,,,SL,-59.14,12
2025.12.01 14:22,2025.12.01 14:35,BUY,LienKe,4242.916,4235.560,73.6,51.9,27.8,0.71,0.38,1,0,9,1,0,9,1,3,9,1,7,9,0,,,0,,,0,,,0,,,0,,,SL,-73.56,13
2025.12.01 14:22,2025.12.01 14:35,BUY,Swing,4242.916,4235.560,73.6,51.9,27.8,0.71,0.38,1,0,9,1,0,9,1,3,9,1,7,9,0,,,0,,,0,,,0,,,0,,,SL,-73.56,13
2025.12.01 14:15,2025.12.01 14:35,BUY,LienKe,4247.406,4235.560,118.5,19.6,72.7,0.17,0.61,1,0,1,0,,,0,,,0,,,0,,,0,,,0,,,0,,,0,,,SL,-118.46,20
2025.12.01 14:15,2025.12.01 14:35,BUY,Swing,4247.406,4235.560,118.5,19.6,72.7,0.17,0.61,1,0,1,0,,,0,,,0,,,0,,,0,,,0,,,0,,,0,,,SL,-118.46,20
2025.12.02 00:18,2025.12.02 01:02,BUY,LienKe,4225.290,4220.502,47.9,44.8,47.2,0.93,0.98,1,13,14,1,22,31,1,25,31,0,,,0,,,0,,,0,,,0,,,0,,,SL,-47.88,44
2025.12.02 00:15,2025.12.02 01:02,BUY,LienKe,4227.267,4220.502,67.6,25.0,66.9,0.37,0.99,1,28,33,1,30,33,0,,,0,,,0,,,0,,,0,,,0,,,0,,,SL,-67.65,47
2025.12.01 15:30,2025.12.02 01:03,BUY,LienKe,4223.845,4216.589,72.6,208.7,49.1,2.88,0.68,1,1,1,1,2,16,1,2,16,1,5,16,1,5,16,1,6,16,1,41,89,1,197,518,0,,,SL,-77.91,573
2025.12.01 15:30,2025.12.02 01:03,BUY,LienKe,4228.300,4216.589,117.1,164.1,93.7,1.40,0.80,1,0,0,1,5,13,1,5,13,1,6,13,1,10,13,1,41,47,1,197,497,0,,,0,,,SL,-122.46,573
2025.12.02 08:58,2025.12.02 09:17,BUY,LienKe,4210.261,4204.135,61.3,29.7,54.2,0.48,0.88,1,6,7,1,6,7,0,,,0,,,0,,,0,,,0,,,0,,,0,,,SL,-61.26,19
2025.12.02 15:48,2025.12.02 15:54,BUY,Swing,4184.000,4176.917,70.8,39.5,16.5,0.56,0.23,1,1,3,1,1,3,1,1,3,0,,,0,,,0,,,0,,,0,,,0,,,SL,-70.83,6
2025.12.02 15:45,2025.12.02 15:54,BUY,Swing,4189.302,4176.917,123.8,3.6,69.5,0.03,0.56,0,,,0,,,0,,,0,,,0,,,0,,,0,,,0,,,0,,,SL,-123.85,9
2025.12.02 17:16,2025.12.02 17:31,SELL,LienKe,4189.818,4195.161,53.4,9.4,37.5,0.18,0.70,0,,,0,,,0,,,0,,,0,,,0,,,0,,,0,,,0,,,SL,-53.43,15
2025.12.02 17:15,2025.12.02 17:31,SELL,LienKe,4187.519,4195.161,76.4,1.9,60.5,0.02,0.79,0,,,0,,,0,,,0,,,0,,,0,,,0,,,0,,,0,,,SL,-76.42,16
2025.12.03 04:15,2025.12.03 05:35,BUY,LienKe,4220.487,4214.285,62.0,49.4,56.3,0.80,0.91,1,4,40,1,6,40,1,8,40,0,,,0,,,0,,,0,,,0,,,0,,,SL,-62.02,80
2025.12.03 13:15,2025.12.03 13:15,SELL,LienKe,4211.353,4219.870,85.2,0.0,1.6,0.00,0.02,0,,,0,,,0,,,0,,,0,,,0,,,0,,,0,,,0,,,SL,-85.17,0
2025.12.03 13:15,2025.12.03 13:18,SELL,LienKe,4215.224,4219.870,46.5,0.0,57.9,0.00,1.25,0,,,0,,,0,,,0,,,0,,,0,,,0,,,0,,,0,,,SL,-46.46,3
2025.12.03 10:37,2025.12.03 13:52,BUY,LienKe,4199.667,4191.480,81.9,274.0,26.9,3.35,0.33,1,3,11,1,4,11,1,5,11,1,50,-,1,81,-,1,83,-,1,148,-,1,158,-,0,,,TP,300.00,195
2025.12.04 05:36,2025.12.04 05:38,BUY,LienKe,4191.904,4186.481,54.2,0.0,35.1,0.00,0.65,0,,,0,,,0,,,0,,,0,,,0,,,0,,,0,,,0,,,SL,-54.23,2
2025.12.04 08:30,2025.12.04 09:54,SELL,LienKe,4192.916,4199.387,64.7,90.7,62.0,1.40,0.96,1,1,2,1,15,63,1,17,63,1,29,63,1,29,63,0,,,0,,,0,,,0,,,SL,-64.71,84
2025.12.04 10:18,2025.12.04 11:09,SELL,LienKe,4201.264,4205.687,44.2,44.7,11.2,1.01,0.25,1,4,14,1,11,14,1,12,14,0,,,0,,,0,,,0,,,0,,,0,,,SL,-44.23,51
2025.12.04 10:15,2025.12.04 11:09,SELL,LienKe,4199.605,4205.687,60.8,28.1,27.8,0.46,0.46,1,14,15,1,40,48,0,,,0,,,0,,,0,,,0,,,0,,,0,,,SL,-60.82,54
2025.12.04 12:24,2025.12.04 12:34,BUY,LienKe,4196.074,4190.522,55.5,6.3,46.2,0.11,0.83,0,,,0,,,0,,,0,,,0,,,0,,,0,,,0,,,0,,,SL,-55.52,10
2025.12.04 12:15,2025.12.04 12:34,BUY,LienKe,4200.990,4190.522,104.7,4.3,95.3,0.04,0.91,0,,,0,,,0,,,0,,,0,,,0,,,0,,,0,,,0,,,SL,-104.68,19
2025.12.04 14:50,2025.12.04 16:17,SELL,Swing,4203.610,4216.586,129.8,121.6,118.9,0.94,0.92,1,0,3,1,0,3,1,1,3,1,2,3,1,14,25,1,14,25,0,,,0,,,0,,,SL,-129.76,87
2025.12.04 14:45,2025.12.04 16:17,SELL,Swing,4199.699,4216.586,168.9,82.5,158.0,0.49,0.94,1,0,0,1,1,3,1,17,18,1,19,24,1,23,24,0,,,0,,,0,,,0,,,SL,-168.87,92
2025.12.05 10:17,2025.12.05 12:06,SELL,LienKe,4225.139,4229.151,40.1,49.8,34.8,1.24,0.87,1,1,3,1,33,63,1,43,63,0,,,0,,,0,,,0,,,0,,,0,,,SL,-40.12,109
2025.12.05 10:15,2025.12.05 12:06,SELL,LienKe,4224.102,4229.151,50.5,39.4,45.2,0.78,0.90,1,35,38,1,45,59,1,47,59,0,,,0,,,0,,,0,,,0,,,0,,,SL,-50.49,111
2025.12.05 12:57,2025.12.05 13:00,SELL,Swing,4227.722,4232.697,49.8,0.0,19.9,0.00,0.40,0,,,0,,,0,,,0,,,0,,,0,,,0,,,0,,,0,,,SL,-49.75,3
2025.12.05 12:30,2025.12.05 13:00,SELL,Swing,4224.566,4232.697,81.3,15.7,51.5,0.19,0.63,1,1,2,0,,,0,,,0,,,0,,,0,,,0,,,0,,,0,,,SL,-81.31,30
2025.12.04 15:15,2025.12.05 13:00,BUY,LienKe,4202.790,4188.287,145.0,279.1,79.7,1.92,0.55,1,2,7,1,2,7,1,4,7,1,15,32,1,46,233,1,54,233,1,62,233,1,893,-,0,,,TP,294.65,1305
2025.12.05 11:15,2025.12.05 13:04,BUY,LienKe,4224.296,4217.002,72.9,91.3,38.2,1.25,0.52,1,6,9,1,48,66,1,50,66,1,51,66,1,105,-,0,,,0,,,0,,,0,,,SL,0.00,109
2025.12.05 11:28,2025.12.05 15:32,BUY,LienKe,4221.441,4217.002,44.4,289.4,9.6,6.52,0.22,1,2,7,1,2,7,1,34,-,1,36,-,1,38,-,1,92,-,1,122,-,1,199,-,0,,,TP,300.00,244
2025.12.05 19:41,2025.12.05 20:41,BUY,LienKe,4206.133,4200.710,54.2,26.4,52.9,0.49,0.98,1,9,19,1,14,19,0,,,0,,,0,,,0,,,0,,,0,,,0,,,SL,-54.23,60
2025.12.05 19:30,2025.12.05 20:41,BUY,LienKe,4209.640,4200.710,89.3,6.9,88.0,0.08,0.99,0,,,0,,,0,,,0,,,0,,,0,,,0,,,0,,,0,,,SL,-89.30,71
2025.12.08 03:00,2025.12.08 05:35,SELL,LienKe,4208.411,4215.430,70.2,36.5,68.3,0.52,0.97,1,4,4,1,139,142,1,141,142,0,,,0,,,0,,,0,,,0,,,0,,,SL,-70.19,155
2025.12.08 11:15,2025.12.08 14:45,BUY,LienKe,4203.469,4196.622,68.5,121.0,61.2,1.77,0.89,1,2,130,1,4,130,1,7,130,1,14,130,1,17,130,1,23,130,0,,,0,,,0,,,SL,-68.47,210
2025.12.08 23:20,2025.12.09 01:03,SELL,LienKe,4192.341,4196.412,40.7,34.1,35.1,0.84,0.86,1,96,101,1,96,101,1,100,101,0,,,0,,,0,,,0,,,0,,,0,,,SL,-40.71,103
2025.12.08 23:15,2025.12.09 01:03,SELL,LienKe,4191.282,4196.412,51.3,23.5,45.7,0.46,0.89,1,101,102,1,105,106,0,,,0,,,0,,,0,,,0,,,0,,,0,,,SL,-51.30,108
2025.12.09 01:03,2025.12.09 03:33,SELL,Swing,4195.218,4198.696,34.8,90.5,31.9,2.60,0.92,1,1,2,1,67,134,1,67,134,1,71,134,1,87,134,0,,,0,,,0,,,0,,,SL,-34.78,150
2025.12.09 00:30,2025.12.09 03:33,SELL,Swing,4192.159,4198.696,65.4,59.9,62.5,0.92,0.96,1,26,31,1,29,31,1,30,31,1,120,152,0,,,0,,,0,,,0,,,0,,,SL,-65.37,183
2025.12.09 02:50,2025.12.09 05:30,BUY,LienKe,4187.611,4183.012,46.0,112.3,42.0,2.44,0.91,1,1,2,1,3,123,1,10,123,1,17,123,1,27,123,1,33,123,0,,,0,,,0,,,SL,-45.99,160
2025.12.09 02:45,2025.12.09 05:30,BUY,LienKe,4189.332,4183.012,63.2,95.1,59.2,1.51,0.94,1,15,118,1,15,118,1,21,118,1,31,118,1,38,118,0,,,0,,,0,,,0,,,SL,-63.20,165
2025.12.09 05:15,2025.12.09 05:43,BUY,LienKe,4184.852,4180.436,44.2,21.3,42.9,0.48,0.97,1,9,12,1,10,12,0,,,0,,,0,,,0,,,0,,,0,,,0,,,SL,-44.16,27
2025.12.09 05:15,2025.12.09 05:43,BUY,Swing,4184.852,4180.436,44.2,21.3,42.9,0.48,0.97,1,9,12,1,10,12,0,,,0,,,0,,,0,,,0,,,0,,,0,,,SL,-44.16,27
2025.12.09 05:15,2025.12.09 05:43,BUY,LienKe,4186.425,4180.436,59.9,5.6,58.6,0.09,0.98,0,,,0,,,0,,,0,,,0,,,0,,,0,,,0,,,0,,,SL,-59.89,28
2025.12.09 05:15,2025.12.09 05:43,BUY,Swing,4186.425,4180.436,59.9,5.6,58.6,0.09,0.98,0,,,0,,,0,,,0,,,0,,,0,,,0,,,0,,,0,,,SL,-59.89,28
2025.12.08 16:45,2025.12.09 09:05,SELL,LienKe,4193.590,4200.891,73.0,233.3,54.1,3.20,0.74,1,4,46,1,5,46,1,6,46,1,7,46,1,131,232,1,755,977,1,792,977,1,805,977,0,,,SL,-73.01,980
2025.12.09 12:30,2025.12.09 14:06,BUY,LienKe,4202.530,4195.515,70.1,58.7,67.7,0.84,0.96,1,17,45,1,18,45,1,19,45,1,21,45,0,,,0,,,0,,,0,,,0,,,SL,-70.15,96
2025.12.09 13:45,2025.12.09 14:11,BUY,LienKe,4200.693,4192.763,79.3,27.2,62.8,0.34,0.79,1,6,15,1,7,15,0,,,0,,,0,,,0,,,0,,,0,,,0,,,SL,-79.30,26
2025.12.10 15:48,2025.12.10 19:41,BUY,LienKe,4191.769,4185.957,58.1,281.3,24.5,4.84,0.42,1,1,3,1,1,3,1,12,191,1,31,191,1,38,191,1,43,191,1,192,232,1,192,232,0,,,SL,-58.12,233
2025.12.10 15:30,2025.12.10 19:41,BUY,LienKe,4196.695,4185.957,107.4,232.0,73.7,2.16,0.69,1,1,2,1,6,8,1,56,172,1,61,172,1,82,172,1,210,213,1,210,213,1,219,238,0,,,SL,-107.38,251
2025.12.10 14:58,2025.12.10 19:41,BUY,LienKe,4194.079,4188.351,57.3,258.2,51.2,4.51,0.89,1,0,1,1,3,17,1,3,17,1,4,17,1,93,207,1,109,207,1,242,273,1,250,273,0,,,SL,-57.28,283
2025.12.10 14:45,2025.12.10 19:41,BUY,LienKe,4197.899,4188.351,95.5,220.0,89.4,2.30,0.94,1,0,1,1,2,3,1,4,10,1,107,180,1,255,258,1,255,258,1,262,283,1,264,283,0,,,SL,-95.48,296
2025.12.11 01:15,2025.12.11 03:12,SELL,LienKe,4240.267,4250.762,104.9,282.0,17.6,2.69,0.17,1,2,2,1,5,35,1,5,35,1,15,35,1,56,-,1,74,-,1,80,-,1,110,-,0,,,TP,300.00,117
2025.12.11 10:00,2025.12.11 10:07,SELL,LienKe,4218.510,4224.836,63.3,0.0,55.8,0.00,0.88,0,,,0,,,0,,,0,,,0,,,0,,,0,,,0,,,0,,,SL,-63.26,7
2025.12.11 11:49,2025.12.11 13:16,BUY,LienKe,4213.009,4208.245,47.6,95.1,42.3,2.00,0.89,1,22,23,1,28,77,1,31,77,1,37,77,1,71,77,0,,,0,,,0,,,0,,,SL,-47.64,87
2025.12.11 11:45,2025.12.11 13:16,BUY,LienKe,4214.979,4208.245,67.3,75.4,62.0,1.12,0.92,1,35,80,1,36,80,1,41,80,1,47,80,0,,,0,,,0,,,0,,,0,,,SL,-67.34,91
2025.12.11 10:15,2025.12.11 14:11,SELL,LienKe,4220.650,4228.931,82.8,153.0,78.3,1.85,0.95,1,2,164,1,2,164,1,5,164,1,15,164,1,15,164,1,98,164,1,181,207,0,,,0,,,SL,-82.81,236
2025.12.11 16:30,2025.12.11 16:47,SELL,LienKe,4259.573,4264.758,51.8,40.9,48.0,0.79,0.93,1,0,7,1,0,7,1,0,7,0,,,0,,,0,,,0,,,0,,,0,,,SL,-51.85,17
2025.12.11 16:30,2025.12.11 16:47,SELL,LienKe,4257.331,4264.758,74.3,18.4,70.5,0.25,0.95,1,0,1,0,,,0,,,0,,,0,,,0,,,0,,,0,,,0,,,SL,-74.27,17
2025.12.11 17:55,2025.12.11 18:10,SELL,LienKe,4279.271,4284.892,56.2,21.9,48.8,0.39,0.87,1,1,6,1,1,6,0,,,0,,,0,,,0,,,0,,,0,,,0,,,SL,-56.21,15
2025.12.11 17:30,2025.12.11 18:10,SELL,LienKe,4276.049,4284.892,88.4,37.8,81.0,0.43,0.92,1,0,1,1,3,4,1,5,7,0,,,0,,,0,,,0,,,0,,,0,,,SL,-88.43,40
2025.12.11 19:15,2025.12.12 08:42,BUY,LienKe,4271.524,4259.962,115.6,295.5,73.0,2.56,0.63,1,2,6,1,3,6,1,8,42,1,20,42,1,134,339,1,149,339,1,712,-,1,769,-,0,,,TP,294.65,807
2025.12.12 16:34,2025.12.12 16:38,BUY,LienKe,4279.884,4269.078,108.1,24.0,91.0,0.22,0.84,1,0,1,1,0,1,0,,,0,,,0,,,0,,,0,,,0,,,0,,,SL,-108.06,4
2025.12.14 23:16,2025.12.15 01:02,SELL,LienKe,4305.363,4311.172,58.1,51.5,56.7,0.89,0.98,1,0,5,1,1,5,1,42,45,1,53,80,0,,,0,,,0,,,0,,,0,,,SL,-58.09,106
2025.12.14 23:15,2025.12.15 01:02,SELL,LienKe,4302.603,4311.172,85.7,23.9,84.3,0.28,0.98,1,45,45,1,54,57,0,,,0,,,0,,,0,,,0,,,0,,,0,,,SL,-85.69,107
2025.12.12 19:15,2025.12.15 01:40,BUY,LienKe,4294.547,4286.794,77.5,271.1,61.4,3.50,0.79,1,1,13,1,1,13,1,5,13,1,6,13,1,54,71,1,3110,-,1,3226,-,1,3245,-,0,,,TP,294.65,3265
2025.12.15 02:28,2025.12.15 04:23,SELL,LienKe,4324.640,4329.880,52.4,50.7,52.0,0.97,0.99,1,46,62,1,46,62,1,50,62,1,53,62,0,,,0,,,0,,,0,,,0,,,SL,-52.40,115
2025.12.15 02:15,2025.12.15 04:23,SELL,LienKe,4321.517,4329.880,83.6,19.5,83.3,0.23,1.00,1,63,64,0,,,0,,,0,,,0,,,0,,,0,,,0,,,0,,,SL,-83.63,128
2025.12.15 11:17,2025.12.15 13:59,BUY,LienKe,4336.888,4332.333,45.6,115.7,43.7,2.54,0.96,1,1,109,1,1,109,1,4,109,1,31,109,1,44,109,1,72,109,0,,,0,,,0,,,SL,-45.55,162
2025.12.15 11:15,2025.12.15 13:59,BUY,LienKe,4338.585,4332.333,62.5,98.8,60.7,1.58,0.97,1,6,110,1,10,110,1,11,110,1,42,110,1,75,110,0,,,0,,,0,,,0,,,SL,-62.52,164
2025.12.16 10:53,2025.12.16 13:30,BUY,LienKe,4276.272,4271.734,45.4,257.9,25.2,5.68,0.56,1,5,10,1,8,10,1,40,50,1,73,-,1,75,-,1,77,-,1,85,-,1,135,-,0,,,TP,300.00,157
2025.12.16 10:53,2025.12.16 13:30,BUY,Swing,4276.272,4271.734,45.4,257.9,25.2,5.68,0.56,1,5,10,1,8,10,1,40,50,1,73,-,1,75,-,1,77,-,1,85,-,1,135,-,0,,,TP,300.00,157
2025.12.16 10:45,2025.12.16 13:31,BUY,LienKe,4279.207,4271.734,74.7,285.0,54.5,3.81,0.73,1,0,2,1,0,2,1,81,-,1,83,-,1,87,-,1,90,-,1,121,-,1,156,-,0,,,TP,300.00,166
2025.12.16 10:45,2025.12.16 13:31,BUY,Swing,4279.207,4271.734,74.7,285.0,54.5,3.81,0.73,1,0,2,1,0,2,1,81,-,1,83,-,1,87,-,1,90,-,1,121,-,1,156,-,0,,,TP,300.00,166
2025.12.16 08:45,2025.12.16 13:59,BUY,LienKe,4283.246,4272.426,108.2,295.6,94.9,2.73,0.88,1,0,17,1,2,17,1,5,17,1,209,-,1,213,-,1,239,-,1,275,-,1,285,-,0,,,TP,300.00,314
2025.12.16 15:34,2025.12.16 16:34,SELL,LienKe,4329.955,4338.137,81.8,296.0,4.6,3.62,0.06,1,0,-,1,0,-,1,1,-,1,2,-,1,3,-,1,24,-,1,36,-,1,42,-,0,,,TP,300.00,60
2025.12.16 15:15,2025.12.16 16:40,SELL,LienKe,4324.082,4338.137,140.5,297.7,63.3,2.12,0.45,1,0,1,1,0,1,1,3,16,1,3,16,1,3,16,1,5,16,1,61,-,1,67,-,0,,,TP,300.00,85
2025.12.16 20:00,2025.12.17 01:11,SELL,LienKe,4310.676,4318.981,83.0,98.2,72.0,1.18,0.87,1,18,23,1,18,23,1,51,244,1,52,244,1,62,244,0,,,0,,,0,,,0,,,SL,-83.05,311
2025.12.17 02:30,2025.12.17 04:45,SELL,LienKe,4320.670,4330.864,101.9,93.1,97.4,0.91,0.96,1,2,63,1,2,63,1,3,63,1,6,63,1,23,63,0,,,0,,,0,,,0,,,SL,-101.94,135
2025.12.16 18:30,2025.12.17 04:55,BUY,LienKe,4301.310,4295.015,63.0,298.7,39.3,4.74,0.62,1,0,55,1,0,55,1,1,55,1,1,55,1,6,55,1,18,55,1,391,-,1,423,-,0,,,TP,294.65,625
2025.12.16 18:30,2025.12.17 05:09,BUY,LienKe,4301.893,4295.015,68.8,297.3,45.1,4.32,0.66,1,0,55,1,1,55,1,1,55,1,2,55,1,6,55,1,18,55,1,395,-,1,424,-,0,,,TP,294.65,639
2025.12.17 07:00,2025.12.17 07:16,BUY,LienKe,4328.854,4321.854,70.0,0.0,62.9,0.00,0.90,0,,,0,,,0,,,0,,,0,,,0,,,0,,,0,,,0,,,SL,-70.00,16
2025.12.17 10:45,2025.12.17 14:01,BUY,Swing,4315.292,4303.453,118.4,297.6,20.0,2.51,0.17,1,4,48,1,12,48,1,15,48,1,31,48,1,141,-,1,146,-,1,154,-,1,166,-,0,,,TP,300.00,196
2025.12.18 10:00,2025.12.18 12:28,BUY,LienKe,4323.488,4317.584,59.0,51.9,32.4,0.88,0.55,1,1,9,1,3,9,1,44,124,1,66,124,0,,,0,,,0,,,0,,,0,,,SL,-59.04,148
2025.12.18 02:45,2025.12.18 13:50,SELL,LienKe,4333.969,4340.710,67.4,193.1,63.8,2.87,0.95,1,2,22,1,4,22,1,5,22,1,113,137,1,320,645,1,370,645,1,583,645,0,,,0,,,SL,-67.41,665
2025.12.19 01:21,2025.12.19 01:24,BUY,LienKe,4323.086,4317.474,56.1,5.1,42.6,0.09,0.76,0,,,0,,,0,,,0,,,0,,,0,,,0,,,0,,,0,,,SL,-56.12,3
2025.12.19 01:21,2025.12.19 01:24,BUY,Swing,4323.086,4317.474,56.1,5.1,42.6,0.09,0.76,0,,,0,,,0,,,0,,,0,,,0,,,0,,,0,,,0,,,SL,-56.12,3
2025.12.19 01:15,2025.12.19 01:24,BUY,LienKe,4325.881,4317.474,84.1,25.2,70.6,0.30,0.84,1,1,5,1,1,5,0,,,0,,,0,,,0,,,0,,,0,,,0,,,SL,-84.07,9
2025.12.19 01:15,2025.12.19 01:24,BUY,Swing,4325.881,4317.474,84.1,25.2,70.6,0.30,0.84,1,1,5,1,1,5,0,,,0,,,0,,,0,,,0,,,0,,,0,,,SL,-84.07,9
2025.12.18 23:40,2025.12.19 15:04,SELL,LienKe,4335.291,4339.621,43.3,259.1,28.9,5.98,0.67,1,2,8,1,25,816,1,27,816,1,31,816,1,66,816,1,80,816,1,103,816,1,108,816,0,,,SL,-43.30,924
2025.12.18 23:30,2025.12.19 15:04,SELL,LienKe,4334.057,4339.621,55.6,246.8,41.3,4.43,0.74,1,35,36,1,37,821,1,40,821,1,47,821,1,89,821,1,90,821,1,113,821,1,118,821,0,,,SL,-55.64,934
2025.12.19 03:21,2025.12.19 15:08,BUY,LienKe,4314.587,4309.848,47.4,288.3,15.1,6.08,0.32,1,3,-,1,4,-,1,4,-,1,5,-,1,96,-,1,131,-,1,320,-,1,590,-,0,,,TP,300.00,707
2025.12.19 03:15,2025.12.19 15:23,BUY,LienKe,4316.464,4309.848,66.2,290.8,33.9,4.40,0.51,1,0,1,1,10,-,1,10,-,1,13,-,1,137,-,1,147,-,1,390,-,1,683,-,0,,,TP,300.00,728
2025.12.19 10:45,2025.12.22 00:00,BUY,LienKe,4327.287,4319.288,80.0,292.7,75.6,3.66,0.94,1,2,3,1,6,7,1,140,195,1,146,195,1,152,195,1,234,241,1,261,-,1,313,-,0,,,TP,294.65,3675
2025.12.22 01:25,2025.12.22 01:39,SELL,LienKe,4368.852,4375.854,70.0,8.6,63.9,0.12,0.91,0,,,0,,,0,,,0,,,0,,,0,,,0,,,0,,,0,,,SL,-70.02,14
2025.12.22 01:15,2025.12.22 01:39,SELL,LienKe,4364.837,4375.854,110.2,33.8,104.0,0.31,0.94,1,1,2,1,2,5,1,4,5,0,,,0,,,0,,,0,,,0,,,0,,,SL,-110.17,24
2025.12.22 08:34,2025.12.22 08:56,BUY,LienKe,4411.060,4406.362,47.0,1.0,44.7,0.02,0.95,0,,,0,,,0,,,0,,,0,,,0,,,0,,,0,,,0,,,SL,-46.98,21
2025.12.22 08:30,2025.12.22 08:56,BUY,LienKe,4413.584,4406.362,72.2,13.8,69.9,0.19,0.97,1,0,2,0,,,0,,,0,,,0,,,0,,,0,,,0,,,0,,,SL,-72.22,26
2025.12.22 11:15,2025.12.22 16:18,BUY,LienKe,4409.479,4403.180,63.0,295.6,33.2,4.69,0.53,1,12,14,1,24,31,1,46,53,1,98,-,1,105,-,1,105,-,1,115,-,1,270,-,0,,,TP,300.00,303
2025.12.23 05:30,2025.12.23 06:00,BUY,LienKe,4478.471,4473.559,49.1,70.8,36.0,1.44,0.73,1,0,1,1,2,21,1,2,21,1,2,21,0,,,0,,,0,,,0,,,0,,,SL,-49.12,30
2025.12.23 05:30,2025.12.23 06:00,BUY,LienKe,4480.530,4473.559,69.7,50.3,56.6,0.72,0.81,1,2,12,1,2,12,1,2,12,1,3,12,0,,,0,,,0,,,0,,,0,,,SL,-69.71,30
2025.12.24 09:41,2025.12.24 10:01,SELL,LienKe,4491.454,4496.425,49.7,6.8,47.1,0.14,0.95,0,,,0,,,0,,,0,,,0,,,0,,,0,,,0,,,0,,,SL,-49.71,20
2025.12.24 09:30,2025.12.24 10:01,SELL,LienKe,4489.442,4496.425,69.8,28.6,67.2,0.41,0.96,1,2,10,1,4,10,0,,,0,,,0,,,0,,,0,,,0,,,0,,,SL,-69.83,31
2025.12.24 08:15,2025.12.24 13:26,BUY,LienKe,4485.272,4475.091,101.8,146.3,95.8,1.44,0.94,1,2,3,1,9,14,1,9,14,1,11,14,1,62,139,1,95,139,0,,,0,,,0,,,SL,-101.81,311
2025.12.26 08:31,2025.12.26 09:00,SELL,LienKe,4516.231,4520.382,41.5,28.7,36.0,0.69,0.87,1,2,15,1,10,15,0,,,0,,,0,,,0,,,0,,,0,,,0,,,SL,-41.51,29
2025.12.26 08:30,2025.12.26 09:00,SELL,LienKe,4515.121,4520.382,52.6,17.6,47.1,0.34,0.90,1,11,14,0,,,0,,,0,,,0,,,0,,,0,,,0,,,0,,,SL,-52.61,30
2025.12.26 11:00,2025.12.26 11:05,BUY,LienKe,4514.556,4508.262,62.9,8.1,42.9,0.13,0.68,0,,,0,,,0,,,0,,,0,,,0,,,0,,,0,,,0,,,SL,-62.94,5
2025.12.26 02:45,2025.12.26 14:27,BUY,LienKe,4499.330,4489.303,100.3,290.6,17.4,2.90,0.17,1,3,46,1,4,46,1,4,46,1,6,46,1,9,46,1,15,46,1,171,-,1,238,-,0,,,TP,300.00,702
2025.12.26 13:58,2025.12.26 14:34,SELL,Swing,4525.124,4531.394,62.7,25.3,58.6,0.40,0.93,1,4,5,1,4,5,0,,,0,,,0,,,0,,,0,,,0,,,0,,,SL,-62.70,36
2025.12.26 13:45,2025.12.26 14:34,SELL,Swing,4521.816,4531.394,95.8,64.8,91.7,0.68,0.96,1,0,1,1,4,10,1,4,10,1,5,10,0,,,0,,,0,,,0,,,0,,,SL,-95.78,49
2025.12.26 14:58,2025.12.26 15:32,SELL,LienKe,4526.240,4536.435,102.0,64.7,91.2,0.63,0.89,1,0,7,1,0,7,1,0,7,1,1,7,0,,,0,,,0,,,0,,,0,,,SL,-101.95,34
2025.12.26 14:45,2025.12.26 15:32,SELL,LienKe,4521.073,4536.435,153.6,81.6,142.8,0.53,0.93,1,0,0,1,2,10,1,2,10,1,2,10,1,7,10,0,,,0,,,0,,,0,,,SL,-153.62,47
2025.12.29 00:16,2025.12.29 00:19,BUY,LienKe,4519.246,4511.441,78.1,17.8,72.3,0.23,0.93,1,0,1,0,,,0,,,0,,,0,,,0,,,0,,,0,,,0,,,SL,-78.05,3
2025.12.29 00:15,2025.12.29 00:19,BUY,LienKe,4524.185,4511.441,127.4,0.0,121.7,0.00,0.95,0,,,0,,,0,,,0,,,0,,,0,,,0,,,0,,,0,,,SL,-127.44,4
2025.12.29 04:25,2025.12.29 06:01,BUY,LienKe,4511.283,4504.570,67.1,82.3,61.8,1.23,0.92,1,1,44,1,2,44,1,4,44,1,9,44,1,9,44,0,,,0,,,0,,,0,,,SL,-67.13,96
2025.12.29 23:15,2025.12.30 00:27,SELL,Swing,4340.649,4350.180,95.3,171.6,94.1,1.80,0.99,1,0,32,1,0,32,1,0,32,1,0,32,1,0,32,1,3,32,1,3,32,0,,,0,,,SL,-95.31,72
2025.12.30 01:15,2025.12.30 03:01,BUY,LienKe,4335.109,4321.410,137.0,298.5,32.7,2.18,0.24,1,0,14,1,0,14,1,1,14,1,1,14,1,3,14,1,27,-,1,31,-,1,36,-,0,,,TP,300.00,106
2025.12.30 11:01,2025.12.30 12:13,SELL,Swing,4387.286,4394.783,75.0,59.2,58.7,0.79,0.78,1,1,8,1,42,66,1,43,66,1,50,66,0,,,0,,,0,,,0,,,0,,,SL,-74.97,72
2025.12.30 10:45,2025.12.30 12:13,SELL,Swing,4382.797,4394.783,119.9,39.0,103.6,0.33,0.86,1,1,6,1,2,6,1,3,6,0,,,0,,,0,,,0,,,0,,,0,,,SL,-119.86,88
2025.12.31 05:35,2025.12.31 05:40,BUY,LienKe,4331.202,4326.365,48.4,59.6,13.3,1.23,0.27,1,1,-,1,1,-,1,1,-,1,2,-,0,,,0,,,0,,,0,,,0,,,SL,-48.37,5
2025.12.31 05:15,2025.12.31 05:40,BUY,LienKe,4334.767,4326.365,84.0,82.6,48.9,0.98,0.58,1,2,3,1,6,19,1,7,19,1,10,19,1,14,19,0,,,0,,,0,,,0,,,SL,-84.02,25
2026.01.02 04:15,2026.01.02 05:54,SELL,LienKe,4374.829,4381.641,68.1,37.2,55.9,0.55,0.82,1,6,11,1,7,11,1,8,11,0,,,0,,,0,,,0,,,0,,,0,,,SL,-68.12,99
2026.01.02 11:30,2026.01.02 13:16,SELL,LienKe,4394.328,4402.384,80.6,89.9,75.4,1.12,0.94,1,1,4,1,1,4,1,23,36,1,71,89,1,71,89,0,,,0,,,0,,,0,,,SL,-80.56,106
2026.01.05 10:48,2026.01.05 12:43,SELL,LienKe,4436.964,4441.891,49.3,294.3,32.1,5.97,0.65,1,10,12,1,13,-,1,13,-,1,16,-,1,28,-,1,36,-,1,38,-,1,38,-,0,,,TP,300.00,115
2026.01.05 10:45,2026.01.05 13:22,SELL,LienKe,4435.070,4441.891,68.2,294.7,51.0,4.32,0.75,1,16,-,1,17,-,1,19,-,1,31,-,1,39,-,1,40,-,1,41,-,1,42,-,0,,,TP,300.00,157
2026.01.06 00:32,2026.01.06 00:40,BUY,LienKe,4438.480,4433.533,49.5,7.5,48.5,0.15,0.98,0,,,0,,,0,,,0,,,0,,,0,,,0,,,0,,,0,,,SL,-49.47,8
2026.01.06 00:15,2026.01.06 00:40,BUY,LienKe,4440.724,4433.533,71.9,41.8,71.0,0.58,0.99,1,0,1,1,15,17,1,16,17,0,,,0,,,0,,,0,,,0,,,0,,,SL,-71.91,25
2026.01.05 17:15,2026.01.06 01:03,BUY,LienKe,4442.586,4429.261,133.2,177.0,122.4,1.33,0.92,1,0,20,1,1,20,1,1,20,1,10,20,1,349,377,1,349,377,1,354,377,0,,,0,,,SL,-138.60,468
2026.01.06 05:16,2026.01.06 05:30,SELL,LienKe,4468.513,4472.666,41.5,6.0,23.6,0.14,0.57,0,,,0,,,0,,,0,,,0,,,0,,,0,,,0,,,0,,,SL,-41.53,14
2026.01.06 05:15,2026.01.06 05:30,SELL,LienKe,4467.364,4472.666,53.0,3.4,35.1,0.06,0.66,0,,,0,,,0,,,0,,,0,,,0,,,0,,,0,,,0,,,SL,-53.02,15
2026.01.06 15:45,2026.01.07 02:01,BUY,LienKe,4475.545,4459.854,156.9,250.0,145.5,1.59,0.93,1,2,7,1,2,7,1,3,7,1,15,20,1,41,562,1,49,562,1,130,562,1,313,562,0,,,SL,-162.26,616
2026.01.08 01:00,2026.01.08 01:46,BUY,Swing,4448.450,4443.637,48.1,120.3,40.6,2.50,0.84,1,1,42,1,1,42,1,1,42,1,2,42,1,6,42,1,8,42,0,,,0,,,0,,,SL,-48.13,46
2026.01.08 01:00,2026.01.08 01:46,BUY,Swing,4450.419,4443.637,67.8,100.6,60.3,1.48,0.89,1,1,2,1,2,40,1,2,40,1,5,40,1,8,40,1,23,40,0,,,0,,,0,,,SL,-67.82,46
2026.01.07 19:30,2026.01.08 01:55,BUY,LienKe,4450.726,4442.362,83.6,157.5,77.0,1.88,0.92,1,0,89,1,0,89,1,0,89,1,1,89,1,30,89,1,48,89,1,273,311,0,,,0,,,SL,-99.69,385
2026.01.08 02:19,2026.01.08 02:33,BUY,LienKe,4443.326,4437.076,62.5,8.4,55.9,0.13,0.89,0,,,0,,,0,,,0,,,0,,,0,,,0,,,0,,,0,,,SL,-62.50,14
2026.01.08 02:15,2026.01.08 02:33,BUY,LienKe,4446.646,4437.076,95.7,1.4,89.1,0.01,0.93,0,,,0,,,0,,,0,,,0,,,0,,,0,,,0,,,0,,,SL,-95.70,18
2026.01.08 04:22,2026.01.08 04:43,BUY,LienKe,4438.337,4433.572,47.7,11.9,44.9,0.25,0.94,1,5,6,0,,,0,,,0,,,0,,,0,,,0,,,0,,,0,,,SL,-47.65,21
2026.01.08 04:15,2026.01.08 04:43,BUY,LienKe,4440.263,4433.572,66.9,3.1,64.1,0.05,0.96,0,,,0,,,0,,,0,,,0,,,0,,,0,,,0,,,0,,,SL,-66.91,28
2026.01.08 09:32,2026.01.08 14:50,SELL,LienKe,4433.499,4438.449,49.5,257.8,43.9,5.21,0.89,1,0,1,1,14,24,1,16,24,1,35,66,1,47,66,1,47,66,1,149,233,1,153,233,0,,,SL,-49.50,317
2026.01.08 09:15,2026.01.08 14:50,SELL,LienKe,4431.039,4438.449,74.1,233.2,68.5,3.15,0.92,1,0,2,1,2,13,1,3,13,1,63,78,1,153,208,1,165,208,1,169,208,1,180,208,0,,,SL,-74.10,335
2026.01.09 00:00,2026.01.09 00:21,BUY,LienKe,4475.792,4469.630,61.6,9.5,60.0,0.15,0.97,0,,,0,,,0,,,0,,,0,,,0,,,0,,,0,,,0,,,SL,-61.62,21
2026.01.09 09:30,2026.01.09 12:06,SELL,LienKe,4473.977,4480.674,67.0,66.2,62.6,0.99,0.93,1,3,4,1,5,10,1,24,39,1,60,90,0,,,0,,,0,,,0,,,0,,,SL,-66.97,156
2026.01.09 09:30,2026.01.09 12:06,SELL,Swing,4473.977,4480.674,67.0,66.2,62.6,0.99,0.93,1,3,4,1,5,10,1,24,39,1,60,90,0,,,0,,,0,,,0,,,0,,,SL,-66.97,156
2026.01.09 05:30,2026.01.09 14:11,BUY,Swing,4464.820,4455.040,97.8,284.3,59.1,2.91,0.60,1,0,201,1,0,201,1,0,201,1,2,201,1,58,201,1,60,201,1,395,421,1,482,-,0,,,TP,300.00,521
2026.01.12 12:30,2026.01.12 13:40,BUY,LienKe,4582.850,4575.449,74.0,283.9,6.6,3.84,0.09,1,2,-,1,4,-,1,6,-,1,20,-,1,30,-,1,31,-,1,36,-,1,38,-,0,,,TP,300.00,70
2026.01.13 11:27,2026.01.13 11:53,SELL,LienKe,4587.603,4591.909,43.1,25.7,43.0,0.60,1.00,1,2,14,1,2,14,0,,,0,,,0,,,0,,,0,,,0,,,0,,,SL,-43.06,25
2026.01.13 11:15,2026.01.13 11:53,SELL,LienKe,4584.589,4591.909,73.2,24.0,73.1,0.33,1.00,1,0,1,1,1,1,0,,,0,,,0,,,0,,,0,,,0,,,0,,,SL,-73.20,38
2026.01.13 18:30,2026.01.13 20:33,BUY,LienKe,4591.897,4578.045,138.5,101.9,113.1,0.74,0.82,1,1,4,1,1,4,1,5,31,1,6,31,1,10,31,1,17,31,0,,,0,,,0,,,SL,-138.52,123
2026.01.13 20:45,2026.01.14 01:02,BUY,LienKe,4585.411,4566.234,191.8,286.1,30.0,1.49,0.16,1,1,8,1,2,8,1,2,8,1,136,-,1,142,-,1,148,-,1,196,-,1,202,-,0,,,TP,294.65,257
2026.01.13 20:45,2026.01.14 01:02,BUY,Swing,4585.411,4566.234,191.8,286.1,30.0,1.49,0.16,1,1,8,1,2,8,1,2,8,1,136,-,1,142,-,1,148,-,1,196,-,1,202,-,0,,,TP,294.65,257
2026.01.14 12:00,2026.01.14 14:38,BUY,LienKe,4630.500,4622.930,75.7,114.9,61.9,1.52,0.82,1,0,69,1,0,69,1,0,69,1,2,69,1,11,69,1,59,69,0,,,0,,,0,,,SL,-75.70,158
2026.01.14 20:18,2026.01.14 23:03,BUY,LienKe,4631.177,4623.154,80.2,61.1,132.8,0.76,1.65,1,0,16,1,0,16,1,1,16,1,1,16,0,,,0,,,0,,,0,,,0,,,SL,-80.23,165
2026.01.14 20:15,2026.01.14 23:03,BUY,LienKe,4636.400,4623.154,132.5,15.0,185.0,0.11,1.40,1,0,1,0,,,0,,,0,,,0,,,0,,,0,,,0,,,0,,,SL,-132.46,168
2026.01.14 19:25,2026.01.14 23:23,SELL,LienKe,4640.020,4646.164,61.4,293.1,17.2,4.77,0.28,1,0,1,1,0,1,1,2,14,1,3,14,1,37,45,1,37,45,1,109,-,1,132,-,0,,,TP,300.00,238
2026.01.14 19:25,2026.01.14 23:23,SELL,Swing,4640.020,4646.164,61.4,293.1,17.2,4.77,0.28,1,0,1,1,0,1,1,2,14,1,3,14,1,37,45,1,37,45,1,109,-,1,132,-,0,,,TP,300.00,238
2026.01.14 19:15,2026.01.14 23:26,SELL,LienKe,4636.921,4646.164,92.4,292.9,48.1,3.17,0.52,1,0,1,1,0,1,1,47,50,1,47,50,1,47,50,1,52,54,1,130,-,1,231,-,0,,,TP,300.00,251
2026.01.14 19:15,2026.01.14 23:26,SELL,Swing,4636.921,4646.164,92.4,292.9,48.1,3.17,0.52,1,0,1,1,0,1,1,47,50,1,47,50,1,47,50,1,52,54,1,130,-,1,231,-,0,,,TP,300.00,251
2026.01.14 15:15,2026.01.15 01:30,BUY,LienKe,4615.657,4596.335,193.2,275.1,186.4,1.42,0.96,1,0,14,1,1,14,1,1,14,1,1,14,1,7,14,1,7,14,1,195,474,1,217,474,0,,,SL,-209.27,615
2026.01.15 07:30,2026.01.15 10:37,SELL,LienKe,4610.213,4616.611,64.0,122.5,61.7,1.91,0.96,1,2,3,1,6,128,1,7,128,1,8,128,1,12,128,1,26,128,0,,,0,,,0,,,SL,-63.98,187
2026.01.15 10:34,2026.01.15 10:42,SELL,LienKe,4613.378,4618.901,55.2,0.0,50.5,0.00,0.91,0,,,0,,,0,,,0,,,0,,,0,,,0,,,0,,,0,,,SL,-55.23,8
2026.01.15 10:34,2026.01.15 10:42,SELL,Swing,4613.378,4618.901,55.2,0.0,50.5,0.00,0.91,0,,,0,,,0,,,0,,,0,,,0,,,0,,,0,,,0,,,SL,-55.23,8
2026.01.15 10:30,2026.01.15 10:42,SELL,LienKe,4612.188,4618.901,67.1,14.2,62.4,0.21,0.93,1,1,2,0,,,0,,,0,,,0,,,0,,,0,,,0,,,0,,,SL,-67.13,12
2026.01.15 10:30,2026.01.15 10:42,SELL,Swing,4612.188,4618.901,67.1,14.2,62.4,0.21,0.93,1,1,2,0,,,0,,,0,,,0,,,0,,,0,,,0,,,0,,,SL,-67.13,12
2026.01.15 05:45,2026.01.15 10:47,BUY,LienKe,4589.818,4577.995,118.2,295.9,22.9,2.50,0.19,1,0,0,1,4,-,1,5,-,1,6,-,1,7,-,1,17,-,1,25,-,1,35,-,0,,,TP,300.00,302
2026.01.15 05:45,2026.01.15 10:47,BUY,Swing,4589.818,4577.995,118.2,295.9,22.9,2.50,0.19,1,0,0,1,4,-,1,5,-,1,6,-,1,7,-,1,17,-,1,25,-,1,35,-,0,,,TP,300.00,302
2026.01.15 20:00,2026.01.15 20:09,BUY,LienKe,4616.068,4609.627,64.4,2.4,54.5,0.04,0.85,0,,,0,,,0,,,0,,,0,,,0,,,0,,,0,,,0,,,SL,-64.41,9
2026.01.15 17:00,2026.01.16 01:00,BUY,LienKe,4605.859,4598.162,77.0,158.7,73.3,2.06,0.95,1,0,189,1,2,189,1,2,189,1,6,189,1,34,189,1,38,189,1,82,189,0,,,0,,,SL,-82.32,480
2026.01.16 04:40,2026.01.16 05:40,SELL,LienKe,4599.997,4604.417,44.2,45.9,42.4,1.04,0.96,1,31,43,1,32,43,1,32,43,0,,,0,,,0,,,0,,,0,,,0,,,SL,-44.20,60
2026.01.16 04:30,2026.01.16 05:40,SELL,LienKe,4598.585,4604.417,58.3,31.7,56.6,0.54,0.97,1,1,2,1,43,51,1,44,51,0,,,0,,,0,,,0,,,0,,,0,,,SL,-58.32,70
2026.01.16 10:30,2026.01.16 11:40,SELL,LienKe,4607.580,4614.170,65.9,88.3,65.7,1.34,1.00,1,21,47,1,22,47,1,23,47,1,27,47,1,30,47,0,,,0,,,0,,,0,,,SL,-65.90,70
2026.01.15 19:25,2026.01.16 13:16,SELL,LienKe,4620.395,4624.733,43.4,290.0,7.6,6.68,0.17,1,1,220,1,2,220,1,5,220,1,13,220,1,43,220,1,44,220,1,44,220,1,321,-,0,,,TP,300.00,1071
2026.01.15 19:15,2026.01.16 13:16,SELL,LienKe,4619.038,4624.733,57.0,276.4,21.2,4.85,0.37,1,0,1,1,22,226,1,24,226,1,42,226,1,53,226,1,54,226,1,62,226,1,336,-,0,,,TP,300.00,1081
2026.01.16 17:00,2026.01.16 17:22,BUY,Swing,4591.666,4578.801,128.6,14.2,126.5,0.11,0.98,1,8,9,0,,,0,,,0,,,0,,,0,,,0,,,0,,,0,,,SL,-128.65,22
2026.01.19 01:57,2026.01.19 02:01,BUY,LienKe,4659.285,4653.212,60.7,16.6,40.7,0.27,0.67,1,0,1,0,,,0,,,0,,,0,,,0,,,0,,,0,,,0,,,SL,-60.73,4
2026.01.19 01:45,2026.01.19 02:01,BUY,LienKe,4662.639,4653.212,94.3,49.5,74.2,0.53,0.79,1,1,2,1,5,9,1,5,9,0,,,0,,,0,,,0,,,0,,,0,,,SL,-94.27,16
2026.01.19 05:30,2026.01.19 06:36,SELL,Swing,4670.387,4675.365,49.8,63.9,48.3,1.28,0.97,1,7,26,1,9,26,1,9,26,1,13,26,0,,,0,,,0,,,0,,,0,,,SL,-49.78,66
2026.01.19 05:30,2026.01.19 06:36,SELL,Swing,4669.138,4675.365,62.3,51.4,60.8,0.83,0.98,1,9,17,1,10,17,1,12,17,1,14,17,0,,,0,,,0,,,0,,,0,,,SL,-62.27,66
2026.01.19 17:30,2026.01.19 23:27,BUY,LienKe,4671.114,4666.195,49.2,93.8,46.4,1.91,0.94,1,0,107,1,1,107,1,12,107,1,14,107,1,52,107,0,,,0,,,0,,,0,,,SL,-49.19,357
2026.01.19 23:24,2026.01.20 00:26,BUY,LienKe,4668.671,4663.476,52.0,3.7,48.0,0.07,0.92,0,,,0,,,0,,,0,,,0,,,0,,,0,,,0,,,0,,,SL,-57.30,62
2026.01.19 23:15,2026.01.20 00:26,BUY,LienKe,4671.024,4663.476,75.5,14.0,71.6,0.19,0.95,1,2,5,0,,,0,,,0,,,0,,,0,,,0,,,0,,,0,,,SL,-80.83,71
2026.01.20 04:15,2026.01.20 04:27,SELL,LienKe,4681.581,4685.699,41.2,2.2,39.9,0.05,0.97,0,,,0,,,0,,,0,,,0,,,0,,,0,,,0,,,0,,,SL,-41.18,12
2026.01.20 04:15,2026.01.20 04:27,SELL,LienKe,4680.425,4685.699,52.7,0.0,51.5,0.00,0.98,0,,,0,,,0,,,0,,,0,,,0,,,0,,,0,,,0,,,SL,-52.74,12
2026.01.19 11:49,2026.01.20 04:42,BUY,LienKe,4662.457,4657.083,53.7,295.5,30.0,5.50,0.56,1,4,4,1,20,139,1,23,139,1,26,139,1,28,139,1,42,139,1,364,757,1,976,-,0,,,TP,294.65,1013
2026.01.19 11:45,2026.01.20 04:56,BUY,LienKe,4664.968,4657.083,78.9,295.1,55.1,3.74,0.70,1,2,3,1,30,130,1,31,130,1,31,130,1,46,130,1,249,703,1,399,703,1,1000,-,0,,,TP,294.65,1031
2026.01.19 14:15,2026.01.20 04:59,BUY,LienKe,4665.213,4658.511,67.0,299.8,57.6,4.47,0.86,1,3,22,1,3,22,1,5,22,1,15,22,1,99,553,1,100,553,1,249,553,1,850,-,0,,,TP,294.65,884
2026.01.20 11:15,2026.01.20 13:21,BUY,LienKe,4726.416,4718.583,78.3,90.0,49.2,1.15,0.63,1,1,1,1,5,6,1,23,72,1,24,72,1,36,72,0,,,0,,,0,,,0,,,SL,-78.33,126
2026.01.20 20:15,2026.01.20 20:18,BUY,LienKe,4760.378,4752.904,74.7,4.1,23.2,0.06,0.31,0,,,0,,,0,,,0,,,0,,,0,,,0,,,0,,,0,,,SL,-74.74,3
2026.01.20 20:18,2026.01.20 20:21,BUY,LienKe,4758.026,4752.904,51.2,0.0,65.4,0.00,1.28,0,,,0,,,0,,,0,,,0,,,0,,,0,,,0,,,0,,,SL,-51.22,3
2026.01.21 03:40,2026.01.21 04:23,SELL,LienKe,4843.293,4852.968,96.8,52.3,79.4,0.54,0.82,1,3,4,1,5,14,1,7,14,1,32,33,0,,,0,,,0,,,0,,,0,,,SL,-96.75,43
2026.01.21 03:40,2026.01.21 04:23,SELL,Swing,4843.293,4852.968,96.8,52.3,79.4,0.54,0.82,1,3,4,1,5,14,1,7,14,1,32,33,0,,,0,,,0,,,0,,,0,,,SL,-96.75,43
2026.01.21 03:15,2026.01.21 04:23,SELL,LienKe,4834.004,4852.968,189.6,67.8,172.3,0.36,0.91,1,0,2,1,0,2,1,0,2,1,0,2,0,,,0,,,0,,,0,,,0,,,SL,-189.64,68
2026.01.21 03:15,2026.01.21 04:23,SELL,Swing,4834.004,4852.968,189.6,67.8,172.3,0.36,0.91,1,0,2,1,0,2,1,0,2,1,0,2,0,,,0,,,0,,,0,,,0,,,SL,-189.64,68
2026.01.22 02:33,2026.01.22 05:50,BUY,Swing,4781.765,4769.208,125.6,260.2,68.6,2.07,0.55,1,1,4,1,1,4,1,2,4,1,14,-,1,20,-,1,25,-,1,79,-,1,187,-,0,,,TP,300.00,197
2026.01.22 01:37,2026.01.22 05:51,SELL,LienKe,4802.810,4812.639,98.3,277.5,94.7,2.82,0.96,1,0,4,1,0,4,1,0,4,1,1,4,1,2,4,1,24,244,1,29,244,1,56,244,0,,,SL,-98.29,254
2026.01.22 01:30,2026.01.22 05:51,SELL,LienKe,4796.015,4812.639,166.2,209.5,162.7,1.26,0.98,1,1,1,1,2,3,1,31,33,1,32,33,1,36,117,1,60,117,1,63,117,1,69,117,0,,,SL,-166.24,261
2026.01.22 12:00,2026.01.22 14:32,SELL,LienKe,4831.108,4839.466,83.6,202.6,43.2,2.42,0.52,1,0,25,1,0,25,1,0,25,1,1,25,1,57,78,1,59,78,1,102,150,1,102,150,0,,,SL,-83.58,152
2026.01.22 09:15,2026.01.22 14:32,SELL,LienKe,4832.924,4841.000,80.8,220.7,37.0,2.73,0.46,1,5,153,1,5,153,1,5,153,1,17,153,1,17,153,1,17,153,1,17,153,1,267,316,0,,,SL,-80.76,317
2026.01.23 11:30,2026.01.23 14:46,BUY,LienKe,4921.045,4908.967,120.8,287.2,27.5,2.38,0.23,1,3,28,1,3,28,1,3,28,1,19,28,1,32,-,1,35,-,1,45,-,1,81,-,0,,,TP,300.00,196
2026.01.23 15:00,2026.01.23 15:43,SELL,LienKe,4943.231,4959.538,163.1,46.4,162.5,0.28,1.00,1,0,0,1,0,0,1,0,0,0,,,0,,,0,,,0,,,0,,,0,,,SL,-163.07,43
2026.01.26 13:20,2026.01.26 13:30,BUY,LienKe,5072.457,5063.067,93.9,34.4,52.2,0.37,0.56,1,0,1,1,0,1,1,8,9,0,,,0,,,0,,,0,,,0,,,0,,,SL,-93.90,10
2026.01.26 13:20,2026.01.26 13:30,BUY,Swing,5072.457,5063.067,93.9,34.4,52.2,0.37,0.56,1,0,1,1,0,1,1,8,9,0,,,0,,,0,,,0,,,0,,,0,,,SL,-93.90,10
2026.01.26 13:15,2026.01.26 13:30,BUY,LienKe,5080.325,5063.067,172.6,29.9,130.9,0.17,0.76,1,0,1,1,0,1,0,,,0,,,0,,,0,,,0,,,0,,,0,,,SL,-172.58,15
2026.01.26 13:15,2026.01.26 13:30,BUY,Swing,5080.325,5063.067,172.6,29.9,130.9,0.17,0.76,1,0,1,1,0,1,0,,,0,,,0,,,0,,,0,,,0,,,0,,,SL,-172.58,15
2026.01.27 07:18,2026.01.27 07:32,SELL,LienKe,5090.225,5097.582,73.6,84.7,56.2,1.15,0.76,1,1,4,1,1,4,1,1,4,1,1,4,1,7,12,0,,,0,,,0,,,0,,,SL,-73.57,13
2026.01.27 07:15,2026.01.27 07:32,SELL,LienKe,5085.372,5097.582,122.1,36.2,104.7,0.30,0.86,1,10,12,1,10,12,1,11,12,0,,,0,,,0,,,0,,,0,,,0,,,SL,-122.10,17
2026.01.27 08:24,2026.01.27 08:29,BUY,LienKe,5082.746,5076.429,63.2,12.0,31.7,0.19,0.50,1,0,1,0,,,0,,,0,,,0,,,0,,,0,,,0,,,0,,,SL,-63.17,5
2026.01.27 08:15,2026.01.27 08:29,BUY,LienKe,5086.763,5076.429,103.3,8.8,71.8,0.08,0.70,0,,,0,,,0,,,0,,,0,,,0,,,0,,,0,,,0,,,SL,-103.34,14
2026.01.27 09:45,2026.01.27 09:53,SELL,LienKe,5088.422,5097.323,89.0,52.7,85.6,0.59,0.96,1,0,3,1,0,3,1,0,3,1,1,3,0,,,0,,,0,,,0,,,0,,,SL,-89.01,8
2026.01.27 09:45,2026.01.27 09:53,SELL,LienKe,5088.021,5097.323,93.0,48.7,89.6,0.52,0.96,1,0,3,1,0,3,1,0,3,0,,,0,,,0,,,0,,,0,,,0,,,SL,-93.02,8
2026.01.27 17:16,2026.01.27 17:49,BUY,LienKe,5083.903,5077.352,65.5,57.8,60.8,0.88,0.93,1,2,2,1,4,6,1,10,19,1,14,19,0,,,0,,,0,,,0,,,0,,,SL,-65.51,33
2026.01.27 17:15,2026.01.27 17:49,BUY,LienKe,5091.647,5077.352,143.0,25.7,138.2,0.18,0.97,1,0,0,1,0,0,0,,,0,,,0,,,0,,,0,,,0,,,0,,,SL,-142.95,34
2026.01.27 19:00,2026.01.27 19:55,SELL,LienKe,5088.006,5098.426,104.2,66.8,67.0,0.64,0.64,1,0,1,1,0,1,1,3,13,1,6,13,0,,,0,,,0,,,0,,,0,,,SL,-104.20,55
2026.01.28 01:00,2026.01.28 01:03,SELL,LienKe,5171.877,5183.100,112.2,29.8,81.8,0.27,0.73,1,0,1,1,0,1,0,,,0,,,0,,,0,,,0,,,0,,,0,,,SL,-112.23,3
2026.01.27 23:31,2026.01.28 01:07,BUY,LienKe,5169.267,5156.074,131.9,271.4,122.1,2.06,0.93,1,17,20,1,17,20,1,22,29,1,23,29,1,83,89,1,84,89,1,92,-,1,95,-,0,,,TP,294.65,96
2026.01.27 23:30,2026.01.28 01:07,BUY,LienKe,5170.479,5156.074,144.1,259.3,134.2,1.80,0.93,1,1,1,1,23,29,1,24,29,1,25,29,1,85,90,1,93,-,1,93,-,1,96,-,0,,,TP,294.65,97
2026.01.28 02:47,2026.01.28 02:54,SELL,LienKe,5225.572,5232.607,70.3,10.2,42.4,0.14,0.60,1,3,3,0,,,0,,,0,,,0,,,0,,,0,,,0,,,0,,,SL,-70.35,7
2026.01.28 02:45,2026.01.28 02:54,SELL,LienKe,5221.584,5232.607,110.2,4.1,82.3,0.04,0.75,0,,,0,,,0,,,0,,,0,,,0,,,0,,,0,,,0,,,SL,-110.23,9
2026.01.28 14:31,2026.01.28 14:58,BUY,LienKe,5255.562,5245.485,100.8,286.6,52.0,2.84,0.52,1,0,1,1,0,1,1,0,1,1,0,1,1,4,-,1,4,-,1,4,-,1,5,-,0,,,TP,300.00,27
2026.01.28 14:15,2026.01.28 15:00,BUY,LienKe,5262.825,5245.485,173.4,258.5,124.7,1.49,0.72,1,0,0,1,1,3,1,4,12,1,6,12,1,20,-,1,20,-,1,22,-,1,27,-,0,,,TP,300.00,45
2026.01.28 20:17,2026.01.28 20:20,SELL,LienKe,5332.779,5341.981,92.0,0.0,64.0,0.00,0.70,0,,,0,,,0,,,0,,,0,,,0,,,0,,,0,,,0,,,SL,-92.02,2
2026.01.28 20:15,2026.01.28 20:20,SELL,LienKe,5326.604,5341.981,153.8,55.5,125.8,0.36,0.82,1,0,1,1,0,1,1,0,1,1,0,1,0,,,0,,,0,,,0,,,0,,,SL,-153.77,5
2026.01.29 10:47,2026.01.29 10:56,BUY,LienKe,5502.717,5494.290,84.3,60.6,6.7,0.72,0.08,1,0,4,1,0,4,1,1,4,1,3,4,0,,,0,,,0,,,0,,,0,,,SL,-84.27,9
2026.01.29 10:45,2026.01.29 10:56,BUY,LienKe,5508.245,5494.290,139.5,6.6,62.0,0.05,0.44,0,,,0,,,0,,,0,,,0,,,0,,,0,,,0,,,0,,,SL,-139.55,11
2026.01.30 05:37,2026.01.30 05:56,SELL,LienKe,5235.937,5244.616,86.8,289.3,41.3,3.33,0.48,1,1,6,1,1,6,1,1,6,1,2,6,1,2,6,1,5,6,1,9,-,1,13,-,0,,,TP,300.00,19
2026.01.30 05:30,2026.01.30 05:57,SELL,LienKe,5230.205,5244.616,144.1,291.8,98.6,2.02,0.68,1,0,7,1,0,7,1,0,7,1,1,7,1,1,7,1,1,7,1,4,7,1,25,-,0,,,TP,300.00,27
2026.01.30 19:33,2026.01.30 19:38,SELL,LienKe,4904.106,4921.432,173.3,109.3,107.2,0.63,0.62,1,1,1,1,1,1,1,2,2,1,2,2,1,2,2,1,2,2,0,,,0,,,0,,,SL,-173.26,5
2026.02.03 14:33,2026.02.03 15:08,BUY,LienKe,4902.328,4893.345,89.8,277.8,87.6,3.09,0.98,1,1,1,1,1,1,1,2,2,1,3,4,1,4,4,1,6,-,1,6,-,1,7,-,0,,,TP,300.00,35
2026.02.03 14:32,2026.02.03 15:10,BUY,LienKe,4910.209,4893.345,168.6,285.5,166.4,1.69,0.99,1,0,1,1,5,5,1,7,13,1,7,13,1,7,13,1,8,13,1,8,13,1,36,-,0,,,TP,300.00,38
2026.02.04 00:37,2026.02.04 00:49,SELL,Swing,4993.323,5002.762,94.4,122.1,66.5,1.29,0.70,1,1,10,1,1,10,1,1,10,1,2,10,1,2,10,1,2,10,0,,,0,,,0,,,SL,-94.39,12
2026.02.06 16:38,2026.02.06 17:10,BUY,LienKe,4930.032,4918.855,111.8,299.1,2.3,2.68,0.02,1,0,-,1,0,-,1,0,-,1,0,-,1,0,-,1,1,-,1,2,-,1,18,-,0,,,TP,300.00,32
2026.02.06 16:30,2026.02.06 18:11,BUY,LienKe,4938.618,4918.855,197.6,299.9,88.2,1.52,0.45,1,0,0,1,0,0,1,9,13,1,10,13,1,10,13,1,26,-,1,28,-,1,34,-,0,,,TP,300.00,101
2026.02.06 20:30,2026.02.06 20:33,BUY,LienKe,4949.705,4943.334,63.7,7.0,19.6,0.11,0.31,0,,,0,,,0,,,0,,,0,,,0,,,0,,,0,,,0,,,SL,-63.71,3
2026.02.06 20:30,2026.02.06 20:33,BUY,LienKe,4955.066,4943.334,117.3,0.1,73.2,0.00,0.62,0,,,0,,,0,,,0,,,0,,,0,,,0,,,0,,,0,,,SL,-117.32,3
2026.02.09 06:15,2026.02.09 07:22,SELL,LienKe,5034.127,5048.748,146.2,264.8,59.3,1.81,0.41,1,0,1,1,0,1,1,0,1,1,4,28,1,5,28,1,5,28,1,7,28,1,7,28,0,,,TP,300.00,67
2026.02.09 10:25,2026.02.09 10:27,BUY,LienKe,5002.308,4993.631,86.8,0.0,46.8,0.00,0.54,0,,,0,,,0,,,0,,,0,,,0,,,0,,,0,,,0,,,SL,-86.77,2
2026.02.09 10:25,2026.02.09 10:27,BUY,Swing,5002.308,4993.631,86.8,0.0,46.8,0.00,0.54,0,,,0,,,0,,,0,,,0,,,0,,,0,,,0,,,0,,,SL,-86.77,2
2026.02.09 10:15,2026.02.09 10:27,BUY,LienKe,5010.480,4993.631,168.5,46.6,128.6,0.28,0.76,1,0,1,1,0,1,1,0,1,0,,,0,,,0,,,0,,,0,,,0,,,SL,-168.49,12
2026.02.09 10:15,2026.02.09 10:27,BUY,Swing,5010.480,4993.631,168.5,46.6,128.6,0.28,0.76,1,0,1,1,0,1,1,0,1,0,,,0,,,0,,,0,,,0,,,0,,,SL,-168.49,12
2026.02.09 09:15,2026.02.09 10:27,SELL,LienKe,5025.868,5043.932,180.6,290.0,18.4,1.61,0.10,1,0,1,1,0,1,1,0,1,1,11,16,1,11,16,1,22,-,1,32,-,1,42,-,0,,,TP,300.00,72
2026.02.09 12:00,2026.02.09 12:37,SELL,LienKe,5010.957,5020.894,99.4,34.0,96.2,0.34,0.97,1,0,0,1,3,4,1,3,4,0,,,0,,,0,,,0,,,0,,,0,,,SL,-99.37,37
2026.02.10 08:31,2026.02.10 08:38,SELL,LienKe,5037.497,5044.217,67.2,26.2,51.1,0.39,0.76,1,2,3,1,2,3,0,,,0,,,0,,,0,,,0,,,0,,,0,,,SL,-67.20,7
2026.02.10 08:30,2026.02.10 08:38,SELL,LienKe,5035.591,5044.217,86.3,12.4,70.2,0.14,0.81,1,0,0,0,,,0,,,0,,,0,,,0,,,0,,,0,,,0,,,SL,-86.26,8
2026.02.10 06:15,2026.02.10 08:42,SELL,LienKe,5036.809,5048.439,116.3,181.8,107.7,1.56,0.93,1,1,1,1,2,7,1,2,7,1,11,12,1,17,19,1,36,108,1,38,108,0,,,0,,,SL,-116.30,147
2026.02.10 19:46,2026.02.10 20:18,SELL,LienKe,5027.316,5033.048,57.3,69.6,30.3,1.21,0.53,1,1,1,1,18,30,1,18,30,1,20,30,0,,,0,,,0,,,0,,,0,,,SL,-57.32,32
2026.02.10 19:45,2026.02.10 20:18,SELL,LienKe,5024.582,5033.048,84.7,42.3,57.6,0.50,0.68,1,19,23,1,19,23,1,21,23,0,,,0,,,0,,,0,,,0,,,0,,,SL,-84.66,33
2026.02.11 08:00,2026.02.11 08:31,BUY,LienKe,5055.550,5045.675,98.8,47.5,61.4,0.48,0.62,1,0,6,1,0,6,1,0,6,0,,,0,,,0,,,0,,,0,,,0,,,SL,-98.75,31
2026.02.11 10:00,2026.02.11 10:24,SELL,Swing,5062.811,5075.095,122.8,1.3,121.0,0.01,0.99,0,,,0,,,0,,,0,,,0,,,0,,,0,,,0,,,0,,,SL,-122.84,24
2026.02.11 10:37,2026.02.11 10:40,SELL,LienKe,5073.884,5079.689,58.1,28.8,10.8,0.50,0.19,1,1,-,1,1,-,0,,,0,,,0,,,0,,,0,,,0,,,0,,,SL,-58.05,3
2026.02.11 10:30,2026.02.11 10:40,SELL,LienKe,5070.992,5079.689,87.0,22.9,39.8,0.26,0.46,1,0,0,1,0,0,0,,,0,,,0,,,0,,,0,,,0,,,0,,,SL,-86.97,10
2026.02.11 08:45,2026.02.11 10:40,BUY,LienKe,5052.700,5042.655,100.5,239.9,56.4,2.39,0.56,1,0,4,1,0,4,1,15,18,1,47,-,1,50,-,1,59,-,1,61,-,1,91,-,0,,,TP,300.00,115
2026.02.12 04:30,2026.02.12 06:37,BUY,LienKe,5056.492,5047.922,85.7,217.2,83.2,2.53,0.97,1,5,18,1,5,18,1,6,18,1,21,119,1,26,119,1,27,119,1,36,119,1,37,119,0,,,SL,-85.70,127
2026.02.12 13:31,2026.02.12 13:44,SELL,LienKe,5069.804,5077.172,73.7,10.6,72.6,0.14,0.99,1,2,2,0,,,0,,,0,,,0,,,0,,,0,,,0,,,0,,,SL,-73.68,12
2026.02.12 13:30,2026.02.12 13:44,SELL,LienKe,5062.869,5077.172,143.0,20.6,142.0,0.14,0.99,1,0,0,1,0,0,0,,,0,,,0,,,0,,,0,,,0,,,0,,,SL,-143.03,14
2026.02.12 10:00,2026.02.12 13:57,SELL,Swing,5073.305,5083.985,106.8,243.3,100.0,2.28,0.94,1,0,1,1,0,1,1,9,201,1,11,201,1,11,201,1,27,201,1,48,201,1,170,201,0,,,SL,-106.80,237
2026.02.12 14:00,2026.02.12 14:56,SELL,Swing,5075.230,5086.763,115.3,239.7,28.1,2.08,0.24,1,0,1,1,3,9,1,3,9,1,4,9,1,5,9,1,14,-,1,16,-,1,44,-,0,,,TP,300.00,56
2026.02.12 06:45,2026.02.12 14:56,BUY,Swing,5057.926,5043.966,139.6,258.4,91.9,1.85,0.66,1,5,15,1,5,15,1,6,15,1,23,36,1,29,36,1,79,105,1,82,105,1,185,243,0,,,SL,-139.60,491
2026.02.12 20:00,2026.02.12 20:30,SELL,LienKe,4945.604,4961.293,156.9,237.9,29.3,1.52,0.19,1,2,5,1,2,5,1,2,5,1,8,-,1,11,-,1,11,-,1,24,-,1,28,-,0,,,TP,300.00,30
2026.02.13 05:00,2026.02.13 05:19,BUY,LienKe,4977.043,4969.791,72.5,51.5,48.0,0.71,0.66,1,0,5,1,0,5,1,3,5,1,4,5,0,,,0,,,0,,,0,,,0,,,SL,-72.52,19
2026.02.13 04:30,2026.02.13 05:52,SELL,LienKe,4985.303,5000.235,149.3,282.2,13.7,1.89,0.09,1,0,0,1,3,56,1,7,56,1,8,56,1,13,56,1,13,56,1,49,56,1,49,56,0,,,TP,300.00,82
2026.02.13 04:30,2026.02.13 05:52,SELL,Swing,4985.303,5000.235,149.3,282.2,13.7,1.89,0.09,1,0,0,1,3,56,1,7,56,1,8,56,1,13,56,1,13,56,1,49,56,1,49,56,0,,,TP,300.00,82
2026.02.13 11:18,2026.02.13 11:24,BUY,LienKe,4945.514,4937.853,76.6,72.4,2.7,0.95,0.03,1,1,5,1,1,5,1,1,5,1,2,5,0,,,0,,,0,,,0,,,0,,,SL,-76.61,6
2026.02.13 11:18,2026.02.13 11:24,BUY,Swing,4945.514,4937.853,76.6,72.4,2.7,0.95,0.03,1,1,5,1,1,5,1,1,5,1,2,5,0,,,0,,,0,,,0,,,0,,,SL,-76.61,6
2026.02.13 11:15,2026.02.13 11:24,BUY,LienKe,4951.550,4937.853,137.0,12.0,63.0,0.09,0.46,1,5,5,0,,,0,,,0,,,0,,,0,,,0,,,0,,,0,,,SL,-136.97,9
2026.02.13 11:15,2026.02.13 11:24,BUY,Swing,4951.550,4937.853,137.0,12.0,63.0,0.09,0.46,1,5,5,0,,,0,,,0,,,0,,,0,,,0,,,0,,,0,,,SL,-136.97,9
2026.02.13 13:15,2026.02.13 13:30,SELL,LienKe,4967.356,4979.176,118.2,96.7,35.8,0.82,0.30,1,0,0,1,1,8,1,1,8,1,4,8,1,6,8,0,,,0,,,0,,,0,,,SL,-118.20,15
2026.02.13 13:30,2026.02.13 13:30,SELL,LienKe,4972.835,4979.176,63.4,0.0,292.9,0.00,4.62,0,,,0,,,0,,,0,,,0,,,0,,,0,,,0,,,0,,,SL,-63.41,0
2026.02.15 23:48,2026.02.16 00:03,BUY,Swing,5016.348,5007.128,92.2,51.3,31.3,0.56,0.34,1,2,2,1,6,12,1,6,12,1,10,12,0,,,0,,,0,,,0,,,0,,,SL,-92.20,15
2026.02.15 23:15,2026.02.16 00:03,BUY,Swing,5022.912,5007.128,157.8,93.2,96.9,0.59,0.61,1,0,2,1,0,2,1,0,2,1,0,2,1,1,2,0,,,0,,,0,,,0,,,SL,-157.84,48
2026.02.16 14:00,2026.02.16 14:43,BUY,LienKe,4997.470,4986.553,109.2,19.6,96.1,0.18,0.88,1,16,17,0,,,0,,,0,,,0,,,0,,,0,,,0,,,0,,,SL,-109.17,43
2026.02.17 07:37,2026.02.17 07:39,SELL,LienKe,4912.456,4919.844,73.9,0.0,66.2,0.00,0.90,0,,,0,,,0,,,0,,,0,,,0,,,0,,,0,,,0,,,SL,-73.88,2
2026.02.17 07:30,2026.02.17 07:39,SELL,LienKe,4908.179,4919.844,116.6,40.9,109.0,0.35,0.93,1,0,2,1,0,2,1,0,2,0,,,0,,,0,,,0,,,0,,,0,,,SL,-116.65,9
2026.02.17 20:18,2026.02.17 23:02,BUY,LienKe,4876.787,4870.934,58.5,102.2,35.5,1.75,0.61,1,0,1,1,0,1,1,23,40,1,23,40,1,58,97,1,59,97,0,,,0,,,0,,,SL,-58.53,163
2026.02.17 20:15,2026.02.17 23:02,BUY,LienKe,4879.931,4870.934,90.0,70.8,66.9,0.79,0.74,1,26,28,1,26,28,1,27,28,1,61,68,0,,,0,,,0,,,0,,,0,,,SL,-89.97,167
2026.02.18 16:30,2026.02.18 18:27,BUY,LienKe,4997.248,4988.305,89.4,137.3,82.7,1.53,0.93,1,1,2,1,2,33,1,3,33,1,5,33,1,11,33,1,15,33,0,,,0,,,0,,,SL,-89.43,117
2026.02.18 18:15,2026.02.18 23:01,SELL,LienKe,4997.902,5006.223,83.2,247.7,14.7,2.98,0.18,1,3,-,1,4,-,1,4,-,1,10,-,1,10,-,1,14,-,1,23,-,1,72,-,0,,,TP,300.00,286
2026.02.18 23:45,2026.02.19 05:10,SELL,LienKe,4981.678,4991.664,99.9,209.9,90.9,2.10,0.91,1,0,243,1,0,243,1,0,243,1,2,243,1,11,243,1,12,243,1,16,243,1,19,243,0,,,SL,-99.86,325
2026.02.19 00:01,2026.02.19 05:48,BUY,Swing,4967.893,4958.397,95.0,298.9,74.5,3.15,0.78,1,0,1,1,15,18,1,17,18,1,37,41,1,120,135,1,212,-,1,230,-,1,302,-,0,,,TP,300.00,347
2026.02.18 23:15,2026.02.19 06:33,BUY,LienKe,4976.787,4958.397,183.9,281.0,163.4,1.53,0.89,1,0,1,1,0,1,1,0,1,1,9,30,1,15,30,1,17,30,1,356,-,1,390,-,0,,,TP,283.95,438
2026.02.18 23:15,2026.02.19 06:33,BUY,Swing,4976.787,4958.397,183.9,281.0,163.4,1.53,0.89,1,0,1,1,0,1,1,0,1,1,9,30,1,15,30,1,17,30,1,356,-,1,390,-,0,,,TP,283.95,438
2026.02.19 08:15,2026.02.19 09:28,BUY,LienKe,5011.783,5003.094,86.9,102.6,53.1,1.18,0.61,1,1,1,1,4,12,1,14,19,1,25,65,1,29,65,1,30,65,0,,,0,,,0,,,SL,-86.89,73
2026.02.19 07:15,2026.02.19 10:09,SELL,LienKe,5018.053,5024.927,68.7,291.0,42.3,4.23,0.62,1,1,11,1,3,11,1,9,11,1,40,88,1,42,88,1,46,88,1,133,-,1,141,-,0,,,TP,300.00,174
2026.02.19 13:30,2026.02.19 14:34,BUY,LienKe,4979.103,4971.364,77.4,193.1,74.4,2.50,0.96,1,1,38,1,1,38,1,1,38,1,2,38,1,3,38,1,3,38,1,9,38,0,,,0,,,SL,-77.39,63
2026.02.19 13:30,2026.02.19 14:34,BUY,Swing,4979.103,4971.364,77.4,193.1,74.4,2.50,0.96,1,1,38,1,1,38,1,1,38,1,2,38,1,3,38,1,3,38,1,9,38,0,,,0,,,SL,-77.39,63
2026.02.19 13:15,2026.02.19 14:34,BUY,LienKe,4984.108,4971.364,127.4,143.1,124.5,1.12,0.98,1,0,1,1,8,9,1,11,14,1,18,50,1,22,50,1,24,50,0,,,0,,,0,,,SL,-127.44,79
2026.02.19 13:15,2026.02.19 14:34,BUY,Swing,4984.108,4971.364,127.4,143.1,124.5,1.12,0.98,1,0,1,1,8,9,1,11,14,1,18,50,1,22,50,1,24,50,0,,,0,,,0,,,SL,-127.44,79
2026.02.19 17:49,2026.02.19 17:59,BUY,LienKe,4989.865,4983.179,66.9,32.2,53.4,0.48,0.80,1,0,3,1,0,3,1,1,3,0,,,0,,,0,,,0,,,0,,,0,,,SL,-66.86,10
2026.02.19 17:45,2026.02.19 17:59,BUY,LienKe,4993.667,4983.179,104.9,7.1,91.4,0.07,0.87,0,,,0,,,0,,,0,,,0,,,0,,,0,,,0,,,0,,,SL,-104.88,14
2026.02.19 18:20,2026.02.19 18:27,BUY,LienKe,4982.218,4976.432,57.9,2.2,50.5,0.04,0.87,0,,,0,,,0,,,0,,,0,,,0,,,0,,,0,,,0,,,SL,-57.86,7
2026.02.19 18:15,2026.02.19 18:27,BUY,LienKe,4988.247,4976.432,118.2,9.8,110.8,0.08,0.94,0,,,0,,,0,,,0,,,0,,,0,,,0,,,0,,,0,,,SL,-118.15,12
2026.02.19 23:15,2026.02.20 01:01,SELL,LienKe,4998.717,5010.890,121.7,130.3,120.5,1.07,0.99,1,2,4,1,2,4,1,2,4,1,3,4,1,41,93,1,42,93,0,,,0,,,0,,,SL,-121.73,106
2026.02.20 03:41,2026.02.20 03:42,BUY,LienKe,4992.005,4986.587,54.2,0.0,47.6,0.00,0.88,0,,,0,,,0,,,0,,,0,,,0,,,0,,,0,,,0,,,SL,-54.18,0
2026.02.20 03:15,2026.02.20 03:42,BUY,LienKe,4994.663,4986.587,80.8,43.9,74.2,0.54,0.92,1,1,11,1,3,11,1,3,11,0,,,0,,,0,,,0,,,0,,,0,,,SL,-80.76,27
2026.02.20 05:35,2026.02.20 05:57,SELL,LienKe,5003.729,5009.145,54.2,56.1,50.6,1.04,0.93,1,5,12,1,5,12,1,6,12,1,7,12,0,,,0,,,0,,,0,,,0,,,SL,-54.16,22
2026.02.20 05:15,2026.02.20 05:57,SELL,LienKe,5001.302,5009.145,78.4,31.9,74.9,0.41,0.95,1,2,9,1,2,9,1,27,31,0,,,0,,,0,,,0,,,0,,,0,,,SL,-78.43,42
2026.02.20 11:00,2026.02.20 11:41,BUY,LienKe,5035.006,5022.747,122.6,0.0,102.4,0.00,0.84,0,,,0,,,0,,,0,,,0,,,0,,,0,,,0,,,0,,,SL,-122.59,41
2026.02.23 05:19,2026.02.23 06:41,BUY,LienKe,5155.343,5149.159,61.8,63.5,35.4,1.03,0.57,1,2,3,1,10,11,1,28,70,1,45,70,0,,,0,,,0,,,0,,,0,,,SL,-61.84,82
2026.02.23 05:15,2026.02.23 06:41,BUY,LienKe,5158.788,5149.159,96.3,29.0,69.9,0.30,0.73,1,49,53,1,49,53,0,,,0,,,0,,,0,,,0,,,0,,,0,,,SL,-96.29,86
2026.02.24 00:55,2026.02.24 01:00,BUY,LienKe,5223.518,5214.399,91.2,24.5,23.4,0.27,0.26,1,1,2,1,1,2,0,,,0,,,0,,,0,,,0,,,0,,,0,,,SL,-91.19,5
2026.02.24 00:15,2026.02.24 01:00,BUY,LienKe,5230.109,5214.399,157.1,79.9,89.3,0.51,0.57,1,0,1,1,1,9,1,2,9,1,3,9,0,,,0,,,0,,,0,,,0,,,SL,-157.10,45
2026.02.24 06:45,2026.02.24 12:18,BUY,LienKe,5169.474,5153.125,163.5,145.2,121.4,0.89,0.74,1,0,7,1,0,7,1,3,7,1,14,16,1,34,37,1,43,88,0,,,0,,,0,,,SL,-163.49,333
2026.02.24 06:45,2026.02.24 12:18,BUY,Swing,5169.474,5153.125,163.5,145.2,121.4,0.89,0.74,1,0,7,1,0,7,1,3,7,1,14,16,1,34,37,1,43,88,0,,,0,,,0,,,SL,-163.49,333
2026.02.24 15:35,2026.02.24 15:42,SELL,LienKe,5142.270,5149.158,68.9,17.4,53.9,0.25,0.78,1,1,2,0,,,0,,,0,,,0,,,0,,,0,,,0,,,0,,,SL,-68.88,7
2026.02.24 15:30,2026.02.24 15:42,SELL,LienKe,5138.297,5149.158,108.6,38.3,93.6,0.35,0.86,1,0,0,1,0,0,1,1,2,0,,,0,,,0,,,0,,,0,,,0,,,SL,-108.61,12
2026.02.25 07:46,2026.02.25 09:03,BUY,LienKe,5185.430,5179.051,63.8,117.4,50.6,1.84,0.79,1,1,6,1,1,6,1,1,6,1,33,73,1,37,73,1,48,73,0,,,0,,,0,,,SL,-63.79,77
2026.02.25 07:30,2026.02.25 09:03,BUY,LienKe,5189.486,5179.051,104.3,76.8,91.1,0.74,0.87,1,49,81,1,49,81,1,49,81,1,60,81,0,,,0,,,0,,,0,,,0,,,SL,-104.35,93
2026.02.25 09:15,2026.02.25 10:25,BUY,Swing,5183.920,5173.281,106.4,109.9,100.1,1.03,0.94,1,1,2,1,4,56,1,6,56,1,19,56,1,20,56,1,37,56,0,,,0,,,0,,,SL,-106.39,70
2026.02.25 04:15,2026.02.25 11:10,BUY,LienKe,5180.886,5168.775,121.1,297.1,117.3,2.45,0.97,1,1,8,1,2,8,1,3,8,1,47,219,1,51,219,1,51,219,1,72,219,1,88,219,0,,,SL,-121.11,415
2026.02.25 08:45,2026.02.25 11:16,SELL,LienKe,5192.305,5200.169,78.6,297.3,28.7,3.78,0.36,1,2,3,1,5,51,1,6,51,1,8,51,1,14,51,1,17,51,1,18,51,1,107,-,0,,,TP,300.00,151
2026.02.25 15:49,2026.02.25 16:24,SELL,LienKe,5197.795,5205.514,77.2,80.4,73.7,1.04,0.95,1,1,7,1,1,7,1,1,7,1,1,7,1,21,30,0,,,0,,,0,,,0,,,SL,-77.19,35
2026.02.25 15:49,2026.02.25 16:24,SELL,Swing,5197.795,5205.514,77.2,80.4,73.7,1.04,0.95,1,1,7,1,1,7,1,1,7,1,1,7,1,21,30,0,,,0,,,0,,,0,,,SL,-77.19,35
2026.02.25 15:15,2026.02.25 16:24,SELL,LienKe,5192.946,5205.514,125.7,202.3,122.2,1.61,0.97,1,0,0,1,3,27,1,4,27,1,5,27,1,9,27,1,10,27,1,12,27,1,16,27,0,,,SL,-125.68,69
2026.02.25 15:15,2026.02.25 16:24,SELL,Swing,5192.946,5205.514,125.7,202.3,122.2,1.61,0.97,1,0,0,1,3,27,1,4,27,1,5,27,1,9,27,1,10,27,1,12,27,1,16,27,0,,,SL,-125.68,69
2026.02.25 19:21,2026.02.25 20:16,BUY,LienKe,5196.742,5188.339,84.0,115.2,58.2,1.37,0.69,1,1,4,1,2,4,1,2,4,1,8,53,1,14,53,1,15,53,0,,,0,,,0,,,SL,-84.03,55
2026.02.25 23:20,2026.02.26 00:28,SELL,LienKe,5175.173,5184.804,96.3,194.9,78.1,2.02,0.81,1,3,25,1,3,25,1,3,25,1,5,25,1,5,25,1,16,25,1,40,62,0,,,0,,,SL,-96.31,68
2026.02.25 23:15,2026.02.26 00:28,SELL,LienKe,5168.500,5184.804,163.0,128.2,144.8,0.79,0.89,1,1,2,1,1,2,1,2,2,1,42,43,1,45,59,1,45,59,0,,,0,,,0,,,SL,-163.04,73
2026.02.26 15:16,2026.02.26 15:27,BUY,Swing,5154.852,5136.658,181.9,72.3,47.7,0.40,0.26,1,0,1,1,0,1,1,3,5,1,4,5,0,,,0,,,0,,,0,,,0,,,SL,-181.94,11
2026.02.26 17:15,2026.02.26 19:48,SELL,LienKe,5179.890,5193.185,133.0,190.1,113.2,1.43,0.85,1,0,2,1,1,2,1,4,5,1,13,76,1,32,76,1,34,76,1,41,76,0,,,0,,,SL,-132.95,153
2026.02.26 20:00,2026.02.26 20:13,SELL,Swing,5187.023,5196.965,99.4,0.0,98.9,0.00,0.99,0,,,0,,,0,,,0,,,0,,,0,,,0,,,0,,,0,,,SL,-99.42,13
2026.02.26 23:15,2026.02.27 00:36,BUY,LienKe,5184.379,5172.472,119.1,105.3,54.8,0.88,0.46,1,0,2,1,5,9,1,26,34,1,63,78,1,66,78,1,66,78,0,,,0,,,0,,,SL,-124.42,81
2026.02.27 00:30,2026.02.27 02:05,SELL,LienKe,5188.149,5197.904,97.6,212.2,92.7,2.18,0.95,1,3,67,1,3,67,1,3,67,1,3,67,1,4,67,1,6,67,1,6,67,1,37,67,0,,,SL,-97.55,95
2026.02.27 08:30,2026.02.27 10:04,BUY,LienKe,5177.863,5171.272,65.9,47.1,56.4,0.71,0.86,1,0,1,1,2,24,1,4,24,0,,,0,,,0,,,0,,,0,,,0,,,SL,-65.91,94
2026.02.27 10:35,2026.02.27 13:07,BUY,LienKe,5171.375,5165.530,58.5,262.8,24.6,4.50,0.42,1,0,1,1,3,-,1,3,-,1,10,-,1,57,-,1,75,-,1,85,-,1,145,-,0,,,TP,300.00,152
2026.02.27 10:15,2026.02.27 13:07,BUY,LienKe,5174.494,5165.530,89.6,231.6,55.8,2.58,0.62,1,1,14,1,2,14,1,2,14,1,4,14,1,100,-,1,102,-,1,112,-,1,167,-,0,,,TP,300.00,172
2026.02.27 01:15,2026.02.27 13:07,BUY,LienKe,5176.768,5163.688,130.8,238.5,82.4,1.82,0.63,1,0,1,1,5,7,1,6,7,1,18,82,1,22,82,1,22,82,1,35,82,1,45,82,0,,,TP,300.00,712
2026.02.27 18:43,2026.02.27 18:45,SELL,LienKe,5236.403,5241.294,48.9,0.0,38.7,0.00,0.79,0,,,0,,,0,,,0,,,0,,,0,,,0,,,0,,,0,,,SL,-48.91,2
2026.02.27 18:15,2026.02.27 18:45,SELL,LienKe,5233.544,5241.294,77.5,105.5,67.3,1.36,0.87,1,4,5,1,6,26,1,6,26,1,6,26,1,10,26,1,11,26,0,,,0,,,0,,,SL,-77.50,30
2026.03.02 10:27,2026.03.02 11:45,BUY,LienKe,5384.728,5375.983,87.4,161.2,31.3,1.84,0.36,1,1,27,1,2,27,1,2,27,1,2,27,1,3,27,1,9,27,1,17,27,0,,,0,,,SL,-87.45,78
2026.03.02 10:15,2026.03.02 11:45,BUY,LienKe,5390.833,5375.983,148.5,100.1,92.4,0.67,0.62,1,2,3,1,15,16,1,15,16,1,22,35,1,29,35,1,30,35,0,,,0,,,0,,,SL,-148.50,90
2026.03.02 12:00,2026.03.02 13:31,BUY,LienKe,5385.623,5372.016,136.1,260.9,67.4,1.92,0.50,1,4,18,1,5,18,1,5,18,1,5,18,1,11,18,1,12,18,1,64,72,1,65,72,0,,,TP,300.00,91
2026.03.02 17:45,2026.03.02 23:00,SELL,LienKe,5304.392,5323.759,193.7,146.6,420.9,0.76,2.17,1,4,4,1,6,8,1,6,8,1,6,8,1,20,33,1,23,33,0,,,0,,,0,,,SL,-193.67,315
2026.03.03 17:27,2026.03.03 17:30,BUY,LienKe,5089.448,5077.866,115.8,18.4,77.7,0.16,0.67,1,0,1,0,,,0,,,0,,,0,,,0,,,0,,,0,,,0,,,SL,-115.82,3
2026.03.04 04:15,2026.03.04 06:01,SELL,LienKe,5174.144,5183.726,95.8,217.7,3.0,2.27,0.03,1,0,-,1,0,-,1,1,-,1,3,-,1,7,-,1,10,-,1,27,-,1,27,-,0,,,TP,300.00,106
2026.03.04 03:15,2026.03.04 06:06,BUY,LienKe,5156.285,5137.828,184.6,244.4,149.8,1.32,0.81,1,0,0,1,2,20,1,2,20,1,4,20,1,7,20,1,8,20,1,38,87,1,42,87,0,,,SL,-184.57,171
2026.03.04 12:15,2026.03.04 12:39,SELL,LienKe,5197.596,5208.974,113.8,292.7,3.4,2.57,0.03,1,0,-,1,0,-,1,0,-,1,1,-,1,1,-,1,1,-,1,2,-,1,12,-,0,,,TP,300.00,24
2026.03.04 12:15,2026.03.04 12:39,SELL,Swing,5197.596,5208.974,113.8,292.7,3.4,2.57,0.03,1,0,-,1,0,-,1,0,-,1,1,-,1,1,-,1,1,-,1,2,-,1,12,-,0,,,TP,300.00,24
2026.03.04 18:30,2026.03.04 23:00,BUY,LienKe,5120.686,5107.940,127.5,285.5,120.7,2.24,0.95,1,1,8,1,1,8,1,1,8,1,1,8,1,1,8,1,18,-,1,30,-,1,127,-,0,,,TP,300.00,270
2026.03.04 18:30,2026.03.04 23:04,BUY,LienKe,5124.240,5107.940,163.0,291.6,156.2,1.79,0.96,1,0,0,1,1,3,1,1,3,1,2,3,1,18,60,1,29,60,1,85,106,1,132,-,0,,,TP,300.00,274
2026.03.05 03:30,2026.03.05 05:57,SELL,LienKe,5185.183,5197.986,128.0,293.9,62.5,2.30,0.49,1,0,0,1,0,0,1,0,0,1,27,37,1,32,37,1,59,-,1,78,-,1,124,-,0,,,TP,300.00,147
2026.03.05 23:05,2026.03.05 23:41,SELL,LienKe,5087.615,5097.508,98.9,51.8,94.1,0.52,0.95,1,1,7,1,1,7,1,1,7,1,6,7,0,,,0,,,0,,,0,,,0,,,SL,-98.93,36
2026.03.05 20:30,2026.03.05 23:41,SELL,LienKe,5080.797,5097.508,167.1,84.3,162.3,0.50,0.97,1,0,2,1,0,2,1,0,2,1,6,7,1,43,58,0,,,0,,,0,,,0,,,SL,-167.11,191
2026.03.06 16:57,2026.03.06 18:43,BUY,LienKe,5133.813,5122.862,109.5,281.8,50.3,2.57,0.46,1,1,5,1,1,5,1,1,5,1,1,5,1,1,5,1,22,56,1,36,56,1,102,-,0,,,TP,300.00,106
2026.03.06 16:45,2026.03.06 19:16,BUY,LienKe,5142.041,5122.862,191.8,295.7,132.6,1.54,0.69,1,0,4,1,0,4,1,0,4,1,1,4,1,48,56,1,51,56,1,114,-,1,118,-,0,,,TP,300.00,151
2026.03.09 08:18,2026.03.09 09:11,SELL,LienKe,5105.135,5113.683,85.5,178.4,80.0,2.09,0.94,1,1,49,1,1,49,1,1,49,1,1,49,1,3,49,1,10,49,1,14,49,0,,,0,,,SL,-85.48,53
2026.03.09 08:15,2026.03.09 09:11,SELL,LienKe,5099.470,5113.683,142.1,121.7,136.7,0.86,0.96,1,0,1,1,0,1,1,0,1,1,13,34,1,14,34,1,17,34,0,,,0,,,0,,,SL,-142.13,56
2026.03.09 10:47,2026.03.09 10:51,BUY,LienKe,5092.266,5085.695,65.7,12.7,43.2,0.19,0.66,1,1,2,0,,,0,,,0,,,0,,,0,,,0,,,0,,,0,,,SL,-65.71,4
2026.03.09 10:45,2026.03.09 10:51,BUY,LienKe,5095.978,5085.695,102.8,1.8,80.3,0.02,0.78,0,,,0,,,0,,,0,,,0,,,0,,,0,,,0,,,0,,,SL,-102.83,6
2026.03.09 23:30,2026.03.10 01:20,SELL,LienKe,5144.839,5158.948,141.1,199.3,90.0,1.41,0.64,1,2,3,1,2,3,1,2,3,1,14,94,1,14,94,1,30,94,1,53,94,0,,,0,,,SL,-141.09,110
2026.03.10 10:17,2026.03.10 10:31,BUY,LienKe,5178.503,5172.622,58.8,35.1,58.4,0.60,0.99,1,3,8,1,5,8,1,6,8,0,,,0,,,0,,,0,,,0,,,0,,,SL,-58.81,14
2026.03.10 10:15,2026.03.10 10:31,BUY,LienKe,5181.530,5172.622,89.1,4.9,88.7,0.05,1.00,0,,,0,,,0,,,0,,,0,,,0,,,0,,,0,,,0,,,SL,-89.08,16
2026.03.10 10:45,2026.03.10 13:01,BUY,Swing,5169.240,5153.640,156.0,270.9,66.9,1.74,0.43,1,0,78,1,1,78,1,4,78,1,6,78,1,13,78,1,17,78,1,20,78,1,23,78,0,,,TP,300.00,136
2026.03.11 06:44,2026.03.11 07:37,BUY,Swing,5195.438,5187.293,81.5,66.7,60.3,0.82,0.74,1,7,33,1,8,33,1,10,33,1,20,33,0,,,0,,,0,,,0,,,0,,,SL,-81.45,53
2026.03.11 06:00,2026.03.11 07:37,BUY,LienKe,5199.705,5187.293,124.1,110.6,103.0,0.89,0.83,1,6,40,1,6,40,1,6,40,1,12,40,1,13,40,1,14,40,0,,,0,,,0,,,SL,-124.12,97
2026.03.11 06:00,2026.03.11 07:37,BUY,Swing,5199.705,5187.293,124.1,110.6,103.0,0.89,0.83,1,6,40,1,6,40,1,6,40,1,12,40,1,13,40,1,14,40,0,,,0,,,0,,,SL,-124.12,97
2026.03.11 17:15,2026.03.11 22:56,SELL,LienKe,5175.902,5183.848,79.5,222.2,79.2,2.80,1.00,1,3,63,1,3,63,1,3,63,1,4,63,1,18,63,1,21,63,1,21,63,1,26,63,0,,,TP,300.00,341
2026.03.12 00:45,2026.03.12 01:01,SELL,LienKe,5154.229,5164.430,102.0,36.8,72.3,0.36,0.71,1,1,2,1,3,4,1,4,4,0,,,0,,,0,,,0,,,0,,,0,,,SL,-102.01,16
2026.03.12 01:38,2026.03.12 01:44,SELL,LienKe,5161.823,5169.631,78.1,2.7,62.0,0.03,0.79,0,,,0,,,0,,,0,,,0,,,0,,,0,,,0,,,0,,,SL,-78.08,6
2026.03.12 01:15,2026.03.12 01:44,SELL,LienKe,5157.009,5169.631,126.2,50.9,110.2,0.40,0.87,1,0,1,1,0,1,1,0,1,1,0,1,0,,,0,,,0,,,0,,,0,,,SL,-126.22,29
2026.03.12 10:15,2026.03.12 13:42,SELL,LienKe,5187.227,5194.657,74.3,287.6,4.4,3.87,0.06,1,0,-,1,0,-,1,1,-,1,13,-,1,15,-,1,23,-,1,110,-,1,120,-,0,,,TP,300.00,207
2026.03.12 08:15,2026.03.12 13:53,SELL,LienKe,5181.297,5192.676,113.8,293.2,107.2,2.58,0.94,1,5,6,1,8,19,1,14,19,1,33,54,1,185,210,1,231,274,1,240,274,1,308,-,0,,,TP,300.00,338
2026.03.12 14:48,2026.03.12 15:02,BUY,LienKe,5144.101,5136.489,76.1,8.2,75.1,0.11,0.99,0,,,0,,,0,,,0,,,0,,,0,,,0,,,0,,,0,,,SL,-76.12,14
2026.03.12 14:45,2026.03.12 15:02,BUY,LienKe,5148.975,5136.489,124.9,44.4,123.8,0.36,0.99,1,0,1,1,1,2,1,1,2,0,,,0,,,0,,,0,,,0,,,0,,,SL,-124.86,17
2026.03.12 23:32,2026.03.13 00:00,SELL,LienKe,5095.961,5102.379,64.2,26.1,55.9,0.41,0.87,1,3,5,1,3,5,0,,,0,,,0,,,0,,,0,,,0,,,0,,,SL,-64.18,28
2026.03.12 23:30,2026.03.13 00:00,SELL,LienKe,5094.177,5102.379,82.0,17.4,73.7,0.21,0.90,1,0,0,0,,,0,,,0,,,0,,,0,,,0,,,0,,,0,,,SL,-82.02,30
2026.03.13 02:15,2026.03.13 06:26,SELL,LienKe,5123.193,5131.363,81.7,297.9,3.6,3.65,0.04,1,0,5,1,3,5,1,3,5,1,7,-,1,8,-,1,33,-,1,81,-,1,143,-,0,,,TP,300.00,251
2026.03.13 08:20,2026.03.13 08:22,BUY,LienKe,5072.147,5063.471,86.8,0.0,79.8,0.00,0.92,0,,,0,,,0,,,0,,,0,,,0,,,0,,,0,,,0,,,SL,-86.76,1
2026.03.13 08:15,2026.03.13 08:22,BUY,LienKe,5078.007,5063.471,145.4,10.5,138.4,0.07,0.95,1,1,1,0,,,0,,,0,,,0,,,0,,,0,,,0,,,0,,,SL,-145.36,7
2026.03.13 10:45,2026.03.13 12:02,BUY,LienKe,5087.736,5076.767,109.7,298.3,33.4,2.72,0.30,1,2,24,1,2,24,1,2,24,1,3,24,1,5,24,1,8,24,1,72,-,1,75,-,0,,,TP,300.00,77
2026.03.13 12:22,2026.03.13 12:49,SELL,Swing,5113.583,5121.768,81.9,51.9,76.7,0.63,0.94,1,1,2,1,1,2,1,20,23,1,21,23,0,,,0,,,0,,,0,,,0,,,SL,-81.85,27
2026.03.13 12:15,2026.03.13 12:49,SELL,Swing,5108.219,5121.768,135.5,35.6,130.3,0.26,0.96,1,0,5,1,1,5,1,2,5,0,,,0,,,0,,,0,,,0,,,0,,,SL,-135.49,34
2026.03.13 13:57,2026.03.13 14:13,BUY,LienKe,5102.604,5093.269,93.4,52.6,81.9,0.56,0.88,1,6,10,1,7,10,1,7,10,1,9,10,0,,,0,,,0,,,0,,,0,,,SL,-93.35,16
2026.03.13 13:45,2026.03.13 14:13,BUY,LienKe,5112.242,5093.269,189.7,45.3,178.3,0.24,0.94,1,0,3,1,0,3,1,0,3,0,,,0,,,0,,,0,,,0,,,0,,,SL,-189.73,28
2026.03.16 13:34,2026.03.16 13:36,SELL,LienKe,5026.223,5033.149,69.3,0.0,67.6,0.00,0.98,0,,,0,,,0,,,0,,,0,,,0,,,0,,,0,,,0,,,SL,-69.26,2
2026.03.16 13:30,2026.03.16 13:36,SELL,LienKe,5020.810,5033.149,123.4,26.3,121.7,0.21,0.99,1,0,0,1,2,3,0,,,0,,,0,,,0,,,0,,,0,,,0,,,SL,-123.39,6
2026.03.16 14:15,2026.03.16 14:47,SELL,LienKe,5028.284,5041.067,127.8,286.9,18.8,2.24,0.15,1,0,1,1,0,1,1,0,1,1,7,-,1,9,-,1,12,-,1,15,-,1,18,-,0,,,TP,300.00,32
2026.03.16 14:15,2026.03.16 14:47,SELL,Swing,5028.284,5041.067,127.8,286.9,18.8,2.24,0.15,1,0,1,1,0,1,1,0,1,1,7,-,1,9,-,1,12,-,1,15,-,1,18,-,0,,,TP,300.00,32
2026.03.17 08:30,2026.03.17 15:35,SELL,LienKe,5021.045,5032.507,114.6,291.0,107.3,2.54,0.94,1,0,2,1,15,15,1,36,240,1,38,240,1,65,240,1,86,240,1,96,240,1,129,240,0,,,TP,300.00,425
2026.03.17 22:30,2026.03.17 22:45,BUY,LienKe,4999.958,4994.459,55.0,0.0,43.0,0.00,0.78,0,,,0,,,0,,,0,,,0,,,0,,,0,,,0,,,0,,,SL,-54.99,15
2026.03.17 22:15,2026.03.17 22:45,BUY,LienKe,5002.756,4994.459,83.0,21.6,71.0,0.26,0.86,1,0,1,1,0,1,0,,,0,,,0,,,0,,,0,,,0,,,0,,,SL,-82.97,30
2026.03.17 17:20,2026.03.18 00:05,SELL,LienKe,5004.901,5009.663,47.6,113.6,44.1,2.39,0.93,1,9,11,1,9,11,1,9,11,1,23,43,1,25,43,1,325,403,0,,,0,,,0,,,SL,-47.62,405
2026.03.17 17:15,2026.03.18 00:05,SELL,LienKe,5003.213,5009.663,64.5,96.7,61.0,1.50,0.95,1,14,15,1,25,41,1,28,41,1,29,41,1,330,335,0,,,0,,,0,,,0,,,SL,-64.50,410
2026.03.18 02:00,2026.03.18 03:04,BUY,Swing,4999.067,4988.069,110.0,77.7,85.9,0.71,0.78,1,0,4,1,0,4,1,0,4,1,19,53,0,,,0,,,0,,,0,,,0,,,SL,-109.98,64
2026.03.18 06:49,2026.03.18 08:22,SELL,Swing,5013.845,5019.311,54.7,295.1,13.9,5.40,0.25,1,1,17,1,2,17,1,2,17,1,8,17,1,46,-,1,55,-,1,57,-,1,61,-,0,,,TP,300.00,92
2026.03.18 06:45,2026.03.18 08:45,SELL,Swing,5011.108,5019.311,82.0,274.0,41.3,3.34,0.50,1,6,7,1,8,9,1,32,-,1,50,-,1,59,-,1,60,-,1,64,-,1,69,-,0,,,TP,300.00,120
2026.03.18 09:00,2026.03.18 10:35,BUY,Swing,4987.610,4974.089,135.2,77.3,84.2,0.57,0.62,1,1,13,1,4,13,1,5,13,1,20,65,0,,,0,,,0,,,0,,,0,,,SL,-135.21,95
2026.03.18 10:56,2026.03.18 11:04,BUY,Swing,4969.091,4957.290,118.0,6.9,103.1,0.06,0.87,0,,,0,,,0,,,0,,,0,,,0,,,0,,,0,,,0,,,SL,-118.01,8
2026.03.18 11:26,2026.03.18 11:27,BUY,LienKe,4959.033,4947.196,118.4,0.0,54.1,0.00,0.46,0,,,0,,,0,,,0,,,0,,,0,,,0,,,0,,,0,,,SL,-118.37,1
2026.03.18 18:31,2026.03.18 18:33,BUY,LienKe,4884.082,4873.732,103.5,0.0,57.2,0.00,0.55,0,,,0,,,0,,,0,,,0,,,0,,,0,,,0,,,0,,,SL,-103.50,2
2026.03.18 18:30,2026.03.18 18:33,BUY,LienKe,4885.758,4873.732,120.3,23.0,74.0,0.19,0.62,1,0,1,1,0,1,0,,,0,,,0,,,0,,,0,,,0,,,0,,,SL,-120.26,3
2026.03.18 23:45,2026.03.19 00:01,SELL,LienKe,4834.390,4845.516,111.3,43.9,68.9,0.39,0.62,1,0,1,1,0,1,1,0,1,0,,,0,,,0,,,0,,,0,,,0,,,SL,-111.26,16
2026.03.19 04:30,2026.03.19 05:30,BUY,LienKe,4849.041,4844.186,48.6,46.6,33.4,0.96,0.69,1,2,15,1,2,15,1,5,15,0,,,0,,,0,,,0,,,0,,,0,,,SL,-48.55,60
2026.03.19 04:15,2026.03.19 05:30,BUY,LienKe,4851.397,4844.186,72.1,23.2,57.0,0.32,0.79,1,7,7,1,11,14,0,,,0,,,0,,,0,,,0,,,0,,,0,,,SL,-72.11,75
2026.03.20 01:35,2026.03.20 01:40,SELL,Swing,4677.032,4683.367,63.4,49.2,14.0,0.78,0.22,1,0,1,1,2,-,1,2,-,0,,,0,,,0,,,0,,,0,,,0,,,SL,-63.35,5
2026.03.20 01:30,2026.03.20 01:40,SELL,Swing,4666.170,4683.367,172.0,20.4,122.6,0.12,0.71,1,0,1,1,0,1,0,,,0,,,0,,,0,,,0,,,0,,,0,,,SL,-171.97,10
2026.03.20 05:30,2026.03.20 05:31,BUY,LienKe,4714.441,4707.603,68.4,0.0,33.0,0.00,0.48,0,,,0,,,0,,,0,,,0,,,0,,,0,,,0,,,0,,,SL,-68.38,1
2026.03.20 05:15,2026.03.20 05:31,BUY,LienKe,4718.491,4707.603,108.9,51.6,73.5,0.47,0.68,1,0,2,1,0,2,1,1,2,1,9,15,0,,,0,,,0,,,0,,,0,,,SL,-108.88,16
2026.03.20 10:19,2026.03.20 10:21,BUY,LienKe,4656.554,4647.052,95.0,0.0,83.5,0.00,0.88,0,,,0,,,0,,,0,,,0,,,0,,,0,,,0,,,0,,,SL,-95.02,2
2026.03.20 10:19,2026.03.20 10:21,BUY,Swing,4656.554,4647.052,95.0,0.0,83.5,0.00,0.88,0,,,0,,,0,,,0,,,0,,,0,,,0,,,0,,,0,,,SL,-95.02,2
2026.03.20 10:15,2026.03.20 10:21,BUY,LienKe,4663.226,4647.052,161.7,31.7,150.3,0.20,0.93,1,0,1,1,0,1,1,0,1,0,,,0,,,0,,,0,,,0,,,0,,,SL,-161.74,6
2026.03.20 10:15,2026.03.20 10:21,BUY,Swing,4663.226,4647.052,161.7,31.7,150.3,0.20,0.93,1,0,1,1,0,1,1,0,1,0,,,0,,,0,,,0,,,0,,,0,,,SL,-161.74,6
2026.03.20 13:50,2026.03.20 13:51,BUY,Swing,4648.182,4633.439,147.4,0.0,43.4,0.00,0.29,0,,,0,,,0,,,0,,,0,,,0,,,0,,,0,,,0,,,SL,-147.43,1
2026.03.20 13:51,2026.03.20 13:51,BUY,Swing,4636.927,4633.439,34.9,0.0,71.8,0.00,2.06,0,,,0,,,0,,,0,,,0,,,0,,,0,,,0,,,0,,,SL,-34.88,0
2026.03.20 15:48,2026.03.20 16:12,BUY,LienKe,4551.732,4537.416,143.2,292.8,75.8,2.05,0.53,1,3,10,1,3,10,1,3,10,1,3,10,1,4,10,1,12,-,1,15,-,1,16,-,0,,,TP,300.00,24
2026.03.24 11:53,2026.03.24 12:13,BUY,Swing,4391.164,4372.204,189.6,276.6,6.2,1.46,0.03,1,1,-,1,1,-,1,1,-,1,1,-,1,1,-,1,1,-,1,5,-,1,7,-,0,,,TP,300.00,20
2026.03.25 04:36,2026.03.25 05:21,BUY,LienKe,4567.863,4562.569,52.9,63.2,46.8,1.19,0.88,1,0,9,1,1,9,1,2,9,1,2,9,0,,,0,,,0,,,0,,,0,,,SL,-52.94,45
2026.03.25 04:30,2026.03.25 05:21,BUY,LienKe,4574.360,4562.569,117.9,1.8,111.8,0.02,0.95,0,,,0,,,0,,,0,,,0,,,0,,,0,,,0,,,0,,,SL,-117.91,51
2026.03.25 15:00,2026.03.25 15:17,SELL,LienKe,4567.295,4582.377,150.8,282.8,20.9,1.87,0.14,1,0,1,1,0,1,1,0,1,1,3,3,1,6,-,1,6,-,1,9,-,1,16,-,0,,,TP,300.00,17
2026.03.26 03:22,2026.03.26 05:26,BUY,LienKe,4505.398,4499.065,63.3,187.0,54.4,2.95,0.86,1,3,120,1,4,120,1,4,120,1,8,120,1,9,120,1,10,120,1,58,120,0,,,0,,,SL,-63.33,124
2026.03.26 03:15,2026.03.26 05:26,BUY,LienKe,4511.489,4499.065,124.2,126.1,115.3,1.01,0.93,1,1,2,1,1,2,1,17,37,1,19,37,1,61,114,1,71,114,0,,,0,,,0,,,SL,-124.24,131
2026.03.26 11:19,2026.03.26 11:20,SELL,LienKe,4445.966,4451.598,56.3,0.0,33.5,0.00,0.60,0,,,0,,,0,,,0,,,0,,,0,,,0,,,0,,,0,,,SL,-56.32,1
2026.03.26 11:15,2026.03.26 11:20,SELL,LienKe,4441.702,4451.598,99.0,21.1,76.2,0.21,0.77,1,1,2,1,2,2,0,,,0,,,0,,,0,,,0,,,0,,,0,,,SL,-98.96,5
2026.03.26 14:45,2026.03.26 15:57,SELL,LienKe,4464.427,4482.502,180.8,276.4,52.8,1.53,0.29,1,1,2,1,1,2,1,3,5,1,4,5,1,8,12,1,9,12,1,9,12,1,46,-,0,,,TP,300.00,72
2026.03.26 16:16,2026.03.26 16:17,BUY,LienKe,4431.963,4422.854,91.1,0.0,88.4,0.00,0.97,0,,,0,,,0,,,0,,,0,,,0,,,0,,,0,,,0,,,SL,-91.09,0
2026.03.26 16:15,2026.03.26 16:17,BUY,LienKe,4440.300,4422.854,174.5,0.0,171.7,0.00,0.98,0,,,0,,,0,,,0,,,0,,,0,,,0,,,0,,,0,,,SL,-174.46,2
2026.03.27 11:19,2026.03.27 12:49,BUY,LienKe,4408.561,4401.209,73.5,293.4,7.6,3.99,0.10,1,0,-,1,0,-,1,1,-,1,2,-,1,19,-,1,19,-,1,26,-,1,57,-,0,,,TP,300.00,90
2026.03.27 11:15,2026.03.27 12:50,BUY,LienKe,4413.248,4401.209,120.4,264.1,54.5,2.19,0.45,1,0,2,1,0,2,1,1,2,1,23,53,1,29,53,1,30,53,1,61,-,1,61,-,0,,,TP,300.00,95
2026.03.30 22:15,2026.03.31 00:02,SELL,LienKe,4508.657,4526.756,181.0,160.2,129.7,0.89,0.72,1,3,11,1,3,11,1,4,11,1,10,11,1,49,65,1,51,65,1,55,65,0,,,0,,,SL,-180.99,107
2026.03.31 00:15,2026.03.31 00:20,SELL,LienKe,4516.333,4531.254,149.2,208.4,22.1,1.40,0.15,1,0,-,1,0,-,1,0,-,1,0,-,1,1,-,1,1,-,1,1,-,1,4,-,0,,,TP,300.00,5
2026.03.31 00:15,2026.03.31 00:20,SELL,Swing,4516.333,4531.254,149.2,208.4,22.1,1.40,0.15,1,0,-,1,0,-,1,0,-,1,0,-,1,1,-,1,1,-,1,1,-,1,4,-,0,,,TP,300.00,5
2026.03.31 17:21,2026.03.31 17:34,SELL,LienKe,4649.390,4658.788,94.0,65.0,89.7,0.69,0.95,1,4,8,1,4,8,1,4,8,1,4,8,0,,,0,,,0,,,0,,,0,,,SL,-93.98,13
2026.03.31 17:15,2026.03.31 17:34,SELL,LienKe,4642.934,4658.788,158.5,20.4,154.2,0.13,0.97,1,1,1,1,1,1,0,,,0,,,0,,,0,,,0,,,0,,,0,,,SL,-158.54,19
2026.04.01 01:32,2026.04.01 01:39,BUY,LienKe,4698.731,4686.600,121.3,6.0,81.4,0.05,0.67,0,,,0,,,0,,,0,,,0,,,0,,,0,,,0,,,0,,,SL,-121.31,7
2026.04.01 15:19,2026.04.01 15:31,SELL,LienKe,4769.892,4777.970,80.8,17.2,68.6,0.21,0.85,1,1,1,0,,,0,,,0,,,0,,,0,,,0,,,0,,,0,,,SL,-80.78,12
2026.04.01 15:15,2026.04.01 15:31,SELL,LienKe,4764.712,4777.970,132.6,20.1,120.4,0.15,0.91,1,2,3,1,2,3,0,,,0,,,0,,,0,,,0,,,0,,,0,,,SL,-132.58,16
2026.04.01 17:15,2026.04.01 18:21,SELL,LienKe,4788.627,4795.885,72.6,291.4,21.5,4.01,0.30,1,1,13,1,2,13,1,2,13,1,3,13,1,19,-,1,20,-,1,45,-,1,48,-,0,,,TP,300.00,66
2026.04.01 16:30,2026.04.01 18:36,SELL,LienKe,4776.711,4793.756,170.5,273.1,164.5,1.60,0.97,1,2,2,1,87,88,1,90,-,1,90,-,1,93,-,1,93,-,1,93,-,1,111,-,0,,,TP,300.00,126
2026.04.01 23:04,2026.04.01 23:06,SELL,Swing,4778.602,4785.779,71.8,0.0,50.8,0.00,0.71,0,,,0,,,0,,,0,,,0,,,0,,,0,,,0,,,0,,,SL,-71.77,2
2026.04.01 23:00,2026.04.01 23:06,SELL,Swing,4776.575,4785.779,92.0,25.7,71.1,0.28,0.77,1,0,2,1,1,2,0,,,0,,,0,,,0,,,0,,,0,,,0,,,SL,-92.04,6
2026.04.02 09:30,2026.04.02 10:22,BUY,LienKe,4616.793,4609.950,68.4,184.4,55.8,2.70,0.82,1,0,7,1,0,7,1,0,7,1,1,7,1,2,7,1,24,47,1,35,47,0,,,0,,,SL,-68.43,52
2026.04.02 09:15,2026.04.02 10:22,BUY,LienKe,4623.842,4609.950,138.9,113.9,126.3,0.82,0.91,1,1,11,1,1,11,1,1,11,1,1,11,1,2,11,1,50,61,0,,,0,,,0,,,SL,-138.92,67
2026.04.07 09:17,2026.04.07 09:47,SELL,LienKe,4689.484,4696.565,70.8,279.1,53.8,3.94,0.76,1,11,11,1,11,11,1,11,11,1,13,-,1,13,-,1,18,-,1,24,-,1,24,-,0,,,TP,300.00,30
2026.04.07 09:15,2026.04.07 10:43,SELL,LienKe,4685.513,4696.565,110.5,273.2,93.5,2.47,0.85,1,0,1,1,0,1,1,15,17,1,15,17,1,22,-,1,24,-,1,26,-,1,30,-,0,,,TP,300.00,88
2026.04.07 16:23,2026.04.07 17:06,SELL,LienKe,4663.486,4671.329,78.4,83.8,46.9,1.07,0.60,1,0,5,1,0,5,1,0,5,1,0,5,1,1,5,0,,,0,,,0,,,0,,,SL,-78.43,43
2026.04.07 16:15,2026.04.07 17:06,SELL,LienKe,4658.755,4671.329,125.7,40.3,94.2,0.32,0.75,1,0,0,1,0,0,1,5,6,0,,,0,,,0,,,0,,,0,,,0,,,SL,-125.74,51
2026.04.08 10:30,2026.04.08 13:55,BUY,LienKe,4782.834,4767.987,148.5,242.5,143.9,1.63,0.97,1,2,3,1,3,3,1,6,29,1,7,29,1,14,29,1,15,29,1,80,111,1,93,111,0,,,SL,-148.47,205
2026.04.09 07:00,2026.04.09 10:47,BUY,LienKe,4712.849,4700.348,125.0,288.2,72.0,2.31,0.58,1,1,2,1,1,2,1,4,21,1,5,21,1,6,21,1,7,21,1,8,21,1,104,-,0,,,TP,300.00,227
2026.04.09 07:00,2026.04.09 10:47,BUY,Swing,4712.849,4700.348,125.0,288.2,72.0,2.31,0.58,1,1,2,1,1,2,1,4,21,1,5,21,1,6,21,1,7,21,1,8,21,1,104,-,0,,,TP,300.00,227
2026.04.09 13:00,2026.04.09 13:43,BUY,LienKe,4746.238,4734.665,115.7,293.2,76.8,2.53,0.66,1,7,-,1,7,-,1,7,-,1,10,-,1,12,-,1,13,-,1,35,-,1,36,-,0,,,TP,300.00,43
2026.04.09 16:19,2026.04.09 20:15,SELL,LienKe,4796.995,4804.052,70.6,298.7,44.9,4.23,0.64,1,0,0,1,1,59,1,1,59,1,7,59,1,19,59,1,22,59,1,109,-,1,132,-,0,,,TP,300.00,236
2026.04.09 16:15,2026.04.09 23:06,SELL,LienKe,4788.280,4804.052,157.7,293.8,132.0,1.86,0.84,1,26,27,1,26,27,1,34,35,1,109,110,1,128,-,1,129,-,1,138,-,1,152,-,0,,,TP,300.00,411
2026.04.10 04:30,2026.04.10 08:47,SELL,LienKe,4765.380,4773.840,84.6,241.5,40.8,2.85,0.48,1,0,1,1,6,20,1,11,20,1,26,62,1,104,-,1,106,-,1,128,-,1,139,-,0,,,TP,300.00,257
2026.04.10 09:30,2026.04.10 11:43,SELL,LienKe,4748.520,4763.842,153.2,58.9,148.8,0.38,0.97,1,1,1,1,2,3,1,36,46,1,36,46,0,,,0,,,0,,,0,,,0,,,SL,-153.22,133
2026.04.10 09:00,2026.04.10 12:18,BUY,Swing,4741.038,4727.601,134.4,296.1,4.9,2.20,0.04,1,0,0,1,1,-,1,2,-,1,5,-,1,18,-,1,18,-,1,19,-,1,143,-,0,,,TP,300.00,198
2026.04.10 16:23,2026.04.10 20:25,BUY,LienKe,4754.787,4744.379,104.1,184.9,66.6,1.78,0.64,1,0,101,1,0,101,1,1,101,1,1,101,1,8,101,1,15,101,1,129,221,0,,,0,,,SL,-104.08,242
2026.04.10 16:15,2026.04.10 20:25,BUY,LienKe,4763.396,4744.379,190.2,98.8,152.7,0.52,0.80,1,1,2,1,23,23,1,62,66,1,63,66,1,139,153,0,,,0,,,0,,,0,,,SL,-190.17,250
2026.04.10 18:45,2026.04.12 22:06,SELL,LienKe,4768.036,4776.273,82.4,268.2,27.4,3.26,0.33,1,1,9,1,1,9,1,2,9,1,45,-,1,64,-,1,75,-,1,80,-,1,100,-,0,,,TP,300.00,3081
2026.04.13 11:15,2026.04.13 13:12,SELL,LienKe,4721.283,4732.099,108.2,176.3,103.6,1.63,0.96,1,4,5,1,10,11,1,20,92,1,20,92,1,21,92,1,23,92,1,28,92,0,,,0,,,SL,-108.16,117
2026.04.13 07:31,2026.04.13 13:50,SELL,LienKe,4733.500,4741.683,81.8,298.5,71.1,3.65,0.87,1,2,14,1,2,14,1,4,14,1,6,14,1,71,341,1,72,341,1,98,341,1,124,341,0,,,SL,-81.83,378
2026.04.13 07:15,2026.04.13 13:50,SELL,LienKe,4728.003,4741.683,136.8,243.5,126.1,1.78,0.92,1,0,0,1,86,87,1,87,93,1,88,93,1,114,231,1,114,231,1,140,231,1,266,346,0,,,SL,-136.80,395
2026.04.13 14:15,2026.04.13 14:19,BUY,LienKe,4723.735,4717.330,64.0,6.6,58.6,0.10,0.92,0,,,0,,,0,,,0,,,0,,,0,,,0,,,0,,,0,,,SL,-64.05,3
2026.04.13 14:15,2026.04.13 14:19,BUY,LienKe,4727.547,4717.330,102.2,4.9,96.7,0.05,0.95,0,,,0,,,0,,,0,,,0,,,0,,,0,,,0,,,0,,,SL,-102.17,4
2026.04.13 22:01,2026.04.13 22:02,SELL,Swing,4746.423,4752.903,64.8,0.0,46.6,0.00,0.72,0,,,0,,,0,,,0,,,0,,,0,,,0,,,0,,,0,,,SL,-64.80,1
2026.04.13 17:45,2026.04.13 22:02,SELL,LienKe,4744.127,4752.903,87.8,208.5,69.6,2.38,0.79,1,0,103,1,2,103,1,2,103,1,2,103,1,8,103,1,8,103,1,9,103,1,42,103,0,,,SL,-87.76,257
2026.04.13 17:45,2026.04.13 22:02,SELL,Swing,4744.127,4752.903,87.8,208.5,69.6,2.38,0.79,1,0,103,1,2,103,1,2,103,1,2,103,1,8,103,1,8,103,1,9,103,1,42,103,0,,,SL,-87.76,257
2026.04.14 00:30,2026.04.14 00:39,SELL,LienKe,4764.871,4770.521,56.5,0.6,53.4,0.01,0.94,0,,,0,,,0,,,0,,,0,,,0,,,0,,,0,,,0,,,SL,-56.50,9
2026.04.14 00:30,2026.04.14 00:39,SELL,LienKe,4762.363,4770.521,81.6,8.9,78.4,0.11,0.96,0,,,0,,,0,,,0,,,0,,,0,,,0,,,0,,,0,,,SL,-81.58,9
2026.04.14 00:15,2026.04.14 07:02,BUY,LienKe,4759.824,4748.512,113.1,270.2,18.7,2.39,0.16,1,0,12,1,0,12,1,0,12,1,0,12,1,16,320,1,23,320,1,26,320,1,398,-,0,,,TP,300.00,407
2026.04.14 09:48,2026.04.14 10:38,BUY,LienKe,4774.810,4768.387,64.2,132.1,24.2,2.06,0.38,1,1,49,1,2,49,1,4,49,1,8,49,1,19,49,1,22,49,0,,,0,,,0,,,SL,-64.23,50
2026.04.14 09:45,2026.04.14 10:38,BUY,LienKe,4778.583,4768.387,102.0,94.4,61.9,0.93,0.61,1,10,11,1,11,14,1,11,14,1,22,50,1,34,50,0,,,0,,,0,,,0,,,SL,-101.96,53
2026.04.14 12:51,2026.04.14 13:36,BUY,LienKe,4765.452,4759.359,60.9,298.3,33.5,4.90,0.55,1,5,-,1,6,-,1,6,-,1,7,-,1,9,-,1,9,-,1,22,-,1,26,-,0,,,TP,300.00,45
2026.04.14 12:30,2026.04.14 13:38,BUY,LienKe,4768.848,4759.359,94.9,283.5,67.4,2.99,0.71,1,0,14,1,0,14,1,0,14,1,1,14,1,33,-,1,40,-,1,46,-,1,51,-,0,,,TP,300.00,68
2026.04.14 14:17,2026.04.14 14:27,SELL,LienKe,4799.302,4806.682,73.8,7.7,72.8,0.10,0.99,0,,,0,,,0,,,0,,,0,,,0,,,0,,,0,,,0,,,SL,-73.80,10
2026.04.14 14:15,2026.04.14 14:27,SELL,LienKe,4794.980,4806.682,117.0,0.0,116.1,0.00,0.99,0,,,0,,,0,,,0,,,0,,,0,,,0,,,0,,,0,,,SL,-117.02,12
2026.04.15 07:26,2026.04.15 09:11,BUY,LienKe,4807.818,4800.936,68.8,132.4,35.4,1.92,0.51,1,0,1,1,1,1,1,2,19,1,6,19,1,90,102,1,92,102,0,,,0,,,0,,,SL,-68.82,105
2026.04.15 07:15,2026.04.15 09:11,BUY,LienKe,4815.924,4800.936,149.9,51.4,116.5,0.34,0.78,1,102,107,1,103,107,1,104,107,1,104,107,0,,,0,,,0,,,0,,,0,,,SL,-149.88,116
2026.04.15 19:23,2026.04.15 22:51,SELL,LienKe,4801.518,4806.380,48.6,135.1,41.6,2.78,0.86,1,13,27,1,13,27,1,17,27,1,19,27,1,43,179,1,70,179,0,,,0,,,0,,,SL,-48.62,208
2026.04.15 19:15,2026.04.15 22:51,SELL,LienKe,4798.820,4806.380,75.6,108.1,68.6,1.43,0.91,1,25,26,1,27,29,1,27,29,1,47,169,1,81,169,1,93,169,0,,,0,,,0,,,SL,-75.60,216
2026.04.16 04:34,2026.04.16 04:57,SELL,LienKe,4826.935,4832.888,59.5,0.0,49.4,0.00,0.83,0,,,0,,,0,,,0,,,0,,,0,,,0,,,0,,,0,,,SL,-59.53,23
2026.04.16 04:30,2026.04.16 04:57,SELL,LienKe,4826.520,4832.888,63.7,12.8,53.5,0.20,0.84,1,0,3,0,,,0,,,0,,,0,,,0,,,0,,,0,,,0,,,SL,-63.68,27
2026.04.16 07:16,2026.04.16 13:52,SELL,LienKe,4828.518,4833.865,53.5,232.5,18.5,4.35,0.35,1,0,9,1,1,9,1,2,9,1,2,9,1,4,9,1,4,9,1,48,-,1,49,-,0,,,TP,300.00,396
2026.04.16 07:15,2026.04.16 13:52,SELL,LienKe,4825.173,4833.865,86.9,199.0,51.9,2.29,0.60,1,0,1,1,1,1,1,3,4,1,5,10,1,47,-,1,48,-,1,50,-,0,,,0,,,TP,300.00,397
2026.04.16 05:15,2026.04.16 13:52,SELL,Swing,4834.172,4841.319,71.5,289.0,21.6,4.04,0.30,1,9,12,1,11,12,1,16,-,1,17,-,1,23,-,1,40,-,1,66,-,1,169,-,0,,,TP,300.00,517
2026.04.16 13:34,2026.04.16 13:55,SELL,LienKe,4820.221,4826.125,59.0,296.9,39.3,5.03,0.67,1,2,4,1,2,4,1,7,-,1,7,-,1,13,-,1,13,-,1,18,-,1,18,-,0,,,TP,300.00,21
2026.04.16 17:00,2026.04.16 17:38,BUY,LienKe,4792.481,4782.116,103.6,28.7,101.8,0.28,0.98,1,0,1,1,0,1,0,,,0,,,0,,,0,,,0,,,0,,,0,,,SL,-103.65,38
2026.04.16 19:16,2026.04.16 19:45,SELL,LienKe,4792.604,4798.099,54.9,19.2,54.4,0.35,0.99,1,11,12,0,,,0,,,0,,,0,,,0,,,0,,,0,,,0,,,SL,-54.95,29
2026.04.16 19:15,2026.04.16 19:45,SELL,LienKe,4790.146,4798.099,79.5,0.0,79.0,0.00,0.99,0,,,0,,,0,,,0,,,0,,,0,,,0,,,0,,,0,,,SL,-79.53,30
2026.04.16 23:44,2026.04.17 00:46,SELL,LienKe,4796.135,4800.765,46.3,101.4,43.3,2.19,0.93,1,3,47,1,3,47,1,12,47,1,16,47,1,17,47,1,21,47,0,,,0,,,0,,,SL,-46.30,62
2026.04.16 23:30,2026.04.17 00:46,SELL,LienKe,4794.518,4800.765,62.5,85.2,59.4,1.36,0.95,1,0,1,1,29,60,1,30,60,1,30,60,1,35,60,0,,,0,,,0,,,0,,,SL,-62.47,76
2026.04.17 00:16,2026.04.17 01:10,BUY,Swing,4787.825,4782.718,51.1,133.6,47.9,2.62,0.94,1,0,48,1,2,48,1,2,48,1,12,48,1,15,48,1,16,48,0,,,0,,,0,,,SL,-51.07,54
2026.04.17 00:15,2026.04.17 01:10,BUY,Swing,4790.192,4782.718,74.7,109.9,71.6,1.47,0.96,1,3,9,1,12,47,1,15,47,1,16,47,1,17,47,1,31,47,0,,,0,,,0,,,SL,-74.74,55
2026.04.17 10:32,2026.04.17 10:40,BUY,LienKe,4788.787,4784.082,47.0,3.1,32.3,0.07,0.69,0,,,0,,,0,,,0,,,0,,,0,,,0,,,0,,,0,,,SL,-47.05,8
2026.04.17 10:15,2026.04.17 10:40,BUY,LienKe,4791.550,4784.082,74.7,24.1,59.9,0.32,0.80,1,1,4,1,2,4,0,,,0,,,0,,,0,,,0,,,0,,,0,,,SL,-74.68,25
2026.04.17 09:35,2026.04.17 11:45,SELL,LienKe,4798.316,4803.954,56.4,158.7,8.7,2.82,0.16,1,1,129,1,1,129,1,2,129,1,10,129,1,24,129,1,36,129,1,65,129,0,,,0,,,SL,-56.38,130
2026.04.17 09:15,2026.04.17 11:45,SELL,LienKe,4793.185,4803.954,107.7,107.4,60.0,1.00,0.56,1,31,33,1,32,33,1,45,61,1,56,61,1,85,133,1,85,133,0,,,0,,,0,,,SL,-107.69,150
2026.04.17 12:00,2026.04.17 12:25,SELL,Swing,4799.258,4814.712,154.5,14.0,134.3,0.09,0.87,1,1,1,0,,,0,,,0,,,0,,,0,,,0,,,0,,,0,,,SL,-154.54,25
2026.04.17 08:00,2026.04.17 12:25,BUY,LienKe,4784.719,4775.642,90.8,276.9,38.7,3.05,0.43,1,0,9,1,0,9,1,1,9,1,4,9,1,42,160,1,43,160,1,62,160,1,225,-,0,,,TP,300.00,265
2026.04.21 02:30,2026.04.21 03:14,BUY,LienKe,4805.232,4800.382,48.5,27.4,47.6,0.57,0.98,1,10,17,1,25,30,0,,,0,,,0,,,0,,,0,,,0,,,0,,,SL,-48.50,44
2026.04.21 02:30,2026.04.21 03:14,BUY,LienKe,4808.003,4800.382,76.2,0.0,75.3,0.00,0.99,0,,,0,,,0,,,0,,,0,,,0,,,0,,,0,,,0,,,SL,-76.21,44
2026.04.21 08:00,2026.04.21 11:47,SELL,LienKe,4786.134,4795.562,94.3,113.2,90.5,1.20,0.96,1,0,1,1,5,20,1,6,20,1,6,20,1,11,20,1,12,20,0,,,0,,,0,,,SL,-94.28,227
2026.04.22 04:53,2026.04.22 10:03,BUY,LienKe,4754.323,4749.649,46.7,179.6,37.2,3.84,0.80,1,1,2,1,16,18,1,23,211,1,23,211,1,23,211,1,23,211,1,26,211,0,,,0,,,SL,-46.74,310
2026.04.22 04:45,2026.04.22 10:03,BUY,LienKe,4756.582,4749.649,69.3,157.0,59.8,2.27,0.86,1,0,5,1,1,5,1,31,211,1,31,211,1,31,211,1,31,211,1,67,211,0,,,0,,,SL,-69.33,318
2026.04.22 07:15,2026.04.22 14:32,SELL,LienKe,4765.677,4775.287,96.1,290.9,25.6,3.03,0.27,1,0,1,1,0,1,1,3,5,1,37,-,1,60,-,1,67,-,1,168,-,1,333,-,0,,,TP,300.00,437
2026.04.22 07:15,2026.04.22 14:32,SELL,Swing,4765.677,4775.287,96.1,290.9,25.6,3.03,0.27,1,0,1,1,0,1,1,3,5,1,37,-,1,60,-,1,67,-,1,168,-,1,333,-,0,,,TP,300.00,437
2026.04.22 15:31,2026.04.22 15:38,BUY,LienKe,4732.374,4726.737,56.4,16.5,50.3,0.29,0.89,1,2,4,0,,,0,,,0,,,0,,,0,,,0,,,0,,,0,,,SL,-56.37,7
2026.04.22 15:30,2026.04.22 15:38,BUY,LienKe,4735.380,4726.737,86.4,1.8,80.4,0.02,0.93,0,,,0,,,0,,,0,,,0,,,0,,,0,,,0,,,0,,,SL,-86.43,8
2026.04.22 11:30,2026.04.22 15:38,SELL,LienKe,4757.152,4763.775,66.2,295.3,39.4,4.46,0.60,1,8,34,1,9,34,1,10,34,1,11,34,1,14,34,1,71,135,1,91,135,1,108,135,0,,,TP,300.00,248
2026.04.23 00:46,2026.04.23 02:05,SELL,Swing,4748.363,4755.062,67.0,280.6,56.8,4.19,0.85,1,2,4,1,2,4,1,11,13,1,14,16,1,25,-,1,25,-,1,31,-,1,43,-,0,,,TP,300.00,79
2026.04.23 00:45,2026.04.23 02:08,SELL,Swing,4744.598,4755.062,104.6,277.2,94.5,2.65,0.90,1,16,16,1,21,22,1,26,-,1,26,-,1,28,-,1,31,-,1,38,-,1,69,-,0,,,TP,300.00,83
2026.04.23 06:42,2026.04.23 06:50,SELL,LienKe,4715.823,4721.116,52.9,18.7,45.3,0.35,0.86,1,2,3,0,,,0,,,0,,,0,,,0,,,0,,,0,,,0,,,SL,-52.93,8
2026.04.23 06:15,2026.04.23 06:50,SELL,LienKe,4711.666,4721.116,94.5,27.4,86.9,0.29,0.92,1,0,2,1,5,7,0,,,0,,,0,,,0,,,0,,,0,,,0,,,SL,-94.50,35
2026.04.23 08:20,2026.04.23 10:09,SELL,LienKe,4721.910,4727.812,59.0,284.9,3.8,4.83,0.07,1,0,-,1,0,-,1,2,-,1,9,-,1,10,-,1,12,-,1,17,-,1,26,-,0,,,TP,300.00,109
2026.04.23 08:20,2026.04.23 10:09,SELL,Swing,4721.910,4727.812,59.0,284.9,3.8,4.83,0.07,1,0,-,1,0,-,1,2,-,1,9,-,1,10,-,1,12,-,1,17,-,1,26,-,0,,,TP,300.00,109
2026.04.23 08:15,2026.04.23 10:12,SELL,LienKe,4718.340,4727.812,94.7,274.7,39.5,2.90,0.42,1,8,9,1,14,-,1,14,-,1,17,-,1,17,-,1,21,-,1,30,-,1,48,-,0,,,TP,300.00,117
2026.04.23 08:15,2026.04.23 10:12,SELL,Swing,4718.340,4727.812,94.7,274.7,39.5,2.90,0.42,1,8,9,1,14,-,1,14,-,1,17,-,1,17,-,1,21,-,1,30,-,1,48,-,0,,,TP,300.00,117
2026.04.23 05:45,2026.04.23 10:12,BUY,LienKe,4701.896,4689.157,127.4,229.2,113.0,1.80,0.89,1,0,181,1,0,181,1,0,181,1,1,181,1,4,181,1,5,181,1,16,181,1,135,181,0,,,SL,-127.39,267
2026.04.23 05:45,2026.04.23 10:12,BUY,Swing,4701.896,4689.157,127.4,229.2,113.0,1.80,0.89,1,0,181,1,0,181,1,0,181,1,1,181,1,4,181,1,5,181,1,16,181,1,135,181,0,,,SL,-127.39,267
2026.04.23 15:30,2026.04.23 17:31,SELL,LienKe,4733.537,4744.004,104.7,293.6,36.8,2.80,0.35,1,0,1,1,0,1,1,0,1,1,14,73,1,15,73,1,15,73,1,24,73,1,99,-,0,,,TP,300.00,121
2026.04.24 08:48,2026.04.24 11:07,SELL,LienKe,4692.642,4700.315,76.7,177.3,42.4,2.31,0.55,1,0,12,1,4,12,1,7,12,1,36,136,1,37,136,1,41,136,1,104,136,0,,,0,,,SL,-76.73,139
2026.04.24 08:30,2026.04.24 11:07,SELL,LienKe,4687.897,4700.315,124.2,129.9,89.8,1.05,0.72,1,1,2,1,5,8,1,55,72,1,55,72,1,63,72,1,122,154,0,,,0,,,0,,,SL,-124.18,157
2026.04.26 23:28,2026.04.27 00:07,BUY,LienKe,4680.591,4674.592,60.0,16.0,57.5,0.27,0.96,1,20,21,0,,,0,,,0,,,0,,,0,,,0,,,0,,,0,,,SL,-59.99,39
2026.04.26 23:15,2026.04.27 00:07,BUY,LienKe,4683.647,4674.592,90.6,8.4,88.1,0.09,0.97,0,,,0,,,0,,,0,,,0,,,0,,,0,,,0,,,0,,,SL,-90.55,52
2026.04.27 01:50,2026.04.27 02:38,SELL,LienKe,4703.740,4712.777,90.4,73.2,75.3,0.81,0.83,1,5,10,1,6,10,1,7,10,1,15,26,0,,,0,,,0,,,0,,,0,,,SL,-90.37,48
2026.04.27 01:15,2026.04.27 02:38,SELL,LienKe,4692.891,4712.777,198.9,16.7,183.8,0.08,0.92,1,1,1,0,,,0,,,0,,,0,,,0,,,0,,,0,,,0,,,SL,-198.86,83
2026.04.27 08:53,2026.04.27 09:29,BUY,Swing,4707.907,4702.282,56.3,7.2,56.1,0.13,1.00,0,,,0,,,0,,,0,,,0,,,0,,,0,,,0,,,0,,,SL,-56.25,36
2026.04.27 08:45,2026.04.27 09:29,BUY,Swing,4711.975,4702.282,96.9,26.4,96.7,0.27,1.00,1,0,4,1,1,4,0,,,0,,,0,,,0,,,0,,,0,,,0,,,SL,-96.93,44
2026.04.27 04:45,2026.04.27 13:01,SELL,LienKe,4726.364,4733.124,67.6,292.4,5.9,4.33,0.09,1,2,3,1,5,14,1,11,14,1,19,-,1,30,-,1,32,-,1,50,-,1,235,-,0,,,TP,300.00,496
2026.04.28 04:20,2026.04.28 05:00,BUY,LienKe,4668.072,4663.575,45.0,18.3,14.8,0.41,0.33,1,24,28,0,,,0,,,0,,,0,,,0,,,0,,,0,,,0,,,SL,-44.97,40
2026.04.28 04:15,2026.04.28 05:00,BUY,LienKe,4669.894,4663.575,63.2,0.1,33.0,0.00,0.52,0,,,0,,,0,,,0,,,0,,,0,,,0,,,0,,,0,,,SL,-63.19,45
2026.04.28 15:37,2026.04.28 15:51,SELL,LienKe,4578.057,4584.871,68.1,13.4,66.6,0.20,0.98,1,7,8,0,,,0,,,0,,,0,,,0,,,0,,,0,,,0,,,SL,-68.14,13
2026.04.28 15:15,2026.04.28 15:51,SELL,LienKe,4572.665,4584.871,122.1,54.9,120.6,0.45,0.99,1,0,1,1,0,1,1,6,10,1,7,10,0,,,0,,,0,,,0,,,0,,,SL,-122.06,36
2026.04.29 05:55,2026.04.29 05:59,BUY,LienKe,4596.438,4591.026,54.1,0.0,45.9,0.00,0.85,0,,,0,,,0,,,0,,,0,,,0,,,0,,,0,,,0,,,SL,-54.12,4
2026.04.29 05:45,2026.04.29 05:59,BUY,LienKe,4599.192,4591.026,81.7,40.4,73.4,0.49,0.90,1,1,4,1,1,4,1,6,8,0,,,0,,,0,,,0,,,0,,,0,,,SL,-81.66,14
2026.04.29 04:46,2026.04.29 07:25,SELL,LienKe,4603.828,4608.629,48.0,293.5,41.3,6.11,0.86,1,1,3,1,27,-,1,28,-,1,45,-,1,46,-,1,71,-,1,86,-,1,96,-,0,,,TP,300.00,159
2026.04.29 04:46,2026.04.29 07:25,SELL,Swing,4603.828,4608.629,48.0,293.5,41.3,6.11,0.86,1,1,3,1,27,-,1,28,-,1,45,-,1,46,-,1,71,-,1,86,-,1,96,-,0,,,TP,300.00,159
2026.04.29 04:45,2026.04.29 07:26,SELL,LienKe,4601.962,4608.629,66.7,289.7,60.0,4.35,0.90,1,29,30,1,36,66,1,37,66,1,47,66,1,72,-,1,74,-,1,90,-,1,98,-,0,,,TP,300.00,161
2026.04.29 04:45,2026.04.29 07:26,SELL,Swing,4601.962,4608.629,66.7,289.7,60.0,4.35,0.90,1,29,30,1,36,66,1,37,66,1,47,66,1,72,-,1,74,-,1,90,-,1,98,-,0,,,TP,300.00,161
2026.04.29 12:50,2026.04.29 12:52,BUY,Swing,4554.219,4547.947,62.7,8.8,51.1,0.14,0.82,0,,,0,,,0,,,0,,,0,,,0,,,0,,,0,,,0,,,SL,-62.72,2
2026.04.29 12:45,2026.04.29 12:52,BUY,Swing,4557.995,4547.947,100.5,20.0,88.9,0.20,0.88,1,2,2,0,,,0,,,0,,,0,,,0,,,0,,,0,,,0,,,SL,-100.48,7
2026.04.29 15:18,2026.04.29 15:36,SELL,LienKe,4542.978,4549.889,69.1,30.3,38.7,0.44,0.56,1,0,3,1,0,3,1,1,3,0,,,0,,,0,,,0,,,0,,,0,,,SL,-69.11,18
2026.04.29 15:15,2026.04.29 15:36,SELL,LienKe,4537.874,4549.889,120.2,13.5,89.8,0.11,0.75,1,0,0,0,,,0,,,0,,,0,,,0,,,0,,,0,,,0,,,SL,-120.15,21
2026.04.30 00:30,2026.04.30 00:46,SELL,LienKe,4565.071,4571.521,64.5,26.5,50.3,0.41,0.78,1,2,3,1,2,3,0,,,0,,,0,,,0,,,0,,,0,,,0,,,SL,-64.50,16
2026.04.30 00:15,2026.04.30 00:46,SELL,LienKe,4558.217,4571.521,133.0,16.6,118.9,0.12,0.89,1,0,0,0,,,0,,,0,,,0,,,0,,,0,,,0,,,0,,,SL,-133.04,31
2026.04.30 03:47,2026.04.30 04:00,BUY,LienKe,4559.591,4554.606,49.9,9.6,40.9,0.19,0.82,0,,,0,,,0,,,0,,,0,,,0,,,0,,,0,,,0,,,SL,-49.85,13
2026.04.30 03:45,2026.04.30 04:00,BUY,LienKe,4561.751,4554.606,71.5,0.0,62.5,0.00,0.87,0,,,0,,,0,,,0,,,0,,,0,,,0,,,0,,,0,,,SL,-71.45,15
2026.04.30 18:30,2026.04.30 22:01,SELL,LienKe,4622.547,4628.151,56.0,77.4,52.0,1.38,0.93,1,0,18,1,1,18,1,6,18,1,57,73,0,,,0,,,0,,,0,,,0,,,SL,-56.04,210
2026.04.30 18:30,2026.04.30 22:01,SELL,LienKe,4620.762,4628.151,73.9,59.5,69.8,0.81,0.94,1,1,2,1,50,69,1,51,69,1,62,69,0,,,0,,,0,,,0,,,0,,,SL,-73.89,211
2026.04.30 19:15,2026.04.30 22:01,SELL,LienKe,4624.126,4630.462,63.4,93.2,42.2,1.47,0.67,1,4,166,1,4,166,1,5,166,1,5,166,1,16,166,0,,,0,,,0,,,0,,,SL,-63.36,166
2026.04.30 13:30,2026.05.01 05:56,SELL,LienKe,4633.477,4649.064,155.9,280.4,27.8,1.80,0.18,1,0,1,1,0,1,1,0,1,1,5,603,1,6,603,1,10,603,1,16,603,1,21,603,0,,,TP,300.00,986
2026.04.30 23:47,2026.05.01 06:06,SELL,LienKe,4632.686,4637.006,43.2,296.1,35.7,6.85,0.83,1,2,8,1,5,8,1,10,144,1,10,144,1,13,144,1,26,144,1,73,144,1,286,-,0,,,TP,300.00,379
2026.04.30 23:45,2026.05.01 06:14,SELL,LienKe,4631.290,4637.006,57.2,297.3,49.6,5.20,0.87,1,7,8,1,12,146,1,12,146,1,15,146,1,28,146,1,28,146,1,86,146,1,303,-,0,,,TP,300.00,389
2026.05.01 02:30,2026.05.01 06:19,SELL,Swing,4629.525,4638.972,94.5,295.3,26.6,3.13,0.28,1,5,5,1,12,61,1,12,61,1,14,61,1,16,61,1,19,61,1,122,-,1,144,-,0,,,TP,300.00,229
2026.05.01 07:21,2026.05.01 07:22,BUY,LienKe,4592.078,4586.508,55.7,0.0,16.7,0.00,0.30,0,,,0,,,0,,,0,,,0,,,0,,,0,,,0,,,0,,,SL,-55.70,1
2026.05.01 07:15,2026.05.01 07:22,BUY,LienKe,4596.129,4586.508,96.2,17.1,57.2,0.18,0.59,1,2,3,0,,,0,,,0,,,0,,,0,,,0,,,0,,,0,,,SL,-96.21,7
2026.05.01 16:30,2026.05.01 20:04,SELL,LienKe,4638.038,4653.139,151.0,289.4,51.5,1.92,0.34,1,0,0,1,3,5,1,5,8,1,59,-,1,61,-,1,73,-,1,95,-,1,103,-,0,,,TP,300.00,214
2026.05.04 00:18,2026.05.04 01:04,BUY,LienKe,4608.274,4601.393,68.8,58.4,65.6,0.85,0.95,1,1,2,1,30,33,1,37,44,1,37,44,0,,,0,,,0,,,0,,,0,,,SL,-68.81,46
2026.05.04 00:18,2026.05.04 01:04,BUY,Swing,4608.274,4601.393,68.8,58.4,65.6,0.85,0.95,1,1,2,1,30,33,1,37,44,1,37,44,0,,,0,,,0,,,0,,,0,,,SL,-68.81,46
2026.05.04 00:15,2026.05.04 01:04,BUY,LienKe,4612.541,4601.393,111.5,21.3,108.3,0.19,0.97,1,0,1,1,0,1,0,,,0,,,0,,,0,,,0,,,0,,,0,,,SL,-111.48,49
2026.05.04 00:15,2026.05.04 01:04,BUY,Swing,4612.541,4601.393,111.5,21.3,108.3,0.19,0.97,1,0,1,1,0,1,0,,,0,,,0,,,0,,,0,,,0,,,0,,,SL,-111.48,49
2026.05.04 06:16,2026.05.04 06:44,BUY,LienKe,4592.449,4584.607,78.4,49.2,77.3,0.63,0.99,1,0,6,1,1,6,1,1,6,0,,,0,,,0,,,0,,,0,,,0,,,SL,-78.42,28
2026.05.04 06:16,2026.05.04 06:44,BUY,Swing,4592.449,4584.607,78.4,49.2,77.3,0.63,0.99,1,0,6,1,1,6,1,1,6,0,,,0,,,0,,,0,,,0,,,0,,,SL,-78.42,28
2026.05.04 06:15,2026.05.04 06:44,BUY,LienKe,4597.633,4584.607,130.3,2.0,129.1,0.02,0.99,0,,,0,,,0,,,0,,,0,,,0,,,0,,,0,,,0,,,SL,-130.26,29
2026.05.04 06:15,2026.05.04 06:44,BUY,Swing,4597.633,4584.607,130.3,2.0,129.1,0.02,0.99,0,,,0,,,0,,,0,,,0,,,0,,,0,,,0,,,0,,,SL,-130.26,29
2026.05.04 07:52,2026.05.04 07:59,BUY,LienKe,4584.598,4579.583,50.2,0.0,41.1,0.00,0.82,0,,,0,,,0,,,0,,,0,,,0,,,0,,,0,,,0,,,SL,-50.15,7
2026.05.04 07:45,2026.05.04 07:59,BUY,LienKe,4588.150,4579.583,85.7,25.1,76.6,0.29,0.89,1,1,4,1,2,4,0,,,0,,,0,,,0,,,0,,,0,,,0,,,SL,-85.67,14
2026.05.04 08:16,2026.05.04 10:01,BUY,LienKe,4576.646,4571.218,54.3,77.8,45.8,1.43,0.84,1,5,7,1,8,11,1,24,32,1,57,101,0,,,0,,,0,,,0,,,0,,,SL,-54.28,105
2026.05.04 08:15,2026.05.04 10:01,BUY,LienKe,4580.161,4571.218,89.4,42.7,80.9,0.48,0.90,1,25,26,1,59,91,1,59,91,0,,,0,,,0,,,0,,,0,,,0,,,SL,-89.43,106
2026.05.04 12:50,2026.05.04 14:22,SELL,LienKe,4574.025,4582.388,83.6,203.0,33.5,2.43,0.40,1,1,2,1,4,19,1,5,19,1,9,19,1,10,19,1,10,19,1,10,19,1,79,89,0,,,SL,-83.63,92
2026.05.04 12:30,2026.05.04 14:22,SELL,LienKe,4568.433,4582.388,139.5,147.1,89.4,1.05,0.64,1,0,0,1,2,8,1,2,8,1,5,8,1,30,34,1,30,34,0,,,0,,,0,,,SL,-139.55,112
2026.05.04 14:45,2026.05.04 15:15,SELL,Swing,4576.777,4586.355,95.8,281.6,4.9,2.94,0.05,1,1,-,1,1,-,1,1,-,1,3,-,1,7,-,1,11,-,1,14,-,1,14,-,0,,,TP,300.00,29
2026.05.04 14:45,2026.05.04 15:18,SELL,LienKe,4574.659,4586.355,117.0,283.9,26.1,2.43,0.22,1,1,2,1,2,2,1,3,-,1,4,-,1,12,-,1,13,-,1,15,-,1,28,-,0,,,TP,300.00,33
2026.05.04 14:45,2026.05.04 15:18,SELL,Swing,4574.659,4586.355,117.0,283.9,26.1,2.43,0.22,1,1,2,1,2,2,1,3,-,1,4,-,1,12,-,1,13,-,1,15,-,1,28,-,0,,,TP,300.00,33
2026.05.04 17:30,2026.05.05 01:05,SELL,LienKe,4524.274,4534.698,104.2,142.5,104.0,1.37,1.00,1,5,6,1,7,9,1,37,114,1,37,114,1,53,114,1,54,114,0,,,0,,,0,,,SL,-104.24,455
2026.05.06 18:34,2026.05.06 19:08,SELL,LienKe,4689.225,4693.586,43.6,42.4,40.7,0.97,0.93,1,5,29,1,6,29,1,7,29,0,,,0,,,0,,,0,,,0,,,0,,,SL,-43.61,34
2026.05.06 18:30,2026.05.06 19:08,SELL,LienKe,4687.934,4693.586,56.5,29.5,53.6,0.52,0.95,1,11,16,1,11,16,0,,,0,,,0,,,0,,,0,,,0,,,0,,,SL,-56.52,38
2026.05.07 12:30,2026.05.07 12:41,SELL,LienKe,4740.193,4750.189,100.0,0.0,98.6,0.00,0.99,0,,,0,,,0,,,0,,,0,,,0,,,0,,,0,,,0,,,SL,-99.96,11
2026.05.07 12:30,2026.05.07 12:41,SELL,LienKe,4737.984,4750.189,122.0,4.6,120.7,0.04,0.99,0,,,0,,,0,,,0,,,0,,,0,,,0,,,0,,,0,,,SL,-122.05,11
2026.05.07 09:58,2026.05.07 13:33,BUY,LienKe,4726.427,4718.565,78.6,285.4,6.7,3.63,0.09,1,0,-,1,1,-,1,1,-,1,4,-,1,14,-,1,40,-,1,118,-,1,138,-,0,,,TP,300.00,215
2026.05.07 08:15,2026.05.07 13:33,SELL,LienKe,4742.625,4756.369,137.4,207.8,126.2,1.51,0.92,1,0,222,1,0,222,1,0,222,1,3,222,1,10,222,1,36,222,1,46,222,1,48,222,0,,,SL,-137.44,318
2026.05.07 14:13,2026.05.07 14:52,SELL,Swing,4753.278,4761.051,77.7,121.3,74.2,1.56,0.95,1,1,1,1,2,3,1,2,3,1,2,3,1,2,3,1,2,3,0,,,0,,,0,,,SL,-77.73,39
2026.05.07 13:45,2026.05.07 14:52,SELL,LienKe,4748.454,4761.051,126.0,109.4,122.5,0.87,0.97,1,0,1,1,0,1,1,0,1,1,0,1,1,2,14,1,7,14,0,,,0,,,0,,,SL,-125.97,67
2026.05.07 13:45,2026.05.07 14:52,SELL,Swing,4748.454,4761.051,126.0,109.4,122.5,0.87,0.97,1,0,1,1,0,1,1,0,1,1,0,1,1,2,14,1,7,14,0,,,0,,,0,,,SL,-125.97,67
2026.05.07 09:15,2026.05.07 15:00,BUY,LienKe,4734.428,4718.565,158.6,289.5,86.8,1.83,0.55,1,2,5,1,2,5,1,8,13,1,89,110,1,162,187,1,165,187,1,203,238,1,257,-,0,,,TP,300.00,345
2026.05.08 00:41,2026.05.08 01:01,SELL,LienKe,4706.678,4712.359,56.8,93.6,29.2,1.65,0.51,1,3,19,1,4,19,1,4,19,1,5,19,1,12,19,0,,,0,,,0,,,0,,,SL,-56.81,20
2026.05.08 00:15,2026.05.08 01:01,SELL,LienKe,4702.896,4712.359,94.6,87.2,67.0,0.92,0.71,1,0,7,1,0,7,1,0,7,1,3,7,1,3,7,0,,,0,,,0,,,0,,,SL,-94.63,46
2026.05.08 01:48,2026.05.08 01:51,SELL,Swing,4716.516,4722.222,57.1,0.0,56.0,0.00,0.98,0,,,0,,,0,,,0,,,0,,,0,,,0,,,0,,,0,,,SL,-57.06,3
2026.05.08 01:30,2026.05.08 01:51,SELL,Swing,4712.353,4722.222,98.7,68.6,97.6,0.70,0.99,1,0,1,1,1,1,1,7,15,1,7,15,0,,,0,,,0,,,0,,,0,,,SL,-98.69,21
2026.05.08 02:15,2026.05.08 13:30,SELL,LienKe,4724.088,4735.777,116.9,266.8,108.0,2.28,0.92,1,0,13,1,1,13,1,1,13,1,2,13,1,20,78,1,21,78,1,23,78,1,308,491,0,,,SL,-116.89,675
2026.05.10 23:19,2026.05.11 01:22,SELL,LienKe,4694.440,4699.981,55.4,242.2,55.3,4.37,1.00,1,37,38,1,40,106,1,40,106,1,41,106,1,41,106,1,41,106,1,58,106,1,93,106,0,,,SL,-55.41,123
2026.05.10 23:15,2026.05.11 01:22,SELL,LienKe,4690.302,4699.981,96.8,200.9,96.7,2.08,1.00,1,45,50,1,45,50,1,45,50,1,45,50,1,58,76,1,59,76,1,97,109,1,98,109,0,,,SL,-96.79,127
2026.05.11 04:17,2026.05.11 04:21,BUY,LienKe,4675.466,4670.484,49.8,6.6,42.9,0.13,0.86,0,,,0,,,0,,,0,,,0,,,0,,,0,,,0,,,0,,,SL,-49.82,4
2026.05.11 04:15,2026.05.11 04:21,BUY,LienKe,4677.771,4670.484,72.9,10.3,65.9,0.14,0.90,1,0,1,0,,,0,,,0,,,0,,,0,,,0,,,0,,,0,,,SL,-72.87,6
2026.05.12 08:21,2026.05.12 11:57,SELL,LienKe,4703.226,4709.587,63.6,178.4,60.8,2.80,0.96,1,3,4,1,13,24,1,15,24,1,53,69,1,83,100,1,131,198,1,138,198,0,,,0,,,SL,-63.61,216
2026.05.12 08:15,2026.05.12 11:57,SELL,LienKe,4699.401,4709.587,101.9,140.1,99.1,1.38,0.97,1,0,3,1,0,3,1,89,93,1,137,193,1,144,193,1,144,193,0,,,0,,,0,,,SL,-101.86,222
2026.05.12 07:15,2026.05.12 13:15,BUY,LienKe,4695.993,4683.483,125.1,156.9,108.9,1.25,0.87,1,0,1,1,3,15,1,4,15,1,26,149,1,46,149,1,47,149,1,331,349,0,,,0,,,SL,-125.10,360
2026.05.12 20:30,2026.05.12 22:54,SELL,LienKe,4713.051,4722.473,94.2,11.4,88.7,0.12,0.94,1,100,100,0,,,0,,,0,,,0,,,0,,,0,,,0,,,0,,,SL,-94.22,144
2026.05.12 22:51,2026.05.12 23:09,SELL,LienKe,4718.527,4723.283,47.6,26.1,46.4,0.55,0.98,1,7,10,1,9,10,0,,,0,,,0,,,0,,,0,,,0,,,0,,,SL,-47.56,17
2026.05.12 22:45,2026.05.12 23:09,SELL,LienKe,4716.577,4723.283,67.1,6.6,65.9,0.10,0.98,0,,,0,,,0,,,0,,,0,,,0,,,0,,,0,,,0,,,SL,-67.06,24
2026.05.12 23:22,2026.05.13 00:05,SELL,LienKe,4720.451,4726.094,56.4,52.9,52.7,0.94,0.93,1,0,1,1,13,16,1,13,16,1,39,41,0,,,0,,,0,,,0,,,0,,,SL,-56.43,42
2026.05.12 23:15,2026.05.13 00:05,SELL,LienKe,4717.814,4726.094,82.8,26.6,79.1,0.32,0.95,1,21,21,1,33,34,0,,,0,,,0,,,0,,,0,,,0,,,0,,,SL,-82.80,50
2026.05.14 04:45,2026.05.14 07:36,SELL,Swing,4705.041,4715.812,107.7,188.4,94.0,1.75,0.87,1,0,1,1,12,162,1,16,162,1,18,162,1,40,162,1,41,162,1,74,162,0,,,0,,,SL,-107.71,171
2026.05.14 10:15,2026.05.14 12:33,SELL,LienKe,4697.125,4708.233,111.1,76.9,106.5,0.69,0.96,1,1,2,1,8,10,1,9,10,1,37,39,0,,,0,,,0,,,0,,,0,,,SL,-111.08,138
2026.05.14 07:45,2026.05.14 13:40,SELL,Swing,4709.305,4721.881,125.8,286.8,9.3,2.28,0.07,1,0,290,1,1,290,1,2,290,1,2,290,1,5,290,1,5,290,1,13,290,1,106,290,0,,,TP,300.00,355
2026.05.15 00:23,2026.05.15 00:25,BUY,LienKe,4646.189,4638.985,72.0,4.1,14.5,0.06,0.20,0,,,0,,,0,,,0,,,0,,,0,,,0,,,0,,,0,,,SL,-72.04,2
2026.05.15 00:23,2026.05.15 00:25,BUY,Swing,4646.189,4638.985,72.0,4.1,14.5,0.06,0.20,0,,,0,,,0,,,0,,,0,,,0,,,0,,,0,,,0,,,SL,-72.04,2
2026.05.15 00:15,2026.05.15 00:25,BUY,LienKe,4650.692,4638.985,117.1,75.2,59.5,0.64,0.51,1,0,1,1,0,1,1,0,1,1,0,1,0,,,0,,,0,,,0,,,0,,,SL,-117.07,10
2026.05.15 00:15,2026.05.15 00:25,BUY,Swing,4650.692,4638.985,117.1,75.2,59.5,0.64,0.51,1,0,1,1,0,1,1,0,1,1,0,1,0,,,0,,,0,,,0,,,0,,,SL,-117.07,10
2026.05.15 08:55,2026.05.15 09:14,BUY,Swing,4555.426,4546.827,86.0,84.4,80.9,0.98,0.94,1,1,2,1,9,11,1,9,11,1,10,11,1,10,11,0,,,0,,,0,,,0,,,SL,-85.99,19
2026.05.15 08:45,2026.05.15 09:14,BUY,Swing,4562.548,4546.827,157.2,13.1,152.1,0.08,0.97,1,0,0,0,,,0,,,0,,,0,,,0,,,0,,,0,,,0,,,SL,-157.21,29
2026.05.15 13:35,2026.05.15 13:37,BUY,LienKe,4540.961,4532.952,80.1,0.0,46.7,0.00,0.58,0,,,0,,,0,,,0,,,0,,,0,,,0,,,0,,,0,,,SL,-80.09,2
2026.05.15 13:15,2026.05.15 13:37,BUY,LienKe,4546.833,4532.952,138.8,108.8,105.4,0.78,0.76,1,2,13,1,3,13,1,3,13,1,3,13,1,10,13,1,10,13,0,,,0,,,0,,,SL,-138.81,22
2026.05.17 23:45,2026.05.18 00:05,BUY,LienKe,4537.990,4529.548,84.4,62.1,80.0,0.74,0.95,1,3,4,1,3,4,1,7,10,1,8,10,0,,,0,,,0,,,0,,,0,,,SL,-84.42,20
2026.05.17 23:45,2026.05.18 00:05,BUY,Swing,4535.350,4529.548,58.0,88.5,53.6,1.53,0.92,1,3,13,1,3,13,1,3,13,1,7,13,1,8,13,0,,,0,,,0,,,0,,,SL,-58.02,20
2026.05.17 23:45,2026.05.18 00:05,BUY,LienKe,4539.530,4529.548,99.8,46.7,95.4,0.47,0.96,1,7,10,1,8,10,1,8,10,0,,,0,,,0,,,0,,,0,,,0,,,SL,-99.82,20
2026.05.17 23:45,2026.05.18 00:05,BUY,Swing,4539.530,4529.548,99.8,46.7,95.4,0.47,0.96,1,7,10,1,8,10,1,8,10,0,,,0,,,0,,,0,,,0,,,0,,,SL,-99.82,20
2026.05.18 04:17,2026.05.18 07:30,SELL,LienKe,4547.046,4552.977,59.3,171.1,54.4,2.88,0.92,1,1,62,1,3,62,1,3,62,1,5,62,1,7,62,1,7,62,1,11,62,0,,,0,,,SL,-59.31,193
2026.05.18 04:15,2026.05.18 07:30,SELL,LienKe,4544.174,4552.977,88.0,142.3,83.2,1.62,0.94,1,6,25,1,7,25,1,7,25,1,9,25,1,10,25,1,13,25,0,,,0,,,0,,,SL,-88.03,195
2026.05.18 11:22,2026.05.18 11:41,BUY,LienKe,4534.537,4526.711,78.3,256.2,28.7,3.27,0.37,1,1,4,1,3,4,1,6,-,1,9,-,1,11,-,1,11,-,1,17,-,1,17,-,0,,,TP,300.00,19
2026.05.18 07:45,2026.05.18 11:41,SELL,Swing,4549.054,4563.045,139.9,190.6,113.8,1.36,0.81,1,1,35,1,3,35,1,4,35,1,4,35,1,5,35,1,140,234,1,169,234,0,,,0,,,SL,-139.91,236
2026.05.18 11:15,2026.05.18 12:44,BUY,LienKe,4539.587,4526.711,128.8,297.6,79.2,2.31,0.61,1,17,17,1,18,-,1,18,-,1,18,-,1,24,-,1,24,-,1,24,-,1,25,-,0,,,TP,300.00,89
2026.05.18 16:35,2026.05.18 16:52,SELL,LienKe,4542.221,4553.478,112.6,4.3,112.0,0.04,0.99,0,,,0,,,0,,,0,,,0,,,0,,,0,,,0,,,0,,,SL,-112.57,16
2026.05.19 10:16,2026.05.19 10:42,BUY,LienKe,4538.672,4532.784,58.9,41.7,47.0,0.71,0.80,1,1,2,1,5,22,1,18,22,0,,,0,,,0,,,0,,,0,,,0,,,SL,-58.88,26
2026.05.20 00:17,2026.05.20 01:27,BUY,LienKe,4484.118,4476.532,75.9,249.0,38.6,3.28,0.51,1,0,1,1,0,1,1,0,1,1,0,1,1,8,67,1,8,67,1,9,67,1,13,67,0,,,SL,-75.86,70
2026.05.20 05:30,2026.05.20 05:32,SELL,LienKe,4471.165,4478.351,71.9,0.0,67.1,0.00,0.93,0,,,0,,,0,,,0,,,0,,,0,,,0,,,0,,,0,,,SL,-71.86,1
2026.05.20 05:30,2026.05.20 05:32,SELL,LienKe,4468.344,4478.351,100.1,2.1,95.3,0.02,0.95,0,,,0,,,0,,,0,,,0,,,0,,,0,,,0,,,0,,,SL,-100.07,2
2026.05.20 10:31,2026.05.20 10:35,SELL,LienKe,4490.051,4495.737,56.9,0.0,28.7,0.00,0.50,0,,,0,,,0,,,0,,,0,,,0,,,0,,,0,,,0,,,SL,-56.86,4
2026.05.20 10:30,2026.05.20 10:35,SELL,LienKe,4489.121,4495.737,66.2,3.1,38.0,0.05,0.57,0,,,0,,,0,,,0,,,0,,,0,,,0,,,0,,,0,,,SL,-66.16,5
2026.05.20 10:00,2026.05.20 10:35,SELL,LienKe,4484.949,4494.163,92.1,1.6,80.7,0.02,0.88,0,,,0,,,0,,,0,,,0,,,0,,,0,,,0,,,0,,,SL,-92.14,35
2026.05.20 13:00,2026.05.20 14:22,SELL,LienKe,4496.260,4508.364,121.0,290.3,116.3,2.40,0.96,1,0,0,1,0,0,1,26,76,1,28,76,1,30,76,1,37,76,1,62,76,1,68,76,0,,,SL,-121.04,82
2026.05.20 18:48,2026.05.20 19:30,SELL,LienKe,4540.278,4546.452,61.7,9.7,60.4,0.16,0.98,0,,,0,,,0,,,0,,,0,,,0,,,0,,,0,,,0,,,SL,-61.74,42
2026.05.20 18:45,2026.05.20 19:30,SELL,LienKe,4537.194,4546.452,92.6,1.4,91.2,0.02,0.99,0,,,0,,,0,,,0,,,0,,,0,,,0,,,0,,,0,,,SL,-92.58,45
2026.05.21 09:30,2026.05.21 10:30,SELL,Swing,4539.982,4545.426,54.4,293.7,33.1,5.40,0.61,1,1,-,1,1,-,1,2,-,1,3,-,1,14,-,1,14,-,1,55,-,1,56,-,0,,,TP,300.00,60
2026.05.21 09:30,2026.05.21 10:40,SELL,Swing,4536.971,4545.426,84.6,291.8,63.3,3.45,0.75,1,2,3,1,3,-,1,4,-,1,14,-,1,15,-,1,55,-,1,56,-,1,56,-,0,,,TP,300.00,70
2026.05.21 10:45,2026.05.21 13:00,BUY,Swing,4514.093,4501.712,123.8,72.6,121.9,0.59,0.98,1,1,3,1,2,3,1,2,3,1,18,41,0,,,0,,,0,,,0,,,0,,,SL,-123.81,134
2026.05.21 10:45,2026.05.21 13:00,BUY,Swing,4517.147,4501.712,154.3,42.0,152.4,0.27,0.99,1,18,19,1,18,19,1,18,19,0,,,0,,,0,,,0,,,0,,,0,,,SL,-154.35,135
2026.05.22 02:56,2026.05.22 05:57,BUY,LienKe,4520.403,4515.382,50.2,138.9,50.1,2.77,1.00,1,3,22,1,3,22,1,4,22,1,37,180,1,49,180,1,92,180,0,,,0,,,0,,,SL,-50.21,181
2026.05.22 02:45,2026.05.22 05:57,BUY,LienKe,4523.070,4515.382,76.9,112.3,76.7,1.46,1.00,1,3,8,1,5,8,1,5,8,1,60,190,1,103,190,1,172,190,0,,,0,,,0,,,SL,-76.88,192
2026.05.22 08:30,2026.05.22 09:54,SELL,LienKe,4526.616,4534.272,76.6,115.0,73.7,1.50,0.96,1,1,75,1,2,75,1,3,75,1,4,75,1,4,75,1,45,75,0,,,0,,,0,,,SL,-76.56,84
2026.05.22 16:45,2026.05.24 22:01,SELL,LienKe,4514.955,4529.869,149.1,105.2,133.2,0.71,0.89,1,4,5,1,6,13,1,79,79,1,139,-,1,164,-,1,165,-,0,,,0,,,0,,,SL,-149.14,3196
2026.05.25 02:56,2026.05.25 05:25,BUY,LienKe,4560.389,4555.685,47.0,57.8,41.1,1.23,0.87,1,0,3,1,1,3,1,4,9,1,89,98,0,,,0,,,0,,,0,,,0,,,SL,-47.04,149
2026.05.25 02:30,2026.05.25 05:25,BUY,LienKe,4563.007,4555.685,73.2,72.7,67.3,0.99,0.92,1,3,4,1,3,4,1,10,18,1,13,18,0,,,0,,,0,,,0,,,0,,,SL,-73.22,175
2026.05.25 17:15,2026.05.26 00:18,SELL,LienKe,4573.882,4581.131,72.5,254.7,67.3,3.51,0.93,1,6,296,1,9,296,1,10,296,1,24,296,1,30,296,1,31,296,1,380,-,1,406,-,0,,,TP,300.00,423
2026.05.25 17:15,2026.05.26 00:18,SELL,Swing,4573.882,4581.131,72.5,254.7,67.3,3.51,0.93,1,6,296,1,9,296,1,10,296,1,24,296,1,30,296,1,31,296,1,380,-,1,406,-,0,,,TP,300.00,423
2026.05.26 07:32,2026.05.26 09:15,BUY,Swing,4525.322,4519.042,62.8,136.8,61.4,2.18,0.98,1,2,3,1,12,13,1,14,54,1,15,54,1,18,54,1,24,54,0,,,0,,,0,,,SL,-62.80,103
2026.05.26 07:31,2026.05.26 09:15,BUY,LienKe,4527.300,4519.042,82.6,117.0,81.2,1.42,0.98,1,0,1,1,15,43,1,16,43,1,18,43,1,20,43,1,26,43,0,,,0,,,0,,,SL,-82.58,104
2026.05.26 07:30,2026.05.26 09:15,BUY,LienKe,4530.032,4519.042,109.9,89.7,108.5,0.82,0.99,1,18,43,1,18,43,1,19,43,1,21,43,1,27,43,0,,,0,,,0,,,0,,,SL,-109.90,105
2026.05.26 07:30,2026.05.26 09:15,BUY,Swing,4530.032,4519.042,109.9,89.7,108.5,0.82,0.99,1,18,43,1,18,43,1,19,43,1,21,43,1,27,43,0,,,0,,,0,,,0,,,SL,-109.90,105
2026.05.26 11:00,2026.05.26 11:58,SELL,Swing,4534.665,4543.640,89.8,299.8,18.2,3.34,0.20,1,0,1,1,13,-,1,15,-,1,20,-,1,22,-,1,26,-,1,30,-,1,35,-,0,,,TP,300.00,58
2026.05.26 13:21,2026.05.26 13:43,SELL,LienKe,4523.324,4529.502,61.8,20.9,58.6,0.34,0.95,1,8,9,1,13,15,0,,,0,,,0,,,0,,,0,,,0,,,0,,,SL,-61.78,22
2026.05.26 13:15,2026.05.26 13:43,SELL,LienKe,4518.535,4529.502,109.7,2.1,106.5,0.02,0.97,0,,,0,,,0,,,0,,,0,,,0,,,0,,,0,,,0,,,SL,-109.67,28
2026.05.27 05:00,2026.05.27 06:31,SELL,LienKe,4510.304,4520.109,98.1,263.9,37.1,2.69,0.38,1,0,0,1,15,-,1,15,-,1,20,-,1,32,-,1,32,-,1,33,-,1,78,-,0,,,TP,300.00,91
2026.05.27 08:00,2026.05.27 10:32,BUY,LienKe,4482.099,4472.653,94.5,165.1,79.8,1.75,0.84,1,0,139,1,1,139,1,1,139,1,1,139,1,19,139,1,23,139,1,45,139,0,,,0,,,SL,-94.46,152
2026.05.27 17:52,2026.05.27 18:20,SELL,LienKe,4452.450,4457.425,49.8,44.2,19.2,0.89,0.39,1,7,9,1,8,9,1,12,25,0,,,0,,,0,,,0,,,0,,,0,,,SL,-49.75,28
2026.05.27 17:45,2026.05.27 18:20,SELL,LienKe,4450.421,4457.425,70.0,23.9,39.5,0.34,0.56,1,19,30,1,22,30,0,,,0,,,0,,,0,,,0,,,0,,,0,,,SL,-70.04,35
2026.05.27 20:30,2026.05.27 22:00,SELL,Swing,4455.056,4461.892,68.4,33.5,14.4,0.49,0.21,1,5,21,1,8,21,1,10,21,0,,,0,,,0,,,0,,,0,,,0,,,SL,-68.36,90
2026.05.27 22:00,2026.05.27 22:00,SELL,Swing,4456.993,4461.892,49.0,0.0,59.8,0.00,1.22,0,,,0,,,0,,,0,,,0,,,0,,,0,,,0,,,0,,,SL,-48.99,0
2026.05.28 13:30,2026.05.28 14:09,SELL,LienKe,4428.692,4442.122,134.3,103.1,59.3,0.77,0.44,1,0,0,1,1,15,1,1,15,1,1,15,1,3,15,1,4,15,0,,,0,,,0,,,SL,-134.30,39
2026.05.28 15:24,2026.05.28 15:36,SELL,LienKe,4476.206,4483.934,77.3,7.8,73.8,0.10,0.96,0,,,0,,,0,,,0,,,0,,,0,,,0,,,0,,,0,,,SL,-77.28,12
2026.05.28 15:15,2026.05.28 15:36,SELL,LienKe,4471.374,4483.934,125.6,19.9,122.1,0.16,0.97,1,5,6,0,,,0,,,0,,,0,,,0,,,0,,,0,,,0,,,SL,-125.60,21
2026.05.28 18:16,2026.05.29 01:18,SELL,LienKe,4512.742,4519.533,67.9,235.1,51.4,3.46,0.76,1,1,417,1,1,417,1,1,417,1,9,417,1,14,417,1,16,417,1,102,417,1,233,417,0,,,SL,-67.91,422
2026.05.28 18:15,2026.05.29 01:18,SELL,LienKe,4507.742,4519.533,117.9,185.1,101.4,1.57,0.86,1,0,0,1,0,0,1,15,414,1,17,414,1,32,414,1,103,414,1,234,414,0,,,0,,,SL,-117.91,423
2026.05.29 09:00,2026.05.29 14:01,BUY,LienKe,4515.056,4506.889,81.7,283.6,25.5,3.47,0.31,1,0,1,1,0,1,1,3,213,1,6,213,1,9,213,1,11,213,1,13,213,1,46,213,0,,,TP,300.00,301
2026.06.01 03:38,2026.06.01 03:44,BUY,Swing,4517.110,4510.577,65.3,0.0,60.4,0.00,0.92,0,,,0,,,0,,,0,,,0,,,0,,,0,,,0,,,0,,,SL,-65.33,6
2026.06.01 03:30,2026.06.01 03:44,BUY,Swing,4520.656,4510.577,100.8,33.6,95.8,0.33,0.95,1,0,5,1,0,5,1,1,5,0,,,0,,,0,,,0,,,0,,,0,,,SL,-100.79,14
2026.06.01 05:00,2026.06.01 06:22,BUY,LienKe,4514.562,4505.237,93.2,106.4,66.0,1.14,0.71,1,2,34,1,5,34,1,5,34,1,17,34,1,23,34,1,49,61,0,,,0,,,0,,,SL,-93.25,82
2026.06.01 06:35,2026.06.01 06:37,BUY,LienKe,4509.326,4501.845,74.8,0.0,63.1,0.00,0.84,0,,,0,,,0,,,0,,,0,,,0,,,0,,,0,,,0,,,SL,-74.81,2
2026.06.01 06:35,2026.06.01 06:37,BUY,Swing,4509.326,4501.845,74.8,0.0,63.1,0.00,0.84,0,,,0,,,0,,,0,,,0,,,0,,,0,,,0,,,0,,,SL,-74.81,2
2026.06.01 06:30,2026.06.01 06:37,BUY,LienKe,4514.149,4501.845,123.0,7.0,111.3,0.06,0.90,0,,,0,,,0,,,0,,,0,,,0,,,0,,,0,,,0,,,SL,-123.04,7
2026.06.01 06:30,2026.06.01 06:37,BUY,Swing,4514.149,4501.845,123.0,7.0,111.3,0.06,0.90,0,,,0,,,0,,,0,,,0,,,0,,,0,,,0,,,0,,,SL,-123.04,7
2026.06.01 12:58,2026.06.01 13:10,BUY,LienKe,4500.343,4494.371,59.7,35.6,49.0,0.60,0.82,1,1,1,1,1,1,1,1,1,0,,,0,,,0,,,0,,,0,,,0,,,SL,-59.72,12
2026.06.01 08:41,2026.06.01 13:11,BUY,LienKe,4492.949,4487.198,57.5,200.0,38.2,3.48,0.66,1,1,51,1,1,51,1,1,51,1,2,51,1,4,51,1,36,51,1,126,-,1,162,-,0,,,SL,-57.51,270
2026.06.01 08:30,2026.06.01 13:11,BUY,LienKe,4496.052,4487.198,88.5,169.0,69.3,1.91,0.78,1,12,27,1,13,27,1,13,27,1,15,27,1,47,60,1,50,60,1,172,273,0,,,0,,,SL,-88.54,281
2026.06.01 11:00,2026.06.01 13:12,SELL,LienKe,4504.005,4514.014,100.1,217.6,92.2,2.17,0.92,1,2,9,1,2,9,1,3,9,1,82,85,1,123,-,1,131,-,1,131,-,1,131,-,0,,,TP,300.00,132
2026.06.02 20:45,2026.06.03 00:40,SELL,LienKe,4488.999,4494.038,50.4,264.4,47.2,5.25,0.94,1,9,11,1,10,11,1,120,122,1,138,233,1,143,233,1,145,233,1,151,233,1,156,233,0,,,SL,-50.39,235
2026.06.03 07:00,2026.06.03 08:00,BUY,LienKe,4463.188,4452.068,111.2,90.6,104.5,0.81,0.94,1,2,19,1,3,19,1,3,19,1,9,19,1,10,19,0,,,0,,,0,,,0,,,SL,-111.20,60
2026.06.03 08:30,2026.06.03 08:51,BUY,LienKe,4457.465,4447.556,99.1,15.1,38.6,0.15,0.39,1,1,1,0,,,0,,,0,,,0,,,0,,,0,,,0,,,0,,,SL,-99.09,21
2026.06.03 08:51,2026.06.03 08:51,BUY,LienKe,4452.134,4447.556,45.8,0.0,91.5,0.00,2.00,0,,,0,,,0,,,0,,,0,,,0,,,0,,,0,,,0,,,SL,-45.78,0
2026.06.03 11:20,2026.06.03 13:43,SELL,LienKe,4464.911,4471.030,61.2,294.5,26.7,4.81,0.44,1,1,7,1,2,7,1,3,7,1,23,31,1,56,90,1,66,90,1,75,90,1,141,-,0,,,TP,300.00,143
2026.06.03 11:15,2026.06.03 13:44,SELL,LienKe,4462.107,4471.030,89.2,284.0,54.7,3.18,0.61,1,1,5,1,2,5,1,31,31,1,61,66,1,72,95,1,79,95,1,131,-,1,147,-,0,,,TP,300.00,149
2026.06.03 17:15,2026.06.03 19:16,SELL,LienKe,4442.041,4451.417,93.8,71.4,90.3,0.76,0.96,1,6,6,1,13,27,1,14,27,1,15,27,0,,,0,,,0,,,0,,,0,,,SL,-93.76,121
2026.06.03 22:30,2026.06.03 23:46,BUY,LienKe,4434.150,4420.591,135.6,256.7,3.4,1.89,0.03,1,0,-,1,1,-,1,1,-,1,4,-,1,26,-,1,26,-,1,27,-,1,75,-,0,,,TP,300.00,76
2026.06.04 06:44,2026.06.04 06:47,BUY,LienKe,4469.306,4463.625,56.8,7.2,35.0,0.13,0.62,0,,,0,,,0,,,0,,,0,,,0,,,0,,,0,,,0,,,SL,-56.81,3
2026.06.04 06:30,2026.06.04 06:47,BUY,LienKe,4472.213,4463.625,85.9,45.4,64.1,0.53,0.75,1,3,7,1,3,7,1,3,7,0,,,0,,,0,,,0,,,0,,,0,,,SL,-85.88,17
2026.06.04 22:48,2026.06.04 22:54,BUY,LienKe,4474.013,4469.869,41.4,2.3,30.3,0.06,0.73,0,,,0,,,0,,,0,,,0,,,0,,,0,,,0,,,0,,,SL,-41.44,6
2026.06.04 22:15,2026.06.04 22:54,BUY,LienKe,4475.494,4469.869,56.3,58.7,45.1,1.04,0.80,1,2,29,1,2,29,1,3,29,1,14,29,0,,,0,,,0,,,0,,,0,,,SL,-56.25,39
2026.06.05 03:19,2026.06.05 06:15,BUY,LienKe,4438.381,4433.173,52.1,115.9,33.5,2.23,0.64,1,12,14,1,12,14,1,12,14,1,38,71,1,103,163,1,104,163,0,,,0,,,0,,,SL,-52.08,176
2026.06.05 03:15,2026.06.05 06:15,BUY,LienKe,4441.225,4433.173,80.5,87.4,61.9,1.09,0.77,1,1,2,1,1,2,1,47,49,1,101,137,1,108,137,0,,,0,,,0,,,0,,,SL,-80.52,180
2026.06.05 09:00,2026.06.05 11:51,SELL,LienKe,4462.540,4471.366,88.3,41.4,71.6,0.47,0.81,1,0,1,1,8,13,1,11,13,0,,,0,,,0,,,0,,,0,,,0,,,SL,-88.26,171
2026.06.07 22:26,2026.06.08 00:19,BUY,LienKe,4317.653,4307.191,104.6,296.5,27.3,2.83,0.26,1,1,2,1,1,2,1,8,29,1,8,29,1,10,29,1,12,29,1,47,-,1,71,-,0,,,TP,300.00,113
2026.06.08 10:00,2026.06.08 10:34,SELL,LienKe,4294.183,4305.034,108.5,77.4,37.1,0.71,0.34,1,0,1,1,0,1,1,1,7,1,2,7,0,,,0,,,0,,,0,,,0,,,SL,-108.51,34
2026.06.08 17:31,2026.06.08 22:01,BUY,LienKe,4337.469,4330.829,66.4,83.8,140.9,1.26,2.12,1,27,67,1,28,67,1,30,67,1,30,67,1,54,67,0,,,0,,,0,,,0,,,SL,-66.40,269
2026.06.08 17:30,2026.06.08 22:01,BUY,LienKe,4339.271,4330.829,84.4,65.8,158.9,0.78,1.88,1,31,66,1,31,66,1,31,66,1,34,66,0,,,0,,,0,,,0,,,0,,,SL,-84.42,271
2026.06.08 13:45,2026.06.09 05:43,SELL,LienKe,4336.535,4349.776,132.4,234.4,130.8,1.77,0.99,1,0,1,1,0,1,1,4,8,1,5,8,1,12,76,1,13,76,1,20,76,1,40,76,0,,,SL,-132.41,958
2026.06.09 12:19,2026.06.09 13:48,SELL,LienKe,4342.571,4347.002,44.3,171.4,32.4,3.87,0.73,1,1,27,1,1,27,1,1,27,1,4,27,1,60,88,1,62,88,1,82,88,0,,,0,,,SL,-44.31,89
2026.06.09 12:15,2026.06.09 13:48,SELL,LienKe,4341.192,4347.002,58.1,157.6,46.2,2.71,0.80,1,1,2,1,1,2,1,6,23,1,14,23,1,66,92,1,72,92,1,86,92,0,,,0,,,SL,-58.10,93
2026.06.09 12:00,2026.06.09 13:48,SELL,LienKe,4339.955,4346.902,69.5,145.2,58.6,2.09,0.84,1,20,25,1,21,25,1,29,31,1,79,107,1,81,107,1,90,107,0,,,0,,,0,,,SL,-69.47,108
2026.06.09 08:01,2026.06.09 13:48,BUY,Swing,4324.801,4319.104,57.0,207.3,38.1,3.64,0.67,1,0,1,1,8,88,1,9,88,1,10,88,1,11,88,1,11,88,1,178,-,1,299,-,0,,,TP,300.00,347
2026.06.09 07:45,2026.06.09 13:49,BUY,Swing,4328.464,4319.104,93.6,282.7,74.7,3.02,0.80,1,0,1,1,26,63,1,27,63,1,27,63,1,58,63,1,194,355,1,246,355,1,363,-,0,,,TP,300.00,364
2026.06.09 15:50,2026.06.09 16:13,BUY,LienKe,4277.847,4259.949,179.0,71.9,176.8,0.40,0.99,1,1,4,1,1,4,1,1,4,1,1,4,0,,,0,,,0,,,0,,,0,,,SL,-178.98,23
2026.06.10 11:25,2026.06.10 11:56,BUY,LienKe,4160.828,4150.285,105.4,72.4,84.5,0.69,0.80,1,1,12,1,1,12,1,2,12,1,2,12,0,,,0,,,0,,,0,,,0,,,SL,-105.43,31
2026.06.10 16:47,2026.06.10 17:44,BUY,Swing,4117.592,4103.728,138.6,174.4,135.4,1.26,0.98,1,1,8,1,1,8,1,2,8,1,5,8,1,15,23,1,15,23,1,16,23,0,,,0,,,SL,-138.64,57
2026.06.11 08:15,2026.06.11 12:10,SELL,LienKe,4106.398,4115.711,93.1,288.0,24.6,3.09,0.26,1,1,2,1,2,4,1,3,4,1,6,-,1,14,-,1,15,-,1,27,-,1,40,-,0,,,TP,300.00,235
2026.06.11 09:45,2026.06.11 12:12,BUY,LienKe,4091.804,4074.334,174.7,47.8,166.9,0.27,0.96,1,1,8,1,1,8,1,2,8,0,,,0,,,0,,,0,,,0,,,0,,,SL,-174.70,147
2026.06.11 17:28,2026.06.11 17:30,SELL,Swing,4093.513,4110.559,170.5,60.6,92.0,0.36,0.54,1,0,1,1,0,1,1,0,1,1,0,1,0,,,0,,,0,,,0,,,0,,,SL,-170.46,2
2026.06.11 19:00,2026.06.11 19:09,SELL,LienKe,4161.714,4174.732,130.2,0.0,129.3,0.00,0.99,0,,,0,,,0,,,0,,,0,,,0,,,0,,,0,,,0,,,SL,-130.18,9
2026.06.15 12:35,2026.06.15 13:14,SELL,Swing,4344.206,4350.567,63.6,35.1,60.5,0.55,0.95,1,0,3,1,1,3,1,1,3,0,,,0,,,0,,,0,,,0,,,0,,,SL,-63.61,39
2026.06.15 11:45,2026.06.15 13:14,SELL,LienKe,4338.500,4350.567,120.7,137.8,117.6,1.14,0.97,1,0,19,1,0,19,1,1,19,1,1,19,1,30,42,1,31,42,0,,,0,,,0,,,SL,-120.67,89
2026.06.15 11:45,2026.06.15 13:14,SELL,Swing,4338.500,4350.567,120.7,137.8,117.6,1.14,0.97,1,0,19,1,0,19,1,1,19,1,1,19,1,30,42,1,31,42,0,,,0,,,0,,,SL,-120.67,89
2026.06.15 14:27,2026.06.15 17:06,SELL,LienKe,4363.384,4372.303,89.2,299.2,20.5,3.35,0.23,1,0,1,1,6,23,1,6,23,1,7,23,1,10,23,1,34,-,1,110,-,1,114,-,0,,,TP,300.00,159
2026.06.15 14:15,2026.06.15 17:34,SELL,LienKe,4357.520,4372.303,147.8,296.4,79.1,2.01,0.54,1,7,9,1,7,9,1,7,9,1,46,50,1,117,-,1,123,-,1,126,-,1,148,-,0,,,TP,300.00,199
2026.06.15 18:15,2026.06.15 22:01,BUY,LienKe,4324.332,4314.799,95.3,37.7,179.8,0.40,1.89,1,2,4,1,5,14,1,7,14,0,,,0,,,0,,,0,,,0,,,0,,,SL,-95.33,226
2026.06.15 22:01,2026.06.15 22:01,BUY,LienKe,4320.906,4314.799,61.1,0.0,98.2,0.00,1.61,0,,,0,,,0,,,0,,,0,,,0,,,0,,,0,,,0,,,SL,-61.07,0
2026.06.15 23:25,2026.06.16 00:56,SELL,LienKe,4315.040,4319.442,44.0,81.4,43.8,1.85,0.99,1,16,17,1,49,50,1,52,90,1,57,90,1,61,90,0,,,0,,,0,,,0,,,SL,-44.02,91
2026.06.15 23:15,2026.06.16 00:56,SELL,LienKe,4313.587,4319.442,58.5,66.8,58.3,1.14,1.00,1,0,2,1,62,81,1,64,81,1,70,81,0,,,0,,,0,,,0,,,0,,,SL,-58.55,101
2026.06.16 19:25,2026.06.17 01:06,SELL,LienKe,4341.159,4346.010,48.5,125.1,46.1,2.58,0.95,1,1,291,1,5,291,1,10,291,1,27,291,1,30,291,1,32,291,0,,,0,,,0,,,SL,-48.51,341
2026.06.17 07:30,2026.06.17 09:30,SELL,LienKe,4328.884,4335.798,69.1,115.4,46.7,1.67,0.68,1,2,2,1,3,8,1,5,8,1,43,115,1,46,115,1,75,115,0,,,0,,,0,,,SL,-69.14,120
2026.06.17 22:55,2026.06.17 23:09,SELL,LienKe,4269.295,4274.401,51.1,49.1,20.5,0.96,0.40,1,2,13,1,3,13,1,5,13,0,,,0,,,0,,,0,,,0,,,0,,,SL,-51.06,14
2026.06.17 22:30,2026.06.17 23:09,SELL,LienKe,4267.148,4274.401,72.5,65.2,41.9,0.90,0.58,1,0,1,1,7,9,1,7,9,1,18,20,0,,,0,,,0,,,0,,,0,,,SL,-72.53,39
2026.06.18 09:15,2026.06.18 10:56,BUY,LienKe,4267.711,4256.380,113.3,55.4,94.8,0.49,0.84,1,0,1,1,2,9,1,2,9,1,5,9,0,,,0,,,0,,,0,,,0,,,SL,-113.31,101
2026.06.18 13:45,2026.06.18 15:29,SELL,LienKe,4264.435,4279.706,152.7,271.1,13.2,1.77,0.09,1,0,-,1,0,-,1,0,-,1,1,-,1,2,-,1,2,-,1,15,-,1,16,-,0,,,TP,300.00,104
2026.06.21 23:15,2026.06.22 00:16,SELL,LienKe,4158.565,4167.776,92.1,218.6,67.1,2.37,0.73,1,0,7,1,0,7,1,0,7,1,16,57,1,16,57,1,18,57,1,20,57,1,32,57,0,,,SL,-92.11,61
2026.06.22 09:33,2026.06.22 10:11,SELL,Swing,4207.451,4212.597,51.5,29.5,44.9,0.57,0.87,1,3,4,1,3,4,0,,,0,,,0,,,0,,,0,,,0,,,0,,,SL,-51.46,38
2026.06.22 09:30,2026.06.22 10:11,SELL,Swing,4204.166,4212.597,84.3,26.0,77.7,0.31,0.92,1,0,2,1,0,2,0,,,0,,,0,,,0,,,0,,,0,,,0,,,SL,-84.31,41
2026.06.23 14:19,2026.06.23 20:00,SELL,LienKe,4141.256,4148.034,67.8,294.7,29.4,4.35,0.43,1,1,4,1,2,4,1,3,4,1,3,4,1,7,83,1,8,83,1,14,83,1,250,-,0,,,TP,300.00,341
2026.06.23 14:15,2026.06.23 22:20,SELL,LienKe,4137.414,4148.034,106.2,298.4,67.8,2.81,0.64,1,0,1,1,0,1,1,3,3,1,11,84,1,13,84,1,17,84,1,250,-,1,267,-,0,,,TP,300.00,485
2026.06.23 17:00,2026.06.23 22:33,SELL,LienKe,4134.444,4146.937,124.9,297.0,56.7,2.38,0.45,1,0,7,1,0,7,1,0,7,1,31,-,1,66,-,1,68,-,1,100,-,1,106,-,0,,,TP,300.00,333
2026.06.24 03:30,2026.06.24 06:07,BUY,LienKe,4056.965,4047.231,97.3,291.4,21.1,2.99,0.22,1,0,1,1,0,1,1,0,1,1,5,35,1,11,35,1,12,35,1,112,-,1,120,-,0,,,TP,300.00,157
2026.06.24 09:26,2026.06.24 09:40,BUY,LienKe,4073.039,4066.811,62.3,0.4,59.9,0.01,0.96,0,,,0,,,0,,,0,,,0,,,0,,,0,,,0,,,0,,,SL,-62.28,14
2026.06.24 09:15,2026.06.24 09:40,BUY,LienKe,4076.608,4066.811,98.0,24.8,95.6,0.25,0.98,1,2,2,1,3,5,0,,,0,,,0,,,0,,,0,,,0,,,0,,,SL,-97.97,25
2026.06.25 11:58,2026.06.25 12:30,BUY,LienKe,3979.815,3970.475,93.4,63.9,10.8,0.68,0.12,1,0,10,1,2,10,1,2,10,1,20,23,0,,,0,,,0,,,0,,,0,,,TP,300.00,32
2026.06.25 11:45,2026.06.25 12:48,BUY,LienKe,3984.883,3970.475,144.1,297.5,61.5,2.06,0.43,1,0,1,1,0,1,1,45,-,1,45,-,1,45,-,1,45,-,1,45,-,1,45,-,0,,,TP,300.00,63
2026.06.26 05:45,2026.06.26 06:22,SELL,LienKe,4011.460,4024.635,131.8,55.7,71.8,0.42,0.55,1,0,4,1,0,4,1,0,4,1,2,4,0,,,0,,,0,,,0,,,0,,,SL,-131.75,37
2026.06.26 10:53,2026.06.26 12:57,SELL,LienKe,4051.322,4057.267,59.4,153.4,47.5,2.58,0.80,1,19,26,1,19,26,1,21,26,1,50,82,1,59,82,1,108,-,1,110,-,0,,,0,,,SL,-59.45,124
2026.06.26 10:45,2026.06.26 12:57,SELL,LienKe,4048.432,4057.267,88.4,124.5,76.4,1.41,0.86,1,29,32,1,30,32,1,65,84,1,66,84,1,117,128,1,117,128,0,,,0,,,0,,,SL,-88.35,132
2026.06.29 04:30,2026.06.29 04:36,BUY,LienKe,4064.990,4059.104,58.9,3.6,49.2,0.06,0.84,0,,,0,,,0,,,0,,,0,,,0,,,0,,,0,,,0,,,SL,-58.86,6
2026.06.29 04:30,2026.06.29 04:36,BUY,LienKe,4065.417,4059.104,63.1,2.0,53.4,0.03,0.85,0,,,0,,,0,,,0,,,0,,,0,,,0,,,0,,,0,,,SL,-63.13,6
2026.06.30 07:34,2026.06.30 08:05,SELL,LienKe,4031.762,4037.855,60.9,60.5,49.2,0.99,0.81,1,1,21,1,2,21,1,2,21,1,16,21,0,,,0,,,0,,,0,,,0,,,SL,-60.93,31
2026.06.30 07:30,2026.06.30 08:05,SELL,LienKe,4028.730,4037.855,91.3,30.2,79.5,0.33,0.87,1,1,2,1,1,2,1,20,22,0,,,0,,,0,,,0,,,0,,,0,,,SL,-91.25,35
2026.06.30 08:35,2026.06.30 08:40,BUY,LienKe,4023.061,4017.088,59.7,1.5,48.0,0.03,0.80,0,,,0,,,0,,,0,,,0,,,0,,,0,,,0,,,0,,,SL,-59.73,5
2026.06.30 08:30,2026.06.30 08:40,BUY,LienKe,4026.030,4017.088,89.4,9.6,77.7,0.11,0.87,0,,,0,,,0,,,0,,,0,,,0,,,0,,,0,,,0,,,SL,-89.42,10
2026.06.30 09:45,2026.06.30 12:58,BUY,LienKe,4019.031,4009.238,97.9,183.6,84.9,1.87,0.87,1,0,1,1,8,158,1,8,158,1,15,158,1,30,158,1,57,158,1,90,158,0,,,0,,,SL,-97.93,193
2026.07.01 02:15,2026.07.01 06:07,BUY,LienKe,3976.472,3967.116,93.6,106.2,68.2,1.13,0.73,1,0,1,1,4,107,1,4,107,1,7,107,1,17,107,1,61,107,0,,,0,,,0,,,SL,-93.56,232
2026.07.01 10:29,2026.07.01 10:37,SELL,LienKe,3987.016,3992.607,55.9,0.0,54.2,0.00,0.97,0,,,0,,,0,,,0,,,0,,,0,,,0,,,0,,,0,,,SL,-55.91,8
2026.07.01 10:29,2026.07.01 10:37,SELL,Swing,3987.016,3992.607,55.9,0.0,54.2,0.00,0.97,0,,,0,,,0,,,0,,,0,,,0,,,0,,,0,,,0,,,SL,-55.91,8
2026.07.01 10:15,2026.07.01 10:37,SELL,LienKe,3984.328,3992.607,82.8,27.0,81.1,0.33,0.98,1,2,8,1,4,8,0,,,0,,,0,,,0,,,0,,,0,,,0,,,SL,-82.79,22
2026.07.01 10:15,2026.07.01 10:37,SELL,Swing,3984.328,3992.607,82.8,27.0,81.1,0.33,0.98,1,2,8,1,4,8,0,,,0,,,0,,,0,,,0,,,0,,,0,,,SL,-82.79,22
2026.07.01 13:15,2026.07.01 13:30,BUY,LienKe,4021.557,4009.764,117.9,257.7,3.3,2.18,0.03,1,0,-,1,0,-,1,0,-,1,2,-,1,2,-,1,2,-,1,7,-,1,8,-,0,,,TP,300.00,15
2026.07.01 20:55,2026.07.02 01:01,BUY,LienKe,4032.031,4025.418,66.1,296.4,18.4,4.48,0.28,1,64,185,1,64,185,1,66,185,1,67,185,1,72,185,1,111,185,1,210,-,1,234,-,0,,,TP,283.95,246
2026.07.01 20:15,2026.07.02 01:02,BUY,LienKe,4035.918,4025.418,105.0,276.0,57.3,2.63,0.55,1,7,20,1,9,20,1,12,20,1,113,114,1,152,182,1,237,-,1,274,-,1,285,-,0,,,TP,283.95,287
2026.07.02 06:17,2026.07.02 06:22,SELL,Swing,4072.205,4078.948,67.4,0.0,47.7,0.00,0.71,0,,,0,,,0,,,0,,,0,,,0,,,0,,,0,,,0,,,SL,-67.43,5
2026.07.02 06:15,2026.07.02 06:22,SELL,Swing,4068.286,4078.948,106.6,9.0,86.9,0.08,0.82,0,,,0,,,0,,,0,,,0,,,0,,,0,,,0,,,0,,,SL,-106.62,7
2026.07.02 02:15,2026.07.02 06:22,BUY,LienKe,4048.170,4038.256,99.1,285.7,4.8,2.88,0.05,1,0,15,1,0,15,1,0,15,1,2,15,1,27,-,1,34,-,1,72,-,1,94,-,0,,,TP,300.00,247
2026.07.02 11:15,2026.07.02 12:30,BUY,LienKe,4063.441,4054.272,91.7,101.1,23.1,1.10,0.25,1,1,3,1,4,5,1,4,5,1,28,45,1,29,45,1,51,59,0,,,0,,,0,,,TP,300.00,75
2026.07.02 11:15,2026.07.02 12:30,BUY,Swing,4063.441,4054.272,91.7,101.1,23.1,1.10,0.25,1,1,3,1,4,5,1,4,5,1,28,45,1,29,45,1,51,59,0,,,0,,,0,,,TP,300.00,75
2026.07.02 14:00,2026.07.02 16:30,SELL,LienKe,4136.930,4147.132,102.0,228.4,16.1,2.24,0.16,1,0,-,1,0,-,1,0,-,1,1,-,1,4,-,1,10,-,1,21,-,1,27,-,0,,,TP,300.00,150
2026.07.03 07:34,2026.07.03 08:02,SELL,LienKe,4177.698,4184.256,65.6,27.5,43.2,0.42,0.66,1,0,1,1,24,25,0,,,0,,,0,,,0,,,0,,,0,,,0,,,SL,-65.58,28
2026.07.03 07:15,2026.07.03 08:02,SELL,LienKe,4174.078,4184.256,101.8,46.2,79.4,0.45,0.78,1,1,10,1,2,10,1,2,10,0,,,0,,,0,,,0,,,0,,,0,,,SL,-101.78,47
2026.07.03 09:16,2026.07.03 09:26,BUY,LienKe,4177.991,4172.716,52.7,0.0,52.2,0.00,0.99,0,,,0,,,0,,,0,,,0,,,0,,,0,,,0,,,0,,,SL,-52.75,10
2026.07.03 09:15,2026.07.03 09:26,BUY,LienKe,4180.453,4172.716,77.4,0.0,76.8,0.00,0.99,0,,,0,,,0,,,0,,,0,,,0,,,0,,,0,,,0,,,SL,-77.37,11
2026.07.03 15:30,2026.07.05 22:01,SELL,LienKe,4167.330,4177.341,100.1,44.2,93.5,0.44,0.93,1,1,2,1,25,54,1,32,54,0,,,0,,,0,,,0,,,0,,,0,,,SL,-100.11,3271
2026.07.03 16:30,2026.07.05 23:28,BUY,LienKe,4167.107,4159.670,74.4,245.8,5.1,3.31,0.07,1,0,1,1,4,-,1,4,-,1,22,-,1,23,-,1,3211,-,1,3215,-,1,3242,-,0,,,TP,294.65,3298
2026.07.06 11:30,2026.07.06 18:27,SELL,LienKe,4155.677,4162.600,69.2,270.2,68.4,3.90,0.99,1,8,9,1,12,25,1,17,25,1,51,324,1,53,324,1,57,324,1,66,324,1,71,324,0,,,SL,-69.23,417
2026.07.06 11:30,2026.07.06 18:27,SELL,LienKe,4154.982,4162.600,76.2,263.3,75.3,3.46,0.99,1,12,13,1,14,15,1,20,24,1,51,324,1,53,324,1,60,324,1,66,324,1,71,324,0,,,SL,-76.18,417
2026.07.07 00:35,2026.07.07 00:40,BUY,LienKe,4156.390,4148.986,74.0,10.7,56.7,0.14,0.77,1,0,1,0,,,0,,,0,,,0,,,0,,,0,,,0,,,0,,,SL,-74.04,5
2026.07.07 00:30,2026.07.07 00:40,BUY,LienKe,4160.195,4148.986,112.1,26.1,94.7,0.23,0.85,1,0,1,1,0,1,0,,,0,,,0,,,0,,,0,,,0,,,0,,,SL,-112.09,10
2026.07.07 04:57,2026.07.07 05:20,BUY,Swing,4126.880,4121.302,55.8,43.4,55.1,0.78,0.99,1,7,10,1,8,10,1,8,10,0,,,0,,,0,,,0,,,0,,,0,,,SL,-55.78,23
2026.07.07 04:00,2026.07.07 05:20,BUY,Swing,4131.186,4121.302,98.8,101.4,98.1,1.03,0.99,1,2,17,1,3,17,1,4,17,1,8,17,1,9,17,1,13,17,0,,,0,,,0,,,SL,-98.84,80
2026.07.07 10:16,2026.07.07 10:27,SELL,LienKe,4133.849,4138.134,42.8,4.2,40.6,0.10,0.95,0,,,0,,,0,,,0,,,0,,,0,,,0,,,0,,,0,,,SL,-42.85,11
2026.07.07 10:15,2026.07.07 10:27,SELL,LienKe,4132.697,4138.134,54.4,6.2,52.1,0.11,0.96,0,,,0,,,0,,,0,,,0,,,0,,,0,,,0,,,0,,,SL,-54.37,12
2026.07.07 18:48,2026.07.07 18:49,BUY,LienKe,4140.895,4133.021,78.7,0.0,33.7,0.00,0.43,0,,,0,,,0,,,0,,,0,,,0,,,0,,,0,,,0,,,SL,-78.74,1
2026.07.07 18:45,2026.07.07 18:49,BUY,LienKe,4142.108,4133.021,90.9,5.8,45.9,0.06,0.50,0,,,0,,,0,,,0,,,0,,,0,,,0,,,0,,,0,,,SL,-90.87,4
2026.07.08 05:38,2026.07.08 08:17,SELL,LienKe,4129.909,4137.080,71.7,254.3,39.9,3.55,0.56,1,1,3,1,1,3,1,1,3,1,24,34,1,85,-,1,87,-,1,103,-,1,158,-,0,,,TP,300.00,159
2026.07.08 05:38,2026.07.08 08:17,SELL,Swing,4129.909,4137.080,71.7,254.3,39.9,3.55,0.56,1,1,3,1,1,3,1,1,3,1,24,34,1,85,-,1,87,-,1,103,-,1,158,-,0,,,TP,300.00,159
2026.07.08 05:15,2026.07.08 08:17,SELL,LienKe,4125.860,4137.080,112.2,213.8,80.4,1.91,0.72,1,6,10,1,7,10,1,7,10,1,109,137,1,118,137,1,123,137,1,181,-,1,181,-,0,,,TP,300.00,182
2026.07.08 05:15,2026.07.08 08:17,SELL,Swing,4125.860,4137.080,112.2,213.8,80.4,1.91,0.72,1,6,10,1,7,10,1,7,10,1,109,137,1,118,137,1,123,137,1,181,-,1,181,-,0,,,TP,300.00,182
2026.07.08 09:30,2026.07.08 09:43,BUY,LienKe,4052.957,4047.109,58.5,57.8,29.7,0.99,0.51,1,2,7,1,2,7,1,4,7,1,5,7,0,,,0,,,0,,,0,,,0,,,SL,-58.48,13
2026.07.08 09:15,2026.07.08 09:43,BUY,LienKe,4055.987,4047.109,88.8,51.1,60.0,0.58,0.68,1,0,1,1,0,1,1,0,1,1,4,6,0,,,0,,,0,,,0,,,0,,,SL,-88.78,28
2026.07.10 04:20,2026.07.10 04:22,BUY,LienKe,4118.409,4113.564,48.4,0.0,28.4,0.00,0.59,0,,,0,,,0,,,0,,,0,,,0,,,0,,,0,,,0,,,SL,-48.45,2
2026.07.10 04:15,2026.07.10 04:22,BUY,LienKe,4121.043,4113.564,74.8,1.5,54.7,0.02,0.73,0,,,0,,,0,,,0,,,0,,,0,,,0,,,0,,,0,,,SL,-74.79,7
2026.07.10 05:45,2026.07.10 07:44,BUY,LienKe,4111.418,4105.964,54.5,88.0,47.3,1.61,0.87,1,0,1,1,7,58,1,7,58,1,13,58,1,33,58,0,,,0,,,0,,,0,,,SL,-54.54,119
2026.07.10 05:45,2026.07.10 07:44,BUY,LienKe,4114.060,4105.964,81.0,61.6,73.8,0.76,0.91,1,10,10,1,13,30,1,15,30,1,15,30,0,,,0,,,0,,,0,,,0,,,SL,-80.96,119
2026.07.09 17:47,2026.07.10 07:44,SELL,Swing,4135.546,4141.077,55.3,286.2,28.9,5.17,0.52,1,10,11,1,15,-,1,16,-,1,18,-,1,28,-,1,35,-,1,103,-,1,406,-,0,,,TP,300.00,837
2026.07.10 06:00,2026.07.10 07:47,BUY,Swing,4117.030,4105.076,119.5,31.9,118.3,0.27,0.99,1,0,0,1,0,0,1,19,21,0,,,0,,,0,,,0,,,0,,,0,,,SL,-119.54,107
2026.07.09 16:45,2026.07.10 08:33,SELL,Swing,4133.178,4141.077,79.0,297.8,52.6,3.77,0.67,1,4,9,1,5,9,1,12,45,1,15,45,1,32,45,1,100,622,1,463,622,1,534,622,0,,,TP,300.00,948
2026.07.10 03:15,2026.07.10 08:49,SELL,LienKe,4126.805,4137.804,110.0,295.3,18.5,2.68,0.17,1,3,19,1,5,19,1,6,19,1,8,19,1,45,-,1,55,-,1,135,-,1,269,-,0,,,TP,300.00,334
2026.07.10 03:15,2026.07.10 08:49,SELL,Swing,4126.805,4137.804,110.0,295.3,18.5,2.68,0.17,1,3,19,1,5,19,1,6,19,1,8,19,1,45,-,1,55,-,1,135,-,1,269,-,0,,,TP,300.00,334
2026.07.10 06:30,2026.07.10 12:13,SELL,LienKe,4114.380,4123.217,88.4,199.1,21.4,2.25,0.24,1,2,5,1,10,17,1,14,17,1,42,50,1,74,-,1,93,-,1,136,-,0,,,0,,,SL,0.00,343
2026.07.09 14:15,2026.07.10 13:27,SELL,LienKe,4122.397,4139.233,168.4,279.3,160.4,1.66,0.95,1,0,8,1,0,8,1,0,8,1,0,8,1,5,8,1,684,713,1,1048,-,1,1099,-,0,,,TP,300.00,1392
2026.07.10 19:15,2026.07.12 22:01,BUY,LienKe,4101.721,4094.691,70.3,194.2,31.6,2.76,0.45,1,4,10,1,33,3046,1,33,3046,1,40,3046,1,45,3046,1,45,3046,1,98,3046,0,,,0,,,SL,-75.65,3046
2026.07.13 00:45,2026.07.13 03:11,BUY,LienKe,4073.276,4058.059,152.2,166.9,144.7,1.10,0.95,1,0,3,1,0,3,1,1,3,1,22,32,1,30,32,1,46,70,1,47,70,0,,,0,,,SL,-152.17,146
2026.07.13 16:50,2026.07.13 16:55,BUY,Swing,3995.615,3987.677,79.4,0.0,42.0,0.00,0.53,0,,,0,,,0,,,0,,,0,,,0,,,0,,,0,,,0,,,SL,-79.38,5
2026.07.13 16:45,2026.07.13 16:55,BUY,Swing,4000.763,3987.677,130.9,19.5,93.5,0.15,0.71,1,0,1,0,,,0,,,0,,,0,,,0,,,0,,,0,,,0,,,SL,-130.86,10
2026.07.14 00:30,2026.07.14 05:30,BUY,LienKe,3995.504,3980.307,152.0,285.6,34.5,1.88,0.23,1,0,0,1,0,0,1,2,31,1,3,31,1,4,31,1,4,31,1,88,-,1,101,-,0,,,TP,300.00,300
2026.07.14 00:30,2026.07.14 05:30,BUY,Swing,3995.504,3980.307,152.0,285.6,34.5,1.88,0.23,1,0,0,1,0,0,1,2,31,1,3,31,1,4,31,1,4,31,1,88,-,1,101,-,0,,,TP,300.00,300
2026.07.15 06:31,2026.07.15 08:13,BUY,LienKe,4023.706,4018.066,56.4,106.7,41.1,1.89,0.73,1,0,55,1,0,55,1,1,55,1,4,55,1,12,55,1,22,55,0,,,0,,,0,,,SL,-56.40,102
2026.07.15 06:30,2026.07.15 08:13,BUY,LienKe,4026.645,4018.066,85.8,77.3,70.5,0.90,0.82,1,2,3,1,5,53,1,7,53,1,13,53,0,,,0,,,0,,,0,,,0,,,SL,-85.79,103
2026.07.15 09:20,2026.07.15 11:41,SELL,LienKe,4032.790,4037.247,44.6,72.1,36.1,1.62,0.81,1,1,46,1,2,46,1,3,46,1,9,46,0,,,0,,,0,,,0,,,0,,,SL,-44.57,141
2026.07.15 09:15,2026.07.15 11:41,SELL,LienKe,4030.527,4037.247,67.2,49.5,58.7,0.74,0.87,1,1,3,1,10,44,1,14,44,0,,,0,,,0,,,0,,,0,,,0,,,SL,-67.20,146
2026.07.16 09:35,2026.07.16 11:48,SELL,LienKe,4034.405,4040.931,65.3,130.8,61.3,2.00,0.94,1,1,3,1,10,17,1,26,49,1,83,128,1,100,128,1,110,128,0,,,0,,,0,,,SL,-65.26,133
2026.07.16 09:30,2026.07.16 11:48,SELL,LienKe,4033.030,4040.931,79.0,117.1,75.1,1.48,0.95,1,1,2,1,2,2,1,33,38,1,91,132,1,113,132,1,115,132,0,,,0,,,0,,,SL,-79.01,138
2026.07.16 13:39,2026.07.16 15:25,BUY,LienKe,3982.933,3970.718,122.2,264.1,12.2,2.16,0.10,1,1,-,1,1,-,1,1,-,1,1,-,1,7,-,1,8,-,1,47,-,1,54,-,0,,,TP,300.00,106
2026.07.16 18:58,2026.07.16 19:35,BUY,LienKe,3979.664,3973.407,62.6,64.6,50.6,1.03,0.81,1,0,2,1,2,13,1,3,13,1,4,13,0,,,0,,,0,,,0,,,0,,,SL,-62.57,37
2026.07.16 18:45,2026.07.16 19:35,BUY,LienKe,3983.113,3973.407,97.1,30.2,85.0,0.31,0.88,1,0,2,1,17,22,1,21,22,0,,,0,,,0,,,0,,,0,,,0,,,SL,-97.06,50
2026.07.17 00:46,2026.07.17 01:06,SELL,LienKe,3986.645,3993.964,73.2,14.4,59.0,0.20,0.81,1,2,3,0,,,0,,,0,,,0,,,0,,,0,,,0,,,0,,,SL,-73.19,19
2026.07.17 00:30,2026.07.17 01:06,SELL,LienKe,3984.832,3993.964,91.3,41.2,77.1,0.45,0.84,1,0,2,1,0,2,1,1,2,0,,,0,,,0,,,0,,,0,,,0,,,SL,-91.32,36
2026.07.16 20:20,2026.07.17 03:19,BUY,Swing,3972.501,3966.291,62.1,253.7,20.9,4.08,0.34,1,5,377,1,6,377,1,15,377,1,99,377,1,103,377,1,217,377,1,237,377,1,285,377,0,,,TP,294.65,419
2026.07.16 19:45,2026.07.17 03:20,BUY,Swing,3975.807,3966.291,95.2,269.4,54.0,2.83,0.57,1,1,2,1,6,21,1,7,21,1,8,21,1,252,411,1,254,411,1,273,411,1,332,411,0,,,TP,294.65,455
2026.07.17 16:30,2026.07.20 00:01,SELL,LienKe,4018.754,4026.877,81.2,296.1,21.3,3.65,0.26,1,0,1,1,3,19,1,4,19,1,7,19,1,65,262,1,82,262,1,173,262,1,3211,-,0,,,TP,300.00,3331
2026.07.20 01:15,2026.07.20 02:48,SELL,LienKe,4010.254,4024.090,138.4,143.3,86.0,1.04,0.62,1,0,1,1,0,1,1,3,49,1,4,49,1,6,49,1,9,49,0,,,0,,,0,,,SL,-138.36,93
2026.07.20 08:30,2026.07.20 11:30,SELL,Swing,4021.957,4033.840,118.8,69.7,57.1,0.59,0.48,1,0,4,1,0,4,1,21,47,1,35,47,0,,,0,,,0,,,0,,,0,,,SL,-118.83,180
2026.07.20 16:45,2026.07.21 02:36,BUY,LienKe,4009.604,3998.353,112.5,263.3,97.7,2.34,0.87,1,15,29,1,15,29,1,37,55,1,165,177,1,165,177,1,471,-,1,484,-,1,509,-,0,,,TP,294.65,591
2026.07.21 04:59,2026.07.21 05:25,SELL,LienKe,4049.478,4055.050,55.7,29.0,45.2,0.52,0.81,1,6,8,1,7,8,0,,,0,,,0,,,0,,,0,,,0,,,0,,,SL,-55.72,26
2026.07.21 04:15,2026.07.21 05:25,SELL,LienKe,4045.757,4055.050,92.9,19.1,82.4,0.21,0.89,1,3,5,0,,,0,,,0,,,0,,,0,,,0,,,0,,,0,,,SL,-92.93,70
2026.07.21 10:45,2026.07.21 14:30,SELL,LienKe,4067.153,4073.152,60.0,224.9,26.1,3.75,0.44,1,2,213,1,2,213,1,2,213,1,15,213,1,19,213,1,19,213,1,118,213,1,178,213,0,,,SL,-59.99,225
2026.07.22 11:51,2026.07.22 12:00,SELL,Swing,4121.021,4126.031,50.1,28.5,21.7,0.57,0.43,1,1,5,1,1,5,0,,,0,,,0,,,0,,,0,,,0,,,0,,,SL,-50.10,9
2026.07.22 11:30,2026.07.22 12:00,SELL,LienKe,4118.489,4126.031,75.4,57.7,47.1,0.77,0.62,1,7,8,1,10,17,1,10,17,1,13,17,0,,,0,,,0,,,0,,,0,,,SL,-75.42,30
2026.07.22 11:30,2026.07.22 12:00,SELL,Swing,4118.489,4126.031,75.4,57.7,47.1,0.77,0.62,1,7,8,1,10,17,1,10,17,1,13,17,0,,,0,,,0,,,0,,,0,,,SL,-75.42,30
2026.07.22 07:40,2026.07.22 12:56,BUY,LienKe,4113.990,4108.749,52.4,205.3,49.0,3.92,0.94,1,24,25,1,28,30,1,41,66,1,51,66,1,87,133,1,260,-,1,280,-,1,290,-,0,,,SL,-52.41,316
2026.07.22 07:15,2026.07.22 12:56,BUY,LienKe,4116.420,4108.749,76.7,181.0,73.3,2.36,0.96,1,1,23,1,1,23,1,5,23,1,6,23,1,285,-,1,286,-,1,313,-,0,,,0,,,SL,-76.71,341
2026.07.22 06:15,2026.07.22 13:30,SELL,LienKe,4129.652,4138.218,85.7,231.9,57.4,2.71,0.67,1,8,365,1,8,365,1,8,365,1,9,365,1,10,365,1,11,365,1,13,365,1,103,365,0,,,SL,-85.66,435
2026.07.22 16:00,2026.07.22 19:54,SELL,LienKe,4159.181,4169.081,99.0,278.2,6.2,2.81,0.06,1,0,6,1,1,6,1,10,-,1,13,-,1,25,-,1,26,-,1,68,-,1,99,-,0,,,TP,300.00,234
2026.07.23 00:30,2026.07.23 01:00,SELL,LienKe,4129.278,4137.739,84.6,40.1,43.5,0.47,0.51,1,9,10,1,18,24,1,20,24,0,,,0,,,0,,,0,,,0,,,0,,,SL,-84.61,30
2026.07.23 02:17,2026.07.23 07:10,BUY,LienKe,4114.945,4109.096,58.5,183.0,55.1,3.13,0.94,1,1,2,1,4,6,1,13,16,1,24,284,1,28,284,1,28,284,1,60,284,0,,,0,,,SL,-58.49,293
2026.07.23 02:15,2026.07.23 07:10,BUY,Swing,4116.054,4109.096,69.6,171.9,66.2,2.47,0.95,1,7,8,1,15,17,1,15,17,1,28,285,1,30,285,1,36,285,1,64,285,0,,,0,,,SL,-69.58,295
2026.07.23 02:15,2026.07.23 07:10,BUY,LienKe,4118.051,4109.096,89.6,151.9,86.1,1.70,0.96,1,15,16,1,27,266,1,28,266,1,30,266,1,37,266,1,38,266,1,67,266,0,,,0,,,SL,-89.55,295
2026.07.23 02:15,2026.07.23 07:10,BUY,Swing,4118.051,4109.096,89.6,151.9,86.1,1.70,0.96,1,15,16,1,27,266,1,28,266,1,30,266,1,37,266,1,38,266,1,67,266,0,,,0,,,SL,-89.55,295
2026.07.23 08:41,2026.07.23 11:16,BUY,LienKe,4089.967,4085.363,46.0,92.8,41.6,2.02,0.90,1,1,6,1,2,6,1,13,46,1,20,46,1,22,46,0,,,0,,,0,,,0,,,SL,-46.04,154
2026.07.23 08:30,2026.07.23 11:16,BUY,LienKe,4092.252,4085.363,68.9,69.9,64.4,1.02,0.94,1,4,5,1,27,55,1,31,55,1,33,55,0,,,0,,,0,,,0,,,0,,,SL,-68.89,166
2026.07.23 09:19,2026.07.23 12:37,SELL,LienKe,4097.097,4102.246,51.5,299.3,2.7,5.81,0.05,1,1,-,1,1,-,1,2,-,1,6,-,1,12,-,1,62,-,1,124,-,1,141,-,0,,,TP,300.00,198
2026.07.23 09:15,2026.07.23 12:37,SELL,LienKe,4094.897,4102.246,73.5,277.3,24.7,3.77,0.34,1,7,9,1,10,100,1,11,100,1,12,100,1,66,100,1,122,-,1,137,-,1,146,-,0,,,TP,300.00,202
2026.07.24 19:30,2026.07.26 22:01,BUY,LienKe,4051.804,4046.034,57.7,60.6,6.4,1.05,0.11,1,2,64,1,3,64,1,5,64,1,10,64,0,,,0,,,0,,,0,,,0,,,TP,294.65,3031
2026.07.27 12:31,2026.07.27 13:28,BUY,Swing,4086.949,4078.675,82.7,21.8,61.2,0.26,0.74,1,14,15,1,14,15,0,,,0,,,0,,,0,,,0,,,0,,,0,,,SL,-82.74,57
2026.07.27 12:30,2026.07.27 13:28,BUY,Swing,4087.038,4078.675,83.6,20.9,62.1,0.25,0.74,1,0,1,1,15,16,0,,,0,,,0,,,0,,,0,,,0,,,0,,,SL,-83.63,58
2026.07.28 00:02,2026.07.28 00:04,BUY,Swing,4070.957,4066.838,41.2,0.0,23.5,0.00,0.57,0,,,0,,,0,,,0,,,0,,,0,,,0,,,0,,,0,,,SL,-41.19,2
2026.07.28 00:00,2026.07.28 00:04,BUY,LienKe,4073.386,4066.838,65.5,8.2,47.8,0.13,0.73,0,,,0,,,0,,,0,,,0,,,0,,,0,,,0,,,0,,,SL,-65.48,4
2026.07.28 00:00,2026.07.28 00:04,BUY,Swing,4073.386,4066.838,65.5,8.2,47.8,0.13,0.73,0,,,0,,,0,,,0,,,0,,,0,,,0,,,0,,,0,,,SL,-65.48,4
2026.07.28 05:31,2026.07.28 05:35,BUY,LienKe,4040.986,4036.720,42.7,0.0,38.9,0.00,0.91,0,,,0,,,0,,,0,,,0,,,0,,,0,,,0,,,0,,,SL,-42.66,4
2026.07.28 05:31,2026.07.28 05:35,BUY,Swing,4040.986,4036.720,42.7,0.0,38.9,0.00,0.91,0,,,0,,,0,,,0,,,0,,,0,,,0,,,0,,,0,,,SL,-42.66,4
2026.07.28 05:30,2026.07.28 05:35,BUY,LienKe,4043.143,4036.720,64.2,25.6,60.5,0.40,0.94,1,0,0,1,0,0,0,,,0,,,0,,,0,,,0,,,0,,,0,,,SL,-64.23,5
2026.07.28 05:30,2026.07.28 05:35,BUY,Swing,4043.143,4036.720,64.2,25.6,60.5,0.40,0.94,1,0,0,1,0,0,0,,,0,,,0,,,0,,,0,,,0,,,0,,,SL,-64.23,5
2026.07.28 07:30,2026.07.28 08:06,SELL,LienKe,4050.244,4055.418,51.7,39.5,29.1,0.76,0.56,1,4,6,1,15,32,1,16,32,0,,,0,,,0,,,0,,,0,,,0,,,SL,-51.74,36
2026.07.28 03:48,2026.07.28 08:06,SELL,LienKe,4049.610,4054.001,43.9,146.7,35.5,3.34,0.81,1,2,5,1,17,163,1,18,163,1,24,163,1,71,163,1,104,163,0,,,0,,,0,,,SL,-43.91,258
2026.07.28 03:45,2026.07.28 08:06,SELL,LienKe,4048.284,4054.001,57.2,133.4,48.7,2.33,0.85,1,20,163,1,22,163,1,27,163,1,64,163,1,75,163,1,108,163,0,,,0,,,0,,,SL,-57.17,261
2026.07.29 00:37,2026.07.29 02:22,SELL,LienKe,4025.547,4033.053,75.1,153.1,54.3,2.04,0.72,1,2,5,1,9,59,1,9,59,1,23,59,1,24,59,1,25,59,1,27,59,0,,,0,,,SL,-75.06,105
2026.07.29 00:30,2026.07.29 02:22,SELL,LienKe,4022.339,4033.053,107.1,121.0,86.4,1.13,0.81,1,19,20,1,30,64,1,30,64,1,31,64,1,34,64,1,34,64,0,,,0,,,0,,,SL,-107.14,112
2026.07.28 14:30,2026.07.29 13:52,BUY,LienKe,4022.374,4008.347,140.3,254.5,132.6,1.81,0.95,1,1,4,1,1,4,1,18,37,1,19,37,1,40,264,1,40,264,1,50,264,1,75,264,0,,,SL,-145.62,1402
2026.07.28 14:30,2026.07.29 13:52,BUY,Swing,4022.374,4008.347,140.3,254.5,132.6,1.81,0.95,1,1,4,1,1,4,1,18,37,1,19,37,1,40,264,1,40,264,1,50,264,1,75,264,0,,,SL,-145.62,1402
2026.07.29 12:00,2026.07.29 14:00,SELL,LienKe,4032.665,4039.087,64.2,299.8,11.2,4.67,0.17,1,0,-,1,2,-,1,9,-,1,14,-,1,16,-,1,17,-,1,20,-,1,30,-,0,,,TP,300.00,120
2026.07.30 01:28,2026.07.30 03:27,SELL,LienKe,4084.475,4096.158,116.8,289.1,68.6,2.47,0.59,1,0,4,1,1,4,1,1,4,1,63,-,1,64,-,1,74,-,1,88,-,1,91,-,0,,,TP,300.00,119
2026.07.30 05:17,2026.07.30 05:18,BUY,LienKe,4043.679,4038.542,51.4,0.0,16.4,0.00,0.32,0,,,0,,,0,,,0,,,0,,,0,,,0,,,0,,,0,,,SL,-51.37,1
2026.07.30 05:15,2026.07.30 05:18,BUY,LienKe,4046.105,4038.542,75.6,2.5,40.6,0.03,0.54,0,,,0,,,0,,,0,,,0,,,0,,,0,,,0,,,0,,,SL,-75.63,3
2026.07.30 10:00,2026.07.30 10:16,SELL,LienKe,4063.515,4076.172,126.6,3.8,115.3,0.03,0.91,0,,,0,,,0,,,0,,,0,,,0,,,0,,,0,,,0,,,SL,-126.57,16
2026.07.31 05:17,2026.07.31 06:17,SELL,LienKe,4081.757,4086.363,46.1,89.0,43.2,1.93,0.94,1,4,6,1,14,50,1,21,50,1,27,50,1,35,50,0,,,0,,,0,,,0,,,SL,-46.06,60
2026.07.31 05:15,2026.07.31 06:17,SELL,LienKe,4079.847,4086.363,65.2,69.9,62.3,1.07,0.96,1,23,24,1,23,24,1,29,50,1,31,50,0,,,0,,,0,,,0,,,0,,,SL,-65.16,62
2026.07.31 07:50,2026.07.31 08:03,BUY,Swing,4070.082,4065.127,49.5,16.3,48.8,0.33,0.98,1,1,2,0,,,0,,,0,,,0,,,0,,,0,,,0,,,0,,,SL,-49.55,13
2026.07.31 07:45,2026.07.31 08:03,BUY,Swing,4072.340,4065.127,72.1,19.6,71.3,0.27,0.99,1,0,0,0,,,0,,,0,,,0,,,0,,,0,,,0,,,0,,,SL,-72.13,18
2026.08.03 10:42,2026.08.03 12:40,BUY,Swing,4049.676,4043.629,60.5,150.2,43.6,2.48,0.72,1,4,5,1,22,26,1,23,26,1,60,97,1,67,97,1,67,97,1,78,97,0,,,0,,,SL,-60.47,118
2026.08.03 09:45,2026.08.03 12:40,BUY,Swing,4053.521,4043.629,98.9,111.8,82.1,1.13,0.83,1,0,16,1,1,16,1,4,16,1,124,154,1,125,154,1,135,154,0,,,0,,,0,,,SL,-98.92,175
2026.08.03 11:30,2026.08.03 12:43,BUY,LienKe,4048.785,4042.314,64.7,159.1,59.7,2.46,0.92,1,3,50,1,3,50,1,7,50,1,12,50,1,19,50,1,19,50,1,30,50,0,,,0,,,SL,-64.71,73
2026.08.03 16:00,2026.08.03 22:01,SELL,LienKe,4036.161,4044.065,79.0,64.5,223.2,0.82,2.82,1,8,9,1,64,78,1,110,129,1,113,129,0,,,0,,,0,,,0,,,0,,,SL,-79.04,361
2026.08.03 23:47,2026.08.04 00:01,SELL,LienKe,4053.917,4058.153,42.4,21.5,36.3,0.51,0.86,1,2,12,1,2,12,0,,,0,,,0,,,0,,,0,,,0,,,0,,,SL,-42.36,14
2026.08.04 07:48,2026.08.04 08:03,SELL,LienKe,4064.961,4069.868,49.1,12.7,36.8,0.26,0.75,1,1,3,0,,,0,,,0,,,0,,,0,,,0,,,0,,,0,,,SL,-49.07,15
2026.08.04 07:45,2026.08.04 08:03,SELL,LienKe,4063.019,4069.868,68.5,6.3,56.2,0.09,0.82,0,,,0,,,0,,,0,,,0,,,0,,,0,,,0,,,0,,,SL,-68.49,18
2026.08.04 05:30,2026.08.04 08:03,SELL,Swing,4065.014,4069.369,43.6,91.7,36.2,2.10,0.83,1,3,30,1,4,30,1,4,30,1,7,30,1,63,91,0,,,0,,,0,,,0,,,SL,-43.55,153
2026.08.04 05:00,2026.08.04 08:03,SELL,Swing,4063.709,4069.369,56.6,78.6,49.3,1.39,0.87,1,4,25,1,5,25,1,8,25,1,12,25,0,,,0,,,0,,,0,,,0,,,SL,-56.60,183
2026.08.04 06:45,2026.08.04 09:05,BUY,LienKe,4060.158,4052.608,75.5,128.0,71.6,1.70,0.95,1,1,9,1,1,9,1,14,111,1,16,111,1,77,111,1,78,111,0,,,0,,,0,,,SL,-75.50,140
2026.08.04 11:00,2026.08.04 11:32,SELL,LienKe,4053.963,4063.727,97.6,13.8,93.9,0.14,0.96,1,1,2,0,,,0,,,0,,,0,,,0,,,0,,,0,,,0,,,SL,-97.64,32
2026.08.04 10:44,2026.08.04 11:48,BUY,LienKe,4047.131,4042.486,46.4,272.3,5.6,5.86,0.12,1,0,-,1,0,-,1,0,-,1,0,-,1,1,-,1,1,-,1,47,-,1,60,-,0,,,TP,300.00,64
2026.08.04 10:30,2026.08.04 11:48,BUY,LienKe,4049.486,4042.486,70.0,248.7,29.1,3.55,0.42,1,0,8,1,3,8,1,14,-,1,15,-,1,15,-,1,17,-,1,62,-,1,74,-,0,,,TP,300.00,78
2026.08.05 16:15,2026.08.05 18:23,BUY,LienKe,4234.603,4221.624,129.8,289.2,20.2,2.23,0.16,1,1,2,1,2,3,1,7,-,1,8,-,1,15,-,1,22,-,1,83,-,1,110,-,0,,,TP,300.00,128
2026.08.05 19:47,2026.08.05 20:44,BUY,LienKe,4250.607,4245.177,54.3,0.0,53.0,0.00,0.98,0,,,0,,,0,,,0,,,0,,,0,,,0,,,0,,,0,,,SL,-54.30,57
2026.08.05 19:45,2026.08.05 20:44,BUY,LienKe,4253.311,4245.177,81.3,0.9,80.1,0.01,0.98,0,,,0,,,0,,,0,,,0,,,0,,,0,,,0,,,0,,,SL,-81.34,59
2026.08.06 00:33,2026.08.06 00:35,SELL,LienKe,4279.420,4287.769,83.5,0.0,78.7,0.00,0.94,0,,,0,,,0,,,0,,,0,,,0,,,0,,,0,,,0,,,SL,-83.49,1
2026.08.06 00:30,2026.08.06 00:35,SELL,LienKe,4274.063,4287.769,137.1,0.0,132.3,0.00,0.97,0,,,0,,,0,,,0,,,0,,,0,,,0,,,0,,,0,,,SL,-137.06,5
2026.08.06 18:30,2026.08.06 23:56,SELL,LienKe,4246.581,4252.707,61.3,134.0,58.8,2.19,0.96,1,2,32,1,3,32,1,4,32,1,11,32,1,55,83,1,59,83,0,,,0,,,0,,,SL,-61.26,326
2026.08.07 00:30,2026.08.07 00:38,BUY,LienKe,4241.343,4235.993,53.5,15.4,40.5,0.29,0.76,1,0,1,0,,,0,,,0,,,0,,,0,,,0,,,0,,,0,,,SL,-53.50,8
2026.08.07 00:30,2026.08.07 00:38,BUY,LienKe,4244.237,4235.993,82.4,0.0,69.4,0.00,0.84,0,,,0,,,0,,,0,,,0,,,0,,,0,,,0,,,0,,,SL,-82.44,8
2026.08.06 16:30,2026.08.07 02:01,BUY,LienKe,4230.169,4220.147,100.2,291.8,6.6,2.91,0.07,1,0,509,1,0,509,1,1,509,1,8,509,1,25,509,1,25,509,1,82,509,1,160,509,0,,,TP,294.65,571
2026.08.07 11:20,2026.08.07 12:30,SELL,LienKe,4323.306,4329.208,59.0,221.9,48.0,3.76,0.81,1,1,1,1,17,18,1,40,42,1,45,-,1,54,-,1,55,-,1,69,-,1,69,-,0,,,SL,-59.02,70
2026.08.07 11:20,2026.08.07 12:30,SELL,Swing,4323.306,4329.208,59.0,221.9,48.0,3.76,0.81,1,1,1,1,17,18,1,40,42,1,45,-,1,54,-,1,55,-,1,69,-,1,69,-,0,,,SL,-59.02,70
2026.08.07 11:15,2026.08.07 12:30,SELL,LienKe,4320.346,4329.208,88.6,192.3,77.6,2.17,0.88,1,0,1,1,0,1,1,3,4,1,59,-,1,60,-,1,70,-,1,74,-,0,,,0,,,SL,-88.62,75
2026.08.07 11:15,2026.08.07 12:30,SELL,Swing,4320.346,4329.208,88.6,192.3,77.6,2.17,0.88,1,0,1,1,0,1,1,3,4,1,59,-,1,60,-,1,70,-,1,74,-,0,,,0,,,SL,-88.62,75
2026.08.09 23:00,2026.08.09 23:23,SELL,LienKe,4341.637,4348.335,67.0,2.0,63.0,0.03,0.94,0,,,0,,,0,,,0,,,0,,,0,,,0,,,0,,,0,,,SL,-66.98,23
2026.08.10 17:45,2026.08.10 22:01,SELL,LienKe,4360.107,4368.634,85.3,22.4,354.7,0.26,4.16,1,0,3,1,0,3,0,,,0,,,0,,,0,,,0,,,0,,,0,,,SL,-85.27,256
2026.08.11 13:20,2026.08.11 13:45,SELL,LienKe,4397.503,4404.080,65.8,85.5,48.1,1.30,0.73,1,0,1,1,12,17,1,12,17,1,13,17,1,15,17,0,,,0,,,0,,,0,,,SL,-65.77,25
2026.08.11 13:15,2026.08.11 13:45,SELL,LienKe,4393.860,4404.080,102.2,49.1,84.5,0.48,0.83,1,0,3,1,0,3,1,1,3,0,,,0,,,0,,,0,,,0,,,0,,,SL,-102.20,30
2026.08.11 14:18,2026.08.11 15:34,BUY,LienKe,4383.968,4378.043,59.3,149.2,22.7,2.52,0.38,1,1,4,1,2,4,1,2,4,1,2,4,1,17,60,1,24,60,0,,,0,,,0,,,SL,-59.25,76
2026.08.11 14:15,2026.08.11 15:34,BUY,LienKe,4387.228,4378.043,91.9,116.6,55.3,1.27,0.60,1,2,3,1,2,3,1,2,3,1,22,62,1,27,62,1,40,62,0,,,0,,,0,,,SL,-91.85,79
2026.08.12 05:15,2026.08.12 07:42,SELL,LienKe,4400.835,4407.945,71.1,167.6,69.6,2.36,0.98,1,0,94,1,1,94,1,3,94,1,5,94,1,7,94,1,15,94,1,30,94,0,,,0,,,SL,-71.10,147
2026.08.12 10:09,2026.08.12 12:30,SELL,Swing,4418.825,4427.392,85.7,139.3,83.9,1.63,0.98,1,1,2,1,26,140,1,28,140,1,30,140,1,39,140,1,40,140,0,,,0,,,0,,,SL,-85.67,140
2026.08.12 09:30,2026.08.12 12:30,SELL,Swing,4413.204,4427.392,141.9,83.1,140.1,0.59,0.99,1,2,2,1,24,25,1,79,90,1,79,90,1,172,177,0,,,0,,,0,,,0,,,SL,-141.88,180
2026.08.13 11:30,2026.08.13 12:30,SELL,LienKe,4388.195,4399.620,114.3,53.1,49.0,0.46,0.43,1,3,4,1,11,28,1,11,28,1,17,28,0,,,0,,,0,,,0,,,0,,,SL,-114.25,60
2026.08.14 04:30,2026.08.14 05:55,SELL,LienKe,4325.258,4331.124,58.7,141.3,48.2,2.41,0.82,1,1,1,1,35,68,1,37,68,1,39,68,1,60,68,1,60,68,0,,,0,,,0,,,SL,-58.66,85
2026.08.14 07:39,2026.08.14 07:45,SELL,LienKe,4336.446,4340.499,40.5,1.2,40.3,0.03,0.99,0,,,0,,,0,,,0,,,0,,,0,,,0,,,0,,,0,,,SL,-40.53,6
2026.08.14 16:15,2026.08.17 00:57,SELL,LienKe,4389.516,4399.816,103.0,222.7,94.2,2.16,0.91,1,10,3371,1,12,3371,1,15,3371,1,16,3371,1,18,3371,1,74,3371,1,150,3371,1,3320,3371,0,,,SL,-103.00,3402
2026.08.17 18:24,2026.08.18 01:47,BUY,LienKe,4411.851,4407.043,48.1,244.0,139.3,5.08,2.90,1,52,245,1,52,245,1,54,245,1,61,245,1,80,245,1,302,440,1,335,440,1,365,440,0,,,SL,-53.43,443
2026.08.17 18:15,2026.08.18 01:47,BUY,LienKe,4413.918,4407.043,68.8,223.4,160.0,3.25,2.33,1,0,1,1,3,5,1,70,251,1,88,251,1,316,449,1,334,449,1,345,449,1,404,449,0,,,SL,-74.10,452
2026.08.18 04:37,2026.08.18 05:31,BUY,LienKe,4390.837,4386.767,40.7,52.2,33.1,1.28,0.81,1,3,36,1,5,36,1,6,36,1,43,53,0,,,0,,,0,,,0,,,0,,,SL,-40.70,54
2026.08.18 04:15,2026.08.18 05:31,BUY,LienKe,4392.703,4386.767,59.4,33.5,51.8,0.56,0.87,1,15,16,1,34,46,1,66,74,0,,,0,,,0,,,0,,,0,,,0,,,SL,-59.36,76
2026.08.18 13:16,2026.08.18 13:30,BUY,LienKe,4391.211,4385.132,60.8,20.8,31.5,0.34,0.52,1,3,3,1,3,3,0,,,0,,,0,,,0,,,0,,,0,,,0,,,SL,-60.79,14
2026.08.18 13:16,2026.08.18 13:30,BUY,Swing,4391.211,4385.132,60.8,20.8,31.5,0.34,0.52,1,3,3,1,3,3,0,,,0,,,0,,,0,,,0,,,0,,,0,,,SL,-60.79,14
2026.08.18 12:30,2026.08.18 13:41,SELL,LienKe,4397.960,4403.978,60.2,219.6,55.9,3.65,0.93,1,0,5,1,0,5,1,0,5,1,1,5,1,37,64,1,60,64,1,60,64,1,60,64,0,,,SL,-60.18,71
2026.08.18 12:30,2026.08.18 13:41,SELL,Swing,4397.960,4403.978,60.2,219.6,55.9,3.65,0.93,1,0,5,1,0,5,1,0,5,1,1,5,1,37,64,1,60,64,1,60,64,1,60,64,0,,,SL,-60.18,71
2026.08.18 12:30,2026.08.18 13:41,SELL,LienKe,4395.058,4403.978,89.2,190.6,85.0,2.14,0.95,1,0,1,1,1,1,1,10,16,1,37,42,1,60,62,1,60,62,1,60,62,0,,,0,,,SL,-89.20,71
2026.08.18 12:30,2026.08.18 13:41,SELL,Swing,4395.058,4403.978,89.2,190.6,85.0,2.14,0.95,1,0,1,1,1,1,1,10,16,1,37,42,1,60,62,1,60,62,1,60,62,0,,,0,,,SL,-89.20,71
2026.08.18 18:44,2026.08.18 19:44,BUY,LienKe,4355.093,4349.565,55.3,36.6,28.1,0.66,0.51,1,11,12,1,18,20,1,18,20,0,,,0,,,0,,,0,,,0,,,0,,,SL,-55.28,60
2026.08.18 18:15,2026.08.18 19:44,BUY,LienKe,4357.995,4349.565,84.3,30.7,57.1,0.36,0.68,1,4,7,1,13,18,1,13,18,0,,,0,,,0,,,0,,,0,,,0,,,SL,-84.30,89
2026.08.19 08:06,2026.08.19 10:16,SELL,Swing,4359.812,4366.075,62.6,63.7,48.8,1.02,0.78,1,0,0,1,1,3,1,28,30,1,70,95,0,,,0,,,0,,,0,,,0,,,SL,-62.63,130
2026.08.19 07:45,2026.08.19 10:16,SELL,Swing,4354.573,4366.075,115.0,33.9,101.2,0.29,0.88,1,16,18,1,17,18,1,17,18,0,,,0,,,0,,,0,,,0,,,0,,,SL,-115.02,151
2026.08.20 09:47,2026.08.20 10:00,BUY,LienKe,4486.704,4481.313,53.9,1.3,49.8,0.02,0.92,0,,,0,,,0,,,0,,,0,,,0,,,0,,,0,,,0,,,SL,-53.91,12
2026.08.20 09:45,2026.08.20 10:00,BUY,LienKe,4489.563,4481.313,82.5,0.0,78.4,0.00,0.95,0,,,0,,,0,,,0,,,0,,,0,,,0,,,0,,,0,,,SL,-82.50,15
2026.08.20 13:35,2026.08.20 13:43,SELL,LienKe,4479.776,4487.659,78.8,18.2,72.4,0.23,0.92,1,5,6,0,,,0,,,0,,,0,,,0,,,0,,,0,,,0,,,SL,-78.83,8
2026.08.20 13:15,2026.08.20 13:43,SELL,LienKe,4472.713,4487.659,149.5,32.9,143.0,0.22,0.96,1,0,1,1,14,15,1,17,17,0,,,0,,,0,,,0,,,0,,,0,,,SL,-149.46,28
2026.08.21 02:44,2026.08.21 04:27,SELL,Swing,4536.624,4546.877,102.5,97.1,97.8,0.95,0.95,1,1,1,1,15,18,1,15,18,1,43,76,1,56,76,0,,,0,,,0,,,0,,,SL,-102.53,103
2026.08.21 07:31,2026.08.21 08:19,SELL,LienKe,4564.723,4570.963,62.4,54.6,61.2,0.87,0.98,1,0,7,1,0,7,1,1,7,1,35,41,0,,,0,,,0,,,0,,,0,,,SL,-62.40,48
2026.08.21 07:30,2026.08.21 08:19,SELL,LienKe,4561.606,4570.963,93.6,23.4,92.4,0.25,0.99,1,0,0,1,36,38,0,,,0,,,0,,,0,,,0,,,0,,,0,,,SL,-93.57,49
2026.08.21 12:00,2026.08.21 12:39,SELL,Swing,4597.147,4607.593,104.5,298.3,48.9,2.86,0.47,1,1,1,1,3,5,1,3,5,1,9,-,1,18,-,1,18,-,1,30,-,1,32,-,0,,,TP,300.00,39
2026.08.21 14:50,2026.08.21 15:25,SELL,LienKe,4592.094,4606.780,146.9,75.6,109.4,0.51,0.74,1,2,8,1,2,8,1,4,8,1,5,8,0,,,0,,,0,,,0,,,0,,,SL,-146.86,34
2026.08.21 19:16,2026.08.21 20:00,BUY,LienKe,4620.583,4615.403,51.8,32.2,50.3,0.62,0.97,1,2,12,1,3,12,1,36,39,0,,,0,,,0,,,0,,,0,,,0,,,SL,-51.80,44
2026.08.21 19:15,2026.08.21 20:00,BUY,LienKe,4623.035,4615.403,76.3,7.7,74.9,0.10,0.98,0,,,0,,,0,,,0,,,0,,,0,,,0,,,0,,,0,,,SL,-76.32,45
2026.08.21 20:16,2026.08.21 20:19,BUY,LienKe,4615.910,4611.954,39.6,0.0,33.3,0.00,0.84,0,,,0,,,0,,,0,,,0,,,0,,,0,,,0,,,0,,,SL,-39.56,3
2026.08.21 20:15,2026.08.21 20:19,BUY,LienKe,4617.153,4611.954,52.0,5.3,45.7,0.10,0.88,0,,,0,,,0,,,0,,,0,,,0,,,0,,,0,,,0,,,SL,-51.99,4
2026.08.24 06:45,2026.08.24 11:36,SELL,Swing,4643.174,4663.050,198.8,142.6,185.7,0.72,0.93,1,45,46,1,56,73,1,57,73,1,58,73,1,59,73,1,60,73,0,,,0,,,0,,,SL,-198.76,291
2026.08.24 08:57,2026.08.24 11:38,BUY,LienKe,4637.362,4625.655,117.1,293.5,46.4,2.51,0.40,1,2,2,1,3,19,1,3,19,1,4,19,1,52,-,1,63,-,1,157,-,1,158,-,0,,,TP,300.00,161
2026.08.24 08:57,2026.08.24 11:38,BUY,Swing,4637.362,4625.655,117.1,293.5,46.4,2.51,0.40,1,2,2,1,3,19,1,3,19,1,4,19,1,52,-,1,63,-,1,157,-,1,158,-,0,,,TP,300.00,161
2026.08.25 12:30,2026.08.25 13:07,BUY,LienKe,4637.007,4628.708,83.0,73.5,71.2,0.89,0.86,1,12,30,1,13,30,1,13,30,1,18,30,0,,,0,,,0,,,0,,,0,,,SL,-82.99,37
2026.08.25 12:30,2026.08.25 13:07,BUY,LienKe,4637.427,4628.708,87.2,69.3,75.4,0.79,0.86,1,12,15,1,13,15,1,13,15,1,18,30,0,,,0,,,0,,,0,,,0,,,SL,-87.19,37
2026.08.25 12:00,2026.08.25 13:25,SELL,Swing,4642.668,4650.536,78.7,298.9,19.5,3.80,0.25,1,0,48,1,0,48,1,2,48,1,2,48,1,18,48,1,24,48,1,74,-,1,75,-,0,,,TP,300.00,85
2026.08.26 09:16,2026.08.26 09:21,BUY,Swing,4623.924,4619.086,48.4,0.0,40.4,0.00,0.83,0,,,0,,,0,,,0,,,0,,,0,,,0,,,0,,,0,,,SL,-48.38,4
2026.08.26 08:45,2026.08.26 09:21,BUY,Swing,4629.801,4619.086,107.2,12.7,99.2,0.12,0.93,1,16,17,0,,,0,,,0,,,0,,,0,,,0,,,0,,,0,,,SL,-107.15,36
2026.08.26 13:30,2026.08.26 15:02,BUY,LienKe,4611.592,4594.820,167.7,219.2,119.5,1.31,0.71,1,0,2,1,0,2,1,0,2,1,0,2,1,12,81,1,14,81,1,20,81,1,29,81,0,,,SL,-167.72,92
2026.08.26 14:30,2026.08.26 15:15,SELL,LienKe,4616.627,4636.510,198.8,284.1,66.6,1.43,0.33,1,2,2,1,7,7,1,7,7,1,22,-,1,24,-,1,24,-,1,31,-,1,32,-,0,,,TP,300.00,45
2026.08.26 17:45,2026.08.26 22:01,SELL,LienKe,4597.119,4605.342,82.2,128.5,77.4,1.56,0.94,1,10,13,1,11,13,1,36,57,1,78,101,1,155,255,1,155,255,0,,,0,,,0,,,SL,-82.23,256
2026.08.26 20:30,2026.08.26 23:20,BUY,LienKe,4591.428,4581.006,104.2,292.3,12.7,2.80,0.12,1,5,12,1,8,12,1,27,-,1,90,-,1,90,-,1,90,-,1,107,-,1,108,-,0,,,TP,300.00,170
2026.08.27 06:52,2026.08.27 07:19,BUY,LienKe,4602.630,4596.378,62.5,31.2,55.9,0.50,0.89,1,0,2,1,1,2,1,14,17,0,,,0,,,0,,,0,,,0,,,0,,,SL,-62.52,27
2026.08.27 06:52,2026.08.27 07:19,BUY,Swing,4602.630,4596.378,62.5,31.2,55.9,0.50,0.89,1,0,2,1,1,2,1,14,17,0,,,0,,,0,,,0,,,0,,,0,,,SL,-62.52,27
2026.08.27 06:15,2026.08.27 07:19,BUY,LienKe,4606.074,4596.378,97.0,56.6,90.3,0.58,0.93,1,4,5,1,6,19,1,6,19,1,15,19,0,,,0,,,0,,,0,,,0,,,SL,-96.96,64
2026.08.27 06:15,2026.08.27 07:19,BUY,Swing,4606.074,4596.378,97.0,56.6,90.3,0.58,0.93,1,4,5,1,6,19,1,6,19,1,15,19,0,,,0,,,0,,,0,,,0,,,SL,-96.96,64
2026.08.27 10:15,2026.08.27 13:48,BUY,LienKe,4581.942,4565.849,160.9,193.3,102.4,1.20,0.64,1,0,0,1,27,156,1,28,156,1,30,156,1,43,156,1,59,156,1,71,156,0,,,0,,,SL,-160.93,213
2026.08.28 11:38,2026.08.28 11:40,BUY,LienKe,4596.853,4591.737,51.2,0.0,33.7,0.00,0.66,0,,,0,,,0,,,0,,,0,,,0,,,0,,,0,,,0,,,SL,-51.16,2
2026.08.28 11:15,2026.08.28 11:40,BUY,LienKe,4599.023,4591.737,72.9,23.6,55.4,0.32,0.76,1,1,5,1,2,5,0,,,0,,,0,,,0,,,0,,,0,,,0,,,SL,-72.86,25
2026.08.30 23:20,2026.08.31 00:38,SELL,LienKe,4464.240,4469.891,56.5,283.6,52.0,5.02,0.92,1,2,55,1,3,55,1,3,55,1,4,55,1,7,55,1,10,55,1,21,55,1,25,55,0,,,SL,-56.51,78
2026.08.30 23:15,2026.08.31 00:38,SELL,LienKe,4460.610,4469.891,92.8,247.3,88.3,2.66,0.95,1,9,44,1,10,44,1,11,44,1,12,44,1,15,44,1,22,44,1,30,44,1,33,44,0,,,SL,-92.81,83
2026.08.31 04:17,2026.08.31 04:31,BUY,LienKe,4418.952,4413.790,51.6,17.2,47.4,0.33,0.92,1,8,10,0,,,0,,,0,,,0,,,0,,,0,,,0,,,0,,,SL,-51.62,14
2026.08.31 04:15,2026.08.31 04:31,BUY,LienKe,4421.297,4413.790,75.1,1.5,70.9,0.02,0.94,0,,,0,,,0,,,0,,,0,,,0,,,0,,,0,,,0,,,SL,-75.07,16
2026.08.31 11:18,2026.08.31 11:26,SELL,LienKe,4455.837,4460.761,49.2,0.1,46.4,0.00,0.94,0,,,0,,,0,,,0,,,0,,,0,,,0,,,0,,,0,,,SL,-49.24,8
2026.08.31 11:15,2026.08.31 11:26,SELL,LienKe,4453.832,4460.761,69.3,10.7,66.5,0.16,0.96,1,0,1,0,,,0,,,0,,,0,,,0,,,0,,,0,,,0,,,SL,-69.29,11
2026.08.31 13:43,2026.08.31 13:45,BUY,LienKe,4434.674,4430.619,40.6,0.0,29.0,0.00,0.71,0,,,0,,,0,,,0,,,0,,,0,,,0,,,0,,,0,,,SL,-40.55,2
2026.08.31 13:43,2026.08.31 13:45,BUY,Swing,4434.674,4430.619,40.6,0.0,29.0,0.00,0.71,0,,,0,,,0,,,0,,,0,,,0,,,0,,,0,,,0,,,SL,-40.55,2
2026.08.31 13:30,2026.08.31 13:45,BUY,LienKe,4446.270,4430.619,156.5,10.7,144.9,0.07,0.93,1,0,0,0,,,0,,,0,,,0,,,0,,,0,,,0,,,0,,,SL,-156.51,15
2026.08.31 13:30,2026.08.31 13:45,BUY,Swing,4446.270,4430.619,156.5,10.7,144.9,0.07,0.93,1,0,0,0,,,0,,,0,,,0,,,0,,,0,,,0,,,0,,,SL,-156.51,15
2026.09.01 03:00,2026.09.01 05:30,BUY,LienKe,4443.197,4424.809,183.9,9.9,179.4,0.05,0.98,0,,,0,,,0,,,0,,,0,,,0,,,0,,,0,,,0,,,SL,-183.88,150
2026.09.01 12:59,2026.09.01 13:01,BUY,Swing,4358.251,4348.804,94.5,0.0,89.4,0.00,0.95,0,,,0,,,0,,,0,,,0,,,0,,,0,,,0,,,0,,,SL,-94.47,2
2026.09.01 12:45,2026.09.01 13:01,BUY,Swing,4364.897,4348.804,160.9,51.6,155.9,0.32,0.97,1,0,3,1,0,3,1,1,3,1,2,3,0,,,0,,,0,,,0,,,0,,,SL,-160.93,16
2026.09.02 00:53,2026.09.02 01:02,BUY,LienKe,4320.129,4312.569,75.6,25.9,62.0,0.34,0.82,1,7,7,1,7,7,0,,,0,,,0,,,0,,,0,,,0,,,0,,,SL,-75.60,9
2026.09.02 00:53,2026.09.02 01:02,BUY,Swing,4320.129,4312.569,75.6,25.9,62.0,0.34,0.82,1,7,7,1,7,7,0,,,0,,,0,,,0,,,0,,,0,,,0,,,SL,-75.60,9
2026.09.02 00:15,2026.09.02 01:02,BUY,LienKe,4328.473,4312.569,159.0,60.1,145.5,0.38,0.91,1,0,1,1,0,1,1,2,4,1,2,4,0,,,0,,,0,,,0,,,0,,,SL,-159.04,47
2026.09.02 00:15,2026.09.02 01:02,BUY,Swing,4328.473,4312.569,159.0,60.1,145.5,0.38,0.91,1,0,1,1,0,1,1,2,4,1,2,4,0,,,0,,,0,,,0,,,0,,,SL,-159.04,47
2026.09.02 11:54,2026.09.02 12:04,SELL,Swing,4328.827,4335.959,71.3,0.0,57.6,0.00,0.81,0,,,0,,,0,,,0,,,0,,,0,,,0,,,0,,,0,,,SL,-71.32,10
2026.09.02 11:45,2026.09.02 12:04,SELL,Swing,4324.820,4335.959,111.4,13.0,97.7,0.12,0.88,1,0,0,0,,,0,,,0,,,0,,,0,,,0,,,0,,,0,,,SL,-111.39,19
2026.09.02 08:15,2026.09.02 12:04,SELL,LienKe,4325.407,4334.733,93.3,234.0,91.8,2.51,0.98,1,6,7,1,12,15,1,17,24,1,20,24,1,37,197,1,39,197,1,68,197,1,72,197,0,,,SL,-93.26,229
2026.09.02 10:15,2026.09.02 12:20,BUY,LienKe,4307.122,4298.764,83.6,293.8,21.5,3.51,0.26,1,2,24,1,3,24,1,5,24,1,7,24,1,56,-,1,58,-,1,59,-,1,78,-,0,,,TP,300.00,125
2026.09.02 23:45,2026.09.03 02:31,BUY,LienKe,4385.683,4377.937,77.5,298.4,30.5,3.85,0.39,1,0,7,1,1,7,1,1,7,1,21,23,1,67,-,1,74,-,1,83,-,1,86,-,0,,,TP,283.95,166
2026.09.03 02:16,2026.09.03 02:50,SELL,LienKe,4413.334,4418.521,51.9,65.1,50.8,1.25,0.98,1,1,14,1,1,14,1,1,14,1,7,14,0,,,0,,,0,,,0,,,0,,,SL,-51.87,34
2026.09.03 02:15,2026.09.03 02:50,SELL,LienKe,4411.035,4418.521,74.9,42.1,73.8,0.56,0.99,1,2,3,1,8,14,1,8,14,0,,,0,,,0,,,0,,,0,,,0,,,SL,-74.86,35
2026.09.03 08:19,2026.09.03 12:03,SELL,LienKe,4437.630,4446.700,90.7,185.3,84.8,2.04,0.93,1,4,5,1,4,5,1,20,27,1,23,27,1,86,179,1,86,179,1,120,179,0,,,0,,,SL,-90.70,224
2026.09.03 08:19,2026.09.03 12:03,SELL,Swing,4437.630,4446.700,90.7,185.3,84.8,2.04,0.93,1,4,5,1,4,5,1,20,27,1,23,27,1,86,179,1,86,179,1,120,179,0,,,0,,,SL,-90.70,224
2026.09.03 08:15,2026.09.03 12:03,SELL,LienKe,4431.497,4446.700,152.0,123.9,146.1,0.82,0.96,1,89,176,1,90,176,1,90,176,1,100,176,1,116,176,1,125,176,0,,,0,,,0,,,SL,-152.03,228
2026.09.03 08:15,2026.09.03 12:03,SELL,Swing,4431.497,4446.700,152.0,123.9,146.1,0.82,0.96,1,89,176,1,90,176,1,90,176,1,100,176,1,116,176,1,125,176,0,,,0,,,0,,,SL,-152.03,228
2026.09.04 05:32,2026.09.04 07:42,SELL,LienKe,4472.429,4478.297,58.7,121.0,57.0,2.06,0.97,1,3,6,1,3,6,1,4,6,1,22,27,1,62,117,1,74,117,0,,,0,,,0,,,SL,-58.68,130
2026.09.07 06:15,2026.09.07 08:19,BUY,Swing,4392.492,4382.181,103.1,295.8,24.7,2.87,0.24,1,0,5,1,2,5,1,4,5,1,9,42,1,49,87,1,100,-,1,105,-,1,107,-,0,,,TP,300.00,124
2026.09.07 11:45,2026.09.07 14:48,BUY,Swing,4387.061,4377.933,91.3,296.9,21.1,3.25,0.23,1,0,9,1,1,9,1,1,9,1,25,-,1,44,-,1,46,-,1,80,-,1,107,-,0,,,TP,300.00,183
2026.09.08 00:33,2026.09.08 01:23,SELL,LienKe,4425.785,4433.268,74.8,106.2,65.3,1.42,0.87,1,0,3,1,1,3,1,4,7,1,10,24,1,15,24,1,19,24,0,,,0,,,0,,,SL,-74.83,50
2026.09.08 00:30,2026.09.08 01:23,SELL,LienKe,4421.238,4433.268,120.3,60.7,110.7,0.50,0.92,1,13,14,1,13,14,1,18,24,1,22,24,0,,,0,,,0,,,0,,,0,,,SL,-120.30,53
2026.09.08 03:49,2026.09.08 04:05,SELL,LienKe,4436.076,4443.003,69.3,9.5,64.4,0.14,0.93,0,,,0,,,0,,,0,,,0,,,0,,,0,,,0,,,0,,,SL,-69.27,16
2026.09.08 03:30,2026.09.08 04:05,SELL,LienKe,4432.271,4443.003,107.3,16.9,102.5,0.16,0.95,1,3,6,0,,,0,,,0,,,0,,,0,,,0,,,0,,,0,,,SL,-107.32,35
2026.09.08 04:15,2026.09.08 06:12,SELL,LienKe,4439.018,4446.097,70.8,282.3,18.9,3.99,0.27,1,5,43,1,5,43,1,6,43,1,8,43,1,54,-,1,57,-,1,71,-,1,75,-,0,,,TP,300.00,117
2026.09.08 04:15,2026.09.08 06:12,SELL,Swing,4439.018,4446.097,70.8,282.3,18.9,3.99,0.27,1,5,43,1,5,43,1,6,43,1,8,43,1,54,-,1,57,-,1,71,-,1,75,-,0,,,TP,300.00,117
2026.09.08 11:59,2026.09.08 12:59,SELL,LienKe,4405.673,4410.994,53.2,202.6,28.4,3.81,0.53,1,1,2,1,1,2,1,4,33,1,12,33,1,13,33,1,13,33,1,15,33,1,16,33,0,,,SL,-53.21,60
2026.09.08 11:45,2026.09.08 12:59,SELL,LienKe,4403.468,4410.994,75.3,180.6,50.4,2.40,0.67,1,2,13,1,2,13,1,3,13,1,7,13,1,27,45,1,28,45,1,30,45,0,,,0,,,SL,-75.26,74
2026.09.08 10:30,2026.09.08 12:59,SELL,LienKe,4399.557,4410.072,105.2,141.4,89.5,1.35,0.85,1,0,18,1,3,18,1,5,18,1,9,18,1,42,46,1,105,119,0,,,0,,,0,,,SL,-105.15,149
2026.09.08 15:00,2026.09.08 16:09,BUY,LienKe,4398.837,4385.886,129.5,106.1,92.6,0.82,0.71,1,1,22,1,1,22,1,2,22,1,3,22,1,3,22,1,17,22,0,,,0,,,0,,,SL,-129.51,69
2026.09.08 17:15,2026.09.08 18:49,SELL,LienKe,4395.680,4406.838,111.6,276.3,20.7,2.48,0.19,1,5,-,1,7,-,1,11,-,1,21,-,1,26,-,1,29,-,1,93,-,1,93,-,0,,,TP,300.00,94
2026.09.09 00:30,2026.09.09 01:35,BUY,Swing,4347.083,4337.916,91.7,298.6,36.1,3.26,0.39,1,9,-,1,9,-,1,9,-,1,14,-,1,15,-,1,19,-,1,29,-,1,37,-,0,,,TP,300.00,64
2026.09.09 00:30,2026.09.09 01:35,BUY,Swing,4347.157,4337.916,92.4,297.8,36.8,3.22,0.40,1,9,-,1,9,-,1,10,-,1,14,-,1,15,-,1,20,-,1,29,-,1,38,-,0,,,TP,300.00,65
2026.09.09 12:00,2026.09.09 13:21,SELL,Swing,4407.150,4418.395,112.5,160.7,112.4,1.43,1.00,1,2,3,1,3,62,1,4,62,1,6,62,1,15,62,1,19,62,1,30,62,0,,,0,,,SL,-112.45,81
2026.09.10 07:45,2026.09.10 08:33,BUY,Swing,4409.657,4400.900,87.6,58.4,84.5,0.67,0.96,1,1,18,1,1,18,1,6,18,1,6,18,0,,,0,,,0,,,0,,,0,,,SL,-87.57,48
2026.09.10 09:25,2026.09.10 10:33,BUY,LienKe,4392.208,4386.730,54.8,79.1,51.1,1.44,0.93,1,1,5,1,2,5,1,2,5,1,38,44,0,,,0,,,0,,,0,,,0,,,SL,-54.78,68
2026.09.10 09:15,2026.09.10 10:33,BUY,LienKe,4395.316,4386.730,85.9,48.0,82.2,0.56,0.96,1,1,2,1,48,53,1,49,53,0,,,0,,,0,,,0,,,0,,,0,,,SL,-85.86,78
2026.09.10 10:30,2026.09.10 12:25,SELL,LienKe,4394.245,4403.113,88.7,283.9,8.2,3.20,0.09,1,0,-,1,1,-,1,1,-,1,2,-,1,3,-,1,4,-,1,7,-,1,86,-,0,,,TP,300.00,115
2026.09.10 15:15,2026.09.10 18:02,BUY,LienKe,4359.763,4349.364,104.0,125.9,90.5,1.21,0.87,1,0,54,1,0,54,1,0,54,1,3,54,1,12,54,1,20,54,0,,,0,,,0,,,SL,-103.99,167
2026.09.10 22:15,2026.09.10 23:59,SELL,LienKe,4321.093,4327.882,67.9,97.7,12.2,1.44,0.18,1,1,2,1,12,-,1,16,-,1,17,-,1,99,-,0,,,0,,,0,,,0,,,CON_MO,0.00,104
