time_vao,time_dong,chieu,nguon,gia_vao,sl_goc,R_pip,mfe_pip,mae_pip,mfe_R,mae_R,cham10,phut10,phut_ve_entry_10,cham20,phut20,phut_ve_entry_20,cham30,phut30,phut_ve_entry_30,cham50,phut50,phut_ve_entry_50,cham80,phut80,phut_ve_entry_80,cham100,phut100,phut_ve_entry_100,cham150,phut150,phut_ve_entry_150,cham200,phut200,phut_ve_entry_200,cham300,phut300,phut_ve_entry_300,ket_cuc,lai_usd,phut_giu
2025.01.01 23:44,2025.01.02 15:34,BUY,Swing,2622.381,2619.151,32.3,286.8,7.1,8.88,0.22,1,6,-,1,14,-,1,25,-,1,59,-,1,82,-,1,104,-,1,541,-,1,635,-,0,,,TP,283.95,950
2025.01.01 23:41,2025.01.02 15:34,BUY,Swing,2622.769,2619.151,36.2,283.0,11.0,7.82,0.30,1,11,19,1,28,-,1,31,-,1,66,-,1,90,-,1,107,-,1,547,-,1,638,-,0,,,TP,283.95,953
2025.01.02 04:07,2025.01.03 01:00,BUY,LienKe,2632.387,2629.191,32.0,287.7,13.4,9.00,0.42,1,47,115,1,53,115,1,83,115,1,278,-,1,371,-,1,372,-,1,608,-,1,687,-,0,,,TP,294.65,1253
2025.01.02 04:07,2025.01.03 02:18,BUY,LienKe,2632.755,2629.191,35.6,298.3,17.0,8.37,0.48,1,47,115,1,81,115,1,84,115,1,281,361,1,371,-,1,372,-,1,608,-,1,687,-,0,,,TP,294.65,1331
2025.01.03 02:05,2025.01.03 05:52,BUY,LienKe,2656.832,2653.109,37.2,84.2,2.6,2.26,0.07,1,0,-,1,3,-,1,4,-,1,12,-,1,75,-,0,,,0,,,0,,,0,,,SL,0.00,227
2025.01.03 07:16,2025.01.03 07:22,BUY,Swing,2655.809,2652.603,32.1,2.9,21.2,0.09,0.66,0,,,0,,,0,,,0,,,0,,,0,,,0,,,0,,,0,,,SL,-32.06,6
2025.01.03 07:09,2025.01.03 07:22,BUY,Swing,2656.164,2652.603,35.6,8.9,24.7,0.25,0.69,0,,,0,,,0,,,0,,,0,,,0,,,0,,,0,,,0,,,SL,-35.61,13
2025.01.03 05:54,2025.01.03 07:22,BUY,Swing,2656.772,2652.909,38.6,34.7,30.8,0.90,0.80,1,2,36,1,6,36,1,14,36,0,,,0,,,0,,,0,,,0,,,0,,,SL,-38.63,88
2025.01.03 10:05,2025.01.03 11:16,SELL,LienKe,2655.893,2659.123,32.3,27.3,30.3,0.84,0.94,1,26,47,1,31,47,0,,,0,,,0,,,0,,,0,,,0,,,0,,,SL,-32.30,71
2025.01.03 10:05,2025.01.03 11:16,SELL,LienKe,2655.550,2659.123,35.7,23.8,33.7,0.67,0.94,1,28,43,1,31,43,0,,,0,,,0,,,0,,,0,,,0,,,0,,,SL,-35.73,71
2025.01.03 08:43,2025.01.03 13:23,BUY,LienKe,2651.815,2648.157,36.6,74.4,19.3,2.03,0.53,1,1,5,1,18,277,1,19,277,1,84,277,0,,,0,,,0,,,0,,,0,,,SL,-36.58,280
2025.01.03 08:36,2025.01.03 13:23,BUY,LienKe,2652.650,2648.157,44.9,66.1,27.6,1.47,0.61,1,25,282,1,26,282,1,30,282,1,143,282,0,,,0,,,0,,,0,,,0,,,SL,-44.93,287
2025.01.06 00:58,2025.01.06 01:16,SELL,Swing,2643.056,2646.343,32.9,21.5,32.1,0.65,0.98,1,2,13,1,7,13,0,,,0,,,0,,,0,,,0,,,0,,,0,,,SL,-32.87,18
2025.01.06 00:57,2025.01.06 01:16,SELL,Swing,2642.643,2646.343,37.0,17.4,36.2,0.47,0.98,1,5,11,0,,,0,,,0,,,0,,,0,,,0,,,0,,,0,,,SL,-37.00,19
2025.01.06 03:48,2025.01.06 04:22,BUY,LienKe,2640.158,2636.137,40.2,10.7,36.7,0.27,0.91,1,4,6,0,,,0,,,0,,,0,,,0,,,0,,,0,,,0,,,SL,-40.21,34
2025.01.03 02:20,2025.01.06 05:33,SELL,LienKe,2662.579,2667.049,44.7,290.4,28.3,6.50,0.63,1,2,38,1,3,38,1,7,38,1,211,-,1,300,-,1,302,-,1,678,-,1,779,-,0,,,TP,300.00,4513
2025.01.03 02:20,2025.01.06 05:47,SELL,LienKe,2661.629,2667.049,54.2,293.4,37.8,5.41,0.70,1,3,12,1,7,12,1,205,-,1,213,-,1,302,-,1,375,-,1,678,-,1,779,-,0,,,TP,300.00,4527
2025.01.06 10:36,2025.01.06 13:39,BUY,LienKe,2631.243,2628.137,31.1,182.7,23.7,5.88,0.76,1,5,181,1,9,181,1,20,181,1,38,181,1,41,181,1,46,181,1,56,181,0,,,0,,,SL,-31.06,182
2025.01.06 10:17,2025.01.06 13:39,BUY,LienKe,2632.206,2628.137,40.7,173.1,33.3,4.25,0.82,1,1,7,1,39,200,1,56,200,1,58,200,1,63,200,1,66,200,1,76,200,0,,,0,,,SL,-40.69,202
2025.01.06 13:10,2025.01.06 14:16,SELL,LienKe,2648.310,2651.848,35.4,264.7,3.2,7.48,0.09,1,0,-,1,1,-,1,5,-,1,12,-,1,23,-,1,24,-,1,27,-,1,29,-,0,,,TP,300.00,66
2025.01.06 13:10,2025.01.06 14:17,SELL,LienKe,2647.689,2651.848,41.6,294.0,9.4,7.07,0.23,1,1,-,1,4,-,1,7,-,1,15,-,1,23,-,1,25,-,1,27,-,1,29,-,0,,,TP,300.00,67
2025.01.07 10:38,2025.01.07 11:45,SELL,LienKe,2644.182,2647.488,33.1,20.3,29.2,0.61,0.88,1,10,12,1,43,45,0,,,0,,,0,,,0,,,0,,,0,,,0,,,SL,-33.06,67
2025.01.07 10:33,2025.01.07 11:45,SELL,LienKe,2644.134,2647.488,33.5,19.8,29.7,0.59,0.89,1,15,17,0,,,0,,,0,,,0,,,0,,,0,,,0,,,0,,,SL,-33.54,72
2025.01.07 12:03,2025.01.07 12:40,SELL,LienKe,2648.535,2651.721,31.9,10.2,29.9,0.32,0.94,1,12,15,0,,,0,,,0,,,0,,,0,,,0,,,0,,,0,,,SL,-31.86,37
2025.01.07 12:01,2025.01.07 12:40,SELL,LienKe,2648.197,2651.721,35.2,6.8,33.3,0.19,0.94,0,,,0,,,0,,,0,,,0,,,0,,,0,,,0,,,0,,,SL,-35.24,39
2025.01.08 09:08,2025.01.08 13:03,SELL,LienKe,2653.765,2657.075,33.1,77.6,27.8,2.34,0.84,1,41,49,1,116,232,1,138,232,1,141,232,0,,,0,,,0,,,0,,,0,,,SL,-33.10,235
2025.01.08 09:08,2025.01.08 13:03,SELL,LienKe,2653.450,2657.075,36.3,74.4,31.0,2.05,0.85,1,113,232,1,125,232,1,138,232,1,145,232,0,,,0,,,0,,,0,,,0,,,SL,-36.25,235
2025.01.07 04:28,2025.01.08 16:42,BUY,LienKe,2638.055,2634.267,37.9,299.8,10.3,7.92,0.27,1,22,28,1,48,206,1,53,206,1,54,206,1,99,206,1,445,-,1,514,-,1,532,-,0,,,TP,294.65,2174
2025.01.07 07:23,2025.01.08 16:53,BUY,LienKe,2639.818,2636.668,31.5,299.4,18.1,9.50,0.57,1,7,12,1,37,-,1,40,-,1,70,-,1,265,-,1,284,-,1,348,-,1,357,-,0,,,TP,294.65,2010
2025.01.08 15:02,2025.01.08 17:31,BUY,LienKe,2660.925,2656.398,45.3,91.3,9.6,2.02,0.21,1,0,-,1,0,-,1,1,-,1,17,-,1,106,-,0,,,0,,,0,,,0,,,SL,0.00,149
2025.01.08 15:40,2025.01.09 11:27,SELL,LienKe,2666.597,2670.835,42.4,170.5,36.1,4.02,0.85,1,6,9,1,7,9,1,31,41,1,110,918,1,116,918,1,116,918,1,119,918,0,,,0,,,SL,-42.38,1187
2025.01.07 07:17,2025.01.09 11:27,BUY,LienKe,2640.432,2636.668,37.6,296.2,24.2,7.87,0.64,1,43,111,1,44,111,1,47,111,1,226,-,1,276,-,1,290,-,1,359,-,1,363,-,0,,,TP,278.60,3130
2025.01.08 03:43,2025.01.09 13:25,BUY,LienKe,2646.149,2642.569,35.8,296.5,9.5,8.28,0.26,1,2,60,1,27,60,1,101,522,1,149,522,1,207,522,1,558,-,1,617,-,1,653,-,0,,,TP,283.95,2022
2025.01.10 03:31,2025.01.10 06:45,SELL,LienKe,2674.565,2677.757,31.9,28.2,26.5,0.88,0.83,1,11,126,1,66,126,0,,,0,,,0,,,0,,,0,,,0,,,0,,,SL,-31.92,194
2025.01.10 03:31,2025.01.10 06:45,SELL,LienKe,2674.337,2677.757,34.2,25.9,28.8,0.76,0.84,1,15,118,1,69,118,0,,,0,,,0,,,0,,,0,,,0,,,0,,,SL,-34.20,194
2025.01.10 08:21,2025.01.10 09:25,SELL,LienKe,2678.293,2681.966,36.7,18.8,29.0,0.51,0.79,1,31,36,0,,,0,,,0,,,0,,,0,,,0,,,0,,,0,,,SL,-36.73,64
2025.01.10 08:11,2025.01.10 09:25,SELL,LienKe,2677.777,2681.966,41.9,13.7,34.2,0.33,0.82,1,3,6,0,,,0,,,0,,,0,,,0,,,0,,,0,,,0,,,SL,-41.89,74
2025.01.10 05:01,2025.01.10 13:30,BUY,LienKe,2672.105,2668.594,35.1,109.8,5.2,3.13,0.15,1,12,-,1,27,-,1,41,-,1,104,-,1,203,-,1,264,-,0,,,0,,,0,,,SL,-35.11,509
2025.01.10 04:39,2025.01.10 13:30,BUY,LienKe,2672.502,2669.214,32.9,105.9,9.1,3.22,0.28,1,37,-,1,58,-,1,64,-,1,126,-,1,279,-,1,340,-,0,,,0,,,0,,,SL,-32.88,531
2025.01.10 04:39,2025.01.10 13:30,BUY,LienKe,2672.751,2669.214,35.4,103.4,11.6,2.92,0.33,1,38,-,1,60,-,1,65,-,1,126,-,1,283,-,1,387,-,0,,,0,,,0,,,SL,-35.37,531
2025.01.10 09:20,2025.01.10 13:59,SELL,LienKe,2680.417,2683.698,32.8,162.6,32.1,4.96,0.98,1,10,12,1,39,45,1,176,230,1,199,230,1,250,268,1,250,268,1,250,268,0,,,0,,,SL,-32.81,278
2025.01.10 09:19,2025.01.10 13:59,SELL,LienKe,2680.085,2683.698,36.1,159.3,35.4,4.41,0.98,1,23,27,1,173,231,1,188,231,1,201,231,1,251,269,1,251,269,1,254,269,0,,,0,,,SL,-36.13,280
2025.01.10 11:07,2025.01.10 14:03,SELL,LienKe,2682.463,2685.785,33.2,183.1,29.3,5.51,0.88,1,3,23,1,9,23,1,55,168,1,70,168,1,143,168,1,143,168,1,143,168,0,,,0,,,SL,-33.22,176
2025.01.10 11:07,2025.01.10 14:03,SELL,LienKe,2682.104,2685.785,36.8,179.5,32.9,4.88,0.89,1,8,12,1,54,168,1,57,168,1,80,168,1,143,168,1,143,168,1,143,168,0,,,0,,,SL,-36.81,176
2025.01.09 04:35,2025.01.10 14:05,BUY,Swing,2656.307,2653.028,32.8,297.7,8.7,9.08,0.27,1,15,-,1,22,-,1,26,-,1,116,-,1,128,-,1,143,-,1,412,-,1,532,-,0,,,TP,294.65,2009
2025.01.09 04:35,2025.01.10 14:05,BUY,Swing,2656.450,2653.028,34.2,296.3,10.1,8.66,0.30,1,21,-,1,23,-,1,26,-,1,117,-,1,128,-,1,143,-,1,412,-,1,532,-,0,,,TP,294.65,2010
2025.01.13 01:02,2025.01.13 01:09,BUY,LienKe,2688.122,2684.714,34.1,0.0,33.5,0.00,0.98,0,,,0,,,0,,,0,,,0,,,0,,,0,,,0,,,0,,,SL,-34.08,7
2025.01.13 01:02,2025.01.13 01:09,BUY,LienKe,2688.639,2684.714,39.3,0.6,38.6,0.01,0.98,0,,,0,,,0,,,0,,,0,,,0,,,0,,,0,,,0,,,SL,-39.25,7
2025.01.13 08:23,2025.01.13 10:03,BUY,LienKe,2685.166,2680.997,41.7,46.0,23.3,1.10,0.56,1,1,61,1,7,61,1,11,61,0,,,0,,,0,,,0,,,0,,,0,,,SL,-41.69,100
2025.01.13 02:32,2025.01.13 17:05,SELL,LienKe,2690.117,2693.565,34.5,298.3,13.7,8.65,0.40,1,2,24,1,4,24,1,36,92,1,127,230,1,451,-,1,452,-,1,568,-,1,590,-,0,,,TP,300.00,873
2025.01.13 02:18,2025.01.13 18:25,SELL,LienKe,2689.225,2693.565,43.4,298.8,22.6,6.89,0.52,1,18,19,1,50,106,1,62,106,1,192,240,1,465,-,1,466,-,1,582,-,1,611,-,0,,,TP,300.00,967
2025.01.14 04:20,2025.01.14 09:41,BUY,LienKe,2668.684,2665.406,32.8,66.9,29.1,2.04,0.89,1,4,87,1,19,87,1,21,87,1,35,87,0,,,0,,,0,,,0,,,0,,,SL,-32.78,321
2025.01.14 04:13,2025.01.14 09:41,BUY,LienKe,2669.136,2665.406,37.3,62.3,33.6,1.67,0.90,1,20,79,1,27,79,1,30,79,1,48,79,0,,,0,,,0,,,0,,,0,,,SL,-37.30,328
2025.01.14 11:23,2025.01.14 13:38,BUY,LienKe,2664.945,2661.453,34.9,94.8,2.9,2.71,0.08,1,4,120,1,8,120,1,26,120,1,41,120,1,127,-,0,,,0,,,0,,,0,,,SL,-34.92,135
2025.01.14 16:14,2025.01.14 19:36,SELL,LienKe,2672.755,2676.007,32.5,59.2,24.4,1.82,0.75,1,7,8,1,11,23,1,51,169,1,112,169,0,,,0,,,0,,,0,,,0,,,SL,-32.52,202
2025.01.14 16:03,2025.01.14 19:36,SELL,LienKe,2672.458,2676.007,35.5,56.2,27.4,1.58,0.77,1,1,10,1,25,33,1,63,174,1,125,174,0,,,0,,,0,,,0,,,0,,,SL,-35.49,213
2025.01.15 09:11,2025.01.15 10:35,SELL,LienKe,2685.338,2688.695,33.6,13.4,33.5,0.40,1.00,1,13,16,0,,,0,,,0,,,0,,,0,,,0,,,0,,,0,,,SL,-33.57,84
2025.01.15 09:11,2025.01.15 10:35,SELL,LienKe,2685.042,2688.695,36.5,10.5,36.4,0.29,1.00,1,15,16,0,,,0,,,0,,,0,,,0,,,0,,,0,,,0,,,SL,-36.53,84
2025.01.15 10:39,2025.01.15 13:30,SELL,LienKe,2688.325,2691.886,35.6,60.4,9.0,1.70,0.25,1,3,10,1,40,64,1,60,64,1,141,-,0,,,0,,,0,,,0,,,0,,,SL,-35.61,171
2025.01.15 10:36,2025.01.15 13:30,SELL,LienKe,2687.779,2691.886,41.1,54.9,14.5,1.34,0.35,1,8,9,1,44,51,1,105,-,1,168,-,0,,,0,,,0,,,0,,,0,,,SL,-41.07,174
2025.01.15 12:20,2025.01.15 14:34,BUY,LienKe,2685.161,2681.919,32.4,108.9,30.3,3.36,0.94,1,7,25,1,10,25,1,70,78,1,70,78,1,72,78,1,100,-,0,,,0,,,0,,,SL,-32.42,134
2025.01.15 12:07,2025.01.15 14:34,BUY,LienKe,2685.561,2681.919,36.4,104.9,34.3,2.88,0.94,1,5,10,1,83,91,1,83,91,1,83,91,1,111,146,1,113,146,0,,,0,,,0,,,SL,-36.42,147
2025.01.15 23:03,2025.01.16 01:34,SELL,LienKe,2696.619,2700.970,43.5,36.0,43.4,0.83,1.00,1,0,1,1,59,73,1,63,73,0,,,0,,,0,,,0,,,0,,,0,,,SL,-43.51,151
2025.01.16 06:10,2025.01.16 06:18,BUY,LienKe,2693.883,2690.676,32.1,3.0,30.4,0.09,0.95,0,,,0,,,0,,,0,,,0,,,0,,,0,,,0,,,0,,,SL,-32.07,8
2025.01.16 06:04,2025.01.16 06:18,BUY,LienKe,2694.463,2690.676,37.9,3.6,36.2,0.09,0.96,0,,,0,,,0,,,0,,,0,,,0,,,0,,,0,,,0,,,SL,-37.87,14
2025.01.16 15:28,2025.01.16 16:54,SELL,LienKe,2718.749,2722.486,37.4,59.6,34.2,1.59,0.91,1,1,2,1,11,35,1,15,35,1,20,35,0,,,0,,,0,,,0,,,0,,,SL,-37.37,86
2025.01.16 15:06,2025.01.16 16:54,SELL,LienKe,2717.510,2722.486,49.8,47.2,46.5,0.95,0.94,1,0,3,1,2,3,1,8,18,0,,,0,,,0,,,0,,,0,,,0,,,SL,-49.76,108
2025.01.16 16:15,2025.01.16 17:25,SELL,LienKe,2719.766,2723.132,33.7,21.2,31.5,0.63,0.94,1,2,4,1,9,17,0,,,0,,,0,,,0,,,0,,,0,,,0,,,SL,-33.66,70
2025.01.16 16:14,2025.01.16 17:25,SELL,LienKe,2719.414,2723.132,37.2,17.7,35.0,0.48,0.94,1,0,1,0,,,0,,,0,,,0,,,0,,,0,,,0,,,0,,,SL,-37.18,71
2025.01.16 19:50,2025.01.17 01:02,BUY,LienKe,2715.175,2711.646,35.3,18.6,27.7,0.53,0.79,1,26,28,0,,,0,,,0,,,0,,,0,,,0,,,0,,,0,,,SL,-40.64,312
2025.01.17 13:25,2025.01.17 15:05,SELL,LienKe,2710.612,2715.097,44.9,77.0,42.6,1.72,0.95,1,0,80,1,2,80,1,5,80,1,10,80,0,,,0,,,0,,,0,,,0,,,SL,-44.85,100
2025.01.17 14:33,2025.01.19 23:16,BUY,Swing,2705.038,2699.757,52.8,122.2,58.0,2.31,1.10,1,1,268,1,2,268,1,2,268,1,12,268,1,27,268,1,83,268,0,,,0,,,0,,,SL,-58.16,3403
2025.01.16 17:08,2025.01.19 23:27,SELL,LienKe,2722.323,2725.598,32.8,296.5,25.8,9.05,0.79,1,5,10,1,68,-,1,75,-,1,91,-,1,237,-,1,474,-,1,977,-,1,1612,-,0,,,TP,300.00,4699
2025.01.16 17:06,2025.01.19 23:28,SELL,LienKe,2722.001,2725.598,36.0,296.9,29.0,8.25,0.81,1,11,12,1,71,-,1,77,-,1,95,-,1,244,-,1,476,-,1,979,-,1,1615,-,0,,,TP,300.00,4702
2025.01.20 04:17,2025.01.20 05:44,SELL,LienKe,2703.971,2707.107,31.4,15.3,31.2,0.49,1.00,1,11,18,0,,,0,,,0,,,0,,,0,,,0,,,0,,,0,,,SL,-31.36,87
2025.01.20 04:13,2025.01.20 05:44,SELL,LienKe,2703.700,2707.107,34.1,12.6,33.9,0.37,1.00,1,18,22,0,,,0,,,0,,,0,,,0,,,0,,,0,,,0,,,SL,-34.07,91
2025.01.20 05:34,2025.01.20 06:18,SELL,LienKe,2706.406,2709.621,32.2,25.6,31.7,0.80,0.99,1,13,22,1,15,22,0,,,0,,,0,,,0,,,0,,,0,,,0,,,SL,-32.15,43
2025.01.20 05:32,2025.01.20 06:18,SELL,LienKe,2705.993,2709.621,36.3,21.5,35.8,0.59,0.99,1,15,23,1,17,23,0,,,0,,,0,,,0,,,0,,,0,,,0,,,SL,-36.28,46
2025.01.20 11:06,2025.01.21 01:27,SELL,LienKe,2709.827,2712.976,31.5,76.9,28.1,2.44,0.89,1,17,63,1,17,63,1,26,63,1,147,160,0,,,0,,,0,,,0,,,0,,,SL,-31.49,861
2025.01.20 11:06,2025.01.21 01:27,SELL,LienKe,2709.656,2712.976,33.2,75.2,29.8,2.26,0.90,1,17,63,1,18,63,1,27,63,1,149,161,0,,,0,,,0,,,0,,,0,,,SL,-33.20,861
2025.01.21 03:01,2025.01.21 05:04,SELL,LienKe,2725.804,2729.260,34.6,44.0,27.0,1.27,0.78,1,1,21,1,4,21,1,4,21,0,,,0,,,0,,,0,,,0,,,0,,,SL,-34.56,123
2025.01.21 03:01,2025.01.21 05:04,SELL,LienKe,2725.354,2729.260,39.1,39.5,31.5,1.01,0.81,1,3,21,1,4,21,1,5,21,0,,,0,,,0,,,0,,,0,,,0,,,SL,-39.06,123
2025.01.21 04:50,2025.01.21 07:38,SELL,LienKe,2726.974,2730.109,31.3,41.2,26.5,1.31,0.85,1,49,54,1,101,115,1,113,115,0,,,0,,,0,,,0,,,0,,,0,,,SL,-31.35,168
2025.01.21 04:31,2025.01.21 07:38,SELL,LienKe,2726.825,2730.109,32.8,39.7,28.0,1.21,0.85,1,4,6,1,11,16,1,11,16,0,,,0,,,0,,,0,,,0,,,0,,,SL,-32.84,187
2025.01.21 06:22,2025.01.21 07:41,SELL,LienKe,2728.890,2732.466,35.8,60.4,34.7,1.69,0.97,1,5,75,1,6,75,1,7,75,1,38,75,0,,,0,,,0,,,0,,,0,,,SL,-35.76,79
2025.01.21 11:55,2025.01.21 12:43,SELL,LienKe,2723.961,2727.200,32.4,17.7,32.4,0.55,1.00,1,6,18,0,,,0,,,0,,,0,,,0,,,0,,,0,,,0,,,SL,-32.39,48
2025.01.21 11:55,2025.01.21 12:43,SELL,LienKe,2723.748,2727.200,34.5,15.6,34.5,0.45,1.00,1,6,18,0,,,0,,,0,,,0,,,0,,,0,,,0,,,0,,,SL,-34.52,48
2025.01.20 09:20,2025.01.21 14:43,BUY,LienKe,2704.015,2700.009,40.1,299.0,20.4,7.46,0.51,1,4,255,1,5,255,1,35,255,1,69,255,1,113,255,1,981,-,1,996,-,1,1039,-,0,,,TP,294.65,1763
2025.01.20 16:35,2025.01.21 14:47,BUY,LienKe,2705.489,2700.149,53.4,295.0,26.9,5.52,0.50,1,1,43,1,3,43,1,9,43,1,64,94,1,532,-,1,547,-,1,570,-,1,606,-,0,,,TP,294.65,1332
2025.01.20 16:25,2025.01.21 14:47,BUY,LienKe,2705.545,2700.149,54.0,294.4,27.5,5.46,0.51,1,0,7,1,1,7,1,19,53,1,74,104,1,542,-,1,557,-,1,580,-,1,616,-,0,,,TP,294.65,1342
2025.01.20 11:35,2025.01.21 14:47,BUY,LienKe,2705.527,2701.835,36.9,294.6,35.5,7.98,0.96,1,1,118,1,3,118,1,25,118,1,115,118,1,832,-,1,847,-,1,870,-,1,906,-,0,,,TP,294.65,1632
2025.01.20 11:35,2025.01.21 14:52,BUY,LienKe,2705.728,2701.835,38.9,299.9,37.5,7.70,0.96,1,2,118,1,6,118,1,31,118,1,163,207,1,846,-,1,847,-,1,870,-,1,910,-,0,,,TP,294.65,1637
2025.01.21 16:14,2025.01.21 16:19,SELL,LienKe,2740.079,2743.386,33.1,0.0,25.2,0.00,0.76,0,,,0,,,0,,,0,,,0,,,0,,,0,,,0,,,0,,,SL,-33.07,5
2025.01.21 16:12,2025.01.21 16:19,SELL,LienKe,2739.669,2743.386,37.2,10.3,29.3,0.28,0.79,1,0,1,0,,,0,,,0,,,0,,,0,,,0,,,0,,,0,,,SL,-37.17,7
2025.01.21 15:02,2025.01.21 16:19,SELL,LienKe,2738.643,2742.732,40.9,38.8,39.6,0.95,0.97,1,0,3,1,11,47,1,16,47,0,,,0,,,0,,,0,,,0,,,0,,,SL,-40.89,77
2025.01.21 15:02,2025.01.21 16:19,SELL,LienKe,2738.343,2742.732,43.9,35.8,42.6,0.82,0.97,1,1,1,1,11,47,1,28,47,0,,,0,,,0,,,0,,,0,,,0,,,SL,-43.89,77
2025.01.22 03:36,2025.01.22 05:27,SELL,Swing,2749.999,2753.242,32.4,12.5,31.3,0.38,0.96,1,7,19,0,,,0,,,0,,,0,,,0,,,0,,,0,,,0,,,SL,-32.43,111
2025.01.22 03:36,2025.01.22 05:27,SELL,Swing,2749.681,2753.242,35.6,9.3,34.4,0.26,0.97,0,,,0,,,0,,,0,,,0,,,0,,,0,,,0,,,0,,,SL,-35.61,111
2025.01.22 09:02,2025.01.22 09:11,SELL,LienKe,2753.749,2757.192,34.4,2.3,34.3,0.07,1.00,0,,,0,,,0,,,0,,,0,,,0,,,0,,,0,,,0,,,SL,-34.43,9
2025.01.22 23:31,2025.01.23 01:47,BUY,LienKe,2754.965,2751.764,32.0,16.9,22.1,0.53,0.69,1,16,29,0,,,0,,,0,,,0,,,0,,,0,,,0,,,0,,,SL,-48.06,136
2025.01.22 23:31,2025.01.23 01:47,BUY,Swing,2754.965,2751.764,32.0,16.9,22.1,0.53,0.69,1,16,29,0,,,0,,,0,,,0,,,0,,,0,,,0,,,0,,,SL,-48.06,136
2025.01.22 23:16,2025.01.23 01:47,BUY,LienKe,2755.254,2751.764,34.9,14.1,25.0,0.40,0.72,1,31,44,0,,,0,,,0,,,0,,,0,,,0,,,0,,,0,,,SL,-50.95,151
2025.01.22 23:16,2025.01.23 01:47,BUY,Swing,2755.254,2751.764,34.9,14.1,25.0,0.40,0.72,1,31,44,0,,,0,,,0,,,0,,,0,,,0,,,0,,,0,,,SL,-50.95,151
2025.01.23 03:08,2025.01.23 09:20,BUY,LienKe,2752.154,2748.964,31.9,34.1,26.5,1.07,0.83,1,73,92,1,182,233,1,195,233,0,,,0,,,0,,,0,,,0,,,0,,,SL,-31.90,372
2025.01.23 03:02,2025.01.23 09:20,BUY,LienKe,2752.528,2748.964,35.6,30.4,30.2,0.85,0.85,1,88,93,1,200,239,1,202,239,0,,,0,,,0,,,0,,,0,,,0,,,SL,-35.64,378
2025.01.22 02:45,2025.01.23 09:27,BUY,LienKe,2746.707,2743.252,34.5,167.5,32.0,4.85,0.93,1,3,220,1,6,220,1,44,220,1,103,220,1,171,220,1,187,220,1,403,1836,0,,,0,,,SL,-50.60,1842
2025.01.22 02:45,2025.01.23 09:27,BUY,LienKe,2747.331,2743.252,40.8,161.3,38.2,3.95,0.94,1,6,219,1,9,219,1,52,219,1,119,219,1,173,219,1,188,219,1,407,1836,0,,,0,,,SL,-56.84,1842
2025.01.23 14:24,2025.01.23 15:41,SELL,LienKe,2745.747,2749.081,33.3,50.8,23.4,1.52,0.70,1,1,7,1,14,32,1,19,32,1,20,32,0,,,0,,,0,,,0,,,0,,,SL,-33.34,77
2025.01.23 14:24,2025.01.23 15:41,SELL,LienKe,2745.373,2749.081,37.1,47.1,27.2,1.27,0.73,1,2,4,1,14,30,1,19,30,0,,,0,,,0,,,0,,,0,,,0,,,SL,-37.08,77
2025.01.23 06:10,2025.01.23 16:45,SELL,LienKe,2753.299,2756.556,32.6,173.7,24.3,5.33,0.75,1,89,98,1,190,292,1,190,292,1,191,292,1,195,292,1,197,292,1,436,629,0,,,0,,,SL,-32.57,635
2025.01.23 06:10,2025.01.23 16:45,SELL,LienKe,2753.059,2756.556,35.0,171.3,26.7,4.90,0.76,1,92,97,1,190,292,1,190,292,1,191,292,1,195,292,1,197,292,1,436,629,0,,,0,,,SL,-34.97,635
2025.01.24 16:02,2025.01.24 16:52,BUY,LienKe,2775.262,2771.605,36.6,23.0,33.9,0.63,0.93,1,3,4,1,8,10,0,,,0,,,0,,,0,,,0,,,0,,,0,,,SL,-36.57,50
2025.01.24 16:01,2025.01.24 16:52,BUY,LienKe,2776.393,2771.605,47.9,11.7,45.3,0.24,0.95,1,9,10,0,,,0,,,0,,,0,,,0,,,0,,,0,,,0,,,SL,-47.88,51
2025.01.27 05:28,2025.01.27 06:01,BUY,LienKe,2755.610,2752.387,32.2,8.3,28.5,0.26,0.88,0,,,0,,,0,,,0,,,0,,,0,,,0,,,0,,,0,,,SL,-32.23,33
2025.01.27 05:10,2025.01.27 06:01,BUY,LienKe,2755.964,2752.387,35.8,11.9,32.0,0.33,0.90,1,6,10,0,,,0,,,0,,,0,,,0,,,0,,,0,,,0,,,SL,-35.77,51
2025.01.27 07:27,2025.01.27 07:30,BUY,LienKe,2751.073,2747.391,36.8,0.0,30.9,0.00,0.84,0,,,0,,,0,,,0,,,0,,,0,,,0,,,0,,,0,,,SL,-36.82,2
2025.01.27 07:27,2025.01.27 07:30,BUY,LienKe,2751.460,2747.391,40.7,2.1,34.8,0.05,0.85,0,,,0,,,0,,,0,,,0,,,0,,,0,,,0,,,0,,,SL,-40.69,3
2025.01.27 11:56,2025.01.27 15:35,SELL,LienKe,2770.956,2774.128,31.7,298.0,13.1,9.39,0.41,1,10,-,1,10,-,1,13,-,1,16,-,1,24,-,1,31,-,1,102,-,1,148,-,0,,,TP,300.00,219
2025.01.27 11:56,2025.01.27 15:35,SELL,LienKe,2770.607,2774.128,35.2,294.5,16.6,8.36,0.47,1,10,-,1,11,-,1,13,-,1,18,-,1,26,-,1,42,-,1,103,-,1,148,-,0,,,TP,300.00,219
2025.01.27 16:13,2025.01.27 16:51,BUY,LienKe,2739.391,2735.500,38.9,37.8,35.1,0.97,0.90,1,1,7,1,14,29,1,24,29,0,,,0,,,0,,,0,,,0,,,0,,,SL,-38.91,38
2025.01.27 16:13,2025.01.27 16:51,BUY,LienKe,2739.792,2735.500,42.9,33.8,39.2,0.79,0.91,1,1,5,1,15,22,1,24,29,0,,,0,,,0,,,0,,,0,,,0,,,SL,-42.92,38
2025.01.28 03:22,2025.01.28 05:09,SELL,LienKe,2741.299,2744.843,35.4,33.2,29.0,0.94,0.82,1,3,67,1,5,67,1,13,67,0,,,0,,,0,,,0,,,0,,,0,,,SL,-35.44,107
2025.01.28 02:01,2025.01.28 08:27,BUY,Swing,2740.241,2736.410,38.3,46.5,37.6,1.21,0.98,1,9,11,1,178,270,1,180,270,0,,,0,,,0,,,0,,,0,,,0,,,SL,-38.31,386
2025.01.28 02:00,2025.01.28 08:27,BUY,LienKe,2741.599,2736.410,51.9,32.9,51.2,0.63,0.99,1,179,222,1,181,222,1,189,222,0,,,0,,,0,,,0,,,0,,,0,,,SL,-51.89,387
2025.01.28 02:00,2025.01.28 08:27,BUY,Swing,2741.599,2736.410,51.9,32.9,51.2,0.63,0.99,1,179,222,1,181,222,1,189,222,0,,,0,,,0,,,0,,,0,,,0,,,SL,-51.89,387
2025.01.28 08:05,2025.01.28 08:33,BUY,LienKe,2738.443,2735.016,34.3,13.5,33.3,0.39,0.97,1,3,8,0,,,0,,,0,,,0,,,0,,,0,,,0,,,0,,,SL,-34.27,28
2025.01.28 08:02,2025.01.28 08:33,BUY,LienKe,2739.125,2735.016,41.1,8.2,40.2,0.20,0.98,0,,,0,,,0,,,0,,,0,,,0,,,0,,,0,,,0,,,SL,-41.09,31
2025.01.28 05:01,2025.01.28 13:00,SELL,LienKe,2742.777,2745.989,32.1,78.6,30.3,2.45,0.94,1,41,75,1,88,142,1,96,142,1,194,245,0,,,0,,,0,,,0,,,0,,,SL,-32.12,478
2025.01.28 05:01,2025.01.28 13:00,SELL,LienKe,2742.708,2745.989,32.8,77.9,31.0,2.37,0.94,1,41,75,1,89,142,1,98,142,1,194,244,0,,,0,,,0,,,0,,,0,,,SL,-32.81,479
2025.01.28 10:08,2025.01.28 13:31,SELL,LienKe,2744.836,2748.172,33.4,37.5,31.0,1.13,0.93,1,9,20,1,37,165,1,42,165,0,,,0,,,0,,,0,,,0,,,0,,,SL,-33.36,203
2025.01.28 10:08,2025.01.28 13:31,SELL,LienKe,2744.476,2748.172,37.0,33.9,34.6,0.92,0.94,1,10,19,1,41,79,1,42,79,0,,,0,,,0,,,0,,,0,,,0,,,SL,-36.96,203
2025.01.27 23:30,2025.01.28 13:31,SELL,LienKe,2743.869,2748.325,44.6,89.5,40.7,2.01,0.91,1,0,63,1,0,63,1,5,63,1,155,331,1,541,577,0,,,0,,,0,,,0,,,SL,-44.56,841
2025.01.28 15:20,2025.01.28 16:56,SELL,LienKe,2756.391,2759.797,34.1,16.4,31.0,0.48,0.91,1,4,6,0,,,0,,,0,,,0,,,0,,,0,,,0,,,0,,,SL,-34.06,96
2025.01.28 15:19,2025.01.28 16:56,SELL,LienKe,2755.668,2759.797,41.3,9.1,38.2,0.22,0.93,0,,,0,,,0,,,0,,,0,,,0,,,0,,,0,,,0,,,SL,-41.29,97
2025.01.27 17:08,2025.01.28 18:48,BUY,LienKe,2733.376,2729.268,41.1,298.7,29.2,7.27,0.71,1,14,33,1,19,33,1,23,33,1,123,-,1,208,-,1,241,-,1,1223,-,1,1277,-,0,,,TP,294.65,1540
2025.01.27 17:06,2025.01.28 19:30,BUY,LienKe,2734.387,2729.268,51.2,298.5,39.3,5.83,0.77,1,21,33,1,25,33,1,84,-,1,130,-,1,212,-,1,383,-,1,1228,-,1,1282,-,0,,,TP,294.65,1584
2025.01.29 06:04,2025.01.29 12:08,BUY,LienKe,2760.050,2756.816,32.3,60.3,31.0,1.87,0.96,1,6,8,1,13,28,1,132,260,1,150,260,0,,,0,,,0,,,0,,,0,,,SL,-32.34,364
2025.01.29 06:04,2025.01.29 12:08,BUY,LienKe,2760.406,2756.816,35.9,56.8,34.5,1.58,0.96,1,13,21,1,127,190,1,133,190,1,150,190,0,,,0,,,0,,,0,,,0,,,SL,-35.90,364
2025.01.29 15:22,2025.01.29 15:27,BUY,LienKe,2756.575,2753.265,33.1,0.0,26.9,0.00,0.81,0,,,0,,,0,,,0,,,0,,,0,,,0,,,0,,,0,,,SL,-33.10,5
2025.01.29 15:03,2025.01.29 15:27,BUY,LienKe,2756.998,2753.265,37.3,23.6,31.2,0.63,0.83,1,1,3,1,10,18,0,,,0,,,0,,,0,,,0,,,0,,,0,,,SL,-37.33,24
2025.01.29 14:06,2025.01.30 00:42,SELL,LienKe,2759.216,2762.581,33.7,143.1,30.2,4.25,0.90,1,18,27,1,20,27,1,76,468,1,80,468,1,82,468,1,90,468,0,,,0,,,0,,,SL,-33.65,636
2025.01.29 14:06,2025.01.30 00:42,SELL,LienKe,2758.804,2762.581,37.8,139.0,34.3,3.68,0.91,1,19,24,1,20,24,1,78,376,1,81,376,1,82,376,1,90,376,0,,,0,,,0,,,SL,-37.77,636
2025.01.30 03:48,2025.01.30 06:57,SELL,LienKe,2761.878,2765.168,32.9,30.9,26.8,0.94,0.81,1,52,140,1,99,140,1,111,140,0,,,0,,,0,,,0,,,0,,,0,,,SL,-32.90,189
2025.01.30 03:45,2025.01.30 06:57,SELL,LienKe,2761.591,2765.168,35.8,28.0,29.6,0.78,0.83,1,56,143,1,113,143,0,,,0,,,0,,,0,,,0,,,0,,,0,,,SL,-35.77,192
2025.01.30 04:05,2025.01.30 06:58,SELL,LienKe,2762.616,2765.771,31.6,38.2,26.1,1.21,0.83,1,27,157,1,36,157,1,93,157,0,,,0,,,0,,,0,,,0,,,0,,,SL,-31.55,173
2025.01.30 04:05,2025.01.30 06:58,SELL,LienKe,2762.447,2765.771,33.2,36.5,27.8,1.10,0.84,1,32,138,1,44,138,1,93,138,0,,,0,,,0,,,0,,,0,,,0,,,SL,-33.24,173
2025.01.30 05:34,2025.01.30 15:07,BUY,LienKe,2759.759,2756.619,31.4,297.6,11.3,9.48,0.36,1,24,-,1,34,-,1,82,-,1,83,-,1,103,-,1,146,-,1,199,-,1,423,-,0,,,TP,300.00,572
2025.01.30 05:29,2025.01.30 15:15,BUY,LienKe,2760.173,2756.619,35.5,298.8,15.4,8.41,0.43,1,31,-,1,54,-,1,87,-,1,89,-,1,109,-,1,153,-,1,204,-,1,428,-,0,,,TP,300.00,586
2025.01.31 20:02,2025.02.02 23:24,BUY,Swing,2795.098,2791.775,33.2,95.5,23.7,2.88,0.71,1,6,3079,1,8,3079,1,42,3079,1,46,3079,1,3066,3079,0,,,0,,,0,,,0,,,SL,-38.58,3082
2025.01.31 20:02,2025.02.02 23:24,BUY,Swing,2795.541,2791.775,37.7,91.1,28.1,2.42,0.75,1,7,3079,1,13,3079,1,42,3079,1,48,3079,1,3067,3079,0,,,0,,,0,,,0,,,SL,-43.01,3082
2025.02.03 07:04,2025.02.03 08:12,SELL,LienKe,2788.094,2791.620,35.3,26.7,34.8,0.76,0.99,1,1,3,1,31,38,0,,,0,,,0,,,0,,,0,,,0,,,0,,,SL,-35.26,68
2025.02.03 07:04,2025.02.03 08:12,SELL,LienKe,2787.965,2791.620,36.5,25.4,36.1,0.69,0.99,1,1,3,1,32,38,0,,,0,,,0,,,0,,,0,,,0,,,0,,,SL,-36.55,68
2025.02.03 12:30,2025.02.03 12:38,SELL,LienKe,2804.265,2807.623,33.6,21.7,17.8,0.65,0.53,1,1,2,1,5,6,0,,,0,,,0,,,0,,,0,,,0,,,0,,,SL,-33.58,8
2025.02.03 12:29,2025.02.03 12:38,SELL,LienKe,2803.902,2807.623,37.2,18.0,21.4,0.48,0.58,1,1,1,0,,,0,,,0,,,0,,,0,,,0,,,0,,,0,,,SL,-37.21,9
2025.02.03 13:01,2025.02.03 14:11,SELL,LienKe,2810.997,2814.456,34.6,32.8,34.2,0.95,0.99,1,3,4,1,6,19,1,6,19,0,,,0,,,0,,,0,,,0,,,0,,,SL,-34.59,70
2025.02.03 13:01,2025.02.03 14:11,SELL,LienKe,2810.580,2814.456,38.8,28.6,38.4,0.74,0.99,1,5,6,1,6,15,0,,,0,,,0,,,0,,,0,,,0,,,0,,,SL,-38.76,70
2025.02.03 14:06,2025.02.03 14:15,SELL,LienKe,2811.579,2815.129,35.5,3.8,33.8,0.11,0.95,0,,,0,,,0,,,0,,,0,,,0,,,0,,,0,,,0,,,SL,-35.50,8
2025.02.03 14:01,2025.02.03 14:15,SELL,LienKe,2810.932,2815.129,42.0,6.8,40.3,0.16,0.96,0,,,0,,,0,,,0,,,0,,,0,,,0,,,0,,,0,,,SL,-41.97,14
2025.02.03 10:04,2025.02.03 14:49,BUY,LienKe,2795.014,2791.400,36.1,296.3,20.2,8.20,0.56,1,5,7,1,44,-,1,46,-,1,47,-,1,66,-,1,148,-,1,164,-,1,250,-,0,,,TP,300.00,285
2025.02.03 10:04,2025.02.03 14:49,BUY,LienKe,2795.821,2791.400,44.2,288.3,28.3,6.52,0.64,1,40,-,1,45,-,1,46,-,1,59,-,1,68,-,1,153,-,1,175,-,1,268,-,0,,,TP,300.00,285
2025.02.04 06:16,2025.02.04 07:24,BUY,LienKe,2813.667,2810.274,33.9,7.7,33.6,0.23,0.99,0,,,0,,,0,,,0,,,0,,,0,,,0,,,0,,,0,,,SL,-33.93,68
2025.02.04 06:12,2025.02.04 07:24,BUY,LienKe,2814.180,2810.274,39.1,4.8,38.8,0.12,0.99,0,,,0,,,0,,,0,,,0,,,0,,,0,,,0,,,0,,,SL,-39.06,72
2025.02.03 16:59,2025.02.04 07:24,BUY,LienKe,2814.403,2809.768,46.3,103.2,41.0,2.23,0.88,1,1,256,1,1,256,1,4,256,1,32,256,1,139,256,1,547,728,0,,,0,,,0,,,SL,-51.70,865
2025.02.04 06:25,2025.02.04 07:25,BUY,Swing,2812.204,2808.859,33.5,22.3,25.9,0.67,0.77,1,23,35,1,48,57,0,,,0,,,0,,,0,,,0,,,0,,,0,,,SL,-33.45,59
2025.02.04 06:24,2025.02.04 07:25,BUY,Swing,2812.677,2808.859,38.2,17.6,30.6,0.46,0.80,1,27,36,0,,,0,,,0,,,0,,,0,,,0,,,0,,,0,,,SL,-38.18,61
2025.02.05 01:01,2025.02.05 02:11,SELL,LienKe,2845.552,2852.035,64.8,57.0,63.2,0.88,0.97,1,1,4,1,1,4,1,29,59,1,35,59,0,,,0,,,0,,,0,,,0,,,SL,-64.83,70
2025.02.05 03:29,2025.02.05 04:14,SELL,LienKe,2853.853,2857.081,32.3,19.7,28.0,0.61,0.87,1,12,22,0,,,0,,,0,,,0,,,0,,,0,,,0,,,0,,,SL,-32.28,45
2025.02.05 03:22,2025.02.05 04:14,SELL,LienKe,2853.598,2857.081,34.8,17.1,30.6,0.49,0.88,1,33,47,0,,,0,,,0,,,0,,,0,,,0,,,0,,,0,,,SL,-34.83,52
2025.02.05 01:37,2025.02.05 09:24,BUY,Swing,2840.481,2837.278,32.0,293.5,7.9,9.16,0.25,1,1,3,1,11,-,1,13,-,1,25,-,1,29,-,1,33,-,1,155,-,1,256,-,0,,,TP,300.00,467
2025.02.05 01:37,2025.02.05 09:42,BUY,LienKe,2840.577,2837.278,33.0,300.0,8.9,9.09,0.27,1,1,3,1,11,-,1,13,-,1,25,-,1,29,-,1,33,-,1,155,-,1,256,-,0,,,TP,300.00,485
2025.02.05 01:37,2025.02.05 09:42,BUY,LienKe,2840.888,2837.278,36.1,296.9,12.0,8.22,0.33,1,1,2,1,12,-,1,13,-,1,25,-,1,29,-,1,33,-,1,156,-,1,287,-,0,,,TP,300.00,485
2025.02.05 01:37,2025.02.05 09:42,BUY,Swing,2840.888,2837.278,36.1,296.9,12.0,8.22,0.33,1,1,2,1,12,-,1,13,-,1,25,-,1,29,-,1,33,-,1,156,-,1,287,-,0,,,TP,300.00,485
2025.02.05 16:09,2025.02.05 16:17,BUY,LienKe,2870.334,2866.466,38.7,15.7,32.2,0.41,0.83,1,3,4,0,,,0,,,0,,,0,,,0,,,0,,,0,,,0,,,SL,-38.68,8
2025.02.05 16:08,2025.02.05 16:17,BUY,LienKe,2871.396,2866.466,49.3,15.6,42.9,0.32,0.87,1,0,1,0,,,0,,,0,,,0,,,0,,,0,,,0,,,0,,,SL,-49.30,9
2025.02.05 20:03,2025.02.06 06:50,BUY,LienKe,2863.012,2859.193,38.2,103.2,31.3,2.70,0.82,1,8,12,1,26,38,1,31,38,1,200,645,1,352,645,1,359,645,0,,,0,,,0,,,SL,-54.24,647
2025.02.05 20:03,2025.02.06 06:50,BUY,LienKe,2863.871,2859.193,46.8,94.6,39.9,2.02,0.85,1,8,10,1,29,35,1,113,308,1,208,308,1,356,645,0,,,0,,,0,,,0,,,SL,-62.83,647
2025.02.06 08:03,2025.02.06 08:22,BUY,LienKe,2854.706,2850.811,38.9,18.9,27.9,0.49,0.72,1,2,3,0,,,0,,,0,,,0,,,0,,,0,,,0,,,0,,,SL,-38.95,19
2025.02.06 08:02,2025.02.06 08:22,BUY,LienKe,2855.818,2850.811,50.1,7.8,39.0,0.16,0.78,0,,,0,,,0,,,0,,,0,,,0,,,0,,,0,,,0,,,SL,-50.07,20
2025.02.06 01:01,2025.02.06 15:00,SELL,LienKe,2870.042,2873.800,37.6,287.3,34.4,7.65,0.92,1,0,40,1,1,40,1,3,40,1,10,40,1,348,663,1,349,663,1,420,663,1,441,663,0,,,TP,300.00,839
2025.02.06 18:08,2025.02.06 20:06,SELL,LienKe,2852.494,2855.742,32.5,25.2,30.4,0.78,0.94,1,1,35,1,15,35,0,,,0,,,0,,,0,,,0,,,0,,,0,,,SL,-32.48,118
2025.02.06 18:08,2025.02.06 20:06,SELL,LienKe,2852.213,2855.742,35.3,22.4,33.2,0.63,0.94,1,2,4,1,15,22,0,,,0,,,0,,,0,,,0,,,0,,,0,,,SL,-35.29,118
2025.02.07 13:05,2025.02.07 13:31,BUY,LienKe,2863.297,2859.979,33.2,76.8,30.2,2.31,0.91,1,2,5,1,24,25,1,24,25,1,24,25,0,,,0,,,0,,,0,,,0,,,SL,-33.18,26
2025.02.07 13:05,2025.02.07 13:31,BUY,Swing,2863.297,2859.979,33.2,76.8,30.2,2.31,0.91,1,2,5,1,24,25,1,24,25,1,24,25,0,,,0,,,0,,,0,,,0,,,SL,-33.18,26
2025.02.07 13:01,2025.02.07 13:31,BUY,LienKe,2863.993,2859.979,40.1,69.8,37.2,1.74,0.93,1,1,3,1,29,29,1,29,29,1,29,29,0,,,0,,,0,,,0,,,0,,,SL,-40.14,30
2025.02.07 13:01,2025.02.07 13:31,BUY,Swing,2863.993,2859.979,40.1,69.8,37.2,1.74,0.93,1,1,3,1,29,29,1,29,29,1,29,29,0,,,0,,,0,,,0,,,0,,,SL,-40.14,30
2025.02.07 16:05,2025.02.07 16:16,BUY,LienKe,2872.360,2867.647,47.1,66.4,42.7,1.41,0.91,1,2,8,1,3,8,1,3,8,1,4,8,0,,,0,,,0,,,0,,,0,,,SL,-47.13,11
2025.02.07 16:04,2025.02.07 16:16,BUY,LienKe,2875.230,2867.647,75.8,37.7,71.4,0.50,0.94,1,0,0,1,5,7,1,5,7,0,,,0,,,0,,,0,,,0,,,0,,,SL,-75.83,12
2025.02.10 04:12,2025.02.10 04:52,SELL,Swing,2876.474,2879.749,32.7,3.8,32.0,0.11,0.98,0,,,0,,,0,,,0,,,0,,,0,,,0,,,0,,,0,,,SL,-32.75,39
2025.02.10 04:12,2025.02.10 04:52,SELL,Swing,2876.203,2879.749,35.5,1.1,34.7,0.03,0.98,0,,,0,,,0,,,0,,,0,,,0,,,0,,,0,,,0,,,SL,-35.46,40
2025.02.10 05:07,2025.02.10 06:09,SELL,LienKe,2879.433,2882.602,31.7,32.3,29.9,1.02,0.94,1,9,12,1,44,53,1,49,53,0,,,0,,,0,,,0,,,0,,,0,,,SL,-31.69,62
2025.02.10 05:05,2025.02.10 06:09,SELL,LienKe,2878.796,2882.602,38.1,25.9,36.3,0.68,0.95,1,30,35,1,51,54,0,,,0,,,0,,,0,,,0,,,0,,,0,,,SL,-38.06,64
2025.02.10 06:01,2025.02.10 06:10,SELL,LienKe,2879.753,2883.155,34.0,3.7,31.4,0.11,0.92,0,,,0,,,0,,,0,,,0,,,0,,,0,,,0,,,0,,,SL,-34.02,9
2025.02.10 06:01,2025.02.10 06:10,SELL,LienKe,2879.307,2883.155,38.5,2.2,35.9,0.06,0.93,0,,,0,,,0,,,0,,,0,,,0,,,0,,,0,,,0,,,SL,-38.48,9
2025.02.10 09:07,2025.02.10 09:34,SELL,LienKe,2898.882,2902.391,35.1,1.9,27.5,0.05,0.78,0,,,0,,,0,,,0,,,0,,,0,,,0,,,0,,,0,,,SL,-35.09,27
2025.02.10 03:12,2025.02.10 09:37,BUY,LienKe,2872.786,2868.223,45.6,297.4,5.0,6.52,0.11,1,7,18,1,40,-,1,48,-,1,91,-,1,171,-,1,178,-,1,214,-,1,258,-,0,,,TP,300.00,385
2025.02.10 23:02,2025.02.10 23:02,SELL,LienKe,2908.390,2911.924,35.3,0.0,1.6,0.00,0.05,0,,,0,,,0,,,0,,,0,,,0,,,0,,,0,,,0,,,SL,-35.34,0
2025.02.10 23:02,2025.02.10 23:02,SELL,LienKe,2908.626,2911.924,33.0,0.0,48.2,0.00,1.46,0,,,0,,,0,,,0,,,0,,,0,,,0,,,0,,,0,,,SL,-32.98,0
2025.02.11 10:43,2025.02.11 12:09,BUY,LienKe,2902.398,2898.864,35.3,43.8,15.0,1.24,0.42,1,1,13,1,22,78,1,23,78,0,,,0,,,0,,,0,,,0,,,0,,,SL,-35.34,86
2025.02.11 10:01,2025.02.11 12:09,BUY,LienKe,2903.117,2898.864,42.5,40.6,22.2,0.95,0.52,1,0,40,1,2,40,1,2,40,0,,,0,,,0,,,0,,,0,,,0,,,SL,-42.53,128
2025.02.11 15:45,2025.02.11 16:20,SELL,LienKe,2904.269,2907.815,35.5,9.5,32.2,0.27,0.91,0,,,0,,,0,,,0,,,0,,,0,,,0,,,0,,,0,,,SL,-35.46,35
2025.02.11 15:44,2025.02.11 16:20,SELL,LienKe,2903.638,2907.815,41.8,4.0,38.5,0.10,0.92,0,,,0,,,0,,,0,,,0,,,0,,,0,,,0,,,0,,,SL,-41.77,36
2025.02.12 05:26,2025.02.12 10:43,BUY,Swing,2884.902,2880.637,42.6,109.5,30.2,2.57,0.71,1,6,306,1,8,306,1,26,306,1,44,306,1,50,306,1,54,306,0,,,0,,,0,,,SL,-42.65,317
2025.02.12 02:31,2025.02.12 13:30,SELL,LienKe,2896.876,2900.795,39.2,235.3,4.7,6.00,0.12,1,0,14,1,0,14,1,17,-,1,29,-,1,40,-,1,74,-,1,492,-,1,643,-,0,,,TP,300.00,659
2025.02.12 02:31,2025.02.12 13:30,SELL,LienKe,2895.503,2900.795,52.9,221.6,18.5,4.19,0.35,1,0,2,1,24,276,1,26,276,1,37,276,1,64,276,1,121,276,1,492,-,1,647,-,0,,,TP,300.00,659
2025.02.13 04:14,2025.02.13 05:23,SELL,LienKe,2917.965,2921.461,35.0,16.3,33.5,0.47,0.96,1,7,11,0,,,0,,,0,,,0,,,0,,,0,,,0,,,0,,,SL,-34.96,69
2025.02.13 04:09,2025.02.13 05:23,SELL,LienKe,2917.291,2921.461,41.7,9.6,40.2,0.23,0.96,0,,,0,,,0,,,0,,,0,,,0,,,0,,,0,,,0,,,SL,-41.70,74
2025.02.13 09:50,2025.02.13 12:40,SELL,LienKe,2917.410,2921.332,39.2,33.4,38.6,0.85,0.98,1,0,19,1,0,19,1,5,19,0,,,0,,,0,,,0,,,0,,,0,,,SL,-39.22,170
2025.02.14 02:07,2025.02.14 03:43,BUY,LienKe,2927.856,2924.441,34.2,25.7,26.6,0.75,0.78,1,54,88,1,57,88,0,,,0,,,0,,,0,,,0,,,0,,,0,,,SL,-34.15,96
2025.02.14 02:05,2025.02.14 03:43,BUY,LienKe,2928.544,2924.441,41.0,18.9,33.4,0.46,0.82,1,58,82,0,,,0,,,0,,,0,,,0,,,0,,,0,,,0,,,SL,-41.03,98
2025.02.14 08:12,2025.02.14 08:20,SELL,LienKe,2935.175,2938.337,31.6,5.5,23.3,0.17,0.74,0,,,0,,,0,,,0,,,0,,,0,,,0,,,0,,,0,,,SL,-31.62,8
2025.02.14 08:12,2025.02.14 08:20,SELL,LienKe,2934.979,2938.337,33.6,5.5,25.3,0.16,0.75,0,,,0,,,0,,,0,,,0,,,0,,,0,,,0,,,0,,,SL,-33.58,8
2025.02.13 13:49,2025.02.14 10:25,BUY,Swing,2909.341,2905.270,40.7,295.9,35.8,7.27,0.88,1,0,2,1,1,2,1,22,40,1,49,-,1,72,-,1,87,-,1,308,-,1,470,-,0,,,TP,294.65,1236
2025.02.14 13:06,2025.02.14 13:43,BUY,LienKe,2927.765,2922.958,48.1,55.9,43.7,1.16,0.91,1,1,1,1,11,16,1,24,35,1,27,35,0,,,0,,,0,,,0,,,0,,,SL,-48.07,37
2025.02.14 13:06,2025.02.14 13:43,BUY,LienKe,2927.935,2922.958,49.8,54.2,45.4,1.09,0.91,1,10,16,1,12,16,1,24,34,1,27,34,0,,,0,,,0,,,0,,,0,,,SL,-49.77,37
2025.02.13 13:32,2025.02.14 15:18,BUY,Swing,2910.435,2905.270,51.6,295.7,46.7,5.73,0.90,1,0,16,1,0,16,1,0,16,1,1,16,1,91,-,1,139,-,1,328,-,1,594,-,0,,,SL,-5.35,1546
2025.02.14 09:33,2025.02.14 15:21,SELL,LienKe,2938.194,2941.817,36.2,294.7,19.7,8.13,0.54,1,0,1,1,4,45,1,5,45,1,132,-,1,135,-,1,188,-,1,250,-,1,251,-,0,,,TP,300.00,348
2025.02.17 14:33,2025.02.17 14:56,SELL,LienKe,2898.669,2902.243,35.7,2.3,30.8,0.06,0.86,0,,,0,,,0,,,0,,,0,,,0,,,0,,,0,,,0,,,SL,-35.74,23
2025.02.17 14:33,2025.02.17 14:56,SELL,LienKe,2898.052,2902.243,41.9,1.8,37.0,0.04,0.88,0,,,0,,,0,,,0,,,0,,,0,,,0,,,0,,,0,,,SL,-41.91,23
2025.02.17 23:32,2025.02.18 01:33,BUY,LienKe,2897.420,2894.349,30.7,29.7,25.6,0.97,0.83,1,13,94,1,18,94,0,,,0,,,0,,,0,,,0,,,0,,,0,,,SL,-36.06,121
2025.02.17 23:23,2025.02.18 01:33,BUY,LienKe,2897.652,2894.349,33.0,27.4,27.9,0.83,0.84,1,24,100,1,37,100,0,,,0,,,0,,,0,,,0,,,0,,,0,,,SL,-38.38,130
2025.02.18 11:55,2025.02.18 12:41,SELL,LienKe,2913.372,2916.507,31.4,11.3,26.4,0.36,0.84,1,16,17,0,,,0,,,0,,,0,,,0,,,0,,,0,,,0,,,SL,-31.35,46
2025.02.18 11:55,2025.02.18 12:41,SELL,Swing,2913.372,2916.507,31.4,11.3,26.4,0.36,0.84,1,16,17,0,,,0,,,0,,,0,,,0,,,0,,,0,,,0,,,SL,-31.35,46
2025.02.18 11:55,2025.02.18 12:41,SELL,LienKe,2913.172,2916.507,33.4,9.3,28.4,0.28,0.85,0,,,0,,,0,,,0,,,0,,,0,,,0,,,0,,,0,,,SL,-33.35,46
2025.02.18 11:55,2025.02.18 12:41,SELL,Swing,2913.172,2916.507,33.4,9.3,28.4,0.28,0.85,0,,,0,,,0,,,0,,,0,,,0,,,0,,,0,,,0,,,SL,-33.35,46
2025.02.18 12:27,2025.02.18 12:46,SELL,LienKe,2914.636,2918.058,34.2,4.5,33.7,0.13,0.98,0,,,0,,,0,,,0,,,0,,,0,,,0,,,0,,,0,,,SL,-34.22,19
2025.02.18 12:01,2025.02.18 12:46,SELL,LienKe,2913.756,2918.058,43.0,15.2,42.5,0.35,0.99,1,8,19,0,,,0,,,0,,,0,,,0,,,0,,,0,,,0,,,SL,-43.02,45
2025.02.18 18:17,2025.02.19 02:49,BUY,LienKe,2929.609,2926.223,33.9,100.4,17.0,2.97,0.50,1,8,10,1,16,399,1,31,399,1,78,399,1,451,510,1,460,510,0,,,0,,,0,,,SL,-39.21,512
2025.02.18 18:17,2025.02.19 02:49,BUY,LienKe,2929.918,2926.223,37.0,97.3,20.1,2.63,0.55,1,13,399,1,17,399,1,31,399,1,78,399,1,451,510,0,,,0,,,0,,,0,,,SL,-42.30,512
2025.02.19 01:01,2025.02.19 02:50,BUY,LienKe,2929.905,2924.904,50.0,97.4,43.0,1.95,0.86,1,3,106,1,4,106,1,13,106,1,38,106,1,47,106,0,,,0,,,0,,,0,,,SL,-50.01,109
2025.02.19 01:01,2025.02.19 02:50,BUY,Swing,2929.905,2924.904,50.0,97.4,43.0,1.95,0.86,1,3,106,1,4,106,1,13,106,1,38,106,1,47,106,0,,,0,,,0,,,0,,,SL,-50.01,109
2025.02.19 07:01,2025.02.19 15:59,BUY,LienKe,2931.791,2927.440,43.5,152.5,31.6,3.50,0.73,1,3,299,1,5,299,1,14,299,1,70,299,1,95,299,1,134,299,1,183,299,0,,,0,,,SL,-43.51,538
2025.02.19 18:11,2025.02.20 07:36,BUY,LienKe,2921.364,2917.955,34.1,297.0,28.4,8.71,0.83,1,5,7,1,30,-,1,31,-,1,37,-,1,67,-,1,102,-,1,144,-,1,409,-,0,,,TP,283.95,805
2025.02.19 18:10,2025.02.20 07:37,BUY,LienKe,2921.885,2917.955,39.3,296.8,33.6,7.55,0.86,1,6,8,1,32,-,1,34,-,1,58,-,1,68,-,1,105,-,1,176,-,1,428,-,0,,,TP,283.95,807
2025.02.20 11:45,2025.02.20 12:23,BUY,LienKe,2949.366,2945.916,34.5,14.2,29.3,0.41,0.85,1,24,26,0,,,0,,,0,,,0,,,0,,,0,,,0,,,0,,,SL,-34.50,38
2025.02.20 11:44,2025.02.20 12:23,BUY,LienKe,2949.929,2945.916,40.1,8.6,34.9,0.21,0.87,0,,,0,,,0,,,0,,,0,,,0,,,0,,,0,,,0,,,SL,-40.13,39
2025.02.20 04:09,2025.02.20 12:24,BUY,LienKe,2940.402,2937.108,32.9,145.7,11.4,4.42,0.34,1,54,-,1,55,-,1,67,-,1,87,-,1,165,-,1,204,-,0,,,0,,,0,,,SL,0.00,495
2025.02.20 04:06,2025.02.20 12:24,BUY,LienKe,2940.890,2937.108,37.8,140.9,16.2,3.72,0.43,1,0,3,1,61,-,1,73,-,1,109,-,1,170,-,1,207,-,0,,,0,,,0,,,SL,0.00,498
2025.02.21 05:12,2025.02.21 08:17,BUY,LienKe,2926.577,2923.234,33.4,74.6,31.2,2.23,0.93,1,2,5,1,22,52,1,27,52,1,35,52,0,,,0,,,0,,,0,,,0,,,SL,-33.43,185
2025.02.21 05:12,2025.02.21 08:17,BUY,Swing,2926.506,2923.234,32.7,75.3,30.5,2.30,0.93,1,2,5,1,16,18,1,27,52,1,35,52,0,,,0,,,0,,,0,,,0,,,SL,-32.72,185
2025.02.21 05:09,2025.02.21 08:17,BUY,LienKe,2927.167,2923.234,39.3,68.7,37.1,1.75,0.94,1,2,2,1,25,26,1,30,55,1,38,55,0,,,0,,,0,,,0,,,0,,,SL,-39.33,188
2025.02.21 05:09,2025.02.21 08:17,BUY,Swing,2927.167,2923.234,39.3,68.7,37.1,1.75,0.94,1,2,2,1,25,26,1,30,55,1,38,55,0,,,0,,,0,,,0,,,0,,,SL,-39.33,188
2025.02.21 02:01,2025.02.21 08:17,BUY,LienKe,2927.118,2923.286,38.3,139.7,36.6,3.65,0.96,1,1,168,1,1,168,1,2,168,1,4,168,1,5,168,1,5,168,0,,,0,,,0,,,SL,-38.32,376
2025.02.21 02:01,2025.02.21 08:17,BUY,LienKe,2928.133,2923.286,48.5,129.6,46.8,2.67,0.97,1,1,84,1,2,84,1,3,84,1,5,84,1,5,84,1,12,84,0,,,0,,,0,,,SL,-48.47,376
2025.02.21 14:20,2025.02.21 14:47,SELL,LienKe,2934.879,2938.458,35.8,65.1,19.1,1.82,0.53,1,10,11,1,12,26,1,13,26,1,15,26,0,,,0,,,0,,,0,,,0,,,SL,-35.79,27
2025.02.21 14:18,2025.02.21 14:47,SELL,LienKe,2934.045,2938.458,44.1,56.8,27.5,1.29,0.62,1,14,27,1,15,27,1,16,27,1,18,27,0,,,0,,,0,,,0,,,0,,,SL,-44.13,29
2025.02.21 13:36,2025.02.21 15:24,BUY,LienKe,2928.098,2923.881,42.2,109.9,39.2,2.61,0.93,1,1,1,1,8,98,1,10,98,1,33,98,1,70,98,1,71,98,0,,,0,,,0,,,SL,-42.17,108
2025.02.21 13:32,2025.02.21 15:24,BUY,LienKe,2929.550,2923.881,56.7,95.4,53.7,1.68,0.95,1,13,17,1,19,29,1,20,29,1,45,63,1,75,100,0,,,0,,,0,,,0,,,SL,-56.69,112
2025.02.24 00:55,2025.02.24 01:00,BUY,Swing,2931.934,2928.704,32.3,1.6,23.5,0.05,0.73,0,,,0,,,0,,,0,,,0,,,0,,,0,,,0,,,0,,,SL,-32.30,5
2025.02.24 00:55,2025.02.24 01:00,BUY,Swing,2932.355,2928.704,36.5,0.0,27.7,0.00,0.76,0,,,0,,,0,,,0,,,0,,,0,,,0,,,0,,,0,,,SL,-36.51,5
2025.02.24 02:57,2025.02.24 03:16,SELL,Swing,2940.464,2943.752,32.9,3.5,30.7,0.11,0.93,0,,,0,,,0,,,0,,,0,,,0,,,0,,,0,,,0,,,SL,-32.88,19
2025.02.24 02:57,2025.02.24 03:16,SELL,Swing,2940.275,2943.752,34.8,1.6,32.6,0.05,0.94,0,,,0,,,0,,,0,,,0,,,0,,,0,,,0,,,0,,,SL,-34.77,19
2025.02.24 07:52,2025.02.24 08:54,SELL,Swing,2944.510,2948.004,34.9,61.8,33.6,1.77,0.96,1,1,8,1,4,8,1,27,58,1,47,58,0,,,0,,,0,,,0,,,0,,,SL,-34.94,62
2025.02.24 07:51,2025.02.24 08:54,SELL,Swing,2944.066,2948.004,39.4,57.4,38.1,1.46,0.97,1,3,8,1,26,59,1,30,59,1,50,59,0,,,0,,,0,,,0,,,0,,,SL,-39.38,63
2025.02.24 18:09,2025.02.24 23:01,SELL,LienKe,2944.770,2948.202,34.3,11.4,85.2,0.33,2.48,1,1,4,0,,,0,,,0,,,0,,,0,,,0,,,0,,,0,,,SL,-34.32,291
2025.02.24 18:09,2025.02.24 23:01,SELL,LienKe,2944.394,2948.202,38.1,7.6,89.0,0.20,2.34,0,,,0,,,0,,,0,,,0,,,0,,,0,,,0,,,0,,,SL,-38.08,292
2025.02.24 17:14,2025.02.24 23:01,SELL,LienKe,2944.012,2947.553,35.4,13.5,92.8,0.38,2.62,1,3,6,0,,,0,,,0,,,0,,,0,,,0,,,0,,,0,,,SL,-35.41,346
2025.02.24 17:05,2025.02.24 23:01,SELL,LienKe,2943.425,2947.553,41.3,23.0,98.6,0.56,2.39,1,1,9,1,7,9,0,,,0,,,0,,,0,,,0,,,0,,,0,,,SL,-41.28,356
2025.02.25 06:34,2025.02.25 07:52,BUY,Swing,2935.114,2931.369,37.4,53.4,31.9,1.42,0.85,1,19,27,1,20,27,1,36,69,1,40,69,0,,,0,,,0,,,0,,,0,,,SL,-37.45,78
2025.02.25 06:33,2025.02.25 07:52,BUY,Swing,2935.885,2931.369,45.2,45.6,39.6,1.01,0.88,1,21,25,1,36,69,1,40,69,0,,,0,,,0,,,0,,,0,,,0,,,SL,-45.16,79
2025.02.25 15:06,2025.02.25 15:10,BUY,LienKe,2932.381,2928.327,40.5,15.7,33.6,0.39,0.83,1,0,1,0,,,0,,,0,,,0,,,0,,,0,,,0,,,0,,,SL,-40.54,4
2025.02.25 15:02,2025.02.25 15:10,BUY,LienKe,2933.621,2928.327,52.9,4.6,46.0,0.09,0.87,0,,,0,,,0,,,0,,,0,,,0,,,0,,,0,,,0,,,SL,-52.94,8
2025.02.26 13:50,2025.02.26 13:57,BUY,LienKe,2909.921,2906.369,35.5,6.7,23.2,0.19,0.65,0,,,0,,,0,,,0,,,0,,,0,,,0,,,0,,,0,,,SL,-35.52,7
2025.02.26 13:43,2025.02.26 13:57,BUY,LienKe,2911.181,2906.369,48.1,5.4,35.8,0.11,0.74,0,,,0,,,0,,,0,,,0,,,0,,,0,,,0,,,0,,,SL,-48.12,14
2025.02.26 12:09,2025.02.26 23:34,SELL,LienKe,2914.996,2918.471,34.7,241.7,39.8,6.95,1.15,1,2,47,1,12,47,1,16,47,1,93,234,1,108,234,1,111,234,1,118,234,1,122,234,0,,,SL,-34.75,685
2025.02.26 20:16,2025.02.27 02:48,BUY,LienKe,2913.216,2909.709,35.1,75.8,24.6,2.16,0.70,1,8,308,1,10,308,1,40,308,1,54,308,0,,,0,,,0,,,0,,,0,,,SL,-51.12,392
2025.02.26 20:16,2025.02.27 02:48,BUY,LienKe,2913.665,2909.709,39.6,71.3,29.1,1.80,0.74,1,9,294,1,11,294,1,42,294,1,55,294,0,,,0,,,0,,,0,,,0,,,SL,-55.61,392
2025.02.27 07:33,2025.02.27 08:09,BUY,LienKe,2890.465,2887.031,34.3,36.2,25.4,1.05,0.74,1,1,6,1,1,6,1,15,28,0,,,0,,,0,,,0,,,0,,,0,,,SL,-34.34,36
2025.02.27 07:10,2025.02.27 08:09,BUY,LienKe,2891.490,2887.031,44.6,52.5,35.7,1.18,0.80,1,0,22,1,0,22,1,1,22,1,14,22,0,,,0,,,0,,,0,,,0,,,SL,-44.59,59
2025.02.26 09:01,2025.02.27 08:09,SELL,LienKe,2918.036,2921.966,39.3,299.5,29.2,7.62,0.74,1,5,729,1,11,729,1,15,729,1,55,729,1,281,729,1,294,729,1,302,729,1,308,729,0,,,TP,300.00,1388
2025.02.27 08:05,2025.02.27 08:11,BUY,Swing,2888.815,2884.924,38.9,27.1,24.5,0.70,0.63,1,0,4,1,0,4,0,,,0,,,0,,,0,,,0,,,0,,,0,,,SL,-38.91,6
2025.02.27 07:45,2025.02.27 08:11,BUY,Swing,2890.466,2884.924,55.4,36.2,41.0,0.65,0.74,1,0,16,1,0,16,1,3,16,0,,,0,,,0,,,0,,,0,,,0,,,SL,-55.42,26
2025.02.27 11:47,2025.02.27 12:04,BUY,LienKe,2886.557,2883.202,33.5,15.2,32.7,0.45,0.97,1,0,1,0,,,0,,,0,,,0,,,0,,,0,,,0,,,0,,,SL,-33.55,17
2025.02.27 11:39,2025.02.27 12:04,BUY,LienKe,2887.070,2883.202,38.7,19.8,37.8,0.51,0.98,1,1,2,0,,,0,,,0,,,0,,,0,,,0,,,0,,,0,,,SL,-38.68,25
2025.02.27 13:33,2025.02.27 14:46,BUY,LienKe,2883.947,2880.114,38.3,85.1,37.0,2.22,0.97,1,1,2,1,1,2,1,1,2,1,18,65,1,48,65,0,,,0,,,0,,,0,,,SL,-38.33,73
2025.02.27 13:33,2025.02.27 14:46,BUY,LienKe,2885.121,2880.114,50.1,73.3,48.8,1.46,0.97,1,1,2,1,1,2,1,1,2,1,21,65,0,,,0,,,0,,,0,,,0,,,SL,-50.07,73
2025.02.27 17:02,2025.02.27 17:27,SELL,LienKe,2877.931,2881.303,33.7,16.7,29.4,0.50,0.87,1,8,16,0,,,0,,,0,,,0,,,0,,,0,,,0,,,0,,,SL,-33.72,25
2025.02.27 17:01,2025.02.27 17:27,SELL,LienKe,2877.461,2881.303,38.4,12.0,34.1,0.31,0.89,1,11,14,0,,,0,,,0,,,0,,,0,,,0,,,0,,,0,,,SL,-38.42,26
2025.02.27 20:08,2025.02.27 20:20,BUY,LienKe,2877.606,2874.195,34.1,3.9,33.8,0.11,0.99,0,,,0,,,0,,,0,,,0,,,0,,,0,,,0,,,0,,,SL,-34.11,12
2025.02.27 20:02,2025.02.27 20:20,BUY,LienKe,2878.416,2874.195,42.2,5.5,41.8,0.13,0.99,0,,,0,,,0,,,0,,,0,,,0,,,0,,,0,,,0,,,SL,-42.21,18
2025.02.28 02:04,2025.02.28 03:21,BUY,Swing,2872.205,2868.226,39.8,57.1,23.2,1.43,0.58,1,1,6,1,1,6,1,2,6,1,20,73,0,,,0,,,0,,,0,,,0,,,SL,-39.79,77
2025.02.28 02:02,2025.02.28 03:21,BUY,Swing,2873.580,2868.226,53.5,43.3,37.0,0.81,0.69,1,3,8,1,5,8,1,20,53,0,,,0,,,0,,,0,,,0,,,0,,,SL,-53.54,79
2025.02.27 09:30,2025.02.28 04:09,SELL,LienKe,2890.889,2896.530,56.4,298.9,42.5,5.30,0.75,1,2,56,1,5,56,1,7,56,1,140,230,1,243,264,1,313,-,1,316,-,1,317,-,0,,,TP,300.00,1119
2025.02.28 14:02,2025.02.28 14:07,BUY,LienKe,2848.511,2843.968,45.4,0.0,37.1,0.00,0.82,0,,,0,,,0,,,0,,,0,,,0,,,0,,,0,,,0,,,SL,-45.43,5
2025.02.28 14:02,2025.02.28 14:07,BUY,LienKe,2849.689,2843.968,57.2,2.0,48.8,0.03,0.85,0,,,0,,,0,,,0,,,0,,,0,,,0,,,0,,,0,,,SL,-57.21,5
2025.02.28 19:36,2025.02.28 20:05,SELL,LienKe,2847.666,2851.279,36.1,0.4,34.8,0.01,0.96,0,,,0,,,0,,,0,,,0,,,0,,,0,,,0,,,0,,,SL,-36.13,29
2025.02.28 19:17,2025.02.28 20:05,SELL,LienKe,2846.129,2851.279,51.5,18.9,50.1,0.37,0.97,1,2,8,0,,,0,,,0,,,0,,,0,,,0,,,0,,,0,,,SL,-51.50,48
2025.02.28 20:16,2025.03.02 23:05,SELL,Swing,2853.807,2857.133,33.3,58.6,60.5,1.76,1.82,1,2,39,1,5,39,1,8,39,1,19,39,0,,,0,,,0,,,0,,,0,,,SL,-33.26,3048
2025.02.28 20:15,2025.03.02 23:05,SELL,Swing,2853.505,2857.133,36.3,55.6,63.5,1.53,1.75,1,3,39,1,6,39,1,14,39,1,20,39,0,,,0,,,0,,,0,,,0,,,SL,-36.28,3050
2025.02.28 15:03,2025.03.02 23:05,BUY,LienKe,2833.154,2829.578,35.8,265.4,5.0,7.42,0.14,1,1,-,1,1,-,1,2,-,1,3,-,1,10,-,1,28,-,1,50,-,1,62,-,0,,,TP,294.65,3361
2025.02.28 15:01,2025.03.02 23:05,BUY,LienKe,2833.945,2829.578,43.7,257.5,12.9,5.90,0.30,1,0,2,1,0,2,1,4,7,1,9,-,1,12,-,1,30,-,1,52,-,1,313,-,0,,,TP,294.65,3364
2025.03.03 03:11,2025.03.03 03:22,BUY,Swing,2863.957,2860.709,32.5,0.0,23.9,0.00,0.74,0,,,0,,,0,,,0,,,0,,,0,,,0,,,0,,,0,,,SL,-32.48,11
2025.03.03 03:11,2025.03.03 03:22,BUY,Swing,2864.359,2860.709,36.5,0.0,27.9,0.00,0.77,0,,,0,,,0,,,0,,,0,,,0,,,0,,,0,,,0,,,SL,-36.50,11
2025.03.03 04:49,2025.03.03 09:24,SELL,LienKe,2867.984,2871.540,35.6,89.9,32.7,2.53,0.92,1,12,243,1,20,243,1,42,243,1,44,243,1,218,243,0,,,0,,,0,,,0,,,SL,-35.56,275
2025.03.03 07:25,2025.03.03 16:40,BUY,LienKe,2861.701,2858.321,33.8,293.0,28.7,8.67,0.85,1,6,7,1,39,57,1,44,57,1,81,-,1,100,-,1,200,-,1,306,-,1,431,-,0,,,TP,300.00,555
2025.03.03 07:18,2025.03.03 16:41,BUY,LienKe,2862.274,2858.321,39.5,295.7,34.4,7.48,0.87,1,13,14,1,52,64,1,81,-,1,92,-,1,119,-,1,212,-,1,316,-,1,439,-,0,,,TP,300.00,563
2025.03.04 06:05,2025.03.04 06:40,BUY,LienKe,2888.813,2885.432,33.8,11.5,32.9,0.34,0.97,1,2,5,0,,,0,,,0,,,0,,,0,,,0,,,0,,,0,,,SL,-33.81,35
2025.03.04 06:03,2025.03.04 06:40,BUY,LienKe,2889.517,2885.432,40.9,4.5,40.0,0.11,0.98,0,,,0,,,0,,,0,,,0,,,0,,,0,,,0,,,0,,,SL,-40.85,37
2025.03.04 09:24,2025.03.04 12:20,SELL,LienKe,2918.217,2921.994,37.8,59.5,37.2,1.58,0.98,1,17,18,1,37,132,1,39,132,1,40,132,0,,,0,,,0,,,0,,,0,,,SL,-37.77,176
2025.03.04 09:24,2025.03.04 12:20,SELL,LienKe,2917.447,2921.994,45.5,51.8,44.9,1.14,0.99,1,37,105,1,38,105,1,40,105,1,67,105,0,,,0,,,0,,,0,,,0,,,SL,-45.47,176
2025.03.04 19:47,2025.03.04 20:12,SELL,LienKe,2915.254,2918.599,33.5,0.7,28.2,0.02,0.84,0,,,0,,,0,,,0,,,0,,,0,,,0,,,0,,,0,,,SL,-33.45,25
2025.03.04 19:47,2025.03.04 20:12,SELL,LienKe,2915.118,2918.599,34.8,1.1,29.5,0.03,0.85,0,,,0,,,0,,,0,,,0,,,0,,,0,,,0,,,0,,,SL,-34.81,25
2025.03.04 17:07,2025.03.04 20:18,SELL,LienKe,2916.048,2919.328,32.8,76.6,32.6,2.34,0.99,1,2,3,1,13,164,1,24,164,1,78,164,0,,,0,,,0,,,0,,,0,,,SL,-32.80,191
2025.03.04 17:05,2025.03.04 20:18,SELL,LienKe,2915.637,2919.328,36.9,72.5,36.7,1.96,0.99,1,9,43,1,20,43,1,36,43,1,80,161,0,,,0,,,0,,,0,,,0,,,SL,-36.91,193
2025.03.05 00:02,2025.03.05 01:11,BUY,Swing,2913.427,2910.197,32.3,37.5,12.1,1.16,0.37,1,8,58,1,17,58,1,24,58,0,,,0,,,0,,,0,,,0,,,0,,,SL,-32.30,69
2025.03.05 00:02,2025.03.05 01:11,BUY,Swing,2913.813,2910.197,36.2,33.6,15.9,0.93,0.44,1,8,50,1,18,50,1,24,50,0,,,0,,,0,,,0,,,0,,,0,,,SL,-36.16,69
2025.03.05 02:57,2025.03.05 13:44,BUY,LienKe,2903.519,2899.124,43.9,190.1,13.5,4.33,0.31,1,2,2,1,3,646,1,6,646,1,6,646,1,48,646,1,168,646,1,182,646,0,,,0,,,SL,-43.95,647
2025.03.05 02:37,2025.03.05 13:44,BUY,LienKe,2904.568,2899.124,54.4,179.6,24.0,3.30,0.44,1,1,19,1,2,19,1,4,19,1,38,666,1,70,666,1,189,666,1,216,666,0,,,0,,,SL,-54.44,667
2025.03.05 09:05,2025.03.05 16:17,SELL,LienKe,2921.783,2925.531,37.5,273.2,31.1,7.29,0.83,1,1,3,1,4,362,1,5,362,1,19,362,1,31,362,1,111,362,1,269,362,1,279,362,0,,,SL,-37.48,432
2025.03.05 09:05,2025.03.05 16:17,SELL,LienKe,2921.249,2925.531,42.8,267.9,36.4,6.26,0.85,1,4,362,1,4,362,1,6,362,1,19,362,1,110,362,1,111,362,1,277,362,1,279,362,0,,,SL,-42.82,432
2025.03.06 03:21,2025.03.06 04:07,BUY,LienKe,2922.660,2919.100,35.6,19.8,35.4,0.56,1.00,1,4,10,0,,,0,,,0,,,0,,,0,,,0,,,0,,,0,,,SL,-35.60,46
2025.03.06 03:09,2025.03.06 04:07,BUY,LienKe,2923.397,2919.100,43.0,12.4,42.8,0.29,1.00,1,17,20,0,,,0,,,0,,,0,,,0,,,0,,,0,,,0,,,SL,-42.97,58
2025.03.06 20:51,2025.03.07 00:04,BUY,LienKe,2912.632,2909.290,33.4,9.9,42.6,0.30,1.27,0,,,0,,,0,,,0,,,0,,,0,,,0,,,0,,,0,,,SL,-38.77,193
2025.03.06 20:51,2025.03.07 00:04,BUY,LienKe,2913.346,2909.290,40.6,2.8,49.7,0.07,1.23,0,,,0,,,0,,,0,,,0,,,0,,,0,,,0,,,0,,,SL,-45.91,193
2025.03.07 00:04,2025.03.07 00:07,BUY,LienKe,2909.792,2906.449,33.4,0.0,18.0,0.00,0.54,0,,,0,,,0,,,0,,,0,,,0,,,0,,,0,,,0,,,SL,-33.43,3
2025.03.07 00:01,2025.03.07 00:07,BUY,LienKe,2910.271,2906.449,38.2,0.5,22.8,0.01,0.60,0,,,0,,,0,,,0,,,0,,,0,,,0,,,0,,,0,,,SL,-38.22,6
2025.03.07 10:05,2025.03.07 10:59,BUY,LienKe,2920.208,2917.036,31.7,12.3,30.2,0.39,0.95,1,7,10,0,,,0,,,0,,,0,,,0,,,0,,,0,,,0,,,SL,-31.72,53
2025.03.07 10:05,2025.03.07 10:59,BUY,LienKe,2920.545,2917.036,35.1,8.9,33.6,0.25,0.96,0,,,0,,,0,,,0,,,0,,,0,,,0,,,0,,,0,,,SL,-35.09,54
2025.03.07 19:26,2025.03.09 22:05,SELL,LienKe,2908.281,2912.527,42.5,36.1,45.3,0.85,1.07,1,2,11,1,3,11,1,32,52,0,,,0,,,0,,,0,,,0,,,0,,,SL,-42.46,3039
2025.03.10 06:08,2025.03.10 07:02,SELL,LienKe,2911.792,2914.976,31.8,23.1,31.1,0.73,0.98,1,5,8,1,11,18,0,,,0,,,0,,,0,,,0,,,0,,,0,,,SL,-31.84,54
2025.03.10 06:08,2025.03.10 07:02,SELL,LienKe,2911.571,2914.976,34.1,20.9,33.3,0.61,0.98,1,6,9,1,12,18,0,,,0,,,0,,,0,,,0,,,0,,,0,,,SL,-34.05,54
2025.03.10 05:25,2025.03.10 07:55,BUY,Swing,2908.363,2904.974,33.9,70.5,26.8,2.08,0.79,1,14,25,1,35,148,1,40,148,1,70,148,0,,,0,,,0,,,0,,,0,,,SL,-33.89,150
2025.03.10 05:25,2025.03.10 07:55,BUY,Swing,2908.919,2904.974,39.4,65.0,32.4,1.65,0.82,1,15,17,1,37,148,1,42,148,1,71,148,0,,,0,,,0,,,0,,,0,,,SL,-39.45,150
2025.03.10 11:41,2025.03.10 17:10,BUY,Swing,2896.927,2892.606,43.2,136.9,35.5,3.17,0.82,1,1,2,1,9,306,1,9,306,1,10,306,1,19,306,1,49,306,0,,,0,,,0,,,SL,-43.21,329
2025.03.10 01:11,2025.03.10 17:39,SELL,LienKe,2917.825,2921.055,32.3,296.6,6.5,9.18,0.20,1,5,-,1,6,-,1,15,-,1,19,-,1,74,-,1,258,-,1,438,-,1,468,-,0,,,TP,300.00,988
2025.03.10 01:08,2025.03.10 17:39,SELL,LienKe,2917.563,2921.055,34.9,294.0,9.1,8.42,0.26,1,0,2,1,9,-,1,18,-,1,47,-,1,149,-,1,261,-,1,441,-,1,472,-,0,,,TP,300.00,991
2025.03.10 09:49,2025.03.10 17:42,SELL,Swing,2915.155,2918.447,32.9,280.7,2.6,8.53,0.08,1,3,-,1,8,-,1,10,-,1,11,-,1,14,-,1,31,-,1,44,-,1,431,-,0,,,TP,300.00,473
2025.03.10 09:49,2025.03.10 17:42,SELL,Swing,2914.586,2918.447,38.6,275.0,8.3,7.12,0.21,1,3,4,1,10,-,1,10,-,1,12,-,1,29,-,1,34,-,1,44,-,1,431,-,0,,,TP,300.00,473
2025.03.10 00:07,2025.03.10 17:42,SELL,LienKe,2916.906,2920.180,32.7,298.2,15.7,9.11,0.48,1,8,9,1,18,58,1,30,58,1,108,-,1,210,-,1,467,-,1,506,-,1,533,-,0,,,TP,300.00,1055
2025.03.10 00:07,2025.03.10 17:42,SELL,LienKe,2916.623,2920.180,35.6,295.4,18.5,8.30,0.52,1,14,55,1,19,55,1,47,55,1,109,-,1,211,-,1,467,-,1,516,-,1,693,-,0,,,TP,300.00,1055
2025.03.10 22:35,2025.03.11 01:04,BUY,LienKe,2884.346,2881.242,31.0,42.9,20.1,1.38,0.65,1,7,21,1,98,-,1,100,-,0,,,0,,,0,,,0,,,0,,,0,,,SL,-36.39,149
2025.03.10 22:35,2025.03.11 01:04,BUY,LienKe,2884.585,2881.242,33.4,40.5,22.5,1.21,0.67,1,8,20,1,98,-,1,100,-,0,,,0,,,0,,,0,,,0,,,0,,,SL,-38.78,149
2025.03.11 00:01,2025.03.11 01:21,SELL,LienKe,2885.509,2888.964,34.5,52.3,32.9,1.51,0.95,1,3,7,1,63,64,1,63,64,1,63,64,0,,,0,,,0,,,0,,,0,,,SL,-34.55,80
2025.03.11 00:01,2025.03.11 01:21,SELL,LienKe,2885.043,2888.964,39.2,47.6,37.6,1.21,0.96,1,63,64,1,63,64,1,63,64,0,,,0,,,0,,,0,,,0,,,0,,,SL,-39.21,80
2025.03.11 02:05,2025.03.11 02:14,SELL,LienKe,2890.791,2894.013,32.2,7.3,31.2,0.23,0.97,0,,,0,,,0,,,0,,,0,,,0,,,0,,,0,,,0,,,SL,-32.22,9
2025.03.11 02:01,2025.03.11 02:14,SELL,LienKe,2890.367,2894.013,36.5,3.1,35.4,0.09,0.97,0,,,0,,,0,,,0,,,0,,,0,,,0,,,0,,,0,,,SL,-36.46,13
2025.03.11 11:07,2025.03.11 13:14,BUY,LienKe,2911.967,2907.607,43.6,40.8,42.9,0.94,0.98,1,2,15,1,23,68,1,26,68,0,,,0,,,0,,,0,,,0,,,0,,,SL,-43.60,127
2025.03.11 17:09,2025.03.11 19:20,SELL,LienKe,2917.748,2921.100,33.5,35.2,30.0,1.05,0.90,1,14,25,1,16,25,1,16,25,0,,,0,,,0,,,0,,,0,,,0,,,SL,-33.52,131
2025.03.11 17:08,2025.03.11 19:20,SELL,LienKe,2917.191,2921.100,39.1,29.6,35.6,0.76,0.91,1,15,25,1,17,25,0,,,0,,,0,,,0,,,0,,,0,,,0,,,SL,-39.09,132
2025.03.11 22:07,2025.03.12 01:03,BUY,LienKe,2915.190,2912.094,31.0,44.0,30.8,1.42,0.99,1,4,29,1,20,29,1,55,113,0,,,0,,,0,,,0,,,0,,,0,,,SL,-36.31,176
2025.03.11 22:06,2025.03.12 01:03,BUY,LienKe,2915.404,2912.094,33.1,41.8,32.9,1.26,0.99,1,7,30,1,21,30,1,56,114,0,,,0,,,0,,,0,,,0,,,0,,,SL,-38.45,177
2025.03.12 05:51,2025.03.12 06:08,SELL,LienKe,2916.115,2919.413,33.0,10.8,31.5,0.33,0.96,1,1,2,0,,,0,,,0,,,0,,,0,,,0,,,0,,,0,,,SL,-32.98,17
2025.03.12 05:51,2025.03.12 06:08,SELL,LienKe,2915.796,2919.413,36.2,7.6,34.7,0.21,0.96,0,,,0,,,0,,,0,,,0,,,0,,,0,,,0,,,0,,,SL,-36.17,17
2025.03.11 19:11,2025.03.12 09:00,SELL,LienKe,2919.541,2922.765,32.2,104.8,28.4,3.25,0.88,1,48,238,1,55,238,1,60,238,1,292,472,1,361,472,1,729,806,0,,,0,,,0,,,SL,-32.24,829
2025.03.11 19:09,2025.03.12 09:00,SELL,LienKe,2919.474,2922.765,32.9,104.1,29.1,3.16,0.88,1,50,240,1,57,240,1,65,240,1,294,474,1,363,474,1,731,802,0,,,0,,,0,,,SL,-32.91,831
2025.03.12 01:04,2025.03.12 13:24,BUY,LienKe,2912.161,2908.849,33.1,132.1,32.6,3.99,0.98,1,14,263,1,20,263,1,24,263,1,33,263,1,305,343,1,475,663,0,,,0,,,0,,,SL,-33.12,740
2025.03.12 01:04,2025.03.12 13:24,BUY,LienKe,2912.620,2908.849,37.7,127.5,37.2,3.38,0.99,1,19,196,1,21,196,1,29,196,1,87,196,1,308,340,1,476,664,0,,,0,,,0,,,SL,-37.71,740
2025.03.12 13:19,2025.03.12 13:25,BUY,LienKe,2911.248,2907.135,41.1,6.3,40.1,0.15,0.98,0,,,0,,,0,,,0,,,0,,,0,,,0,,,0,,,0,,,SL,-41.13,5
2025.03.12 13:19,2025.03.12 13:25,BUY,LienKe,2912.503,2907.135,53.7,2.2,52.7,0.04,0.98,0,,,0,,,0,,,0,,,0,,,0,,,0,,,0,,,0,,,SL,-53.68,6
2025.03.13 12:04,2025.03.13 13:42,SELL,LienKe,2948.669,2951.975,33.1,95.7,26.9,2.90,0.81,1,5,7,1,10,15,1,17,91,1,22,91,1,56,91,0,,,0,,,0,,,0,,,SL,-33.06,97
2025.03.13 12:04,2025.03.13 13:42,SELL,Swing,2948.669,2951.975,33.1,95.7,26.9,2.90,0.81,1,5,7,1,10,15,1,17,91,1,22,91,1,56,91,0,,,0,,,0,,,0,,,SL,-33.06,97
2025.03.13 12:04,2025.03.13 13:42,SELL,LienKe,2948.294,2951.975,36.8,92.0,30.6,2.50,0.83,1,6,7,1,10,16,1,18,26,1,22,26,1,56,91,0,,,0,,,0,,,0,,,SL,-36.81,98
2025.03.13 12:04,2025.03.13 13:42,SELL,Swing,2948.294,2951.975,36.8,92.0,30.6,2.50,0.83,1,6,7,1,10,16,1,18,26,1,22,26,1,56,91,0,,,0,,,0,,,0,,,SL,-36.81,98
2025.03.12 20:26,2025.03.13 14:41,BUY,LienKe,2931.292,2927.831,34.6,276.5,2.0,7.99,0.06,1,0,-,1,11,-,1,96,-,1,140,-,1,157,-,1,277,-,1,447,-,1,1036,-,0,,,TP,283.95,1095
2025.03.12 20:21,2025.03.13 14:42,BUY,LienKe,2931.837,2927.831,40.1,294.9,7.4,7.36,0.19,1,10,-,1,16,-,1,102,-,1,148,-,1,279,-,1,381,-,1,452,-,1,1041,-,0,,,TP,283.95,1101
2025.03.13 16:01,2025.03.13 16:32,SELL,LienKe,2978.291,2981.784,34.9,15.5,32.3,0.44,0.92,1,3,4,0,,,0,,,0,,,0,,,0,,,0,,,0,,,0,,,SL,-34.93,31
2025.03.13 16:01,2025.03.13 16:32,SELL,LienKe,2977.738,2981.784,40.5,10.0,37.8,0.25,0.93,0,,,0,,,0,,,0,,,0,,,0,,,0,,,0,,,0,,,SL,-40.46,31
2025.03.14 05:23,2025.03.14 06:21,BUY,LienKe,2984.391,2981.193,32.0,22.0,28.3,0.69,0.89,1,13,24,1,33,43,0,,,0,,,0,,,0,,,0,,,0,,,0,,,SL,-31.98,57
2025.03.14 05:15,2025.03.14 06:21,BUY,LienKe,2984.838,2981.193,36.4,17.6,32.8,0.48,0.90,1,22,24,0,,,0,,,0,,,0,,,0,,,0,,,0,,,0,,,SL,-36.45,66
2025.03.14 17:20,2025.03.16 23:24,SELL,LienKe,2989.981,2993.142,31.6,81.4,29.6,2.58,0.94,1,4,9,1,6,9,1,37,3172,1,66,3172,1,163,3172,0,,,0,,,0,,,0,,,SL,-31.61,3244
2025.03.14 17:20,2025.03.16 23:24,SELL,LienKe,2989.793,2993.142,33.5,79.6,31.5,2.38,0.94,1,4,9,1,6,9,1,39,3172,1,66,3172,0,,,0,,,0,,,0,,,0,,,SL,-33.49,3244
2025.03.17 09:14,2025.03.17 09:37,SELL,Swing,2990.706,2993.986,32.8,1.4,28.7,0.04,0.88,0,,,0,,,0,,,0,,,0,,,0,,,0,,,0,,,0,,,SL,-32.80,23
2025.03.17 09:13,2025.03.17 09:37,SELL,Swing,2990.432,2993.986,35.5,0.9,31.5,0.03,0.89,0,,,0,,,0,,,0,,,0,,,0,,,0,,,0,,,0,,,SL,-35.54,24
2025.03.17 11:07,2025.03.18 00:24,SELL,LienKe,2999.789,3003.018,32.3,149.1,31.5,4.62,0.98,1,33,37,1,45,216,1,46,216,1,59,216,1,65,216,1,68,216,0,,,0,,,0,,,SL,-32.29,797
2025.03.17 11:03,2025.03.18 00:24,SELL,LienKe,2999.577,3003.018,34.4,147.0,33.7,4.27,0.98,1,37,39,1,50,220,1,59,220,1,63,220,1,69,220,1,72,220,0,,,0,,,0,,,SL,-34.41,801
2025.03.14 07:26,2025.03.18 02:54,BUY,LienKe,2982.039,2977.838,42.0,290.2,36.4,6.91,0.87,1,3,423,1,4,423,1,12,423,1,39,423,1,53,423,1,59,423,1,128,423,1,170,423,0,,,TP,289.30,5488
2025.03.17 05:14,2025.03.18 03:13,BUY,LienKe,2982.827,2979.158,36.7,293.8,3.8,8.01,0.10,1,8,-,1,9,-,1,41,-,1,68,-,1,238,-,1,251,-,1,327,-,1,1150,-,0,,,TP,294.65,1319
2025.03.18 04:50,2025.03.18 07:12,SELL,LienKe,3014.997,3018.217,32.2,87.7,29.3,2.72,0.91,1,13,74,1,15,74,1,16,74,1,27,74,1,35,74,0,,,0,,,0,,,0,,,SL,-32.20,142
2025.03.18 04:50,2025.03.18 07:12,SELL,LienKe,3014.778,3018.217,34.4,85.5,31.5,2.49,0.92,1,14,73,1,15,73,1,23,73,1,28,73,1,35,73,0,,,0,,,0,,,0,,,SL,-34.39,142
2025.03.19 03:17,2025.03.19 03:55,SELL,Swing,3035.344,3038.601,32.6,12.5,28.5,0.38,0.88,1,13,15,0,,,0,,,0,,,0,,,0,,,0,,,0,,,0,,,SL,-32.57,38
2025.03.19 03:14,2025.03.19 03:55,SELL,Swing,3035.062,3038.601,35.4,9.7,31.4,0.27,0.89,0,,,0,,,0,,,0,,,0,,,0,,,0,,,0,,,0,,,SL,-35.39,41
2025.03.19 05:07,2025.03.19 05:35,SELL,LienKe,3037.564,3040.675,31.1,4.5,25.0,0.15,0.80,0,,,0,,,0,,,0,,,0,,,0,,,0,,,0,,,0,,,SL,-31.11,28
2025.03.19 05:04,2025.03.19 05:35,SELL,LienKe,3037.320,3040.675,33.6,2.1,27.5,0.06,0.82,0,,,0,,,0,,,0,,,0,,,0,,,0,,,0,,,0,,,SL,-33.55,31
2025.03.19 05:34,2025.03.19 05:37,SELL,Swing,3038.918,3042.293,33.8,0.0,29.6,0.00,0.88,0,,,0,,,0,,,0,,,0,,,0,,,0,,,0,,,0,,,SL,-33.75,3
2025.03.19 05:17,2025.03.19 05:37,SELL,Swing,3038.515,3042.293,37.8,12.0,33.7,0.32,0.89,1,6,7,0,,,0,,,0,,,0,,,0,,,0,,,0,,,0,,,SL,-37.78,20
2025.03.19 01:06,2025.03.19 08:51,BUY,Swing,3029.919,3026.740,31.8,154.4,27.5,4.86,0.86,1,0,6,1,66,81,1,96,452,1,126,452,1,168,452,1,269,452,1,291,452,0,,,0,,,SL,-31.79,465
2025.03.19 01:06,2025.03.19 08:51,BUY,Swing,3030.502,3026.740,37.6,148.6,33.3,3.95,0.89,1,2,6,1,86,452,1,99,452,1,127,452,1,169,452,1,269,452,0,,,0,,,0,,,SL,-37.62,465
2025.03.20 05:53,2025.03.20 07:57,BUY,Swing,3045.196,3041.941,32.6,63.2,31.5,1.94,0.97,1,2,68,1,7,68,1,13,68,1,29,68,0,,,0,,,0,,,0,,,0,,,SL,-32.55,123
2025.03.20 05:42,2025.03.20 07:57,BUY,Swing,3045.622,3041.941,36.8,59.0,35.7,1.60,0.97,1,2,9,1,24,79,1,24,79,1,40,79,0,,,0,,,0,,,0,,,0,,,SL,-36.81,135
2025.03.20 10:01,2025.03.20 10:07,BUY,LienKe,3040.773,3037.298,34.8,0.0,21.7,0.00,0.62,0,,,0,,,0,,,0,,,0,,,0,,,0,,,0,,,0,,,SL,-34.75,6
2025.03.20 10:01,2025.03.20 10:07,BUY,LienKe,3041.360,3037.298,40.6,0.6,27.5,0.02,0.68,0,,,0,,,0,,,0,,,0,,,0,,,0,,,0,,,0,,,SL,-40.62,6
2025.03.20 13:10,2025.03.20 13:26,BUY,LienKe,3033.936,3030.331,36.1,9.1,34.4,0.25,0.95,0,,,0,,,0,,,0,,,0,,,0,,,0,,,0,,,0,,,SL,-36.05,16
2025.03.20 13:10,2025.03.20 13:26,BUY,LienKe,3034.833,3030.331,45.0,2.1,43.4,0.05,0.96,0,,,0,,,0,,,0,,,0,,,0,,,0,,,0,,,0,,,SL,-45.02,16
2025.03.20 09:15,2025.03.21 00:00,SELL,LienKe,3043.686,3047.203,35.2,178.9,30.7,5.09,0.87,1,32,33,1,36,539,1,45,539,1,52,539,1,55,539,1,61,539,1,76,539,0,,,0,,,SL,-35.17,885
2025.03.20 09:14,2025.03.21 00:00,SELL,LienKe,3043.132,3047.203,40.7,173.4,36.3,4.26,0.89,1,37,43,1,38,43,1,48,422,1,53,422,1,56,422,1,62,422,1,77,422,0,,,0,,,SL,-40.71,886
2025.03.21 02:08,2025.03.21 03:09,BUY,LienKe,3035.902,3031.732,41.7,8.3,39.8,0.20,0.95,0,,,0,,,0,,,0,,,0,,,0,,,0,,,0,,,0,,,SL,-41.70,61
2025.03.21 02:03,2025.03.21 03:09,BUY,LienKe,3036.119,3031.732,43.9,8.9,42.0,0.20,0.96,0,,,0,,,0,,,0,,,0,,,0,,,0,,,0,,,0,,,SL,-43.87,66
2025.03.21 13:22,2025.03.21 13:25,BUY,LienKe,3033.592,3030.085,35.1,0.0,28.6,0.00,0.81,0,,,0,,,0,,,0,,,0,,,0,,,0,,,0,,,0,,,SL,-35.07,3
2025.03.21 13:03,2025.03.21 13:25,BUY,LienKe,3034.682,3030.085,46.0,21.3,39.4,0.46,0.86,1,0,6,1,2,6,0,,,0,,,0,,,0,,,0,,,0,,,0,,,SL,-45.97,22
2025.03.21 14:05,2025.03.21 14:09,BUY,LienKe,3004.584,3000.318,42.7,0.0,36.4,0.00,0.85,0,,,0,,,0,,,0,,,0,,,0,,,0,,,0,,,0,,,SL,-42.66,4
2025.03.21 14:05,2025.03.21 14:09,BUY,LienKe,3005.503,3000.318,51.8,7.6,45.6,0.15,0.88,0,,,0,,,0,,,0,,,0,,,0,,,0,,,0,,,0,,,SL,-51.85,4
2025.03.21 17:13,2025.03.21 18:35,SELL,LienKe,3017.256,3020.642,33.9,42.5,30.4,1.26,0.90,1,9,66,1,14,66,1,32,66,0,,,0,,,0,,,0,,,0,,,0,,,SL,-33.86,82
2025.03.21 17:13,2025.03.21 18:35,SELL,LienKe,3016.810,3020.642,38.3,38.1,34.8,0.99,0.91,1,10,65,1,32,65,1,34,65,0,,,0,,,0,,,0,,,0,,,0,,,SL,-38.32,82
2025.03.24 04:56,2025.03.24 05:11,SELL,LienKe,3019.815,3023.072,32.6,8.2,30.5,0.25,0.94,0,,,0,,,0,,,0,,,0,,,0,,,0,,,0,,,0,,,SL,-32.57,14
2025.03.24 04:56,2025.03.24 05:11,SELL,LienKe,3019.464,3023.072,36.1,4.7,34.0,0.13,0.94,0,,,0,,,0,,,0,,,0,,,0,,,0,,,0,,,0,,,SL,-36.08,15
2025.03.24 06:33,2025.03.24 07:08,SELL,LienKe,3022.933,3026.313,33.8,11.2,32.7,0.33,0.97,1,2,3,0,,,0,,,0,,,0,,,0,,,0,,,0,,,0,,,SL,-33.80,35
2025.03.24 06:33,2025.03.24 07:08,SELL,LienKe,3022.461,3026.313,38.5,6.5,37.5,0.17,0.97,0,,,0,,,0,,,0,,,0,,,0,,,0,,,0,,,0,,,SL,-38.52,35
2025.03.23 23:22,2025.03.24 09:00,SELL,LienKe,3026.074,3029.331,32.6,122.7,30.1,3.77,0.93,1,6,30,1,39,465,1,53,465,1,83,465,1,93,465,1,203,465,0,,,0,,,0,,,SL,-32.57,578
2025.03.23 23:20,2025.03.24 09:00,SELL,LienKe,3025.791,3029.331,35.4,119.9,33.0,3.39,0.93,1,10,24,1,41,141,1,61,141,1,86,141,1,95,141,1,205,451,0,,,0,,,0,,,SL,-35.40,580
2025.03.24 08:54,2025.03.24 10:27,SELL,LienKe,3028.617,3031.927,33.1,57.8,28.5,1.75,0.86,1,43,83,1,44,83,1,47,83,1,53,83,0,,,0,,,0,,,0,,,0,,,SL,-33.10,93
2025.03.24 08:54,2025.03.24 10:27,SELL,LienKe,3028.006,3031.927,39.2,51.7,34.6,1.32,0.88,1,44,81,1,47,81,1,48,81,1,57,81,0,,,0,,,0,,,0,,,0,,,SL,-39.21,93
2025.03.25 03:14,2025.03.25 03:32,SELL,LienKe,3012.325,3015.524,32.0,0.0,27.8,0.00,0.87,0,,,0,,,0,,,0,,,0,,,0,,,0,,,0,,,0,,,SL,-31.99,18
2025.03.25 03:14,2025.03.25 03:32,SELL,LienKe,3012.202,3015.524,33.2,0.0,29.0,0.00,0.87,0,,,0,,,0,,,0,,,0,,,0,,,0,,,0,,,0,,,SL,-33.22,18
2025.03.25 00:55,2025.03.25 05:10,SELL,Swing,3014.396,3017.917,35.2,67.3,34.0,1.91,0.97,1,5,7,1,22,49,1,25,49,1,74,146,0,,,0,,,0,,,0,,,0,,,SL,-35.21,255
2025.03.25 08:50,2025.03.25 10:11,SELL,Swing,3020.965,3024.270,33.0,18.2,31.7,0.55,0.96,1,16,20,0,,,0,,,0,,,0,,,0,,,0,,,0,,,0,,,SL,-33.05,81
2025.03.25 08:49,2025.03.25 10:11,SELL,Swing,3020.890,3024.270,33.8,17.4,32.5,0.52,0.96,1,44,46,0,,,0,,,0,,,0,,,0,,,0,,,0,,,0,,,SL,-33.80,82
2025.03.24 10:25,2025.03.25 14:05,SELL,LienKe,3030.955,3034.234,32.8,283.3,31.0,8.64,0.95,1,6,8,1,12,1657,1,21,1657,1,76,1657,1,147,1657,1,200,1657,1,244,1657,1,249,1657,0,,,SL,-32.79,1660
2025.03.24 10:25,2025.03.25 14:05,SELL,LienKe,3030.710,3034.234,35.2,280.8,33.5,7.97,0.95,1,10,1637,1,12,1637,1,35,1637,1,76,1637,1,152,1637,1,200,1637,1,244,1637,1,249,1637,0,,,SL,-35.24,1660
2025.03.26 01:44,2025.03.26 01:57,SELL,LienKe,3022.125,3025.347,32.2,0.2,28.0,0.01,0.87,0,,,0,,,0,,,0,,,0,,,0,,,0,,,0,,,0,,,SL,-32.22,13
2025.03.26 01:44,2025.03.26 01:57,SELL,LienKe,3021.893,3025.347,34.5,0.0,30.3,0.00,0.88,0,,,0,,,0,,,0,,,0,,,0,,,0,,,0,,,0,,,SL,-34.54,13
2025.03.26 04:06,2025.03.26 05:11,BUY,LienKe,3016.611,3013.355,32.6,10.7,31.3,0.33,0.96,1,12,14,0,,,0,,,0,,,0,,,0,,,0,,,0,,,0,,,SL,-32.56,64
2025.03.26 04:06,2025.03.26 05:11,BUY,Swing,3016.611,3013.355,32.6,10.7,31.3,0.33,0.96,1,12,14,0,,,0,,,0,,,0,,,0,,,0,,,0,,,0,,,SL,-32.56,64
2025.03.26 04:02,2025.03.26 05:11,BUY,LienKe,3017.036,3013.355,36.8,6.4,35.5,0.17,0.97,0,,,0,,,0,,,0,,,0,,,0,,,0,,,0,,,0,,,SL,-36.81,69
2025.03.26 04:02,2025.03.26 05:11,BUY,Swing,3017.036,3013.355,36.8,6.4,35.5,0.17,0.97,0,,,0,,,0,,,0,,,0,,,0,,,0,,,0,,,0,,,SL,-36.81,69
2025.03.26 02:06,2025.03.26 07:45,SELL,LienKe,3025.234,3029.328,40.9,118.6,39.3,2.90,0.96,1,37,241,1,46,241,1,65,241,1,71,241,1,95,241,1,146,241,0,,,0,,,0,,,SL,-40.94,339
2025.03.26 02:02,2025.03.26 07:45,SELL,LienKe,3024.285,3029.328,50.4,109.1,48.7,2.16,0.97,1,44,45,1,69,241,1,72,241,1,87,241,1,124,241,1,185,241,0,,,0,,,0,,,SL,-50.43,343
2025.03.26 13:03,2025.03.26 13:39,BUY,LienKe,3024.676,3021.056,36.2,12.0,35.4,0.33,0.98,1,4,6,0,,,0,,,0,,,0,,,0,,,0,,,0,,,0,,,SL,-36.20,36
2025.03.26 13:03,2025.03.26 13:39,BUY,LienKe,3025.422,3021.056,43.7,4.5,42.8,0.10,0.98,0,,,0,,,0,,,0,,,0,,,0,,,0,,,0,,,0,,,SL,-43.66,36
2025.03.26 10:14,2025.03.26 15:01,BUY,LienKe,3017.744,3013.886,38.6,126.2,29.2,3.27,0.76,1,1,221,1,2,221,1,5,221,1,9,221,1,57,221,1,68,221,0,,,0,,,0,,,SL,-38.58,287
2025.03.26 13:58,2025.03.26 15:02,BUY,Swing,3016.888,3012.873,40.1,48.2,34.6,1.20,0.86,1,0,1,1,9,20,1,44,54,0,,,0,,,0,,,0,,,0,,,0,,,SL,-40.15,64
2025.03.26 13:58,2025.03.26 15:02,BUY,Swing,3017.238,3012.873,43.6,44.7,38.1,1.02,0.87,1,4,4,1,10,17,1,48,54,0,,,0,,,0,,,0,,,0,,,0,,,SL,-43.65,64
2025.03.26 23:36,2025.03.27 00:05,SELL,LienKe,3021.025,3024.193,31.7,11.8,31.3,0.37,0.99,1,2,9,0,,,0,,,0,,,0,,,0,,,0,,,0,,,0,,,SL,-31.68,29
2025.03.26 23:36,2025.03.27 00:05,SELL,LienKe,3020.809,3024.193,33.8,9.7,33.4,0.29,0.99,0,,,0,,,0,,,0,,,0,,,0,,,0,,,0,,,0,,,SL,-33.84,29
2025.03.27 03:45,2025.03.27 04:27,SELL,LienKe,3032.840,3036.596,37.6,5.0,33.3,0.13,0.89,0,,,0,,,0,,,0,,,0,,,0,,,0,,,0,,,0,,,SL,-37.56,42
2025.03.27 03:44,2025.03.27 04:27,SELL,LienKe,3032.482,3036.596,41.1,1.4,36.9,0.04,0.90,0,,,0,,,0,,,0,,,0,,,0,,,0,,,0,,,0,,,SL,-41.14,43
2025.03.27 08:08,2025.03.27 09:56,SELL,LienKe,3036.874,3040.224,33.5,29.5,24.6,0.88,0.73,1,15,16,1,26,43,0,,,0,,,0,,,0,,,0,,,0,,,0,,,SL,-33.50,108
2025.03.27 08:06,2025.03.27 09:56,SELL,LienKe,3036.256,3040.224,39.7,23.4,30.8,0.59,0.78,1,27,44,1,30,44,0,,,0,,,0,,,0,,,0,,,0,,,0,,,SL,-39.68,110
2025.03.25 00:02,2025.03.27 09:56,BUY,LienKe,3009.749,3005.985,37.6,294.3,22.4,7.82,0.60,1,7,126,1,19,126,1,48,126,1,51,126,1,308,-,1,321,-,1,611,-,1,819,-,0,,,TP,278.60,3474
2025.03.28 02:02,2025.03.28 02:10,SELL,LienKe,3074.098,3077.322,32.2,1.9,31.2,0.06,0.97,0,,,0,,,0,,,0,,,0,,,0,,,0,,,0,,,0,,,SL,-32.24,8
2025.03.28 02:02,2025.03.28 02:10,SELL,LienKe,3072.677,3077.322,46.4,0.0,45.4,0.00,0.98,0,,,0,,,0,,,0,,,0,,,0,,,0,,,0,,,0,,,SL,-46.45,8
2025.03.27 16:02,2025.03.28 05:55,BUY,LienKe,3051.349,3047.574,37.8,286.1,35.5,7.58,0.94,1,3,8,1,6,8,1,127,-,1,157,-,1,487,-,1,488,-,1,552,-,1,586,-,0,,,TP,294.65,833
2025.03.27 16:01,2025.03.28 06:07,BUY,LienKe,3052.377,3047.574,48.0,296.3,45.8,6.17,0.95,1,7,8,1,128,-,1,146,-,1,164,-,1,489,-,1,503,-,1,571,-,1,588,-,0,,,TP,294.65,846
2025.03.27 23:06,2025.03.28 06:49,BUY,LienKe,3054.533,3051.312,32.2,298.4,4.0,9.26,0.12,1,39,-,1,56,-,1,59,-,1,63,-,1,78,-,1,119,-,1,160,-,1,177,-,0,,,TP,294.65,462
2025.03.27 23:06,2025.03.28 06:54,BUY,LienKe,3054.868,3051.312,35.6,298.7,7.3,8.40,0.21,1,39,44,1,58,-,1,59,-,1,64,-,1,79,-,1,119,-,1,161,-,1,178,-,0,,,TP,294.65,468
2025.03.31 09:24,2025.03.31 09:36,BUY,LienKe,3120.771,3117.365,34.1,5.6,33.8,0.17,0.99,0,,,0,,,0,,,0,,,0,,,0,,,0,,,0,,,0,,,SL,-34.06,12
2025.03.31 09:21,2025.03.31 09:36,BUY,LienKe,3121.589,3117.365,42.2,10.1,41.9,0.24,0.99,1,2,2,0,,,0,,,0,,,0,,,0,,,0,,,0,,,0,,,SL,-42.24,15
2025.03.31 23:38,2025.03.31 23:59,SELL,LienKe,3125.652,3129.176,35.2,54.7,9.7,1.55,0.28,1,9,-,1,13,-,1,15,-,1,16,-,0,,,0,,,0,,,0,,,0,,,CON_MO,0.00,21
2025.03.31 23:37,2025.03.31 23:59,SELL,LienKe,3125.191,3129.176,39.9,50.1,14.3,1.26,0.36,1,11,-,1,14,-,1,16,-,1,18,-,0,,,0,,,0,,,0,,,0,,,CON_MO,0.00,22
2025.03.31 22:18,2025.03.31 23:59,BUY,LienKe,3122.963,3119.698,32.7,35.0,29.4,1.07,0.90,1,43,95,1,43,95,1,77,95,0,,,0,,,0,,,0,,,0,,,0,,,CON_MO,0.00,101
2025.03.31 22:17,2025.03.31 23:59,BUY,LienKe,3123.414,3119.698,37.2,30.5,33.9,0.82,0.91,1,44,94,1,48,94,1,88,94,0,,,0,,,0,,,0,,,0,,,0,,,CON_MO,0.00,102
2025.03.31 16:15,2025.03.31 23:59,BUY,LienKe,3113.093,3108.565,45.3,133.7,9.1,2.95,0.20,1,5,6,1,7,-,1,13,-,1,22,-,1,125,-,1,128,-,0,,,0,,,0,,,CON_MO,0.00,464
2025.03.31 16:13,2025.03.31 23:59,BUY,LienKe,3114.808,3108.565,62.4,116.6,26.2,1.87,0.42,1,14,-,1,20,-,1,22,-,1,32,-,1,130,-,1,348,-,0,,,0,,,0,,,CON_MO,0.00,466
2025.04.01 11:21,2025.04.01 12:01,BUY,LienKe,3131.271,3127.773,35.0,23.6,27.5,0.68,0.79,1,12,17,1,13,17,0,,,0,,,0,,,0,,,0,,,0,,,0,,,SL,-34.98,39
2025.04.01 11:12,2025.04.01 12:01,BUY,LienKe,3131.928,3127.773,41.5,38.9,34.1,0.94,0.82,1,2,9,1,4,9,1,5,9,0,,,0,,,0,,,0,,,0,,,0,,,SL,-41.55,49
2025.04.01 12:02,2025.04.01 14:14,BUY,LienKe,3128.889,3124.689,42.0,82.1,10.3,1.95,0.24,1,3,81,1,5,81,1,6,81,1,21,81,1,67,81,0,,,0,,,0,,,0,,,SL,-42.00,132
2025.04.01 12:02,2025.04.01 14:14,BUY,LienKe,3130.039,3124.689,53.5,70.6,21.8,1.32,0.41,1,5,81,1,8,81,1,18,81,1,62,81,0,,,0,,,0,,,0,,,0,,,SL,-53.50,132
2025.04.01 07:44,2025.04.01 15:42,BUY,LienKe,3126.546,3122.794,37.5,124.5,28.4,3.32,0.76,1,12,16,1,17,390,1,18,390,1,22,390,1,27,390,1,152,390,0,,,0,,,0,,,SL,-37.52,478
2025.04.01 07:44,2025.04.01 15:42,BUY,LienKe,3127.933,3122.794,51.4,110.6,42.3,2.15,0.82,1,17,257,1,18,257,1,21,257,1,23,257,1,151,257,1,159,257,0,,,0,,,0,,,SL,-51.39,478
2025.04.01 16:03,2025.04.01 16:07,BUY,LienKe,3113.614,3108.425,51.9,13.3,48.7,0.26,0.94,1,1,2,0,,,0,,,0,,,0,,,0,,,0,,,0,,,0,,,SL,-51.89,3
2025.04.01 16:02,2025.04.01 16:07,BUY,LienKe,3115.843,3108.425,74.2,9.7,71.0,0.13,0.96,0,,,0,,,0,,,0,,,0,,,0,,,0,,,0,,,0,,,SL,-74.18,5
2025.04.01 13:04,2025.04.01 16:17,SELL,LienKe,3134.351,3137.941,35.9,279.3,29.1,7.78,0.81,1,16,36,1,16,36,1,17,36,1,19,36,1,70,-,1,70,-,1,159,-,1,175,-,0,,,TP,300.00,193
2025.04.01 13:04,2025.04.01 16:17,SELL,LienKe,3134.209,3137.941,37.3,277.9,30.5,7.45,0.82,1,16,37,1,16,37,1,17,37,1,19,37,1,70,-,1,78,-,1,168,-,1,175,-,0,,,TP,300.00,193
2025.04.02 07:47,2025.04.02 07:50,SELL,LienKe,3119.759,3123.124,33.6,0.0,29.2,0.00,0.87,0,,,0,,,0,,,0,,,0,,,0,,,0,,,0,,,0,,,SL,-33.65,3
2025.04.02 07:47,2025.04.02 07:50,SELL,LienKe,3119.619,3123.124,35.0,2.0,30.6,0.06,0.87,0,,,0,,,0,,,0,,,0,,,0,,,0,,,0,,,0,,,SL,-35.05,3
2025.04.02 17:27,2025.04.02 17:31,BUY,LienKe,3125.890,3122.686,32.0,0.0,26.9,0.00,0.84,0,,,0,,,0,,,0,,,0,,,0,,,0,,,0,,,0,,,SL,-32.04,4
2025.04.02 17:26,2025.04.02 17:31,BUY,LienKe,3126.292,3122.686,36.1,1.6,30.9,0.05,0.86,0,,,0,,,0,,,0,,,0,,,0,,,0,,,0,,,0,,,SL,-36.06,5
2025.04.03 10:01,2025.04.03 10:07,BUY,LienKe,3120.871,3117.212,36.6,21.0,12.6,0.57,0.34,1,1,4,1,1,4,0,,,0,,,0,,,0,,,0,,,0,,,0,,,SL,-36.59,6
2025.04.03 10:01,2025.04.03 10:07,BUY,LienKe,3121.674,3117.212,44.6,13.0,20.7,0.29,0.46,1,0,0,0,,,0,,,0,,,0,,,0,,,0,,,0,,,0,,,SL,-44.62,6
2025.04.03 08:06,2025.04.03 10:58,SELL,LienKe,3130.231,3133.983,37.5,291.2,19.5,7.76,0.52,1,4,9,1,4,9,1,39,-,1,76,-,1,113,-,1,115,-,1,122,-,1,139,-,0,,,TP,300.00,172
2025.04.03 08:04,2025.04.03 10:58,SELL,LienKe,3129.601,3133.983,43.8,284.9,25.8,6.50,0.59,1,0,1,1,6,9,1,44,48,1,86,-,1,116,-,1,123,-,1,124,-,1,142,-,0,,,TP,300.00,174
2025.04.03 18:01,2025.04.03 19:19,SELL,LienKe,3109.999,3113.248,32.5,76.8,29.6,2.37,0.91,1,1,56,1,2,56,1,17,56,1,20,56,0,,,0,,,0,,,0,,,0,,,SL,-32.49,78
2025.04.03 18:01,2025.04.03 19:19,SELL,LienKe,3109.660,3113.248,35.9,73.5,33.0,2.05,0.92,1,1,53,1,4,53,1,17,53,1,21,53,0,,,0,,,0,,,0,,,0,,,SL,-35.88,78
2025.04.04 08:17,2025.04.04 08:21,BUY,Swing,3087.600,3083.797,38.0,0.0,24.4,0.00,0.64,0,,,0,,,0,,,0,,,0,,,0,,,0,,,0,,,0,,,SL,-38.03,4
2025.04.04 08:17,2025.04.04 08:21,BUY,Swing,3088.608,3083.797,48.1,6.4,34.5,0.13,0.72,0,,,0,,,0,,,0,,,0,,,0,,,0,,,0,,,0,,,SL,-48.11,4
2025.04.04 10:05,2025.04.04 10:06,SELL,LienKe,3095.340,3099.312,39.7,0.0,5.5,0.00,0.14,0,,,0,,,0,,,0,,,0,,,0,,,0,,,0,,,0,,,SL,-39.72,1
2025.04.04 10:04,2025.04.04 10:06,SELL,LienKe,3094.037,3099.312,52.8,4.0,18.6,0.08,0.35,0,,,0,,,0,,,0,,,0,,,0,,,0,,,0,,,0,,,SL,-52.75,2
2025.04.07 01:16,2025.04.07 01:20,SELL,LienKe,3010.368,3015.270,49.0,53.9,44.4,1.10,0.91,1,0,1,1,0,1,1,2,3,1,2,3,0,,,0,,,0,,,0,,,0,,,SL,-49.02,4
2025.04.07 01:16,2025.04.07 01:20,SELL,LienKe,3008.507,3015.270,67.6,35.3,63.0,0.52,0.93,1,0,0,1,3,3,1,3,3,0,,,0,,,0,,,0,,,0,,,0,,,SL,-67.63,4
2025.04.07 02:12,2025.04.07 03:00,SELL,LienKe,3052.749,3058.804,60.6,283.2,9.9,4.68,0.16,1,0,2,1,0,2,1,0,2,1,1,2,1,12,-,1,15,-,1,20,-,1,24,-,0,,,TP,300.00,48
2025.04.07 05:19,2025.04.07 05:30,SELL,LienKe,3034.748,3041.033,62.8,0.0,55.4,0.00,0.88,0,,,0,,,0,,,0,,,0,,,0,,,0,,,0,,,0,,,SL,-62.85,11
2025.04.07 05:05,2025.04.07 05:30,SELL,LienKe,3031.775,3041.033,92.6,67.2,85.1,0.73,0.92,1,3,12,1,5,12,1,5,12,1,5,12,0,,,0,,,0,,,0,,,0,,,SL,-92.58,25
2025.04.07 11:06,2025.04.07 11:08,SELL,LienKe,3036.268,3040.020,37.5,0.0,33.3,0.00,0.89,0,,,0,,,0,,,0,,,0,,,0,,,0,,,0,,,0,,,SL,-37.52,2
2025.04.07 11:04,2025.04.07 11:08,SELL,LienKe,3035.260,3040.020,47.6,8.5,43.3,0.18,0.91,0,,,0,,,0,,,0,,,0,,,0,,,0,,,0,,,0,,,SL,-47.60,4
2025.04.08 19:20,2025.04.08 23:35,BUY,LienKe,2979.335,2975.991,33.4,115.5,26.9,3.45,0.80,1,6,13,1,6,13,1,6,13,1,31,55,1,34,55,1,224,244,0,,,0,,,0,,,SL,-33.44,255
2025.04.08 19:20,2025.04.08 23:35,BUY,LienKe,2979.798,2975.991,38.1,110.9,31.5,2.91,0.83,1,6,12,1,6,12,1,7,12,1,32,55,1,224,244,1,225,244,0,,,0,,,0,,,SL,-38.07,255
2025.04.09 01:28,2025.04.09 01:31,SELL,LienKe,2988.296,2992.855,45.6,24.9,34.2,0.55,0.75,1,0,1,1,0,1,0,,,0,,,0,,,0,,,0,,,0,,,0,,,SL,-45.59,3
2025.04.09 01:28,2025.04.09 01:31,SELL,LienKe,2986.803,2992.855,60.5,9.9,49.1,0.16,0.81,0,,,0,,,0,,,0,,,0,,,0,,,0,,,0,,,0,,,SL,-60.52,3
2025.04.09 17:16,2025.04.09 17:20,SELL,LienKe,3093.401,3098.404,50.0,41.1,47.8,0.82,0.96,1,2,3,1,2,3,1,2,3,0,,,0,,,0,,,0,,,0,,,0,,,SL,-50.03,4
2025.04.09 17:03,2025.04.09 17:20,SELL,LienKe,3090.391,3098.404,80.1,59.5,77.9,0.74,0.97,1,0,1,1,0,1,1,0,1,1,5,12,0,,,0,,,0,,,0,,,0,,,SL,-80.13,17
2025.04.10 03:02,2025.04.10 03:13,SELL,LienKe,3120.156,3123.602,34.5,46.8,13.2,1.36,0.38,1,1,4,1,1,4,1,2,4,0,,,0,,,0,,,0,,,0,,,0,,,SL,-34.46,11
2025.04.10 03:01,2025.04.10 03:13,SELL,LienKe,3119.711,3123.602,38.9,42.3,17.7,1.09,0.45,1,2,5,1,2,5,1,3,5,0,,,0,,,0,,,0,,,0,,,0,,,SL,-38.91,12
2025.04.10 16:11,2025.04.10 22:33,BUY,LienKe,3155.330,3151.265,40.7,257.2,38.1,6.33,0.94,1,2,55,1,3,55,1,3,55,1,4,55,1,14,55,1,14,55,1,146,-,1,159,-,0,,,TP,300.00,382
2025.04.10 16:11,2025.04.10 22:33,BUY,LienKe,3156.527,3151.265,52.6,245.2,50.1,4.66,0.95,1,3,8,1,3,8,1,3,8,1,11,51,1,15,51,1,25,51,1,148,-,1,350,-,0,,,TP,300.00,382
2025.04.10 23:51,2025.04.11 00:21,SELL,LienKe,3190.237,3193.624,33.9,52.9,17.2,1.56,0.51,1,0,1,1,9,21,1,9,21,1,14,21,0,,,0,,,0,,,0,,,0,,,SL,-33.87,30
2025.04.10 23:03,2025.04.11 00:21,SELL,LienKe,3189.741,3193.624,38.8,64.7,22.2,1.67,0.57,1,3,4,1,9,48,1,10,48,1,10,48,0,,,0,,,0,,,0,,,0,,,SL,-38.83,78
2025.04.11 05:03,2025.04.11 05:12,BUY,LienKe,3208.710,3205.191,35.2,4.7,29.3,0.13,0.83,0,,,0,,,0,,,0,,,0,,,0,,,0,,,0,,,0,,,SL,-35.19,8
2025.04.11 05:02,2025.04.11 05:12,BUY,LienKe,3209.408,3205.191,42.2,0.0,36.3,0.00,0.86,0,,,0,,,0,,,0,,,0,,,0,,,0,,,0,,,0,,,SL,-42.17,10
2025.04.11 08:16,2025.04.11 08:22,SELL,Swing,3218.791,3222.563,37.7,22.9,27.6,0.61,0.73,1,1,2,1,1,2,0,,,0,,,0,,,0,,,0,,,0,,,0,,,SL,-37.72,6
2025.04.11 08:15,2025.04.11 08:22,SELL,Swing,3218.004,3222.563,45.6,20.7,35.4,0.45,0.78,1,0,1,1,0,1,0,,,0,,,0,,,0,,,0,,,0,,,0,,,SL,-45.59,7
2025.04.11 19:10,2025.04.11 19:15,BUY,LienKe,3231.456,3228.122,33.3,1.9,15.7,0.06,0.47,0,,,0,,,0,,,0,,,0,,,0,,,0,,,0,,,0,,,SL,-33.34,5
2025.04.11 19:08,2025.04.11 19:15,BUY,LienKe,3232.540,3228.122,44.2,14.3,26.5,0.32,0.60,1,0,1,0,,,0,,,0,,,0,,,0,,,0,,,0,,,0,,,SL,-44.18,7
2025.04.11 20:57,2025.04.14 01:45,SELL,Swing,3238.374,3241.974,36.0,246.3,32.1,6.84,0.89,1,2947,3161,1,2947,3161,1,2947,3161,1,2947,3161,1,2947,3161,1,2947,3161,1,2947,3161,1,2948,3161,0,,,SL,-36.00,3168
2025.04.11 20:57,2025.04.14 01:45,SELL,Swing,3237.912,3241.974,40.6,241.6,36.7,5.95,0.90,1,2948,3161,1,2948,3161,1,2948,3161,1,2948,3161,1,2948,3161,1,2948,3161,1,2948,3161,1,2948,3161,0,,,SL,-40.62,3168
2025.04.14 10:10,2025.04.14 10:20,BUY,LienKe,3221.289,3217.685,36.0,9.6,31.7,0.27,0.88,0,,,0,,,0,,,0,,,0,,,0,,,0,,,0,,,0,,,SL,-36.04,10
2025.04.14 10:09,2025.04.14 10:20,BUY,LienKe,3222.034,3217.685,43.5,2.2,39.2,0.05,0.90,0,,,0,,,0,,,0,,,0,,,0,,,0,,,0,,,0,,,SL,-43.49,11
2025.04.14 02:04,2025.04.14 10:20,SELL,LienKe,3243.791,3247.386,35.9,270.8,21.3,7.53,0.59,1,1,2,1,11,-,1,11,-,1,14,-,1,17,-,1,21,-,1,59,-,1,193,-,0,,,TP,300.00,496
2025.04.14 02:04,2025.04.14 10:20,SELL,LienKe,3243.198,3247.386,41.9,264.9,27.2,6.32,0.65,1,11,-,1,11,-,1,13,-,1,14,-,1,18,-,1,29,-,1,59,-,1,198,-,0,,,TP,300.00,496
2025.04.14 06:00,2025.04.14 12:40,SELL,LienKe,3234.383,3239.043,46.6,279.2,39.8,5.99,0.85,1,0,1,1,2,23,1,3,23,1,18,23,1,106,-,1,122,-,1,129,-,1,260,-,0,,,TP,300.00,400
2025.04.14 09:10,2025.04.14 13:10,SELL,LienKe,3230.016,3233.407,33.9,293.9,18.7,8.67,0.55,1,0,1,1,9,-,1,10,-,1,15,-,1,20,-,1,65,-,1,70,-,1,73,-,0,,,TP,300.00,240
2025.04.14 09:10,2025.04.14 13:10,SELL,LienKe,3229.640,3233.407,37.7,290.1,22.4,7.70,0.60,1,2,3,1,9,-,1,11,-,1,15,-,1,20,-,1,65,-,1,70,-,1,73,-,0,,,TP,300.00,240
2025.04.15 00:16,2025.04.15 01:14,SELL,LienKe,3214.425,3217.660,32.3,42.6,32.3,1.32,1.00,1,0,3,1,9,15,1,20,51,0,,,0,,,0,,,0,,,0,,,0,,,SL,-32.35,58
2025.04.15 00:16,2025.04.15 01:14,SELL,LienKe,3214.229,3217.660,34.3,40.7,34.2,1.19,1.00,1,0,3,1,10,14,1,44,45,0,,,0,,,0,,,0,,,0,,,0,,,SL,-34.31,58
2025.04.15 08:02,2025.04.15 08:12,SELL,LienKe,3226.816,3230.702,38.9,23.4,36.9,0.60,0.95,1,1,2,1,5,7,0,,,0,,,0,,,0,,,0,,,0,,,0,,,SL,-38.86,10
2025.04.15 08:02,2025.04.15 08:12,SELL,LienKe,3225.956,3230.702,47.5,14.8,45.5,0.31,0.96,1,5,7,0,,,0,,,0,,,0,,,0,,,0,,,0,,,0,,,SL,-47.46,10
2025.04.16 03:29,2025.04.16 03:51,SELL,LienKe,3275.758,3279.361,36.0,6.2,29.2,0.17,0.81,0,,,0,,,0,,,0,,,0,,,0,,,0,,,0,,,0,,,SL,-36.03,22
2025.04.16 03:29,2025.04.16 03:51,SELL,LienKe,3275.116,3279.361,42.4,0.0,35.6,0.00,0.84,0,,,0,,,0,,,0,,,0,,,0,,,0,,,0,,,0,,,SL,-42.45,22
2025.04.16 03:01,2025.04.16 07:49,BUY,LienKe,3268.217,3263.161,50.6,297.8,10.0,5.89,0.20,1,0,2,1,0,2,1,5,16,1,7,16,1,27,-,1,49,-,1,61,-,1,125,-,0,,,TP,300.00,288
2025.04.16 19:07,2025.04.16 22:01,SELL,LienKe,3340.353,3343.806,34.5,57.6,25.1,1.67,0.73,1,6,14,1,7,14,1,35,100,1,67,100,0,,,0,,,0,,,0,,,0,,,SL,-34.53,173
2025.04.16 19:06,2025.04.16 22:01,SELL,LienKe,3339.864,3343.806,39.4,52.7,30.0,1.34,0.76,1,8,11,1,36,43,1,37,43,1,68,101,0,,,0,,,0,,,0,,,0,,,SL,-39.42,175
2025.04.17 09:21,2025.04.17 10:26,SELL,LienKe,3324.735,3328.236,35.0,35.2,23.5,1.01,0.67,1,4,6,1,4,6,1,4,6,0,,,0,,,0,,,0,,,0,,,0,,,SL,-35.01,65
2025.04.17 09:21,2025.04.17 10:26,SELL,LienKe,3324.030,3328.236,42.1,28.2,30.5,0.67,0.73,1,4,6,1,4,6,0,,,0,,,0,,,0,,,0,,,0,,,0,,,SL,-42.06,65
2025.04.17 12:13,2025.04.17 12:14,SELL,LienKe,3332.347,3335.721,33.7,5.0,4.3,0.15,0.13,0,,,0,,,0,,,0,,,0,,,0,,,0,,,0,,,0,,,SL,-33.74,1
2025.04.17 12:13,2025.04.17 12:14,SELL,LienKe,3331.968,3335.721,37.5,1.3,8.1,0.03,0.22,0,,,0,,,0,,,0,,,0,,,0,,,0,,,0,,,0,,,SL,-37.53,1
2025.04.17 05:05,2025.04.17 14:00,SELL,LienKe,3342.093,3348.445,63.5,299.9,14.4,4.72,0.23,1,2,430,1,2,430,1,2,430,1,9,430,1,27,430,1,45,430,1,56,430,1,128,430,0,,,TP,300.00,535
2025.04.17 05:05,2025.04.17 14:00,SELL,Swing,3342.093,3348.445,63.5,299.9,14.4,4.72,0.23,1,2,430,1,2,430,1,2,430,1,9,430,1,27,430,1,45,430,1,56,430,1,128,430,0,,,TP,300.00,535
2025.04.21 06:04,2025.04.21 06:20,SELL,LienKe,3386.107,3389.961,38.5,34.4,37.8,0.89,0.98,1,2,4,1,2,4,1,3,4,0,,,0,,,0,,,0,,,0,,,0,,,SL,-38.54,16
2025.04.21 06:04,2025.04.21 06:20,SELL,LienKe,3385.040,3389.961,49.2,23.8,48.5,0.48,0.98,1,2,4,1,3,4,0,,,0,,,0,,,0,,,0,,,0,,,0,,,SL,-49.21,16
2025.04.21 09:21,2025.04.21 11:36,SELL,Swing,3395.305,3399.560,42.6,87.4,37.0,2.05,0.87,1,1,5,1,28,33,1,30,33,1,110,129,1,111,129,0,,,0,,,0,,,0,,,SL,-42.55,135
2025.04.21 09:14,2025.04.21 11:36,SELL,Swing,3394.035,3399.560,55.3,74.7,49.7,1.35,0.90,1,3,5,1,4,5,1,117,136,1,117,136,0,,,0,,,0,,,0,,,0,,,SL,-55.25,142
2025.04.21 15:11,2025.04.21 23:30,BUY,LienKe,3412.081,3404.934,71.5,295.6,60.9,4.14,0.85,1,1,3,1,2,3,1,5,87,1,7,87,1,16,87,1,27,87,1,231,-,1,420,-,0,,,TP,300.00,499
2025.04.22 05:46,2025.04.22 05:54,SELL,LienKe,3489.330,3493.188,38.6,11.1,36.4,0.29,0.94,1,2,3,0,,,0,,,0,,,0,,,0,,,0,,,0,,,0,,,SL,-38.58,8
2025.04.22 05:46,2025.04.22 05:54,SELL,LienKe,3488.460,3493.188,47.3,2.4,45.1,0.05,0.95,0,,,0,,,0,,,0,,,0,,,0,,,0,,,0,,,0,,,SL,-47.28,8
2025.04.22 12:45,2025.04.22 12:45,BUY,Swing,3445.648,3438.724,69.2,1.5,1.6,0.02,0.02,0,,,0,,,0,,,0,,,0,,,0,,,0,,,0,,,0,,,SL,-69.24,0
2025.04.22 12:45,2025.04.22 12:45,BUY,Swing,3443.253,3438.724,45.3,0.0,53.3,0.00,1.18,0,,,0,,,0,,,0,,,0,,,0,,,0,,,0,,,0,,,SL,-45.29,0
2025.04.22 12:19,2025.04.22 12:51,SELL,LienKe,3461.461,3465.520,40.6,277.9,35.3,6.85,0.87,1,3,-,1,3,-,1,3,-,1,4,-,1,5,-,1,15,-,1,21,-,1,26,-,0,,,TP,300.00,32
2025.04.22 12:18,2025.04.22 12:51,SELL,LienKe,3459.826,3465.520,56.9,261.6,51.6,4.59,0.91,1,4,-,1,5,-,1,5,-,1,5,-,1,6,-,1,21,-,1,23,-,1,27,-,0,,,TP,300.00,33
2025.04.22 13:06,2025.04.22 13:40,BUY,LienKe,3427.701,3417.526,101.8,220.0,32.9,2.16,0.32,1,0,31,1,0,31,1,0,31,1,1,31,1,2,31,1,3,31,1,8,31,1,19,31,0,,,SL,-101.75,34
2025.04.22 13:40,2025.04.22 13:40,BUY,LienKe,3422.839,3417.526,53.1,0.0,74.5,0.00,1.40,0,,,0,,,0,,,0,,,0,,,0,,,0,,,0,,,0,,,SL,-53.13,0
2025.04.22 16:16,2025.04.22 16:17,BUY,Swing,3407.483,3402.087,54.0,0.0,51.4,0.00,0.95,0,,,0,,,0,,,0,,,0,,,0,,,0,,,0,,,0,,,SL,-53.96,0
2025.04.22 16:03,2025.04.22 16:17,BUY,Swing,3412.261,3402.087,101.7,72.7,99.2,0.71,0.97,1,0,3,1,0,3,1,0,3,1,0,3,0,,,0,,,0,,,0,,,0,,,SL,-101.74,14
2025.04.22 23:20,2025.04.23 00:30,SELL,LienKe,3348.098,3352.967,48.7,158.3,47.8,3.25,0.98,1,1,68,1,1,68,1,1,68,1,2,68,1,8,68,1,13,68,1,16,68,0,,,0,,,SL,-48.69,70
2025.04.22 23:20,2025.04.23 00:30,SELL,LienKe,3346.204,3352.967,67.6,139.4,66.7,2.06,0.99,1,1,3,1,2,3,1,2,3,1,5,67,1,13,67,1,13,67,0,,,0,,,0,,,SL,-67.63,70
2025.04.23 02:45,2025.04.23 02:56,BUY,LienKe,3360.080,3354.838,52.4,37.4,36.9,0.71,0.70,1,0,1,1,0,1,1,0,1,0,,,0,,,0,,,0,,,0,,,0,,,SL,-52.42,11
2025.04.23 02:42,2025.04.23 02:56,BUY,LienKe,3362.385,3354.838,75.5,38.4,60.0,0.51,0.79,1,0,2,1,0,2,1,0,2,0,,,0,,,0,,,0,,,0,,,0,,,SL,-75.47,14
2025.04.23 12:07,2025.04.23 12:11,BUY,LienKe,3321.338,3317.286,40.5,0.0,30.3,0.00,0.75,0,,,0,,,0,,,0,,,0,,,0,,,0,,,0,,,0,,,SL,-40.52,4
2025.04.23 12:05,2025.04.23 12:11,BUY,LienKe,3322.792,3317.286,55.1,8.8,44.8,0.16,0.81,0,,,0,,,0,,,0,,,0,,,0,,,0,,,0,,,0,,,SL,-55.06,6
2025.04.23 13:02,2025.04.23 13:04,BUY,LienKe,3309.986,3306.151,38.4,8.3,32.7,0.22,0.85,0,,,0,,,0,,,0,,,0,,,0,,,0,,,0,,,0,,,SL,-38.35,1
2025.04.23 13:02,2025.04.23 13:04,BUY,LienKe,3313.522,3306.151,73.7,0.0,68.0,0.00,0.92,0,,,0,,,0,,,0,,,0,,,0,,,0,,,0,,,0,,,SL,-73.71,2
2025.04.24 05:09,2025.04.24 05:23,BUY,LienKe,3325.761,3322.394,33.7,21.7,22.3,0.64,0.66,1,10,12,1,10,12,0,,,0,,,0,,,0,,,0,,,0,,,0,,,SL,-33.67,14
2025.04.24 05:01,2025.04.24 05:23,BUY,LienKe,3326.304,3322.394,39.1,22.1,27.8,0.57,0.71,1,0,3,1,7,8,0,,,0,,,0,,,0,,,0,,,0,,,0,,,SL,-39.10,22
2025.04.24 06:00,2025.04.24 06:17,BUY,Swing,3321.559,3317.428,41.3,64.0,26.3,1.55,0.64,1,1,16,1,2,16,1,2,16,1,9,16,0,,,0,,,0,,,0,,,0,,,SL,-41.31,17
2025.04.24 05:32,2025.04.24 06:17,BUY,Swing,3323.569,3317.428,61.4,120.1,46.3,1.96,0.75,1,1,26,1,2,26,1,4,26,1,4,26,1,5,26,1,7,26,0,,,0,,,0,,,SL,-61.41,45
2025.04.24 08:52,2025.04.24 12:40,SELL,LienKe,3339.828,3344.630,48.0,142.4,43.2,2.97,0.90,1,1,12,1,2,12,1,4,12,1,38,152,1,39,152,1,43,152,0,,,0,,,0,,,SL,-48.02,227
2025.04.24 08:51,2025.04.24 12:40,SELL,LienKe,3339.131,3344.630,55.0,135.4,50.2,2.46,0.91,1,0,0,1,5,9,1,7,9,1,39,152,1,41,152,1,47,152,0,,,0,,,0,,,SL,-54.99,229
2025.04.25 01:49,2025.04.25 01:53,BUY,LienKe,3347.496,3343.831,36.6,1.9,35.1,0.05,0.96,0,,,0,,,0,,,0,,,0,,,0,,,0,,,0,,,0,,,SL,-36.65,3
2025.04.25 01:49,2025.04.25 01:53,BUY,Swing,3347.496,3343.831,36.6,1.9,35.1,0.05,0.96,0,,,0,,,0,,,0,,,0,,,0,,,0,,,0,,,0,,,SL,-36.65,3
2025.04.25 01:49,2025.04.25 01:53,BUY,LienKe,3348.339,3343.831,45.1,9.3,43.6,0.21,0.97,0,,,0,,,0,,,0,,,0,,,0,,,0,,,0,,,0,,,SL,-45.08,4
2025.04.25 01:49,2025.04.25 01:53,BUY,Swing,3348.339,3343.831,45.1,9.3,43.6,0.21,0.97,0,,,0,,,0,,,0,,,0,,,0,,,0,,,0,,,0,,,SL,-45.08,4
2025.04.25 03:44,2025.04.25 03:49,BUY,Swing,3342.656,3338.605,40.5,0.3,35.3,0.01,0.87,0,,,0,,,0,,,0,,,0,,,0,,,0,,,0,,,0,,,SL,-40.51,5
2025.04.25 03:42,2025.04.25 03:49,BUY,Swing,3343.892,3338.605,52.9,13.4,47.6,0.25,0.90,1,2,2,0,,,0,,,0,,,0,,,0,,,0,,,0,,,0,,,SL,-52.87,7
2025.04.25 12:28,2025.04.25 13:24,SELL,LienKe,3300.542,3306.054,55.1,289.8,7.8,5.26,0.14,1,0,-,1,1,-,1,2,-,1,3,-,1,5,-,1,32,-,1,33,-,1,33,-,0,,,TP,300.00,56
2025.04.25 16:31,2025.04.25 17:18,SELL,LienKe,3285.104,3288.740,36.4,45.7,35.6,1.26,0.98,1,5,8,1,10,20,1,12,20,0,,,0,,,0,,,0,,,0,,,0,,,SL,-36.36,47
2025.04.25 16:06,2025.04.25 17:18,SELL,LienKe,3284.081,3288.740,46.6,35.5,45.8,0.76,0.98,1,0,1,1,5,8,1,38,44,0,,,0,,,0,,,0,,,0,,,0,,,SL,-46.59,72
2025.04.28 09:29,2025.04.28 09:58,BUY,LienKe,3279.044,3274.882,41.6,26.2,35.6,0.63,0.86,1,1,2,1,5,16,0,,,0,,,0,,,0,,,0,,,0,,,0,,,SL,-41.62,29
2025.04.28 09:29,2025.04.28 09:58,BUY,LienKe,3279.603,3274.882,47.2,20.6,41.2,0.44,0.87,1,0,0,1,6,8,0,,,0,,,0,,,0,,,0,,,0,,,0,,,SL,-47.21,29
2025.04.28 12:10,2025.04.28 12:25,SELL,LienKe,3297.041,3300.432,33.9,41.7,22.7,1.23,0.67,1,4,10,1,5,10,1,6,10,0,,,0,,,0,,,0,,,0,,,0,,,SL,-33.91,15
2025.04.28 12:10,2025.04.28 12:25,SELL,LienKe,3296.678,3300.432,37.5,38.1,26.3,1.01,0.70,1,5,10,1,6,10,1,8,10,0,,,0,,,0,,,0,,,0,,,0,,,SL,-37.54,15
2025.04.28 12:29,2025.04.28 14:16,SELL,Swing,3300.876,3304.616,37.4,138.7,18.7,3.71,0.50,1,1,1,1,2,9,1,5,9,1,21,52,1,33,52,1,36,52,0,,,0,,,0,,,SL,-37.40,107
2025.04.28 12:28,2025.04.28 14:16,SELL,Swing,3300.171,3304.616,44.5,131.6,25.8,2.96,0.58,1,2,2,1,6,7,1,13,52,1,24,52,1,34,52,1,76,100,0,,,0,,,0,,,SL,-44.45,108
2025.04.29 01:03,2025.04.29 01:08,BUY,LienKe,3328.488,3323.983,45.0,10.1,34.3,0.23,0.76,1,1,2,0,,,0,,,0,,,0,,,0,,,0,,,0,,,0,,,SL,-45.05,5
2025.04.29 01:01,2025.04.29 01:08,BUY,LienKe,3330.748,3323.983,67.6,26.0,56.9,0.38,0.84,1,0,2,1,0,2,0,,,0,,,0,,,0,,,0,,,0,,,0,,,SL,-67.65,7
2025.04.29 01:39,2025.04.29 12:20,SELL,LienKe,3334.834,3343.061,82.3,295.9,5.8,3.60,0.07,1,0,1,1,0,1,1,2,-,1,4,-,1,9,-,1,14,-,1,77,-,1,91,-,0,,,TP,300.00,641
2025.04.29 16:04,2025.04.29 16:26,SELL,LienKe,3315.650,3318.962,33.1,28.2,29.6,0.85,0.89,1,2,9,1,3,9,0,,,0,,,0,,,0,,,0,,,0,,,0,,,SL,-33.12,22
2025.04.29 16:04,2025.04.29 16:26,SELL,LienKe,3315.239,3318.962,37.2,24.0,33.7,0.65,0.90,1,3,6,1,3,6,0,,,0,,,0,,,0,,,0,,,0,,,0,,,SL,-37.23,22
2025.04.30 01:04,2025.04.30 02:00,BUY,LienKe,3311.899,3307.680,42.2,108.2,41.1,2.57,0.97,1,6,50,1,7,50,1,7,50,1,12,50,1,20,50,1,22,50,0,,,0,,,0,,,SL,-42.19,56
2025.04.30 01:04,2025.04.30 02:00,BUY,Swing,3311.899,3307.680,42.2,108.2,41.1,2.57,0.97,1,6,50,1,7,50,1,7,50,1,12,50,1,20,50,1,22,50,0,,,0,,,0,,,SL,-42.19,56
2025.04.30 01:01,2025.04.30 02:00,BUY,LienKe,3313.399,3307.680,57.2,93.2,56.1,1.63,0.98,1,0,1,1,13,52,1,15,52,1,17,52,1,24,52,0,,,0,,,0,,,0,,,SL,-57.19,59
2025.04.30 01:01,2025.04.30 02:00,BUY,Swing,3313.399,3307.680,57.2,93.2,56.1,1.63,0.98,1,0,1,1,13,52,1,15,52,1,17,52,1,24,52,0,,,0,,,0,,,0,,,SL,-57.19,59
2025.04.30 02:54,2025.04.30 04:10,BUY,LienKe,3307.210,3302.905,43.0,40.9,36.8,0.95,0.85,1,9,10,1,19,39,1,20,39,0,,,0,,,0,,,0,,,0,,,0,,,SL,-43.05,76
2025.04.30 02:02,2025.04.30 04:10,BUY,LienKe,3308.467,3302.905,55.6,47.4,49.3,0.85,0.89,1,0,6,1,1,6,1,2,6,0,,,0,,,0,,,0,,,0,,,0,,,SL,-55.62,128
2025.04.30 03:33,2025.04.30 04:24,BUY,LienKe,3305.893,3301.827,40.7,30.0,33.9,0.74,0.83,1,1,2,1,13,23,0,,,0,,,0,,,0,,,0,,,0,,,0,,,SL,-40.66,51
2025.04.30 03:08,2025.04.30 04:24,BUY,LienKe,3307.098,3301.827,52.7,42.0,46.0,0.80,0.87,1,0,1,1,4,25,1,6,25,0,,,0,,,0,,,0,,,0,,,0,,,SL,-52.71,76
2025.04.30 10:03,2025.04.30 11:00,BUY,LienKe,3275.207,3271.522,36.8,55.9,33.7,1.52,0.91,1,3,4,1,23,39,1,23,39,1,30,39,0,,,0,,,0,,,0,,,0,,,SL,-36.85,57
2025.04.30 10:01,2025.04.30 11:00,BUY,LienKe,3276.028,3271.522,45.1,47.7,41.9,1.06,0.93,1,24,41,1,25,41,1,25,41,0,,,0,,,0,,,0,,,0,,,0,,,SL,-45.06,59
2025.04.30 11:01,2025.04.30 12:04,BUY,LienKe,3271.836,3268.176,36.6,98.4,35.5,2.69,0.97,1,0,1,1,4,57,1,6,57,1,8,57,1,25,57,0,,,0,,,0,,,0,,,SL,-36.60,63
2025.04.30 11:01,2025.04.30 12:04,BUY,LienKe,3272.683,3268.176,45.1,89.9,43.9,1.99,0.98,1,4,54,1,5,54,1,6,54,1,9,54,1,26,54,0,,,0,,,0,,,0,,,SL,-45.07,63
2025.04.30 11:35,2025.04.30 12:16,SELL,LienKe,3280.936,3284.671,37.3,138.8,7.7,3.71,0.21,1,1,2,1,11,-,1,11,-,1,15,-,1,20,-,1,23,-,0,,,0,,,0,,,SL,-37.35,41
2025.04.30 11:28,2025.04.30 12:16,SELL,LienKe,3279.957,3284.671,47.1,129.0,17.5,2.74,0.37,1,18,47,1,18,47,1,22,47,1,24,47,1,30,47,1,30,47,0,,,0,,,0,,,SL,-47.14,48
2025.05.01 12:03,2025.05.01 20:14,BUY,LienKe,3204.689,3198.862,58.3,293.9,13.8,5.04,0.24,1,0,6,1,0,6,1,1,6,1,2,6,1,17,-,1,21,-,1,25,-,1,28,-,0,,,TP,300.00,491
2025.05.01 13:44,2025.05.01 20:15,SELL,LienKe,3228.593,3236.320,77.3,234.0,73.1,3.03,0.95,1,1,55,1,1,55,1,1,55,1,1,55,1,3,55,1,16,55,1,106,359,1,111,359,0,,,SL,-77.27,391
2025.05.02 05:03,2025.05.02 06:50,BUY,LienKe,3251.818,3246.547,52.7,105.7,24.1,2.01,0.46,1,1,10,1,4,10,1,33,45,1,36,45,1,77,101,1,79,101,0,,,0,,,0,,,SL,-52.71,107
2025.05.02 14:38,2025.05.02 14:57,SELL,LienKe,3259.747,3263.763,40.2,87.1,35.0,2.17,0.87,1,1,13,1,2,13,1,3,13,1,5,13,1,7,13,0,,,0,,,0,,,0,,,SL,-40.16,19
2025.05.02 14:38,2025.05.02 14:57,SELL,LienKe,3258.411,3263.763,53.5,73.7,48.4,1.38,0.90,1,2,13,1,3,13,1,4,13,1,6,13,0,,,0,,,0,,,0,,,0,,,SL,-53.52,19
2025.05.02 20:13,2025.05.02 20:17,SELL,LienKe,3234.805,3238.052,32.5,0.0,29.5,0.00,0.91,0,,,0,,,0,,,0,,,0,,,0,,,0,,,0,,,0,,,SL,-32.47,4
2025.05.02 20:04,2025.05.02 20:17,SELL,LienKe,3234.428,3238.052,36.2,14.8,33.2,0.41,0.92,1,1,2,0,,,0,,,0,,,0,,,0,,,0,,,0,,,0,,,SL,-36.24,13
2025.05.05 06:35,2025.05.05 06:57,SELL,LienKe,3261.403,3265.079,36.8,10.0,33.5,0.27,0.91,0,,,0,,,0,,,0,,,0,,,0,,,0,,,0,,,0,,,SL,-36.76,21
2025.05.05 06:03,2025.05.05 06:57,SELL,LienKe,3260.226,3265.079,48.5,32.7,45.3,0.67,0.93,1,0,5,1,0,5,1,1,5,0,,,0,,,0,,,0,,,0,,,0,,,SL,-48.53,54
2025.05.05 07:45,2025.05.05 08:23,SELL,LienKe,3265.096,3269.022,39.3,18.5,34.7,0.47,0.88,1,2,3,0,,,0,,,0,,,0,,,0,,,0,,,0,,,0,,,SL,-39.26,38
2025.05.05 07:45,2025.05.05 08:23,SELL,LienKe,3264.292,3269.022,47.3,10.5,42.8,0.22,0.90,1,31,32,0,,,0,,,0,,,0,,,0,,,0,,,0,,,0,,,SL,-47.30,38
2025.05.05 08:22,2025.05.05 08:29,SELL,LienKe,3267.954,3271.409,34.5,0.0,31.9,0.00,0.92,0,,,0,,,0,,,0,,,0,,,0,,,0,,,0,,,0,,,SL,-34.55,7
2025.05.05 08:22,2025.05.05 08:29,SELL,LienKe,3267.502,3271.409,39.1,2.3,36.5,0.06,0.93,0,,,0,,,0,,,0,,,0,,,0,,,0,,,0,,,0,,,SL,-39.07,7
2025.05.05 08:32,2025.05.05 08:43,SELL,Swing,3272.800,3276.680,38.8,26.3,19.4,0.68,0.50,1,0,3,1,1,3,0,,,0,,,0,,,0,,,0,,,0,,,0,,,SL,-38.80,11
2025.05.05 08:30,2025.05.05 08:43,SELL,Swing,3271.872,3276.680,48.1,17.0,28.6,0.35,0.60,1,1,1,0,,,0,,,0,,,0,,,0,,,0,,,0,,,0,,,SL,-48.08,13
2025.05.05 11:17,2025.05.05 12:49,SELL,LienKe,3318.579,3321.985,34.1,71.0,27.1,2.08,0.79,1,2,48,1,3,48,1,4,48,1,4,48,0,,,0,,,0,,,0,,,0,,,SL,-34.06,92
2025.05.05 11:17,2025.05.05 12:49,SELL,LienKe,3318.107,3321.985,38.8,66.2,31.8,1.71,0.82,1,2,49,1,3,49,1,4,49,1,13,49,0,,,0,,,0,,,0,,,0,,,SL,-38.78,92
2025.05.05 13:38,2025.05.05 16:08,BUY,LienKe,3312.895,3308.870,40.3,159.4,38.9,3.96,0.97,1,1,1,1,3,22,1,5,22,1,11,22,1,27,39,1,27,39,1,28,39,0,,,0,,,SL,-40.25,150
2025.05.05 13:37,2025.05.05 16:08,BUY,LienKe,3314.221,3308.870,53.5,146.2,52.2,2.73,0.97,1,0,0,1,6,8,1,9,21,1,14,21,1,28,35,1,29,35,0,,,0,,,0,,,SL,-53.51,151
2025.05.05 17:23,2025.05.05 17:55,SELL,LienKe,3313.159,3316.636,34.8,13.5,34.2,0.39,0.98,1,13,14,0,,,0,,,0,,,0,,,0,,,0,,,0,,,0,,,SL,-34.77,32
2025.05.05 17:23,2025.05.05 17:55,SELL,LienKe,3312.645,3316.636,39.9,8.4,39.3,0.21,0.98,0,,,0,,,0,,,0,,,0,,,0,,,0,,,0,,,0,,,SL,-39.91,32
2025.05.06 03:02,2025.05.06 05:45,BUY,LienKe,3355.935,3351.114,48.2,164.9,45.1,3.42,0.93,1,1,2,1,5,6,1,8,12,1,9,12,1,16,140,1,16,140,1,19,140,0,,,0,,,SL,-48.21,162
2025.05.06 03:01,2025.05.06 05:45,BUY,LienKe,3357.996,3351.114,68.8,144.3,65.7,2.10,0.95,1,0,1,1,1,1,1,10,13,1,17,45,1,18,45,1,20,45,0,,,0,,,0,,,SL,-68.82,164
2025.05.06 06:03,2025.05.06 06:18,SELL,LienKe,3363.627,3367.675,40.5,47.2,39.0,1.17,0.96,1,0,9,1,1,9,1,1,9,0,,,0,,,0,,,0,,,0,,,0,,,SL,-40.48,15
2025.05.06 06:03,2025.05.06 06:18,SELL,LienKe,3362.967,3367.675,47.1,40.7,45.6,0.86,0.97,1,1,9,1,1,9,1,2,9,0,,,0,,,0,,,0,,,0,,,0,,,SL,-47.08,15
2025.05.06 05:42,2025.05.06 10:00,BUY,Swing,3353.257,3349.376,38.8,299.7,30.6,7.72,0.79,1,4,-,1,5,-,1,5,-,1,5,-,1,15,-,1,19,-,1,79,-,1,101,-,0,,,TP,300.00,257
2025.05.06 05:37,2025.05.06 11:22,BUY,Swing,3354.326,3349.376,49.5,299.7,41.3,6.05,0.83,1,0,3,1,1,3,1,10,-,1,13,-,1,24,-,1,24,-,1,84,-,1,106,-,0,,,TP,300.00,345
2025.05.06 12:37,2025.05.06 12:40,SELL,LienKe,3385.027,3389.277,42.5,0.0,39.2,0.00,0.92,0,,,0,,,0,,,0,,,0,,,0,,,0,,,0,,,0,,,SL,-42.50,3
2025.05.06 20:06,2025.05.06 20:34,SELL,LienKe,3423.765,3427.156,33.9,44.4,30.2,1.31,0.89,1,6,23,1,9,23,1,16,23,0,,,0,,,0,,,0,,,0,,,0,,,SL,-33.91,28
2025.05.06 20:06,2025.05.06 20:34,SELL,LienKe,3423.424,3427.156,37.3,41.0,33.6,1.10,0.90,1,6,14,1,9,14,1,17,22,0,,,0,,,0,,,0,,,0,,,0,,,SL,-37.32,28
2025.05.06 23:01,2025.05.07 00:40,BUY,Swing,3378.301,3373.840,44.6,264.8,21.4,5.94,0.48,1,1,94,1,1,94,1,1,94,1,1,94,1,2,94,1,8,94,1,9,94,1,51,94,0,,,SL,-49.96,99
2025.05.06 23:01,2025.05.07 00:40,BUY,Swing,3379.954,3373.840,61.1,248.2,37.9,4.06,0.62,1,0,0,1,0,0,1,1,6,1,2,6,1,8,92,1,9,92,1,13,92,1,51,92,0,,,SL,-66.49,99
2025.05.07 05:32,2025.05.07 06:00,SELL,LienKe,3387.286,3390.769,34.8,58.8,24.2,1.69,0.70,1,1,11,1,1,11,1,2,11,1,2,11,0,,,0,,,0,,,0,,,0,,,SL,-34.83,28
2025.05.07 05:22,2025.05.07 06:00,SELL,LienKe,3386.844,3390.769,39.2,54.3,28.6,1.38,0.73,1,2,10,1,6,10,1,12,18,1,13,18,0,,,0,,,0,,,0,,,0,,,SL,-39.25,38
2025.05.07 08:03,2025.05.07 08:52,BUY,LienKe,3383.631,3380.164,34.7,49.7,15.7,1.43,0.45,1,1,2,1,4,30,1,8,30,0,,,0,,,0,,,0,,,0,,,0,,,SL,-34.67,49
2025.05.07 08:03,2025.05.07 08:52,BUY,LienKe,3384.301,3380.164,41.4,43.0,22.4,1.04,0.54,1,1,2,1,8,20,1,13,20,0,,,0,,,0,,,0,,,0,,,0,,,SL,-41.37,49
2025.05.07 17:54,2025.05.07 18:02,SELL,LienKe,3388.641,3392.888,42.5,44.9,38.4,1.06,0.90,1,0,7,1,0,7,1,1,7,0,,,0,,,0,,,0,,,0,,,0,,,SL,-42.47,8
2025.05.07 07:14,2025.05.07 19:15,SELL,LienKe,3395.929,3399.429,35.0,266.1,23.7,7.60,0.68,1,3,391,1,3,391,1,7,391,1,10,391,1,18,391,1,35,391,1,98,391,1,129,391,0,,,TP,300.00,721
2025.05.07 07:14,2025.05.07 19:15,SELL,LienKe,3395.455,3399.429,39.7,261.3,28.4,6.58,0.72,1,3,391,1,3,391,1,7,391,1,10,391,1,19,391,1,35,391,1,98,391,1,129,391,0,,,TP,300.00,721
2025.05.07 03:31,2025.05.07 19:15,BUY,LienKe,3376.170,3367.034,91.4,219.7,70.1,2.40,0.77,1,0,3,1,8,9,1,17,27,1,32,351,1,34,351,1,48,351,1,150,351,1,222,351,0,,,SL,-91.36,944
2025.05.07 23:29,2025.05.07 23:43,SELL,LienKe,3373.776,3376.970,31.9,7.9,22.2,0.25,0.69,0,,,0,,,0,,,0,,,0,,,0,,,0,,,0,,,0,,,SL,-31.94,14
2025.05.07 23:28,2025.05.07 23:43,SELL,LienKe,3373.561,3376.970,34.1,5.8,24.3,0.17,0.71,0,,,0,,,0,,,0,,,0,,,0,,,0,,,0,,,0,,,SL,-34.09,15
2025.05.08 05:04,2025.05.08 05:10,BUY,LienKe,3381.701,3378.227,34.7,7.5,21.7,0.22,0.63,0,,,0,,,0,,,0,,,0,,,0,,,0,,,0,,,0,,,SL,-34.74,6
2025.05.08 05:01,2025.05.08 05:10,BUY,LienKe,3382.599,3378.227,43.7,17.2,30.7,0.39,0.70,1,0,2,0,,,0,,,0,,,0,,,0,,,0,,,0,,,0,,,SL,-43.72,9
2025.05.08 06:13,2025.05.08 06:14,BUY,LienKe,3353.203,3347.963,52.4,0.0,15.6,0.00,0.30,0,,,0,,,0,,,0,,,0,,,0,,,0,,,0,,,0,,,SL,-52.40,1
2025.05.08 06:01,2025.05.08 06:14,BUY,LienKe,3356.264,3347.963,83.0,57.0,46.2,0.69,0.56,1,0,7,1,0,7,1,0,7,1,2,7,0,,,0,,,0,,,0,,,0,,,SL,-83.01,13
2025.05.08 10:01,2025.05.08 13:11,BUY,LienKe,3330.992,3327.390,36.0,299.7,5.7,8.32,0.16,1,1,-,1,1,-,1,5,-,1,5,-,1,10,-,1,14,-,1,23,-,1,135,-,0,,,TP,300.00,190
2025.05.08 10:01,2025.05.08 13:12,BUY,LienKe,3331.754,3327.390,43.6,292.8,13.3,6.71,0.30,1,1,2,1,3,-,1,5,-,1,8,-,1,14,-,1,19,-,1,133,-,1,136,-,0,,,TP,300.00,191
2025.05.08 15:23,2025.05.08 15:25,BUY,LienKe,3352.481,3347.337,51.4,16.6,9.6,0.32,0.19,1,1,-,0,,,0,,,0,,,0,,,0,,,0,,,0,,,0,,,SL,-51.44,2
2025.05.08 15:25,2025.05.08 15:25,BUY,LienKe,3351.167,3347.337,38.3,0.0,47.9,0.00,1.25,0,,,0,,,0,,,0,,,0,,,0,,,0,,,0,,,0,,,SL,-38.30,0
2025.05.08 22:04,2025.05.08 22:07,SELL,LienKe,3310.273,3314.349,40.8,3.9,36.4,0.10,0.89,0,,,0,,,0,,,0,,,0,,,0,,,0,,,0,,,0,,,SL,-40.76,3
2025.05.09 00:21,2025.05.09 01:20,BUY,LienKe,3311.869,3308.112,37.6,112.7,30.7,3.00,0.82,1,14,55,1,14,55,1,15,55,1,16,55,1,28,55,1,35,55,0,,,0,,,0,,,SL,-37.57,59
2025.05.09 00:16,2025.05.09 01:20,BUY,LienKe,3312.994,3308.112,48.8,101.4,41.9,2.08,0.86,1,0,2,1,20,60,1,21,60,1,30,60,1,40,60,1,43,60,0,,,0,,,0,,,SL,-48.82,64
2025.05.09 10:22,2025.05.09 11:26,SELL,LienKe,3329.094,3332.938,38.4,68.9,25.7,1.79,0.67,1,0,42,1,0,42,1,2,42,1,9,42,0,,,0,,,0,,,0,,,0,,,SL,-38.44,64
2025.05.09 09:18,2025.05.09 11:26,SELL,LienKe,3328.139,3332.332,41.9,59.4,35.2,1.42,0.84,1,2,60,1,4,60,1,9,60,1,45,60,0,,,0,,,0,,,0,,,0,,,SL,-41.93,128
2025.05.09 10:03,2025.05.11 22:09,BUY,LienKe,3323.388,3319.984,34.0,241.7,30.9,7.10,0.91,1,6,31,1,7,31,1,9,31,1,16,31,1,78,239,1,83,239,1,206,239,1,334,-,0,,,SL,-39.39,3605
2025.05.09 10:03,2025.05.11 22:09,BUY,LienKe,3323.847,3319.984,38.6,237.1,35.5,6.14,0.92,1,7,28,1,8,28,1,12,28,1,17,28,1,83,239,1,83,239,1,206,239,1,334,-,0,,,SL,-43.98,3606
2025.05.12 05:15,2025.05.12 05:26,BUY,LienKe,3275.605,3272.224,33.8,4.3,20.5,0.13,0.61,0,,,0,,,0,,,0,,,0,,,0,,,0,,,0,,,0,,,SL,-33.81,11
2025.05.12 05:13,2025.05.12 05:26,BUY,LienKe,3276.206,3272.224,39.8,9.9,26.5,0.25,0.66,0,,,0,,,0,,,0,,,0,,,0,,,0,,,0,,,0,,,SL,-39.82,13
2025.05.12 06:02,2025.05.12 07:07,SELL,LienKe,3279.292,3282.848,35.6,284.2,25.2,7.99,0.71,1,1,6,1,5,6,1,22,29,1,22,29,1,58,-,1,58,-,1,58,-,1,58,-,0,,,TP,300.00,65
2025.05.12 06:02,2025.05.12 07:07,SELL,LienKe,3278.367,3282.848,44.8,275.0,34.4,6.14,0.77,1,4,4,1,22,29,1,22,29,1,23,29,1,58,-,1,58,-,1,58,-,1,58,-,0,,,TP,300.00,65
2025.05.12 09:39,2025.05.12 09:54,BUY,LienKe,3220.528,3216.965,35.6,35.8,30.9,1.01,0.87,1,4,12,1,4,12,1,6,12,0,,,0,,,0,,,0,,,0,,,0,,,SL,-35.63,15
2025.05.12 09:35,2025.05.12 09:54,BUY,LienKe,3221.235,3216.965,42.7,28.8,38.0,0.67,0.89,1,0,3,1,1,3,0,,,0,,,0,,,0,,,0,,,0,,,0,,,SL,-42.70,19
2025.05.12 11:06,2025.05.12 11:11,SELL,LienKe,3219.468,3223.198,37.3,0.0,36.2,0.00,0.97,0,,,0,,,0,,,0,,,0,,,0,,,0,,,0,,,0,,,SL,-37.30,5
2025.05.12 11:06,2025.05.12 11:11,SELL,LienKe,3218.670,3223.198,45.3,2.3,44.2,0.05,0.98,0,,,0,,,0,,,0,,,0,,,0,,,0,,,0,,,0,,,SL,-45.28,5
2025.05.12 16:13,2025.05.12 16:19,BUY,LienKe,3232.924,3229.019,39.1,0.0,35.9,0.00,0.92,0,,,0,,,0,,,0,,,0,,,0,,,0,,,0,,,0,,,SL,-39.05,6
2025.05.12 16:12,2025.05.12 16:19,BUY,LienKe,3233.958,3229.019,49.4,4.0,46.3,0.08,0.94,0,,,0,,,0,,,0,,,0,,,0,,,0,,,0,,,0,,,SL,-49.39,7
2025.05.13 12:01,2025.05.13 12:02,BUY,LienKe,3248.111,3244.367,37.4,1.7,5.0,0.04,0.13,0,,,0,,,0,,,0,,,0,,,0,,,0,,,0,,,0,,,SL,-37.44,1
2025.05.13 12:01,2025.05.13 12:02,BUY,LienKe,3248.944,3244.367,45.8,10.1,13.4,0.22,0.29,1,0,0,0,,,0,,,0,,,0,,,0,,,0,,,0,,,0,,,SL,-45.77,1
2025.05.13 13:17,2025.05.13 13:40,BUY,LienKe,3237.512,3233.480,40.3,88.9,12.4,2.20,0.31,1,0,22,1,1,22,1,1,22,1,3,22,1,8,22,0,,,0,,,0,,,0,,,SL,-40.32,23
2025.05.13 13:17,2025.05.13 13:40,BUY,LienKe,3238.735,3233.480,52.6,76.6,24.6,1.46,0.47,1,1,22,1,1,22,1,3,22,1,8,22,0,,,0,,,0,,,0,,,0,,,SL,-52.55,23
2025.05.14 07:39,2025.05.14 08:03,SELL,LienKe,3236.625,3239.913,32.9,23.6,28.7,0.72,0.87,1,4,6,1,10,11,0,,,0,,,0,,,0,,,0,,,0,,,0,,,SL,-32.88,24
2025.05.14 07:39,2025.05.14 08:03,SELL,LienKe,3236.375,3239.913,35.4,21.1,31.2,0.60,0.88,1,4,5,1,13,14,0,,,0,,,0,,,0,,,0,,,0,,,0,,,SL,-35.38,24
2025.05.14 09:13,2025.05.14 11:49,BUY,LienKe,3230.543,3226.966,35.8,86.4,31.2,2.42,0.87,1,1,5,1,2,5,1,3,5,1,31,51,1,130,152,0,,,0,,,0,,,0,,,SL,-35.77,156
2025.05.14 09:13,2025.05.14 11:49,BUY,LienKe,3231.006,3226.966,40.4,81.8,35.8,2.02,0.89,1,1,5,1,2,5,1,29,48,1,35,48,1,133,149,0,,,0,,,0,,,0,,,SL,-40.40,156
2025.05.14 16:44,2025.05.14 19:00,BUY,Swing,3177.985,3170.685,73.0,129.1,63.1,1.77,0.86,1,0,82,1,0,82,1,1,82,1,3,82,1,9,82,1,10,82,0,,,0,,,0,,,SL,-73.00,136
2025.05.14 20:31,2025.05.14 23:11,SELL,LienKe,3181.244,3184.596,33.5,40.3,32.5,1.20,0.97,1,14,15,1,24,93,1,24,93,0,,,0,,,0,,,0,,,0,,,0,,,SL,-33.52,160
2025.05.14 20:10,2025.05.14 23:11,SELL,LienKe,3180.720,3184.596,38.8,35.0,37.7,0.90,0.97,1,8,21,1,8,21,1,45,114,0,,,0,,,0,,,0,,,0,,,0,,,SL,-38.76,181
2025.05.14 22:09,2025.05.14 23:44,SELL,LienKe,3183.135,3186.648,35.1,27.5,29.2,0.78,0.83,1,0,11,1,1,11,0,,,0,,,0,,,0,,,0,,,0,,,0,,,SL,-35.13,95
2025.05.14 22:09,2025.05.14 23:44,SELL,LienKe,3182.597,3186.648,40.5,22.2,34.5,0.55,0.85,1,1,9,1,5,9,0,,,0,,,0,,,0,,,0,,,0,,,0,,,SL,-40.51,95
2025.05.15 00:05,2025.05.15 01:44,BUY,LienKe,3181.738,3178.176,35.6,109.7,15.4,3.08,0.43,1,1,3,1,8,24,1,9,24,1,48,91,1,55,91,1,58,91,0,,,0,,,0,,,SL,-35.62,99
2025.05.15 00:05,2025.05.15 01:44,BUY,LienKe,3182.374,3178.176,42.0,103.4,21.8,2.46,0.52,1,1,2,1,9,20,1,11,20,1,50,76,1,56,76,1,58,76,0,,,0,,,0,,,SL,-41.98,99
2025.05.15 09:09,2025.05.15 09:11,SELL,LienKe,3163.895,3167.457,35.6,0.0,18.2,0.00,0.51,0,,,0,,,0,,,0,,,0,,,0,,,0,,,0,,,0,,,SL,-35.62,2
2025.05.15 09:09,2025.05.15 09:11,SELL,LienKe,3163.366,3167.457,40.9,0.0,23.5,0.00,0.57,0,,,0,,,0,,,0,,,0,,,0,,,0,,,0,,,0,,,SL,-40.91,2
2025.05.15 14:10,2025.05.15 14:10,SELL,LienKe,3198.049,3202.936,48.9,0.0,1.6,0.00,0.03,0,,,0,,,0,,,0,,,0,,,0,,,0,,,0,,,0,,,SL,-48.87,0
2025.05.15 14:10,2025.05.15 14:10,SELL,LienKe,3199.616,3202.936,33.2,0.0,63.5,0.00,1.91,0,,,0,,,0,,,0,,,0,,,0,,,0,,,0,,,0,,,SL,-33.20,0
2025.05.15 17:01,2025.05.15 17:06,SELL,LienKe,3223.502,3227.335,38.3,0.0,33.0,0.00,0.86,0,,,0,,,0,,,0,,,0,,,0,,,0,,,0,,,0,,,SL,-38.33,5
2025.05.15 17:01,2025.05.15 17:06,SELL,LienKe,3222.761,3227.335,45.7,0.0,40.4,0.00,0.88,0,,,0,,,0,,,0,,,0,,,0,,,0,,,0,,,0,,,SL,-45.74,5
2025.05.16 14:08,2025.05.16 17:06,SELL,LienKe,3187.139,3191.582,44.4,209.8,29.3,4.72,0.66,1,1,113,1,1,113,1,1,113,1,2,113,1,11,113,1,11,113,1,27,113,1,35,113,0,,,SL,-44.43,178
2025.05.16 14:08,2025.05.16 17:06,SELL,LienKe,3185.724,3191.582,58.6,195.7,43.4,3.34,0.74,1,1,113,1,2,113,1,2,113,1,9,113,1,11,113,1,18,113,1,29,113,0,,,0,,,SL,-58.58,178
2025.05.19 06:25,2025.05.19 07:51,SELL,Swing,3230.587,3234.692,41.1,102.0,39.3,2.49,0.96,1,2,44,1,2,44,1,3,44,1,10,44,1,12,44,1,12,44,0,,,0,,,0,,,SL,-41.05,85
2025.05.19 06:21,2025.05.19 07:51,SELL,Swing,3229.991,3234.692,47.0,96.1,45.2,2.04,0.96,1,0,2,1,7,48,1,7,48,1,14,48,1,16,48,0,,,0,,,0,,,0,,,SL,-47.01,90
2025.05.19 22:47,2025.05.19 23:12,BUY,Swing,3225.365,3221.915,34.5,20.7,31.3,0.60,0.91,1,1,4,1,13,20,0,,,0,,,0,,,0,,,0,,,0,,,0,,,SL,-34.50,25
2025.05.19 22:19,2025.05.19 23:12,BUY,Swing,3226.141,3221.915,42.3,16.4,39.1,0.39,0.93,1,3,3,0,,,0,,,0,,,0,,,0,,,0,,,0,,,0,,,SL,-42.26,53
2025.05.21 00:29,2025.05.21 00:35,SELL,LienKe,3297.023,3300.267,32.4,11.5,30.9,0.35,0.95,1,0,1,0,,,0,,,0,,,0,,,0,,,0,,,0,,,0,,,SL,-32.44,6
2025.05.21 00:29,2025.05.21 00:35,SELL,LienKe,3296.735,3300.267,35.3,8.6,33.8,0.24,0.96,0,,,0,,,0,,,0,,,0,,,0,,,0,,,0,,,0,,,SL,-35.32,6
2025.05.20 23:05,2025.05.21 01:25,BUY,LienKe,3290.738,3286.337,44.0,239.4,39.2,5.44,0.89,1,2,3,1,9,14,1,64,139,1,68,139,1,85,139,1,90,139,1,115,139,1,115,139,0,,,SL,-49.36,140
2025.05.20 23:05,2025.05.21 01:25,BUY,LienKe,3291.394,3286.337,50.6,232.9,45.7,4.60,0.90,1,8,12,1,24,25,1,66,137,1,82,137,1,87,137,1,90,137,1,115,137,1,115,137,0,,,SL,-55.92,140
2025.05.21 07:17,2025.05.21 08:09,BUY,LienKe,3310.956,3307.544,34.1,43.6,32.2,1.28,0.94,1,1,2,1,5,10,1,16,29,0,,,0,,,0,,,0,,,0,,,0,,,SL,-34.12,52
2025.05.21 07:17,2025.05.21 08:09,BUY,LienKe,3311.552,3307.544,40.1,37.6,38.1,0.94,0.95,1,4,9,1,6,9,1,16,19,0,,,0,,,0,,,0,,,0,,,0,,,SL,-40.08,52
2025.05.21 10:02,2025.05.21 10:23,SELL,LienKe,3313.661,3316.944,32.8,28.0,27.4,0.85,0.83,1,2,17,1,5,17,0,,,0,,,0,,,0,,,0,,,0,,,0,,,SL,-32.83,21
2025.05.21 10:02,2025.05.21 10:23,SELL,LienKe,3313.468,3316.944,34.8,26.1,29.3,0.75,0.84,1,2,17,1,6,17,0,,,0,,,0,,,0,,,0,,,0,,,0,,,SL,-34.76,21
2025.05.21 17:59,2025.05.21 19:04,SELL,Swing,3315.224,3318.547,33.2,31.6,28.9,0.95,0.87,1,3,35,1,5,35,1,5,35,0,,,0,,,0,,,0,,,0,,,0,,,SL,-33.23,65
2025.05.21 17:25,2025.05.21 19:04,SELL,Swing,3314.951,3318.547,36.0,82.2,31.6,2.29,0.88,1,0,1,1,3,33,1,4,33,1,5,33,1,6,33,0,,,0,,,0,,,0,,,SL,-35.96,99
2025.05.21 22:20,2025.05.21 23:28,SELL,LienKe,3319.801,3323.340,35.4,40.6,35.1,1.15,0.99,1,10,40,1,12,40,1,15,40,0,,,0,,,0,,,0,,,0,,,0,,,SL,-35.39,68
2025.05.21 22:06,2025.05.21 23:28,SELL,LienKe,3318.893,3323.340,44.5,31.5,44.2,0.71,0.99,1,1,13,1,1,13,1,1,13,0,,,0,,,0,,,0,,,0,,,0,,,SL,-44.47,82
2025.05.21 23:11,2025.05.21 23:34,SELL,LienKe,3320.906,3324.351,34.5,9.9,29.8,0.29,0.86,0,,,0,,,0,,,0,,,0,,,0,,,0,,,0,,,0,,,SL,-34.45,23
2025.05.21 23:03,2025.05.21 23:34,SELL,LienKe,3320.046,3324.351,43.1,17.2,38.4,0.40,0.89,1,1,5,0,,,0,,,0,,,0,,,0,,,0,,,0,,,0,,,SL,-43.05,31
2025.05.22 00:08,2025.05.22 01:05,SELL,LienKe,3324.068,3327.534,34.7,45.2,27.1,1.30,0.78,1,7,7,1,12,44,1,13,44,0,,,0,,,0,,,0,,,0,,,0,,,SL,-34.66,56
2025.05.22 00:08,2025.05.22 01:05,SELL,LienKe,3323.554,3327.534,39.8,40.1,32.3,1.01,0.81,1,7,7,1,12,36,1,14,36,0,,,0,,,0,,,0,,,0,,,0,,,SL,-39.80,57
2025.05.22 03:56,2025.05.22 04:02,BUY,LienKe,3336.649,3333.008,36.4,0.0,27.5,0.00,0.76,0,,,0,,,0,,,0,,,0,,,0,,,0,,,0,,,0,,,SL,-36.41,6
2025.05.22 03:56,2025.05.22 04:02,BUY,LienKe,3337.192,3333.008,41.8,0.0,32.9,0.00,0.79,0,,,0,,,0,,,0,,,0,,,0,,,0,,,0,,,0,,,SL,-41.84,6
2025.05.22 11:55,2025.05.22 11:56,SELL,LienKe,3308.135,3312.101,39.7,0.0,32.1,0.00,0.81,0,,,0,,,0,,,0,,,0,,,0,,,0,,,0,,,0,,,SL,-39.66,1
2025.05.22 11:55,2025.05.22 11:56,SELL,LienKe,3307.271,3312.101,48.3,0.0,40.8,0.00,0.84,0,,,0,,,0,,,0,,,0,,,0,,,0,,,0,,,0,,,SL,-48.30,1
2025.05.22 13:19,2025.05.22 14:00,SELL,LienKe,3314.441,3318.775,43.3,273.8,12.7,6.32,0.29,1,2,-,1,2,-,1,4,-,1,13,-,1,20,-,1,26,-,1,32,-,1,32,-,0,,,TP,300.00,41
2025.05.22 13:19,2025.05.22 14:00,SELL,Swing,3314.441,3318.775,43.3,273.8,12.7,6.32,0.29,1,2,-,1,2,-,1,4,-,1,13,-,1,20,-,1,26,-,1,32,-,1,32,-,0,,,TP,300.00,41
2025.05.22 13:16,2025.05.22 14:00,SELL,LienKe,3313.304,3318.775,54.7,262.4,24.0,4.80,0.44,1,0,1,1,7,8,1,11,15,1,16,-,1,29,-,1,29,-,1,35,-,1,35,-,0,,,TP,300.00,44
2025.05.22 13:16,2025.05.22 14:00,SELL,Swing,3313.304,3318.775,54.7,262.4,24.0,4.80,0.44,1,0,1,1,7,8,1,11,15,1,16,-,1,29,-,1,29,-,1,35,-,1,35,-,0,,,TP,300.00,44
2025.05.23 00:53,2025.05.23 05:25,BUY,Swing,3291.601,3283.942,76.6,297.3,17.7,3.88,0.23,1,0,1,1,1,97,1,1,97,1,2,97,1,5,97,1,7,97,1,202,-,1,211,-,0,,,TP,300.00,272
2025.05.23 11:44,2025.05.23 11:45,SELL,LienKe,3332.607,3336.707,41.0,19.7,32.7,0.48,0.80,1,0,-,0,,,0,,,0,,,0,,,0,,,0,,,0,,,0,,,SL,-41.00,1
2025.05.23 11:24,2025.05.23 11:45,SELL,LienKe,3331.066,3336.707,56.4,64.0,48.1,1.13,0.85,1,0,0,1,8,9,1,11,20,1,12,20,0,,,0,,,0,,,0,,,0,,,SL,-56.41,21
2025.05.23 19:36,2025.05.23 20:40,BUY,LienKe,3361.168,3357.389,37.8,15.7,29.0,0.42,0.77,1,4,9,0,,,0,,,0,,,0,,,0,,,0,,,0,,,0,,,SL,-37.79,64
2025.05.23 19:01,2025.05.23 20:40,BUY,LienKe,3362.207,3357.389,48.2,35.9,39.4,0.74,0.82,1,0,31,1,2,31,1,3,31,0,,,0,,,0,,,0,,,0,,,0,,,SL,-48.18,99
2025.05.26 12:11,2025.05.26 13:25,SELL,LienKe,3334.431,3338.074,36.4,79.2,28.3,2.17,0.78,1,5,34,1,12,34,1,13,34,1,13,34,0,,,0,,,0,,,0,,,0,,,SL,-36.43,74
2025.05.26 12:11,2025.05.26 13:25,SELL,LienKe,3333.959,3338.074,41.2,74.5,33.1,1.81,0.80,1,6,7,1,12,32,1,13,32,1,13,32,0,,,0,,,0,,,0,,,0,,,SL,-41.15,74
2025.05.26 14:03,2025.05.26 16:42,SELL,Swing,3339.522,3342.933,34.1,38.6,31.9,1.13,0.93,1,4,10,1,7,10,1,25,34,0,,,0,,,0,,,0,,,0,,,0,,,SL,-34.11,159
2025.05.26 14:03,2025.05.26 16:42,SELL,Swing,3338.488,3342.933,44.5,28.3,42.2,0.64,0.95,1,7,8,1,26,32,0,,,0,,,0,,,0,,,0,,,0,,,0,,,SL,-44.45,159
2025.05.27 06:40,2025.05.27 06:46,BUY,LienKe,3316.612,3312.956,36.6,27.5,28.9,0.75,0.79,1,1,4,1,2,4,0,,,0,,,0,,,0,,,0,,,0,,,0,,,SL,-36.56,6
2025.05.27 06:40,2025.05.27 06:46,BUY,LienKe,3317.491,3312.956,45.3,18.7,37.7,0.41,0.83,1,2,3,0,,,0,,,0,,,0,,,0,,,0,,,0,,,0,,,SL,-45.35,6
2025.05.27 07:05,2025.05.27 07:51,BUY,LienKe,3305.086,3300.857,42.3,74.2,28.7,1.76,0.68,1,4,24,1,5,24,1,5,24,1,6,24,0,,,0,,,0,,,0,,,0,,,SL,-42.29,46
2025.05.27 07:04,2025.05.27 07:51,BUY,LienKe,3306.782,3300.857,59.3,57.3,45.7,0.97,0.77,1,6,11,1,7,11,1,7,11,1,8,11,0,,,0,,,0,,,0,,,0,,,SL,-59.25,47
2025.05.27 13:04,2025.05.27 13:32,SELL,LienKe,3297.680,3301.137,34.6,29.2,26.0,0.85,0.75,1,0,1,1,4,6,0,,,0,,,0,,,0,,,0,,,0,,,0,,,SL,-34.57,28
2025.05.27 13:02,2025.05.27 13:32,SELL,LienKe,3297.229,3301.137,39.1,40.4,30.5,1.03,0.78,1,0,2,1,0,2,1,1,2,0,,,0,,,0,,,0,,,0,,,0,,,SL,-39.08,30
2025.05.27 17:13,2025.05.27 17:21,SELL,LienKe,3298.603,3301.811,32.1,0.0,29.5,0.00,0.92,0,,,0,,,0,,,0,,,0,,,0,,,0,,,0,,,0,,,SL,-32.08,8
2025.05.27 17:13,2025.05.27 17:21,SELL,LienKe,3298.323,3301.811,34.9,0.0,32.3,0.00,0.93,0,,,0,,,0,,,0,,,0,,,0,,,0,,,0,,,0,,,SL,-34.88,8
2025.05.27 23:07,2025.05.28 03:23,BUY,LienKe,3302.738,3294.621,81.2,130.2,80.2,1.60,0.99,1,0,154,1,0,154,1,0,154,1,4,154,1,39,154,1,83,154,0,,,0,,,0,,,SL,-86.52,256
2025.05.27 23:07,2025.05.28 03:23,BUY,Swing,3302.738,3294.621,81.2,130.2,80.2,1.60,0.99,1,0,154,1,0,154,1,0,154,1,4,154,1,39,154,1,83,154,0,,,0,,,0,,,SL,-86.52,256
2025.05.28 13:30,2025.05.28 13:40,BUY,LienKe,3305.447,3301.652,38.0,40.9,20.0,1.08,0.53,1,0,3,1,0,3,1,1,3,0,,,0,,,0,,,0,,,0,,,0,,,SL,-37.95,10
2025.05.28 13:16,2025.05.28 13:40,BUY,LienKe,3306.513,3301.652,48.6,42.4,30.7,0.87,0.63,1,1,13,1,1,13,1,2,13,0,,,0,,,0,,,0,,,0,,,0,,,SL,-48.61,24
2025.05.28 13:03,2025.05.28 20:51,SELL,LienKe,3313.994,3319.438,54.4,255.6,9.1,4.69,0.17,1,1,-,1,1,-,1,2,-,1,3,-,1,12,-,1,36,-,1,40,-,1,147,-,0,,,TP,300.00,468
2025.05.28 23:07,2025.05.28 23:09,BUY,LienKe,3281.522,3277.713,38.1,1.9,35.1,0.05,0.92,0,,,0,,,0,,,0,,,0,,,0,,,0,,,0,,,0,,,SL,-38.09,2
2025.05.28 23:06,2025.05.28 23:09,BUY,LienKe,3282.612,3277.713,49.0,0.0,46.0,0.00,0.94,0,,,0,,,0,,,0,,,0,,,0,,,0,,,0,,,0,,,SL,-48.99,3
2025.05.28 19:04,2025.05.28 23:10,SELL,LienKe,3302.801,3306.065,32.6,273.4,2.4,8.38,0.07,1,0,-,1,1,-,1,2,-,1,9,-,1,25,-,1,105,-,1,107,-,1,107,-,0,,,TP,300.00,246
2025.05.29 01:06,2025.05.29 01:16,BUY,LienKe,3252.598,3248.296,43.0,39.0,33.4,0.91,0.78,1,2,7,1,2,7,1,3,7,0,,,0,,,0,,,0,,,0,,,0,,,SL,-43.02,10
2025.05.29 01:06,2025.05.29 01:16,BUY,LienKe,3253.955,3248.296,56.6,25.5,47.0,0.45,0.83,1,0,0,1,3,4,0,,,0,,,0,,,0,,,0,,,0,,,0,,,SL,-56.59,10
2025.05.29 01:16,2025.05.29 01:18,BUY,Swing,3250.607,3246.259,43.5,0.0,39.5,0.00,0.91,0,,,0,,,0,,,0,,,0,,,0,,,0,,,0,,,0,,,SL,-43.48,2
2025.05.29 01:08,2025.05.29 01:18,BUY,Swing,3252.538,3246.259,62.8,39.6,58.9,0.63,0.94,1,0,5,1,0,5,1,1,5,0,,,0,,,0,,,0,,,0,,,0,,,SL,-62.79,10
2025.05.29 05:03,2025.05.29 10:28,BUY,LienKe,3269.069,3265.680,33.9,288.4,30.8,8.51,0.91,1,1,5,1,10,32,1,26,32,1,57,68,1,131,-,1,132,-,1,168,-,1,178,-,0,,,TP,300.00,325
2025.05.29 05:02,2025.05.29 10:55,BUY,LienKe,3269.642,3265.680,39.6,299.5,36.6,7.56,0.92,1,3,4,1,12,20,1,58,69,1,59,69,1,132,-,1,133,-,1,172,-,1,313,-,0,,,TP,300.00,353
2025.05.29 09:23,2025.05.29 12:17,BUY,LienKe,3278.076,3274.463,36.1,300.0,18.1,8.30,0.50,1,5,6,1,8,-,1,9,-,1,13,-,1,39,-,1,47,-,1,55,-,1,65,-,0,,,TP,300.00,174
2025.05.29 09:22,2025.05.29 12:17,BUY,LienKe,3278.832,3274.463,43.7,292.4,25.7,6.69,0.59,1,9,-,1,10,-,1,13,-,1,39,-,1,41,-,1,52,-,1,57,-,1,66,-,0,,,TP,300.00,175
2025.05.30 10:52,2025.05.30 11:51,BUY,LienKe,3293.614,3289.558,40.6,37.2,35.1,0.92,0.86,1,1,9,1,3,9,1,11,20,0,,,0,,,0,,,0,,,0,,,0,,,SL,-40.56,59
2025.05.30 07:14,2025.05.30 12:10,BUY,LienKe,3290.741,3284.370,63.7,99.3,23.6,1.56,0.37,1,0,1,1,1,247,1,4,247,1,7,247,1,52,247,0,,,0,,,0,,,0,,,SL,-63.71,296
2025.05.30 07:14,2025.05.30 12:10,BUY,Swing,3290.741,3284.370,63.7,99.3,23.6,1.56,0.37,1,0,1,1,1,247,1,4,247,1,7,247,1,52,247,0,,,0,,,0,,,0,,,SL,-63.71,296
2025.05.30 09:23,2025.05.30 12:13,SELL,LienKe,3298.700,3302.274,35.7,157.6,21.3,4.41,0.60,1,1,40,1,3,40,1,7,40,1,7,40,1,118,169,1,160,169,1,167,169,0,,,0,,,SL,-35.74,170
2025.05.30 12:11,2025.05.30 13:53,BUY,Swing,3287.992,3279.785,82.1,203.2,43.6,2.48,0.53,1,0,94,1,0,94,1,0,94,1,0,94,1,1,94,1,1,94,1,2,94,1,59,94,0,,,SL,-82.07,102
2025.05.30 15:16,2025.05.30 15:35,SELL,LienKe,3286.895,3290.796,39.0,30.3,31.9,0.78,0.82,1,2,5,1,3,5,1,3,5,0,,,0,,,0,,,0,,,0,,,0,,,SL,-39.01,19
2025.05.30 15:14,2025.05.30 15:35,SELL,LienKe,3284.970,3290.796,58.3,19.6,51.2,0.34,0.88,1,1,1,0,,,0,,,0,,,0,,,0,,,0,,,0,,,0,,,SL,-58.26,21
2025.05.30 19:59,2025.06.01 22:05,SELL,LienKe,3294.971,3298.194,32.2,61.7,10.2,1.91,0.32,1,1,1,1,15,-,1,19,-,1,57,-,0,,,0,,,0,,,0,,,0,,,SL,-32.23,3005
2025.05.30 19:04,2025.06.01 22:05,SELL,LienKe,3294.750,3298.194,34.4,59.5,12.4,1.73,0.36,1,3,28,1,15,28,1,74,-,1,112,-,0,,,0,,,0,,,0,,,0,,,SL,-34.44,3061
2025.06.02 07:02,2025.06.02 07:10,SELL,LienKe,3345.723,3349.401,36.8,24.2,31.1,0.66,0.84,1,0,2,1,1,2,0,,,0,,,0,,,0,,,0,,,0,,,0,,,SL,-36.78,8
2025.06.02 07:01,2025.06.02 07:10,SELL,LienKe,3344.984,3349.401,44.2,16.9,38.5,0.38,0.87,1,0,0,0,,,0,,,0,,,0,,,0,,,0,,,0,,,0,,,SL,-44.17,9
2025.06.02 11:40,2025.06.02 12:25,SELL,Swing,3359.416,3363.152,37.4,61.4,35.5,1.64,0.95,1,2,28,1,2,28,1,2,28,1,9,28,0,,,0,,,0,,,0,,,0,,,SL,-37.36,45
2025.06.02 11:40,2025.06.02 12:25,SELL,Swing,3358.759,3363.152,43.9,54.9,42.1,1.25,0.96,1,2,27,1,2,27,1,3,27,1,13,27,0,,,0,,,0,,,0,,,0,,,SL,-43.93,45
2025.06.02 13:04,2025.06.02 13:31,BUY,LienKe,3354.447,3350.582,38.7,33.1,26.3,0.86,0.68,1,8,21,1,8,21,1,12,21,0,,,0,,,0,,,0,,,0,,,0,,,SL,-38.65,26
2025.06.02 13:03,2025.06.02 13:31,BUY,LienKe,3355.455,3350.582,48.7,23.0,36.4,0.47,0.75,1,0,0,1,14,18,0,,,0,,,0,,,0,,,0,,,0,,,0,,,SL,-48.73,28
2025.06.02 14:02,2025.06.02 16:06,SELL,LienKe,3375.713,3379.352,36.4,79.3,35.1,2.18,0.96,1,0,15,1,0,15,1,1,15,1,5,15,0,,,0,,,0,,,0,,,0,,,SL,-36.39,124
2025.06.02 14:02,2025.06.02 16:06,SELL,LienKe,3374.465,3379.352,48.9,66.8,47.6,1.37,0.97,1,0,1,1,1,12,1,1,12,1,8,12,0,,,0,,,0,,,0,,,0,,,SL,-48.87,124
2025.06.03 03:06,2025.06.03 03:42,BUY,LienKe,3365.769,3361.366,44.0,34.1,20.7,0.78,0.47,1,1,14,1,2,14,1,2,14,0,,,0,,,0,,,0,,,0,,,0,,,SL,-44.03,36
2025.06.03 03:01,2025.06.03 03:42,BUY,LienKe,3367.295,3361.366,59.3,23.8,36.0,0.40,0.61,1,1,3,1,1,3,0,,,0,,,0,,,0,,,0,,,0,,,0,,,SL,-59.29,41
2025.06.03 06:43,2025.06.03 12:07,BUY,LienKe,3355.329,3351.099,42.3,95.8,41.8,2.26,0.99,1,1,1,1,12,20,1,13,20,1,17,20,1,82,168,0,,,0,,,0,,,0,,,SL,-42.30,323
2025.06.03 06:43,2025.06.03 12:07,BUY,LienKe,3356.755,3351.099,56.6,81.5,56.1,1.44,0.99,1,12,20,1,15,20,1,17,20,1,78,167,1,82,167,0,,,0,,,0,,,0,,,SL,-56.56,324
2025.06.03 12:18,2025.06.03 13:46,BUY,Swing,3351.015,3347.040,39.7,121.1,23.8,3.05,0.60,1,1,2,1,4,83,1,7,83,1,12,83,1,21,83,1,23,83,0,,,0,,,0,,,SL,-39.75,88
2025.06.03 12:08,2025.06.03 13:46,BUY,Swing,3352.214,3347.040,51.7,109.1,35.8,2.11,0.69,1,0,3,1,1,3,1,17,84,1,29,84,1,33,84,1,34,84,0,,,0,,,0,,,SL,-51.74,98
2025.06.04 00:08,2025.06.04 00:52,BUY,LienKe,3354.558,3350.716,38.4,45.7,34.8,1.19,0.91,1,8,25,1,9,25,1,10,25,0,,,0,,,0,,,0,,,0,,,0,,,SL,-38.42,44
2025.06.04 00:06,2025.06.04 00:52,BUY,LienKe,3355.601,3350.716,48.9,35.3,45.2,0.72,0.93,1,11,26,1,12,26,1,13,26,0,,,0,,,0,,,0,,,0,,,0,,,SL,-48.85,46
2025.06.04 06:31,2025.06.04 07:05,SELL,LienKe,3356.072,3359.459,33.9,13.9,29.8,0.41,0.88,1,25,28,0,,,0,,,0,,,0,,,0,,,0,,,0,,,0,,,SL,-33.87,34
2025.06.04 06:31,2025.06.04 07:05,SELL,LienKe,3355.435,3359.459,40.2,7.5,36.2,0.19,0.90,0,,,0,,,0,,,0,,,0,,,0,,,0,,,0,,,0,,,SL,-40.24,34
2025.06.04 08:05,2025.06.04 10:46,BUY,LienKe,3353.537,3350.041,35.0,114.4,18.3,3.27,0.52,1,3,-,1,5,-,1,6,-,1,37,-,1,40,-,1,50,-,0,,,0,,,0,,,SL,-34.96,161
2025.06.04 08:01,2025.06.04 10:46,BUY,LienKe,3354.178,3350.041,41.4,107.9,24.7,2.61,0.60,1,0,2,1,9,15,1,11,15,1,41,163,1,50,163,1,56,163,0,,,0,,,0,,,SL,-41.37,165
2025.06.04 11:27,2025.06.04 11:28,BUY,LienKe,3347.502,3343.802,37.0,0.0,26.3,0.00,0.71,0,,,0,,,0,,,0,,,0,,,0,,,0,,,0,,,0,,,SL,-37.00,0
2025.06.04 11:24,2025.06.04 11:28,BUY,LienKe,3348.719,3343.802,49.2,14.3,38.5,0.29,0.78,1,0,2,0,,,0,,,0,,,0,,,0,,,0,,,0,,,0,,,SL,-49.17,4
2025.06.05 02:17,2025.06.05 04:16,BUY,Swing,3369.990,3366.398,35.9,74.2,18.8,2.07,0.52,1,9,23,1,13,23,1,14,23,1,75,100,0,,,0,,,0,,,0,,,0,,,SL,-35.92,119
2025.06.05 02:16,2025.06.05 04:16,BUY,Swing,3371.418,3366.398,50.2,59.9,33.1,1.19,0.66,1,14,23,1,66,100,1,74,100,1,79,100,0,,,0,,,0,,,0,,,0,,,SL,-50.20,120
2025.06.05 06:33,2025.06.05 07:16,SELL,LienKe,3368.364,3373.086,47.2,37.3,45.2,0.79,0.96,1,1,30,1,4,30,1,6,30,0,,,0,,,0,,,0,,,0,,,0,,,SL,-47.22,43
2025.06.06 09:49,2025.06.06 12:30,BUY,Swing,3353.935,3349.703,42.3,103.9,1.6,2.46,0.04,1,0,158,1,1,158,1,2,158,1,12,158,1,72,158,1,79,158,0,,,0,,,0,,,SL,-42.32,161
2025.06.06 13:59,2025.06.06 14:02,BUY,LienKe,3343.744,3339.460,42.8,12.8,41.2,0.30,0.96,1,0,1,0,,,0,,,0,,,0,,,0,,,0,,,0,,,0,,,SL,-42.84,3
2025.06.06 13:58,2025.06.06 14:02,BUY,LienKe,3345.913,3339.460,64.5,5.8,62.9,0.09,0.97,0,,,0,,,0,,,0,,,0,,,0,,,0,,,0,,,0,,,SL,-64.53,4
2025.06.09 11:36,2025.06.09 14:08,SELL,LienKe,3319.636,3323.002,33.7,87.8,29.6,2.61,0.88,1,15,55,1,15,55,1,16,55,1,18,55,1,106,131,0,,,0,,,0,,,0,,,SL,-33.66,152
2025.06.09 11:33,2025.06.09 14:08,SELL,LienKe,3319.307,3323.002,37.0,84.5,32.9,2.29,0.89,1,0,3,1,0,3,1,19,58,1,21,58,1,110,133,0,,,0,,,0,,,0,,,SL,-36.95,155
2025.06.10 00:03,2025.06.10 00:06,BUY,LienKe,3323.868,3320.547,33.2,0.0,26.8,0.00,0.81,0,,,0,,,0,,,0,,,0,,,0,,,0,,,0,,,0,,,SL,-33.21,3
2025.06.10 00:03,2025.06.10 00:06,BUY,LienKe,3324.357,3320.547,38.1,1.1,31.7,0.03,0.83,0,,,0,,,0,,,0,,,0,,,0,,,0,,,0,,,0,,,SL,-38.10,3
2025.06.09 17:01,2025.06.10 01:32,SELL,LienKe,3337.683,3341.240,35.6,286.0,4.1,8.04,0.11,1,0,-,1,1,-,1,10,-,1,145,-,1,156,-,1,173,-,1,301,-,1,454,-,0,,,TP,300.00,511
2025.06.10 15:04,2025.06.10 16:10,BUY,LienKe,3325.612,3321.984,36.3,37.3,24.5,1.03,0.67,1,2,9,1,4,9,1,5,9,0,,,0,,,0,,,0,,,0,,,0,,,SL,-36.28,66
2025.06.10 15:04,2025.06.10 16:10,BUY,LienKe,3326.695,3321.984,47.1,26.5,35.3,0.56,0.75,1,5,8,1,5,8,0,,,0,,,0,,,0,,,0,,,0,,,0,,,SL,-47.11,66
2025.06.10 18:58,2025.06.10 23:22,BUY,Swing,3321.104,3316.358,47.5,134.3,46.5,2.83,0.98,1,2,209,1,2,209,1,3,209,1,16,209,1,20,209,1,27,209,0,,,0,,,0,,,SL,-47.46,264
2025.06.10 18:58,2025.06.10 23:22,BUY,Swing,3322.134,3316.358,57.8,124.0,56.8,2.15,0.98,1,2,184,1,4,184,1,12,184,1,17,184,1,20,184,1,33,184,0,,,0,,,0,,,SL,-57.76,264
2025.06.11 03:28,2025.06.11 04:11,SELL,LienKe,3339.215,3342.841,36.3,22.4,25.1,0.62,0.69,1,32,38,1,36,38,0,,,0,,,0,,,0,,,0,,,0,,,0,,,SL,-36.26,43
2025.06.11 03:12,2025.06.11 04:11,SELL,LienKe,3338.624,3342.841,42.2,20.6,31.0,0.49,0.74,1,0,4,1,2,4,0,,,0,,,0,,,0,,,0,,,0,,,0,,,SL,-42.17,59
2025.06.11 15:18,2025.06.11 18:22,SELL,LienKe,3341.396,3344.769,33.7,220.2,26.1,6.53,0.77,1,6,175,1,7,175,1,14,175,1,25,175,1,27,175,1,28,175,1,113,175,1,139,175,0,,,SL,-33.73,184
2025.06.11 15:15,2025.06.11 18:22,SELL,LienKe,3340.978,3344.769,37.9,216.0,30.3,5.70,0.80,1,0,2,1,12,178,1,17,178,1,28,178,1,30,178,1,31,178,1,116,178,1,144,178,0,,,SL,-37.91,187
2025.06.12 01:19,2025.06.12 01:22,SELL,LienKe,3371.411,3375.153,37.4,18.2,3.2,0.49,0.09,1,0,2,0,,,0,,,0,,,0,,,0,,,0,,,0,,,0,,,SL,-37.42,3
2025.06.12 01:19,2025.06.12 01:22,SELL,LienKe,3371.272,3375.153,38.8,16.8,4.6,0.43,0.12,1,0,2,0,,,0,,,0,,,0,,,0,,,0,,,0,,,0,,,SL,-38.81,3
2025.06.13 01:01,2025.06.13 01:13,SELL,LienKe,3418.691,3423.437,47.5,30.4,26.8,0.64,0.56,1,7,10,1,8,10,1,8,10,0,,,0,,,0,,,0,,,0,,,0,,,SL,-47.46,12
2025.06.13 01:01,2025.06.13 01:13,SELL,LienKe,3416.015,3423.437,74.2,18.8,53.6,0.25,0.72,1,0,0,0,,,0,,,0,,,0,,,0,,,0,,,0,,,0,,,SL,-74.22,12
2025.06.13 06:46,2025.06.13 06:47,BUY,LienKe,3418.345,3414.810,35.3,0.0,27.1,0.00,0.77,0,,,0,,,0,,,0,,,0,,,0,,,0,,,0,,,0,,,SL,-35.35,1
2025.06.13 06:46,2025.06.13 06:47,BUY,LienKe,3419.042,3414.810,42.3,0.8,34.1,0.02,0.81,0,,,0,,,0,,,0,,,0,,,0,,,0,,,0,,,0,,,SL,-42.32,1
2025.06.13 09:13,2025.06.13 12:34,SELL,LienKe,3425.452,3429.152,37.0,137.0,32.6,3.70,0.88,1,2,4,1,2,4,1,6,30,1,17,30,1,66,172,1,68,172,0,,,0,,,0,,,SL,-37.00,201
2025.06.13 09:07,2025.06.13 12:34,SELL,LienKe,3424.794,3429.152,43.6,130.4,39.2,2.99,0.90,1,1,6,1,1,6,1,13,19,1,67,178,1,72,178,1,89,178,0,,,0,,,0,,,SL,-43.58,207
2025.06.16 03:43,2025.06.16 03:56,BUY,Swing,3433.529,3430.004,35.3,0.4,32.8,0.01,0.93,0,,,0,,,0,,,0,,,0,,,0,,,0,,,0,,,0,,,SL,-35.25,13
2025.06.16 03:35,2025.06.16 03:56,BUY,Swing,3434.250,3430.004,42.5,15.5,40.0,0.37,0.94,1,1,4,0,,,0,,,0,,,0,,,0,,,0,,,0,,,0,,,SL,-42.46,21
2025.06.16 06:06,2025.06.16 07:11,BUY,LienKe,3416.914,3412.888,40.3,35.6,39.2,0.88,0.97,1,1,2,1,8,13,1,9,13,0,,,0,,,0,,,0,,,0,,,0,,,SL,-40.26,65
2025.06.16 06:06,2025.06.16 07:11,BUY,LienKe,3418.080,3412.888,51.9,23.9,50.8,0.46,0.98,1,9,12,1,9,12,0,,,0,,,0,,,0,,,0,,,0,,,0,,,SL,-51.92,65
2025.06.16 11:02,2025.06.16 13:54,SELL,LienKe,3420.936,3425.014,40.8,178.0,19.2,4.37,0.47,1,5,18,1,7,18,1,29,-,1,41,-,1,46,-,1,134,-,1,160,-,0,,,0,,,TP,300.00,172
2025.06.16 11:02,2025.06.16 13:54,SELL,LienKe,3420.062,3425.014,49.5,169.3,28.0,3.42,0.56,1,7,12,1,29,-,1,30,-,1,43,-,1,46,-,1,134,-,1,160,-,0,,,0,,,TP,300.00,172
2025.06.16 17:23,2025.06.16 17:34,BUY,LienKe,3397.414,3394.133,32.8,11.3,17.1,0.34,0.52,1,4,5,0,,,0,,,0,,,0,,,0,,,0,,,0,,,0,,,SL,-32.81,11
2025.06.16 17:12,2025.06.16 17:34,BUY,LienKe,3397.943,3394.133,38.1,18.2,22.4,0.48,0.59,1,1,8,0,,,0,,,0,,,0,,,0,,,0,,,0,,,0,,,SL,-38.10,22
2025.06.17 08:45,2025.06.17 08:54,BUY,LienKe,3383.033,3379.708,33.2,10.7,16.8,0.32,0.50,1,2,2,0,,,0,,,0,,,0,,,0,,,0,,,0,,,0,,,SL,-33.25,9
2025.06.17 08:45,2025.06.17 08:54,BUY,LienKe,3383.546,3379.708,38.4,5.6,21.9,0.15,0.57,0,,,0,,,0,,,0,,,0,,,0,,,0,,,0,,,0,,,SL,-38.38,9
2025.06.17 00:37,2025.06.17 14:35,SELL,LienKe,3402.600,3406.253,36.5,289.8,8.2,7.93,0.22,1,1,1,1,3,35,1,9,35,1,12,35,1,14,35,1,18,35,1,148,-,1,154,-,0,,,TP,300.00,838
2025.06.17 00:36,2025.06.17 14:36,SELL,LienKe,3401.939,3406.253,43.1,297.7,14.8,6.90,0.34,1,0,1,1,6,36,1,12,36,1,13,36,1,19,36,1,19,36,1,149,-,1,155,-,0,,,TP,300.00,840
2025.06.18 04:07,2025.06.18 04:29,SELL,LienKe,3391.163,3394.536,33.7,0.1,32.3,0.00,0.96,0,,,0,,,0,,,0,,,0,,,0,,,0,,,0,,,0,,,SL,-33.73,22
2025.06.18 04:03,2025.06.18 04:29,SELL,LienKe,3390.730,3394.536,38.1,11.5,36.6,0.30,0.96,1,1,4,0,,,0,,,0,,,0,,,0,,,0,,,0,,,0,,,SL,-38.06,26
2025.06.18 17:04,2025.06.18 17:37,BUY,LienKe,3390.102,3386.830,32.7,11.9,30.4,0.36,0.93,1,9,11,0,,,0,,,0,,,0,,,0,,,0,,,0,,,0,,,SL,-32.72,33
2025.06.18 17:02,2025.06.18 17:37,BUY,LienKe,3390.534,3386.830,37.0,7.6,34.8,0.21,0.94,0,,,0,,,0,,,0,,,0,,,0,,,0,,,0,,,0,,,SL,-37.04,35
2025.06.18 19:08,2025.06.18 19:14,BUY,Swing,3374.980,3370.202,47.8,40.3,29.9,0.84,0.63,1,2,5,1,2,5,1,4,5,0,,,0,,,0,,,0,,,0,,,0,,,SL,-47.78,6
2025.06.18 19:06,2025.06.18 19:14,BUY,Swing,3377.012,3370.202,68.1,20.0,50.2,0.29,0.74,1,0,1,0,,,0,,,0,,,0,,,0,,,0,,,0,,,0,,,SL,-68.10,8
2025.06.19 00:25,2025.06.19 00:46,SELL,Swing,3379.730,3383.029,33.0,17.7,30.2,0.54,0.92,1,0,3,0,,,0,,,0,,,0,,,0,,,0,,,0,,,0,,,SL,-32.99,21
2025.06.19 00:25,2025.06.19 00:46,SELL,Swing,3379.292,3383.029,37.4,13.3,34.6,0.36,0.93,1,2,3,0,,,0,,,0,,,0,,,0,,,0,,,0,,,0,,,SL,-37.37,21
2025.06.18 18:01,2025.06.19 05:53,SELL,LienKe,3391.078,3396.744,56.7,299.8,49.1,5.29,0.87,1,1,5,1,1,5,1,1,5,1,1,5,1,47,-,1,49,-,1,59,-,1,73,-,0,,,TP,300.00,712
2025.06.18 18:01,2025.06.19 06:03,SELL,LienKe,3388.387,3396.744,83.6,287.4,76.0,3.44,0.91,1,1,2,1,1,2,1,44,-,1,47,-,1,52,-,1,59,-,1,64,-,1,87,-,0,,,TP,300.00,722
2025.06.20 05:16,2025.06.20 05:28,BUY,LienKe,3352.522,3349.268,32.5,2.2,23.7,0.07,0.73,0,,,0,,,0,,,0,,,0,,,0,,,0,,,0,,,0,,,SL,-32.54,12
2025.06.20 05:15,2025.06.20 05:28,BUY,LienKe,3353.120,3349.268,38.5,3.1,29.6,0.08,0.77,0,,,0,,,0,,,0,,,0,,,0,,,0,,,0,,,0,,,SL,-38.52,13
2025.06.19 15:55,2025.06.20 06:43,SELL,LienKe,3370.784,3374.485,37.0,292.3,35.2,7.90,0.95,1,1,3,1,1,3,1,9,29,1,376,-,1,378,-,1,556,-,1,636,-,1,674,-,0,,,TP,300.00,888
2025.06.20 09:26,2025.06.20 09:41,SELL,Swing,3355.299,3358.755,34.6,0.0,31.5,0.00,0.91,0,,,0,,,0,,,0,,,0,,,0,,,0,,,0,,,0,,,SL,-34.56,15
2025.06.20 09:26,2025.06.20 09:41,SELL,Swing,3354.684,3358.755,40.7,0.0,37.6,0.00,0.92,0,,,0,,,0,,,0,,,0,,,0,,,0,,,0,,,0,,,SL,-40.71,15
2025.06.19 15:55,2025.06.20 13:54,SELL,LienKe,3370.087,3374.485,44.0,295.8,42.1,6.73,0.96,1,2,2,1,7,28,1,20,28,1,377,451,1,556,-,1,559,-,1,636,-,1,674,-,0,,,SL,0.00,1319
2025.06.20 06:32,2025.06.20 13:58,BUY,LienKe,3343.400,3339.027,43.7,299.1,30.6,6.84,0.70,1,8,9,1,19,28,1,32,360,1,33,360,1,37,360,1,39,360,1,189,360,1,425,-,0,,,TP,300.00,445
2025.06.20 14:11,2025.06.22 22:05,SELL,LienKe,3373.442,3377.110,36.7,86.8,12.0,2.37,0.33,1,2,151,1,2,151,1,2,151,1,7,151,1,11,151,0,,,0,,,0,,,0,,,SL,-36.68,3353
2025.06.20 14:11,2025.06.22 22:05,SELL,LienKe,3372.814,3377.110,43.0,80.5,18.2,1.87,0.42,1,2,149,1,2,149,1,4,149,1,9,149,1,273,-,0,,,0,,,0,,,0,,,SL,-42.96,3354
2025.06.20 06:01,2025.06.22 22:05,BUY,LienKe,3345.447,3339.027,64.2,290.3,51.0,4.52,0.79,1,2,3,1,5,8,1,14,21,1,64,391,1,70,391,1,204,391,1,450,-,1,464,-,0,,,TP,294.65,3844
2025.06.20 20:13,2025.06.23 00:20,BUY,LienKe,3365.642,3361.690,39.5,233.2,5.9,5.90,0.15,1,5,-,1,7,-,1,9,-,1,2992,-,1,2992,-,1,2992,-,1,2992,-,1,2992,-,0,,,SL,-5.35,3127
2025.06.24 11:53,2025.06.24 12:13,BUY,LienKe,3319.226,3314.829,44.0,26.0,33.5,0.59,0.76,1,0,1,1,2,8,0,,,0,,,0,,,0,,,0,,,0,,,0,,,SL,-43.97,20
2025.06.24 11:19,2025.06.24 13:40,SELL,LienKe,3327.839,3331.298,34.6,278.3,12.8,8.05,0.37,1,0,3,1,7,-,1,8,-,1,9,-,1,30,-,1,53,-,1,54,-,1,73,-,0,,,TP,300.00,141
2025.06.24 11:19,2025.06.24 13:40,SELL,LienKe,3327.387,3331.298,39.1,273.8,17.3,7.00,0.44,1,6,-,1,8,-,1,8,-,1,17,-,1,31,-,1,53,-,1,55,-,1,73,-,0,,,TP,300.00,141
2025.06.24 17:07,2025.06.24 19:37,SELL,LienKe,3320.410,3323.704,32.9,45.9,30.2,1.39,0.92,1,5,8,1,11,13,1,56,143,0,,,0,,,0,,,0,,,0,,,0,,,SL,-32.94,150
2025.06.24 17:04,2025.06.24 19:37,SELL,LienKe,3320.153,3323.704,35.5,43.3,32.7,1.22,0.92,1,8,11,1,55,146,1,59,146,0,,,0,,,0,,,0,,,0,,,0,,,SL,-35.51,153
2025.06.25 07:10,2025.06.25 09:05,BUY,LienKe,3328.838,3325.032,38.1,82.6,32.1,2.17,0.84,1,14,61,1,16,61,1,16,61,1,19,61,1,35,61,0,,,0,,,0,,,0,,,SL,-38.06,115
2025.06.25 07:08,2025.06.25 09:05,BUY,LienKe,3330.138,3325.032,51.1,69.6,45.1,1.36,0.88,1,18,46,1,18,46,1,20,46,1,36,46,0,,,0,,,0,,,0,,,0,,,SL,-51.06,117
2025.06.25 04:04,2025.06.25 09:06,BUY,LienKe,3327.430,3324.023,34.1,96.7,31.6,2.84,0.93,1,16,25,1,67,191,1,86,191,1,92,191,1,220,250,0,,,0,,,0,,,0,,,SL,-34.07,302
2025.06.25 04:01,2025.06.25 09:06,BUY,LienKe,3328.055,3324.023,40.3,90.4,37.9,2.24,0.94,1,20,26,1,89,186,1,91,186,1,101,186,1,224,253,0,,,0,,,0,,,0,,,SL,-40.32,305
2025.06.25 14:12,2025.06.25 14:51,SELL,LienKe,3321.359,3324.780,34.2,25.1,34.2,0.73,1.00,1,2,4,1,7,9,0,,,0,,,0,,,0,,,0,,,0,,,0,,,SL,-34.21,39
2025.06.25 14:08,2025.06.25 14:51,SELL,LienKe,3320.452,3324.780,43.3,22.0,43.2,0.51,1.00,1,1,2,1,1,2,0,,,0,,,0,,,0,,,0,,,0,,,0,,,SL,-43.28,43
2025.06.26 00:33,2025.06.26 01:57,BUY,LienKe,3333.354,3329.688,36.7,34.2,36.2,0.93,0.99,1,5,16,1,10,16,1,34,40,0,,,0,,,0,,,0,,,0,,,0,,,SL,-36.66,83
2025.06.26 00:04,2025.06.26 01:57,BUY,LienKe,3334.140,3329.688,44.5,26.4,44.1,0.59,0.99,1,0,1,1,19,23,0,,,0,,,0,,,0,,,0,,,0,,,0,,,SL,-44.52,113
2025.06.26 03:08,2025.06.26 07:21,SELL,LienKe,3342.002,3345.583,35.8,108.8,32.7,3.04,0.91,1,8,234,1,17,234,1,21,234,1,40,234,1,109,234,1,177,234,0,,,0,,,0,,,SL,-35.81,252
2025.06.26 03:08,2025.06.26 07:21,SELL,LienKe,3341.375,3345.583,42.1,102.5,39.0,2.44,0.93,1,15,234,1,18,234,1,25,234,1,64,234,1,120,234,1,182,234,0,,,0,,,0,,,SL,-42.08,253
2025.06.26 07:10,2025.06.26 07:32,SELL,Swing,3343.045,3346.377,33.3,17.6,30.9,0.53,0.93,1,2,3,0,,,0,,,0,,,0,,,0,,,0,,,0,,,0,,,SL,-33.32,21
2025.06.26 07:10,2025.06.26 07:32,SELL,Swing,3342.447,3346.377,39.3,11.6,36.8,0.30,0.94,1,2,3,0,,,0,,,0,,,0,,,0,,,0,,,0,,,0,,,SL,-39.30,22
2025.06.26 08:02,2025.06.26 08:57,SELL,LienKe,3346.798,3350.269,34.7,21.9,29.2,0.63,0.84,1,2,3,1,5,12,0,,,0,,,0,,,0,,,0,,,0,,,0,,,SL,-34.71,55
2025.06.26 08:02,2025.06.26 08:57,SELL,LienKe,3346.244,3350.269,40.2,16.4,34.7,0.41,0.86,1,5,11,0,,,0,,,0,,,0,,,0,,,0,,,0,,,0,,,SL,-40.25,55
2025.06.26 09:05,2025.06.26 09:13,BUY,LienKe,3344.368,3340.925,34.4,7.2,33.6,0.21,0.98,0,,,0,,,0,,,0,,,0,,,0,,,0,,,0,,,0,,,SL,-34.43,7
2025.06.26 09:05,2025.06.26 09:13,BUY,LienKe,3345.183,3340.925,42.6,0.0,41.8,0.00,0.98,0,,,0,,,0,,,0,,,0,,,0,,,0,,,0,,,0,,,SL,-42.58,8
2025.06.26 05:07,2025.06.26 12:48,BUY,LienKe,3333.481,3330.236,32.5,168.9,30.6,5.20,0.94,1,4,10,1,17,23,1,26,49,1,104,393,1,115,393,1,123,393,1,221,393,0,,,0,,,SL,-32.45,461
2025.06.26 05:01,2025.06.26 12:48,BUY,LienKe,3333.868,3330.236,36.3,165.0,34.5,4.54,0.95,1,19,29,1,32,56,1,33,56,1,110,399,1,122,399,1,129,399,1,235,399,0,,,0,,,SL,-36.32,467
2025.06.26 11:01,2025.06.26 13:34,SELL,LienKe,3343.508,3346.758,32.5,281.8,7.7,8.67,0.24,1,3,86,1,13,86,1,18,86,1,33,86,1,35,86,1,41,86,1,110,-,1,118,-,0,,,TP,300.00,153
2025.06.26 11:01,2025.06.26 13:34,SELL,LienKe,3343.158,3346.758,36.0,278.3,11.2,7.73,0.31,1,4,86,1,17,86,1,19,86,1,33,86,1,35,86,1,42,86,1,111,-,1,118,-,0,,,TP,300.00,153
2025.06.27 08:22,2025.06.27 11:38,BUY,LienKe,3283.018,3279.353,36.6,81.1,33.3,2.21,0.91,1,2,5,1,3,5,1,19,94,1,23,94,1,35,94,0,,,0,,,0,,,0,,,SL,-36.65,195
2025.06.27 08:15,2025.06.27 11:38,BUY,LienKe,3283.796,3279.353,44.4,73.4,41.0,1.65,0.92,1,0,7,1,0,7,1,0,7,1,31,100,0,,,0,,,0,,,0,,,0,,,SL,-44.43,203
2025.06.27 11:48,2025.06.27 11:52,BUY,LienKe,3279.925,3276.200,37.3,8.9,36.9,0.24,0.99,0,,,0,,,0,,,0,,,0,,,0,,,0,,,0,,,0,,,SL,-37.25,3
2025.06.27 11:39,2025.06.27 11:52,BUY,LienKe,3280.991,3276.200,47.9,20.4,47.6,0.43,0.99,1,0,4,1,0,4,0,,,0,,,0,,,0,,,0,,,0,,,0,,,SL,-47.91,13
2025.06.27 05:30,2025.06.27 13:01,SELL,LienKe,3298.194,3302.501,43.1,297.8,29.1,6.91,0.67,1,0,1,1,0,1,1,30,31,1,39,-,1,68,-,1,69,-,1,164,-,1,381,-,0,,,TP,300.00,451
2025.06.27 05:20,2025.06.27 13:01,SELL,LienKe,3296.842,3302.501,56.6,284.3,42.6,5.02,0.75,1,2,6,1,3,6,1,40,41,1,74,-,1,78,-,1,119,-,1,333,-,1,391,-,0,,,TP,300.00,461
2025.06.27 16:23,2025.06.27 17:49,SELL,LienKe,3277.388,3280.594,32.1,45.3,21.8,1.41,0.68,1,8,29,1,10,29,1,13,29,0,,,0,,,0,,,0,,,0,,,0,,,SL,-32.06,86
2025.06.27 16:17,2025.06.27 17:49,SELL,LienKe,3277.047,3280.594,35.5,41.9,25.2,1.18,0.71,1,2,4,1,17,34,1,20,34,0,,,0,,,0,,,0,,,0,,,0,,,SL,-35.47,92
2025.06.30 05:01,2025.06.30 05:30,SELL,LienKe,3286.095,3289.617,35.2,13.0,29.4,0.37,0.83,1,0,1,0,,,0,,,0,,,0,,,0,,,0,,,0,,,0,,,SL,-35.22,29
2025.06.30 05:01,2025.06.30 05:30,SELL,LienKe,3285.615,3289.617,40.0,8.2,34.2,0.20,0.85,0,,,0,,,0,,,0,,,0,,,0,,,0,,,0,,,0,,,SL,-40.02,29
2025.06.30 04:23,2025.06.30 11:31,BUY,LienKe,3277.863,3274.603,32.6,189.9,32.3,5.82,0.99,1,7,309,1,15,309,1,25,309,1,27,309,1,28,309,1,53,309,1,131,309,0,,,0,,,SL,-32.60,427
2025.06.30 04:22,2025.06.30 11:31,BUY,LienKe,3278.393,3274.603,37.9,184.6,37.6,4.87,0.99,1,9,11,1,16,311,1,27,311,1,28,311,1,38,311,1,56,311,1,132,311,0,,,0,,,SL,-37.90,429
2025.07.01 10:14,2025.07.01 11:04,SELL,LienKe,3347.813,3351.323,35.1,24.8,25.1,0.71,0.71,1,0,1,1,25,30,0,,,0,,,0,,,0,,,0,,,0,,,0,,,SL,-35.10,50
2025.07.01 10:13,2025.07.01 11:04,SELL,LienKe,3347.372,3351.323,39.5,20.4,29.5,0.52,0.75,1,24,31,1,27,31,0,,,0,,,0,,,0,,,0,,,0,,,0,,,SL,-39.51,51
2025.07.01 23:53,2025.07.02 01:25,BUY,LienKe,3338.221,3333.814,44.1,67.8,41.2,1.54,0.94,1,1,3,1,13,35,1,13,35,1,17,35,0,,,0,,,0,,,0,,,0,,,SL,-49.42,92
2025.07.01 17:28,2025.07.02 01:25,BUY,Swing,3337.159,3333.965,31.9,78.4,30.6,2.45,0.96,1,1,9,1,19,79,1,24,79,1,297,336,0,,,0,,,0,,,0,,,0,,,SL,-37.29,477
2025.07.01 17:21,2025.07.02 01:25,BUY,Swing,3337.907,3333.965,39.4,70.9,38.1,1.80,0.97,1,23,50,1,29,50,1,302,343,1,304,343,0,,,0,,,0,,,0,,,0,,,SL,-44.77,484
2025.07.02 00:13,2025.07.02 12:17,SELL,Swing,3343.430,3347.999,45.7,156.8,44.8,3.43,0.98,1,3,310,1,5,310,1,13,310,1,15,310,1,60,310,1,72,310,1,416,594,0,,,0,,,SL,-45.69,724
2025.07.02 00:12,2025.07.02 12:17,SELL,Swing,3341.989,3347.999,60.1,142.4,59.2,2.37,0.99,1,0,0,1,15,49,1,16,49,1,27,49,1,73,218,1,88,218,0,,,0,,,0,,,SL,-60.10,725
2025.07.02 15:13,2025.07.02 16:08,SELL,LienKe,3343.313,3346.803,34.9,44.8,29.5,1.28,0.84,1,2,24,1,3,24,1,3,24,0,,,0,,,0,,,0,,,0,,,0,,,SL,-34.90,55
2025.07.02 15:06,2025.07.02 16:08,SELL,LienKe,3342.857,3346.803,39.5,40.2,34.1,1.02,0.86,1,3,7,1,3,7,1,10,29,0,,,0,,,0,,,0,,,0,,,0,,,SL,-39.46,62
2025.07.03 12:11,2025.07.03 12:30,BUY,LienKe,3343.804,3339.952,38.5,85.0,1.6,2.21,0.04,1,0,-,1,1,-,1,3,-,1,6,-,1,9,-,0,,,0,,,0,,,0,,,SL,-38.52,19
2025.07.03 11:47,2025.07.03 12:30,BUY,LienKe,3344.846,3341.608,32.4,74.6,18.9,2.30,0.58,1,3,4,1,16,17,1,27,-,1,30,-,0,,,0,,,0,,,0,,,0,,,SL,-32.38,43
2025.07.03 11:43,2025.07.03 12:30,BUY,LienKe,3345.231,3341.608,36.2,70.8,22.8,1.95,0.63,1,0,4,1,31,-,1,32,-,1,35,-,0,,,0,,,0,,,0,,,0,,,SL,-36.23,47
2025.07.03 09:44,2025.07.03 12:30,BUY,Swing,3346.014,3342.366,36.5,93.5,30.6,2.56,0.84,1,10,12,1,33,113,1,37,113,1,56,113,1,62,113,0,,,0,,,0,,,0,,,SL,-36.48,166
2025.07.03 09:41,2025.07.03 12:30,BUY,Swing,3346.852,3342.366,44.9,85.2,39.0,1.90,0.87,1,36,111,1,39,111,1,52,111,1,60,111,1,70,111,0,,,0,,,0,,,0,,,SL,-44.86,169
2025.07.03 12:30,2025.07.03 12:30,BUY,LienKe,3343.277,3339.952,33.2,0.0,132.3,0.00,3.98,0,,,0,,,0,,,0,,,0,,,0,,,0,,,0,,,0,,,SL,-33.25,0
2025.07.04 04:05,2025.07.04 04:21,SELL,LienKe,3338.817,3341.955,31.4,0.0,28.9,0.00,0.92,0,,,0,,,0,,,0,,,0,,,0,,,0,,,0,,,0,,,SL,-31.38,16
2025.07.04 04:05,2025.07.04 04:21,SELL,LienKe,3338.661,3341.955,32.9,1.6,30.5,0.05,0.93,0,,,0,,,0,,,0,,,0,,,0,,,0,,,0,,,0,,,SL,-32.94,16
2025.07.04 09:07,2025.07.04 09:30,BUY,LienKe,3341.140,3337.686,34.5,10.0,29.7,0.29,0.86,0,,,0,,,0,,,0,,,0,,,0,,,0,,,0,,,0,,,SL,-34.54,23
2025.07.04 09:06,2025.07.04 09:30,BUY,LienKe,3341.704,3337.686,40.2,4.3,35.3,0.11,0.88,0,,,0,,,0,,,0,,,0,,,0,,,0,,,0,,,0,,,SL,-40.18,24
2025.07.04 12:26,2025.07.04 15:32,BUY,LienKe,3334.372,3330.797,35.7,36.9,35.3,1.03,0.99,1,2,12,1,6,12,1,76,88,0,,,0,,,0,,,0,,,0,,,0,,,SL,-35.75,186
2025.07.04 12:03,2025.07.04 15:32,BUY,LienKe,3335.008,3330.797,42.1,30.5,41.6,0.72,0.99,1,6,20,1,7,20,1,103,110,0,,,0,,,0,,,0,,,0,,,0,,,SL,-42.11,209
2025.07.06 23:08,2025.07.06 23:17,BUY,LienKe,3332.690,3329.270,34.2,1.8,27.7,0.05,0.81,0,,,0,,,0,,,0,,,0,,,0,,,0,,,0,,,0,,,SL,-34.20,9
2025.07.06 23:05,2025.07.06 23:17,BUY,LienKe,3333.292,3329.270,40.2,4.1,33.7,0.10,0.84,0,,,0,,,0,,,0,,,0,,,0,,,0,,,0,,,0,,,SL,-40.22,12
2025.07.04 12:47,2025.07.06 23:32,BUY,Swing,3332.649,3328.328,43.2,92.7,38.6,2.15,0.89,1,3,15,1,4,15,1,23,73,1,57,73,1,3438,3485,0,,,0,,,0,,,0,,,SL,-48.56,3525
2025.07.07 00:06,2025.07.07 00:26,BUY,LienKe,3326.110,3322.684,34.3,9.6,33.1,0.28,0.97,0,,,0,,,0,,,0,,,0,,,0,,,0,,,0,,,0,,,SL,-34.26,20
2025.07.07 00:05,2025.07.07 00:26,BUY,LienKe,3326.754,3322.684,40.7,3.2,39.5,0.08,0.97,0,,,0,,,0,,,0,,,0,,,0,,,0,,,0,,,0,,,SL,-40.70,21
2025.07.07 04:43,2025.07.07 07:52,BUY,Swing,3306.050,3302.219,38.3,91.9,38.2,2.40,1.00,1,7,144,1,10,144,1,24,144,1,26,144,1,69,144,0,,,0,,,0,,,0,,,SL,-38.31,189
2025.07.07 04:28,2025.07.07 07:52,BUY,Swing,3307.080,3302.219,48.6,81.6,48.5,1.68,1.00,1,2,13,1,3,13,1,40,159,1,49,159,1,90,159,0,,,0,,,0,,,0,,,SL,-48.61,204
2025.07.07 06:11,2025.07.07 14:13,SELL,LienKe,3314.797,3318.245,34.5,183.4,24.4,5.32,0.71,1,2,3,1,5,462,1,6,462,1,15,462,1,56,462,1,95,462,1,271,462,0,,,0,,,SL,-34.48,482
2025.07.07 06:11,2025.07.07 14:13,SELL,LienKe,3314.352,3318.245,38.9,179.0,28.9,4.60,0.74,1,4,462,1,6,462,1,6,462,1,26,462,1,56,462,1,95,462,1,271,462,0,,,0,,,SL,-38.93,482
2025.07.07 16:13,2025.07.07 16:22,SELL,LienKe,3321.993,3325.474,34.8,5.5,34.5,0.16,0.99,0,,,0,,,0,,,0,,,0,,,0,,,0,,,0,,,0,,,SL,-34.81,9
2025.07.07 16:13,2025.07.07 16:22,SELL,LienKe,3321.959,3325.474,35.2,5.1,34.8,0.15,0.99,0,,,0,,,0,,,0,,,0,,,0,,,0,,,0,,,0,,,SL,-35.15,9
2025.07.08 08:16,2025.07.08 09:00,BUY,Swing,3327.255,3323.037,42.2,23.7,40.6,0.56,0.96,1,10,20,1,15,20,0,,,0,,,0,,,0,,,0,,,0,,,0,,,SL,-42.18,43
2025.07.08 08:08,2025.07.08 09:00,BUY,Swing,3328.670,3323.037,56.3,15.5,54.8,0.28,0.97,1,2,4,0,,,0,,,0,,,0,,,0,,,0,,,0,,,0,,,SL,-56.33,52
2025.07.08 13:17,2025.07.08 13:49,BUY,Swing,3320.129,3315.954,41.7,68.1,28.6,1.63,0.69,1,1,30,1,1,30,1,4,30,1,10,30,0,,,0,,,0,,,0,,,0,,,SL,-41.75,32
2025.07.08 13:17,2025.07.08 13:49,BUY,Swing,3322.074,3315.954,61.2,48.6,48.1,0.79,0.79,1,4,21,1,9,21,1,10,21,0,,,0,,,0,,,0,,,0,,,0,,,SL,-61.20,32
2025.07.08 11:42,2025.07.08 13:49,BUY,LienKe,3321.461,3316.940,45.2,84.0,41.9,1.86,0.93,1,5,91,1,6,91,1,15,91,1,22,91,1,25,91,0,,,0,,,0,,,0,,,SL,-45.21,127
2025.07.08 07:01,2025.07.08 14:10,SELL,Swing,3336.830,3340.345,35.1,290.9,28.3,8.28,0.81,1,22,-,1,24,-,1,25,-,1,35,-,1,66,-,1,66,-,1,171,-,1,408,-,0,,,TP,300.00,428
2025.07.08 07:01,2025.07.08 14:14,SELL,Swing,3336.401,3340.345,39.4,298.6,32.6,7.57,0.83,1,23,-,1,25,-,1,28,-,1,36,-,1,66,-,1,66,-,1,175,-,1,408,-,0,,,TP,300.00,433
2025.07.09 00:02,2025.07.09 00:03,SELL,LienKe,3304.392,3308.042,36.5,0.0,22.5,0.00,0.62,0,,,0,,,0,,,0,,,0,,,0,,,0,,,0,,,0,,,SL,-36.50,1
2025.07.09 00:02,2025.07.09 00:03,SELL,Swing,3304.392,3308.042,36.5,0.0,22.5,0.00,0.62,0,,,0,,,0,,,0,,,0,,,0,,,0,,,0,,,0,,,SL,-36.50,1
2025.07.09 00:02,2025.07.09 00:03,SELL,LienKe,3303.185,3308.042,48.6,7.1,34.6,0.15,0.71,0,,,0,,,0,,,0,,,0,,,0,,,0,,,0,,,0,,,SL,-48.57,1
2025.07.09 00:02,2025.07.09 00:03,SELL,Swing,3303.185,3308.042,48.6,7.1,34.6,0.15,0.71,0,,,0,,,0,,,0,,,0,,,0,,,0,,,0,,,0,,,SL,-48.57,1
2025.07.09 02:38,2025.07.09 02:41,BUY,LienKe,3299.476,3295.659,38.2,0.0,33.2,0.00,0.87,0,,,0,,,0,,,0,,,0,,,0,,,0,,,0,,,0,,,SL,-38.17,3
2025.07.09 02:17,2025.07.09 02:41,BUY,LienKe,3300.446,3295.659,47.9,25.7,42.9,0.54,0.90,1,2,18,1,9,18,0,,,0,,,0,,,0,,,0,,,0,,,0,,,SL,-47.87,24
2025.07.09 13:12,2025.07.09 13:53,SELL,LienKe,3298.076,3301.933,38.6,60.9,26.4,1.58,0.69,1,10,11,1,14,21,1,15,21,1,28,37,0,,,0,,,0,,,0,,,0,,,SL,-38.57,41
2025.07.09 13:02,2025.07.09 13:53,SELL,LienKe,3297.186,3301.933,47.5,52.0,35.3,1.10,0.74,1,2,9,1,4,9,1,37,41,1,38,41,0,,,0,,,0,,,0,,,0,,,SL,-47.47,51
2025.07.09 14:10,2025.07.09 14:18,SELL,LienKe,3305.223,3308.570,33.5,17.8,32.4,0.53,0.97,1,0,1,0,,,0,,,0,,,0,,,0,,,0,,,0,,,0,,,SL,-33.47,8
2025.07.09 14:10,2025.07.09 14:18,SELL,LienKe,3304.897,3308.570,36.7,14.5,35.7,0.40,0.97,1,0,0,0,,,0,,,0,,,0,,,0,,,0,,,0,,,0,,,SL,-36.73,8
2025.07.09 03:02,2025.07.09 22:16,BUY,LienKe,3287.856,3281.933,59.2,298.1,52.0,5.03,0.88,1,3,191,1,3,191,1,6,191,1,8,191,1,83,191,1,127,191,1,651,-,1,675,-,0,,,TP,300.00,1154
2025.07.10 00:27,2025.07.10 01:16,SELL,LienKe,3319.611,3322.832,32.2,30.5,30.2,0.95,0.94,1,26,42,1,27,42,1,33,42,0,,,0,,,0,,,0,,,0,,,0,,,SL,-32.21,49
2025.07.10 00:27,2025.07.10 01:16,SELL,LienKe,3319.433,3322.832,34.0,28.7,32.0,0.84,0.94,1,26,40,1,31,40,0,,,0,,,0,,,0,,,0,,,0,,,0,,,SL,-33.99,49
2025.07.10 00:43,2025.07.10 01:30,SELL,Swing,3321.333,3325.000,36.7,47.7,33.3,1.30,0.91,1,2,3,1,8,29,1,10,29,0,,,0,,,0,,,0,,,0,,,0,,,SL,-36.67,47
2025.07.10 00:43,2025.07.10 01:30,SELL,Swing,3320.675,3325.000,43.2,41.1,39.9,0.95,0.92,1,5,27,1,10,27,1,11,27,0,,,0,,,0,,,0,,,0,,,0,,,SL,-43.25,47
2025.07.10 03:11,2025.07.10 04:00,BUY,LienKe,3318.411,3315.085,33.3,17.6,30.5,0.53,0.92,1,9,13,0,,,0,,,0,,,0,,,0,,,0,,,0,,,0,,,SL,-33.26,49
2025.07.10 03:08,2025.07.10 04:00,BUY,LienKe,3318.889,3315.085,38.0,12.9,35.3,0.34,0.93,1,36,38,0,,,0,,,0,,,0,,,0,,,0,,,0,,,0,,,SL,-38.04,52
2025.07.10 10:16,2025.07.10 11:56,BUY,LienKe,3323.408,3319.527,38.8,69.1,29.8,1.78,0.77,1,9,94,1,10,94,1,14,94,1,34,94,0,,,0,,,0,,,0,,,0,,,SL,-38.81,100
2025.07.10 10:14,2025.07.10 11:56,BUY,LienKe,3324.408,3319.527,48.8,59.1,39.8,1.21,0.82,1,12,13,1,16,25,1,31,87,1,61,87,0,,,0,,,0,,,0,,,0,,,SL,-48.81,102
2025.07.10 08:54,2025.07.11 00:31,SELL,LienKe,3329.432,3332.803,33.7,192.5,10.5,5.71,0.31,1,18,26,1,19,26,1,35,137,1,44,137,1,178,246,1,182,246,1,303,936,0,,,0,,,SL,-33.71,937
2025.07.10 08:54,2025.07.11 00:31,SELL,LienKe,3329.006,3332.803,38.0,188.3,14.7,4.96,0.39,1,18,22,1,35,127,1,40,127,1,44,127,1,178,246,1,183,246,1,303,936,0,,,0,,,SL,-37.97,937
2025.07.10 16:34,2025.07.11 10:26,BUY,LienKe,3314.837,3311.338,35.0,291.2,27.3,8.32,0.78,1,29,-,1,31,-,1,36,-,1,135,-,1,147,-,1,158,-,1,476,-,1,478,-,0,,,TP,294.65,1072
2025.07.10 16:33,2025.07.11 10:30,BUY,LienKe,3316.013,3311.338,46.7,299.4,39.0,6.40,0.84,1,32,-,1,37,-,1,88,-,1,141,-,1,155,-,1,330,-,1,478,-,1,492,-,0,,,TP,294.65,1077
2025.07.10 22:21,2025.07.11 12:43,BUY,LienKe,3323.784,3320.270,35.1,299.0,19.5,8.51,0.55,1,4,25,1,5,25,1,111,-,1,129,-,1,130,-,1,131,-,1,424,-,1,484,-,0,,,TP,294.65,862
2025.07.11 15:07,2025.07.11 15:19,SELL,LienKe,3363.825,3367.091,32.7,8.8,19.8,0.27,0.61,0,,,0,,,0,,,0,,,0,,,0,,,0,,,0,,,0,,,SL,-32.66,12
2025.07.11 15:06,2025.07.11 15:19,SELL,LienKe,3363.605,3367.091,34.9,6.6,22.0,0.19,0.63,0,,,0,,,0,,,0,,,0,,,0,,,0,,,0,,,0,,,SL,-34.86,13
2025.07.11 16:07,2025.07.11 17:01,BUY,LienKe,3356.958,3352.381,45.8,16.5,41.5,0.36,0.91,1,0,3,0,,,0,,,0,,,0,,,0,,,0,,,0,,,0,,,SL,-45.77,54
2025.07.11 16:07,2025.07.11 17:01,BUY,LienKe,3357.025,3352.381,46.4,15.8,42.2,0.34,0.91,1,1,3,0,,,0,,,0,,,0,,,0,,,0,,,0,,,0,,,SL,-46.44,54
2025.07.14 05:29,2025.07.14 12:41,BUY,LienKe,3356.298,3350.706,55.9,187.8,54.0,3.36,0.97,1,4,7,1,10,22,1,43,422,1,50,422,1,80,422,1,82,422,1,101,422,0,,,0,,,SL,-55.92,432
2025.07.14 23:40,2025.07.15 00:47,SELL,LienKe,3345.791,3349.352,35.6,12.7,34.4,0.36,0.97,1,6,7,0,,,0,,,0,,,0,,,0,,,0,,,0,,,0,,,SL,-35.61,66
2025.07.14 23:08,2025.07.15 00:47,SELL,LienKe,3345.171,3349.352,41.8,10.7,40.6,0.25,0.97,1,4,22,0,,,0,,,0,,,0,,,0,,,0,,,0,,,0,,,SL,-41.81,99
2025.07.15 01:16,2025.07.15 03:04,SELL,LienKe,3349.361,3352.725,33.6,34.6,32.1,1.03,0.95,1,10,14,1,26,53,1,42,53,0,,,0,,,0,,,0,,,0,,,0,,,SL,-33.64,108
2025.07.15 01:15,2025.07.15 03:04,SELL,LienKe,3348.713,3352.725,40.1,28.2,38.6,0.70,0.96,1,27,54,1,28,54,0,,,0,,,0,,,0,,,0,,,0,,,0,,,SL,-40.12,109
2025.07.15 02:20,2025.07.15 03:07,SELL,LienKe,3350.705,3353.879,31.7,29.7,29.7,0.93,0.94,1,6,8,1,10,36,0,,,0,,,0,,,0,,,0,,,0,,,0,,,SL,-31.74,47
2025.07.15 02:20,2025.07.15 03:07,SELL,LienKe,3350.533,3353.879,33.5,28.0,31.4,0.84,0.94,1,7,8,1,10,20,0,,,0,,,0,,,0,,,0,,,0,,,0,,,SL,-33.46,47
2025.07.15 04:01,2025.07.15 04:45,SELL,LienKe,3358.250,3361.490,32.4,5.1,30.1,0.16,0.93,0,,,0,,,0,,,0,,,0,,,0,,,0,,,0,,,0,,,SL,-32.40,44
2025.07.15 04:01,2025.07.15 04:45,SELL,LienKe,3358.019,3361.490,34.7,2.8,32.4,0.08,0.93,0,,,0,,,0,,,0,,,0,,,0,,,0,,,0,,,0,,,SL,-34.71,44
2025.07.15 05:08,2025.07.15 05:33,SELL,LienKe,3361.462,3364.820,33.6,0.0,32.8,0.00,0.98,0,,,0,,,0,,,0,,,0,,,0,,,0,,,0,,,0,,,SL,-33.58,25
2025.07.15 05:07,2025.07.15 05:33,SELL,LienKe,3361.109,3364.820,37.1,2.3,36.3,0.06,0.98,0,,,0,,,0,,,0,,,0,,,0,,,0,,,0,,,0,,,SL,-37.11,26
2025.07.15 08:24,2025.07.15 12:02,BUY,LienKe,3357.033,3353.520,35.1,93.2,34.2,2.65,0.97,1,2,4,1,7,191,1,8,191,1,11,191,1,101,191,0,,,0,,,0,,,0,,,SL,-35.13,218
2025.07.15 08:24,2025.07.15 12:02,BUY,LienKe,3358.353,3353.520,48.3,80.0,47.4,1.66,0.98,1,7,179,1,8,179,1,9,179,1,18,179,1,101,179,0,,,0,,,0,,,0,,,SL,-48.33,218
2025.07.15 10:21,2025.07.15 13:35,SELL,Swing,3365.757,3369.356,36.0,288.6,7.2,8.02,0.20,1,3,-,1,4,-,1,9,-,1,43,-,1,68,-,1,84,-,1,116,-,1,174,-,0,,,TP,300.00,194
2025.07.15 10:06,2025.07.15 13:35,SELL,Swing,3365.147,3369.356,42.1,282.5,13.3,6.71,0.32,1,2,10,1,23,-,1,39,-,1,61,-,1,89,-,1,99,-,1,131,-,1,190,-,0,,,TP,300.00,209
2025.07.16 02:07,2025.07.16 02:55,BUY,LienKe,3328.924,3325.335,35.9,13.9,35.2,0.39,0.98,1,25,33,0,,,0,,,0,,,0,,,0,,,0,,,0,,,0,,,SL,-35.89,47
2025.07.16 02:07,2025.07.16 02:55,BUY,LienKe,3329.030,3325.335,37.0,12.8,36.2,0.35,0.98,1,25,33,0,,,0,,,0,,,0,,,0,,,0,,,0,,,0,,,SL,-36.95,48
2025.07.16 03:24,2025.07.16 03:45,SELL,LienKe,3331.565,3334.988,34.2,0.0,33.3,0.00,0.97,0,,,0,,,0,,,0,,,0,,,0,,,0,,,0,,,0,,,SL,-34.23,21
2025.07.16 03:24,2025.07.16 03:45,SELL,LienKe,3331.401,3334.988,35.9,2.2,35.0,0.06,0.97,0,,,0,,,0,,,0,,,0,,,0,,,0,,,0,,,0,,,SL,-35.87,21
2025.07.16 00:39,2025.07.16 04:30,SELL,LienKe,3332.134,3335.562,34.3,69.2,32.1,2.02,0.94,1,8,13,1,9,13,1,25,35,1,131,163,0,,,0,,,0,,,0,,,0,,,SL,-34.28,231
2025.07.16 00:39,2025.07.16 04:30,SELL,Swing,3332.134,3335.562,34.3,69.2,32.1,2.02,0.94,1,8,13,1,9,13,1,25,35,1,131,163,0,,,0,,,0,,,0,,,0,,,SL,-34.28,231
2025.07.16 00:34,2025.07.16 04:30,SELL,LienKe,3331.749,3335.562,38.1,65.4,35.9,1.71,0.94,1,1,4,1,26,38,1,92,168,1,136,168,0,,,0,,,0,,,0,,,0,,,SL,-38.13,236
2025.07.16 00:34,2025.07.16 04:30,SELL,Swing,3331.749,3335.562,38.1,65.4,35.9,1.71,0.94,1,1,4,1,26,38,1,92,168,1,136,168,0,,,0,,,0,,,0,,,0,,,SL,-38.13,236
2025.07.16 09:07,2025.07.16 15:05,SELL,LienKe,3342.287,3346.072,37.9,226.0,33.3,5.97,0.88,1,3,350,1,7,350,1,22,350,1,72,350,1,112,350,1,220,350,1,270,350,1,286,350,0,,,SL,-37.85,358
2025.07.16 14:32,2025.07.16 15:08,BUY,LienKe,3322.003,3318.553,34.5,285.7,24.7,8.28,0.72,1,3,-,1,3,-,1,4,-,1,15,-,1,22,-,1,22,-,1,24,-,1,24,-,0,,,TP,300.00,36
2025.07.16 14:18,2025.07.16 15:08,BUY,LienKe,3322.898,3318.553,43.5,276.8,33.7,6.37,0.78,1,0,2,1,0,2,1,3,12,1,5,12,1,36,-,1,36,-,1,38,-,1,43,-,0,,,TP,300.00,50
2025.07.17 01:05,2025.07.17 06:06,BUY,LienKe,3339.397,3335.804,35.9,53.3,35.2,1.48,0.98,1,8,13,1,11,13,1,41,76,1,54,76,0,,,0,,,0,,,0,,,0,,,SL,-35.93,301
2025.07.17 01:05,2025.07.17 06:06,BUY,LienKe,3340.231,3335.804,44.3,44.9,43.5,1.02,0.98,1,9,10,1,41,72,1,43,72,0,,,0,,,0,,,0,,,0,,,0,,,SL,-44.27,301
2025.07.17 06:08,2025.07.17 06:13,BUY,LienKe,3335.909,3332.414,34.9,4.9,10.5,0.14,0.30,0,,,0,,,0,,,0,,,0,,,0,,,0,,,0,,,0,,,SL,-34.95,5
2025.07.17 06:07,2025.07.17 06:13,BUY,LienKe,3336.602,3332.414,41.9,5.2,17.4,0.12,0.42,0,,,0,,,0,,,0,,,0,,,0,,,0,,,0,,,0,,,SL,-41.88,6
2025.07.17 05:46,2025.07.17 06:13,BUY,Swing,3336.993,3332.878,41.1,27.4,21.3,0.67,0.52,1,3,4,1,12,19,0,,,0,,,0,,,0,,,0,,,0,,,0,,,SL,-41.15,27
2025.07.17 07:44,2025.07.17 09:54,BUY,LienKe,3328.133,3324.903,32.3,43.9,30.4,1.36,0.94,1,2,3,1,36,85,1,37,85,0,,,0,,,0,,,0,,,0,,,0,,,SL,-32.30,129
2025.07.17 07:26,2025.07.17 09:54,BUY,LienKe,3328.558,3324.903,36.6,39.7,34.6,1.08,0.95,1,1,5,1,54,92,1,66,92,0,,,0,,,0,,,0,,,0,,,0,,,SL,-36.55,148
2025.07.17 04:41,2025.07.17 12:31,SELL,Swing,3344.185,3347.726,35.4,291.8,1.6,8.24,0.05,1,0,-,1,6,-,1,28,-,1,39,-,1,64,-,1,92,-,1,109,-,1,379,-,0,,,TP,300.00,470
2025.07.18 01:24,2025.07.18 04:45,BUY,Swing,3337.378,3333.939,34.4,68.8,33.4,2.00,0.97,1,26,35,1,27,35,1,43,91,1,46,91,0,,,0,,,0,,,0,,,0,,,SL,-34.39,201
2025.07.18 01:08,2025.07.18 04:45,BUY,Swing,3338.170,3333.939,42.3,60.9,41.3,1.44,0.98,1,0,1,1,44,46,1,59,103,1,64,103,0,,,0,,,0,,,0,,,0,,,SL,-42.31,217
2025.07.21 05:00,2025.07.21 05:11,SELL,Swing,3358.453,3361.729,32.8,2.6,21.8,0.08,0.67,0,,,0,,,0,,,0,,,0,,,0,,,0,,,0,,,0,,,SL,-32.76,11
2025.07.21 04:58,2025.07.21 05:11,SELL,Swing,3358.142,3361.729,35.9,3.1,24.9,0.09,0.69,0,,,0,,,0,,,0,,,0,,,0,,,0,,,0,,,0,,,SL,-35.87,13
2025.07.18 05:57,2025.07.21 05:16,BUY,LienKe,3334.026,3330.607,34.2,296.9,22.2,8.68,0.65,1,15,-,1,16,-,1,17,-,1,32,-,1,60,-,1,72,-,1,103,-,1,191,-,0,,,TP,294.65,4279
2025.07.18 05:57,2025.07.21 05:20,BUY,LienKe,3334.607,3330.607,40.0,299.7,28.1,7.49,0.70,1,15,-,1,17,-,1,18,-,1,34,-,1,61,-,1,76,-,1,104,-,1,221,-,0,,,TP,294.65,4283
2025.07.21 08:04,2025.07.21 13:46,BUY,LienKe,3363.772,3360.126,36.5,275.1,11.0,7.54,0.30,1,6,11,1,21,88,1,32,88,1,186,-,1,200,-,1,205,-,1,255,-,1,270,-,0,,,TP,300.00,342
2025.07.21 08:01,2025.07.21 13:47,BUY,LienKe,3364.542,3360.126,44.2,299.1,18.7,6.77,0.42,1,24,31,1,33,41,1,122,151,1,193,-,1,206,-,1,225,-,1,260,-,1,273,-,0,,,TP,300.00,346
2025.07.21 22:21,2025.07.21 23:31,SELL,Swing,3399.740,3402.910,31.7,7.2,21.0,0.23,0.66,0,,,0,,,0,,,0,,,0,,,0,,,0,,,0,,,0,,,SL,-31.70,70
2025.07.21 22:15,2025.07.21 23:31,SELL,Swing,3399.234,3402.910,36.8,2.1,26.1,0.06,0.71,0,,,0,,,0,,,0,,,0,,,0,,,0,,,0,,,0,,,SL,-36.76,76
2025.07.22 05:17,2025.07.22 06:39,BUY,LienKe,3387.717,3384.468,32.5,21.1,32.5,0.65,1.00,1,14,19,1,18,19,0,,,0,,,0,,,0,,,0,,,0,,,0,,,SL,-32.49,82
2025.07.22 05:17,2025.07.22 06:39,BUY,LienKe,3388.027,3384.468,35.6,18.0,35.6,0.50,1.00,1,18,19,0,,,0,,,0,,,0,,,0,,,0,,,0,,,0,,,SL,-35.59,82
2025.07.22 11:53,2025.07.22 12:07,SELL,Swing,3390.757,3394.215,34.6,5.9,32.3,0.17,0.93,0,,,0,,,0,,,0,,,0,,,0,,,0,,,0,,,0,,,SL,-34.58,14
2025.07.22 11:52,2025.07.22 12:07,SELL,Swing,3390.231,3394.215,39.8,4.0,37.6,0.10,0.94,0,,,0,,,0,,,0,,,0,,,0,,,0,,,0,,,0,,,SL,-39.84,15
2025.07.22 06:30,2025.07.22 13:26,BUY,LienKe,3384.661,3381.471,31.9,298.5,14.2,9.36,0.45,1,3,9,1,5,9,1,90,185,1,112,185,1,330,-,1,346,-,1,353,-,1,372,-,0,,,TP,300.00,416
2025.07.22 06:03,2025.07.22 13:27,BUY,LienKe,3385.341,3381.471,38.7,295.0,21.0,7.62,0.54,1,0,21,1,3,21,1,131,203,1,186,203,1,363,-,1,373,-,1,382,-,1,400,-,0,,,TP,300.00,444
2025.07.23 05:12,2025.07.23 05:42,BUY,LienKe,3422.020,3418.753,32.7,10.7,26.8,0.33,0.82,1,13,15,0,,,0,,,0,,,0,,,0,,,0,,,0,,,0,,,SL,-32.67,30
2025.07.23 05:11,2025.07.23 05:42,BUY,LienKe,3422.620,3418.753,38.7,4.7,32.8,0.12,0.85,0,,,0,,,0,,,0,,,0,,,0,,,0,,,0,,,0,,,SL,-38.67,31
2025.07.23 02:21,2025.07.23 05:43,BUY,LienKe,3420.942,3417.813,31.3,77.7,22.6,2.48,0.72,1,1,11,1,25,172,1,25,172,1,60,172,0,,,0,,,0,,,0,,,0,,,SL,-31.29,202
2025.07.23 02:02,2025.07.23 05:43,BUY,LienKe,3422.435,3417.813,46.2,62.8,37.6,1.36,0.81,1,2,7,1,45,53,1,70,119,1,84,119,0,,,0,,,0,,,0,,,0,,,SL,-46.22,221
2025.07.23 09:02,2025.07.23 09:20,SELL,Swing,3429.608,3432.950,33.4,12.0,31.9,0.36,0.96,1,2,4,0,,,0,,,0,,,0,,,0,,,0,,,0,,,0,,,SL,-33.42,18
2025.07.23 09:02,2025.07.23 09:20,SELL,Swing,3429.285,3432.950,36.6,8.8,35.2,0.24,0.96,0,,,0,,,0,,,0,,,0,,,0,,,0,,,0,,,0,,,SL,-36.65,18
2025.07.23 12:06,2025.07.23 15:58,SELL,LienKe,3429.388,3433.000,36.1,295.0,1.9,8.17,0.05,1,2,4,1,10,-,1,11,-,1,27,-,1,48,-,1,54,-,1,57,-,1,77,-,0,,,TP,300.00,232
2025.07.24 06:25,2025.07.24 06:30,BUY,LienKe,3374.822,3371.251,35.7,7.7,31.9,0.21,0.89,0,,,0,,,0,,,0,,,0,,,0,,,0,,,0,,,0,,,SL,-35.71,5
2025.07.24 06:16,2025.07.24 06:30,BUY,LienKe,3375.583,3371.251,43.3,23.1,39.5,0.53,0.91,1,1,7,1,2,7,0,,,0,,,0,,,0,,,0,,,0,,,0,,,SL,-43.32,14
2025.07.23 18:19,2025.07.24 09:19,SELL,LienKe,3394.585,3397.992,34.1,299.1,14.9,8.78,0.44,1,24,41,1,53,59,1,68,-,1,86,-,1,158,-,1,409,-,1,526,-,1,687,-,0,,,TP,300.00,900
2025.07.23 18:16,2025.07.24 09:22,SELL,LienKe,3394.159,3397.992,38.3,299.1,19.2,7.80,0.50,1,38,44,1,70,-,1,73,-,1,89,-,1,412,-,1,475,-,1,530,-,1,729,-,0,,,TP,300.00,906
2025.07.24 09:18,2025.07.24 09:31,BUY,LienKe,3365.551,3362.168,33.8,0.0,30.7,0.00,0.91,0,,,0,,,0,,,0,,,0,,,0,,,0,,,0,,,0,,,SL,-33.83,13
2025.07.24 09:18,2025.07.24 09:31,BUY,LienKe,3366.096,3362.168,39.3,0.0,36.1,0.00,0.92,0,,,0,,,0,,,0,,,0,,,0,,,0,,,0,,,0,,,SL,-39.28,13
2025.07.24 13:02,2025.07.25 08:28,BUY,LienKe,3352.410,3348.315,40.9,250.1,33.7,6.11,0.82,1,1,1155,1,1,1155,1,2,1155,1,5,1155,1,29,1155,1,36,1155,1,41,1155,1,75,1155,0,,,SL,-46.30,1166
2025.07.24 13:01,2025.07.25 08:28,BUY,LienKe,3353.928,3348.315,56.1,234.9,48.9,4.19,0.87,1,0,1,1,5,1118,1,5,1118,1,8,1118,1,37,1118,1,37,1118,1,45,1118,1,78,1118,0,,,SL,-61.48,1167
2025.07.25 00:18,2025.07.25 10:56,SELL,LienKe,3371.700,3375.102,34.0,293.5,20.4,8.63,0.60,1,49,-,1,50,-,1,61,-,1,68,-,1,136,-,1,162,-,1,324,-,1,481,-,0,,,TP,300.00,638
2025.07.24 18:35,2025.07.25 10:56,SELL,LienKe,3371.935,3375.271,33.4,295.8,18.0,8.87,0.54,1,80,342,1,89,342,1,129,342,1,220,342,1,468,-,1,505,-,1,662,-,1,823,-,0,,,TP,300.00,981
2025.07.24 18:34,2025.07.25 10:56,SELL,LienKe,3371.691,3375.271,35.8,293.4,20.5,8.20,0.57,1,81,343,1,99,343,1,130,343,1,221,343,1,481,-,1,506,-,1,668,-,1,825,-,0,,,TP,300.00,982
2025.07.25 09:09,2025.07.25 10:57,BUY,LienKe,3344.476,3341.102,33.7,44.5,33.1,1.32,0.98,1,6,78,1,8,78,1,12,78,0,,,0,,,0,,,0,,,0,,,0,,,SL,-33.74,107
2025.07.25 09:08,2025.07.25 10:57,BUY,LienKe,3345.290,3341.102,41.9,36.4,41.3,0.87,0.99,1,0,1,1,11,63,1,14,63,0,,,0,,,0,,,0,,,0,,,0,,,SL,-41.88,109
2025.07.25 00:18,2025.07.25 10:57,SELL,LienKe,3371.272,3375.102,38.3,299.5,24.7,7.82,0.64,1,50,53,1,54,97,1,61,97,1,68,97,1,154,-,1,171,-,1,331,-,1,481,-,0,,,TP,300.00,639
2025.07.25 10:31,2025.07.25 11:28,BUY,LienKe,3343.275,3339.733,35.4,24.0,30.0,0.68,0.85,1,4,16,1,8,16,0,,,0,,,0,,,0,,,0,,,0,,,0,,,SL,-35.42,57
2025.07.25 10:31,2025.07.25 11:28,BUY,LienKe,3344.028,3339.733,42.9,16.4,37.5,0.38,0.87,1,8,11,0,,,0,,,0,,,0,,,0,,,0,,,0,,,0,,,SL,-42.95,57
2025.07.25 11:27,2025.07.25 12:41,BUY,LienKe,3341.157,3337.921,32.4,29.3,32.0,0.91,0.99,1,21,26,1,22,26,0,,,0,,,0,,,0,,,0,,,0,,,0,,,SL,-32.36,73
2025.07.25 11:23,2025.07.25 12:41,BUY,LienKe,3341.528,3337.921,36.1,25.6,35.7,0.71,0.99,1,26,30,1,27,30,0,,,0,,,0,,,0,,,0,,,0,,,0,,,SL,-36.07,78
2025.07.25 12:35,2025.07.25 14:17,BUY,LienKe,3338.759,3335.357,34.0,87.4,24.5,2.57,0.72,1,9,13,1,10,13,1,10,13,1,55,100,1,61,100,0,,,0,,,0,,,0,,,SL,-34.02,102
2025.07.25 12:35,2025.07.25 14:17,BUY,LienKe,3339.268,3335.357,39.1,82.3,29.6,2.10,0.76,1,9,12,1,10,12,1,33,35,1,55,100,1,61,100,0,,,0,,,0,,,0,,,SL,-39.11,102
2025.07.25 17:07,2025.07.25 17:22,SELL,LienKe,3331.275,3334.520,32.4,0.0,27.0,0.00,0.83,0,,,0,,,0,,,0,,,0,,,0,,,0,,,0,,,0,,,SL,-32.45,15
2025.07.25 17:07,2025.07.25 17:22,SELL,LienKe,3331.009,3334.520,35.1,0.0,29.7,0.00,0.85,0,,,0,,,0,,,0,,,0,,,0,,,0,,,0,,,0,,,SL,-35.11,15
2025.07.28 03:07,2025.07.28 03:47,SELL,LienKe,3336.691,3339.947,32.6,2.5,32.3,0.08,0.99,0,,,0,,,0,,,0,,,0,,,0,,,0,,,0,,,0,,,SL,-32.56,40
2025.07.28 03:06,2025.07.28 03:47,SELL,LienKe,3336.460,3339.947,34.9,2.8,34.7,0.08,0.99,0,,,0,,,0,,,0,,,0,,,0,,,0,,,0,,,0,,,SL,-34.87,41
2025.07.28 05:52,2025.07.28 13:52,SELL,LienKe,3343.896,3347.182,32.9,299.4,16.2,9.11,0.49,1,3,6,1,12,-,1,29,-,1,38,-,1,107,-,1,169,-,1,395,-,1,461,-,0,,,TP,300.00,480
2025.07.28 05:52,2025.07.28 13:52,SELL,LienKe,3343.566,3347.182,36.2,296.1,19.5,8.19,0.54,1,4,6,1,12,16,1,29,-,1,38,-,1,107,-,1,169,-,1,396,-,1,462,-,0,,,TP,300.00,480
2025.07.28 12:04,2025.07.28 13:54,SELL,LienKe,3337.677,3341.369,36.9,293.2,4.4,7.94,0.12,1,4,-,1,6,-,1,6,-,1,11,-,1,22,-,1,35,-,1,99,-,1,103,-,0,,,TP,300.00,110
2025.07.28 12:04,2025.07.28 13:54,SELL,LienKe,3336.971,3341.369,44.0,286.1,11.4,6.51,0.26,1,5,-,1,6,-,1,9,-,1,11,-,1,23,-,1,36,-,1,101,-,1,104,-,0,,,TP,300.00,110
2025.07.28 23:29,2025.07.29 00:24,BUY,LienKe,3311.855,3308.591,32.6,40.5,29.9,1.24,0.92,1,17,25,1,18,25,1,34,39,0,,,0,,,0,,,0,,,0,,,0,,,SL,-37.99,54
2025.07.28 23:26,2025.07.29 00:24,BUY,LienKe,3312.245,3308.591,36.5,36.6,33.8,1.00,0.92,1,21,29,1,22,29,1,37,42,0,,,0,,,0,,,0,,,0,,,0,,,SL,-41.89,58
2025.07.28 15:27,2025.07.29 01:36,SELL,LienKe,3314.751,3318.207,34.6,67.5,43.0,1.95,1.24,1,1,4,1,40,66,1,45,66,1,101,194,0,,,0,,,0,,,0,,,0,,,SL,-34.56,609
2025.07.28 15:27,2025.07.29 01:36,SELL,LienKe,3314.253,3318.207,39.5,62.5,48.0,1.58,1.21,1,40,60,1,45,60,1,96,187,1,101,187,0,,,0,,,0,,,0,,,0,,,SL,-39.54,609
2025.07.29 00:06,2025.07.29 01:41,SELL,LienKe,3314.806,3318.903,41.0,68.0,40.4,1.66,0.99,1,1,85,1,1,85,1,2,85,1,3,85,0,,,0,,,0,,,0,,,0,,,SL,-40.97,95
2025.07.29 00:05,2025.07.29 01:41,SELL,LienKe,3313.753,3318.903,51.5,57.5,50.9,1.12,0.99,1,2,79,1,3,79,1,4,79,1,19,79,0,,,0,,,0,,,0,,,0,,,SL,-51.50,96
2025.07.29 05:32,2025.07.29 06:19,SELL,LienKe,3317.238,3320.711,34.7,14.7,34.2,0.42,0.98,1,6,11,0,,,0,,,0,,,0,,,0,,,0,,,0,,,0,,,SL,-34.73,47
2025.07.29 05:31,2025.07.29 06:19,SELL,LienKe,3316.782,3320.711,39.3,10.1,38.8,0.26,0.99,1,8,10,0,,,0,,,0,,,0,,,0,,,0,,,0,,,0,,,SL,-39.29,48
2025.07.29 07:07,2025.07.29 07:14,BUY,LienKe,3316.034,3312.051,39.8,0.6,38.9,0.02,0.98,0,,,0,,,0,,,0,,,0,,,0,,,0,,,0,,,0,,,SL,-39.83,6
2025.07.29 07:01,2025.07.29 07:14,BUY,LienKe,3317.285,3312.051,52.3,14.1,51.4,0.27,0.98,1,0,1,0,,,0,,,0,,,0,,,0,,,0,,,0,,,0,,,SL,-52.34,13
2025.07.29 06:11,2025.07.29 08:06,SELL,LienKe,3319.986,3323.066,30.8,85.3,28.3,2.77,0.92,1,1,2,1,24,33,1,26,33,1,58,111,1,63,111,0,,,0,,,0,,,0,,,SL,-30.80,115
2025.07.29 06:02,2025.07.29 08:06,SELL,LienKe,3318.809,3323.066,42.6,73.6,40.0,1.73,0.94,1,0,5,1,3,5,1,58,62,1,68,119,0,,,0,,,0,,,0,,,0,,,SL,-42.57,124
2025.07.30 10:09,2025.07.30 11:06,BUY,LienKe,3329.577,3325.807,37.7,15.8,29.6,0.42,0.78,1,0,1,0,,,0,,,0,,,0,,,0,,,0,,,0,,,0,,,SL,-37.70,57
2025.07.30 10:02,2025.07.30 11:06,BUY,LienKe,3330.390,3325.807,45.8,26.1,37.7,0.57,0.82,1,0,7,1,1,7,0,,,0,,,0,,,0,,,0,,,0,,,0,,,SL,-45.83,64
2025.07.29 00:26,2025.07.30 13:28,BUY,Swing,3308.693,3305.383,33.1,254.5,14.6,7.69,0.44,1,4,15,1,5,15,1,22,34,1,58,2209,1,69,2209,1,75,2209,1,460,2209,1,473,2209,0,,,SL,-38.45,2222
2025.07.29 00:25,2025.07.30 13:28,BUY,Swing,3309.300,3305.383,39.2,248.4,20.7,6.34,0.53,1,6,14,1,23,35,1,26,35,1,59,242,1,70,242,1,77,242,1,462,2208,1,474,2208,0,,,SL,-44.52,2223
2025.07.30 23:20,2025.07.30 23:48,SELL,LienKe,3279.869,3283.148,32.8,2.0,28.8,0.06,0.88,0,,,0,,,0,,,0,,,0,,,0,,,0,,,0,,,0,,,SL,-32.79,28
2025.07.30 23:04,2025.07.30 23:48,SELL,LienKe,3279.662,3283.148,34.9,13.9,30.9,0.40,0.88,1,2,14,0,,,0,,,0,,,0,,,0,,,0,,,0,,,0,,,SL,-34.86,44
2025.07.31 08:09,2025.07.31 08:18,SELL,LienKe,3309.545,3312.857,33.1,24.8,4.9,0.75,0.15,1,1,8,1,5,8,0,,,0,,,0,,,0,,,0,,,0,,,0,,,SL,-33.12,9
2025.07.31 08:09,2025.07.31 08:18,SELL,LienKe,3309.264,3312.857,35.9,22.0,7.7,0.61,0.21,1,1,7,1,6,7,0,,,0,,,0,,,0,,,0,,,0,,,0,,,SL,-35.93,9
2025.07.31 10:54,2025.07.31 10:58,BUY,Swing,3297.905,3294.343,35.6,0.0,32.5,0.00,0.91,0,,,0,,,0,,,0,,,0,,,0,,,0,,,0,,,0,,,SL,-35.62,4
2025.07.31 10:54,2025.07.31 10:58,BUY,Swing,3298.652,3294.343,43.1,1.0,40.0,0.02,0.93,0,,,0,,,0,,,0,,,0,,,0,,,0,,,0,,,0,,,SL,-43.09,4
2025.07.31 16:06,2025.08.01 00:00,BUY,LienKe,3291.448,3287.661,37.9,70.0,34.8,1.85,0.92,1,1,5,1,2,5,1,31,198,1,40,198,0,,,0,,,0,,,0,,,0,,,SL,-43.22,473
2025.07.31 16:06,2025.08.01 00:00,BUY,Swing,3291.448,3287.661,37.9,70.0,34.8,1.85,0.92,1,1,5,1,2,5,1,31,198,1,40,198,0,,,0,,,0,,,0,,,0,,,SL,-43.22,473
2025.07.31 16:06,2025.08.01 00:00,BUY,LienKe,3292.302,3287.661,46.4,61.5,43.4,1.32,0.93,1,2,3,1,31,197,1,34,197,1,42,197,0,,,0,,,0,,,0,,,0,,,SL,-51.76,474
2025.07.31 16:06,2025.08.01 00:00,BUY,Swing,3292.302,3287.661,46.4,61.5,43.4,1.32,0.93,1,2,3,1,31,197,1,34,197,1,42,197,0,,,0,,,0,,,0,,,0,,,SL,-51.76,474
2025.07.31 23:18,2025.08.01 01:43,BUY,LienKe,3289.607,3286.396,32.1,41.9,32.1,1.31,1.00,1,6,37,1,10,37,1,84,126,0,,,0,,,0,,,0,,,0,,,0,,,SL,-37.46,145
2025.07.31 23:18,2025.08.01 01:43,BUY,LienKe,3289.820,3286.396,34.2,39.8,34.2,1.16,1.00,1,8,36,1,10,36,1,85,101,0,,,0,,,0,,,0,,,0,,,0,,,SL,-39.59,145
2025.07.31 22:32,2025.08.01 03:11,SELL,LienKe,3293.650,3296.807,31.6,119.2,16.8,3.78,0.53,1,33,131,1,38,131,1,40,131,1,48,131,1,199,276,1,200,276,0,,,0,,,0,,,SL,-31.57,279
2025.07.31 22:27,2025.08.01 03:11,SELL,LienKe,3293.547,3296.807,32.6,118.2,17.8,3.63,0.55,1,38,136,1,43,136,1,46,136,1,53,136,1,204,281,1,205,281,0,,,0,,,0,,,SL,-32.60,284
2025.08.01 05:46,2025.08.01 05:52,SELL,LienKe,3295.771,3299.080,33.1,7.3,27.5,0.22,0.83,0,,,0,,,0,,,0,,,0,,,0,,,0,,,0,,,0,,,SL,-33.09,6
2025.08.01 05:46,2025.08.01 05:52,SELL,LienKe,3295.209,3299.080,38.7,1.6,33.1,0.04,0.86,0,,,0,,,0,,,0,,,0,,,0,,,0,,,0,,,0,,,SL,-38.71,6
2025.08.01 06:31,2025.08.01 07:31,BUY,LienKe,3292.179,3288.650,35.3,12.0,27.3,0.34,0.77,1,44,46,0,,,0,,,0,,,0,,,0,,,0,,,0,,,0,,,SL,-35.29,60
2025.08.01 06:29,2025.08.01 07:31,BUY,LienKe,3292.890,3288.650,42.4,4.9,34.4,0.12,0.81,0,,,0,,,0,,,0,,,0,,,0,,,0,,,0,,,0,,,SL,-42.40,62
2025.08.01 12:16,2025.08.01 12:30,SELL,LienKe,3301.174,3304.354,31.8,6.3,31.4,0.20,0.99,0,,,0,,,0,,,0,,,0,,,0,,,0,,,0,,,0,,,SL,-31.80,14
2025.08.01 12:16,2025.08.01 12:30,SELL,LienKe,3300.961,3304.354,33.9,4.2,33.6,0.12,0.99,0,,,0,,,0,,,0,,,0,,,0,,,0,,,0,,,0,,,SL,-33.93,14
2025.08.04 18:10,2025.08.04 23:03,SELL,LienKe,3374.220,3377.386,31.7,6.4,31.1,0.20,0.98,0,,,0,,,0,,,0,,,0,,,0,,,0,,,0,,,0,,,SL,-31.66,292
2025.08.04 18:08,2025.08.04 23:03,SELL,LienKe,3374.115,3377.386,32.7,5.4,32.1,0.17,0.98,0,,,0,,,0,,,0,,,0,,,0,,,0,,,0,,,0,,,SL,-32.71,295
2025.08.05 05:01,2025.08.05 05:18,BUY,LienKe,3370.934,3367.830,31.0,0.0,27.7,0.00,0.89,0,,,0,,,0,,,0,,,0,,,0,,,0,,,0,,,0,,,SL,-31.04,17
2025.08.05 05:01,2025.08.05 05:18,BUY,LienKe,3371.202,3367.830,33.7,0.0,30.4,0.00,0.90,0,,,0,,,0,,,0,,,0,,,0,,,0,,,0,,,0,,,SL,-33.72,17
2025.08.05 10:07,2025.08.05 10:11,BUY,LienKe,3359.226,3355.810,34.2,0.0,24.3,0.00,0.71,0,,,0,,,0,,,0,,,0,,,0,,,0,,,0,,,0,,,SL,-34.16,4
2025.08.05 10:01,2025.08.05 10:11,BUY,LienKe,3359.750,3355.810,39.4,20.3,29.6,0.52,0.75,1,1,5,1,2,5,0,,,0,,,0,,,0,,,0,,,0,,,0,,,SL,-39.40,10
2025.08.05 06:02,2025.08.05 13:35,SELL,LienKe,3373.080,3377.192,41.1,231.2,32.0,5.62,0.78,1,2,80,1,4,80,1,11,80,1,38,80,1,178,449,1,212,449,1,247,449,1,298,449,0,,,SL,-41.12,453
2025.08.05 19:21,2025.08.06 00:22,SELL,LienKe,3380.598,3384.388,37.9,23.4,36.8,0.62,0.97,1,22,33,1,75,91,0,,,0,,,0,,,0,,,0,,,0,,,0,,,SL,-37.90,301
2025.08.06 13:02,2025.08.06 13:52,SELL,LienKe,3368.967,3372.405,34.4,37.4,29.2,1.09,0.85,1,12,13,1,30,31,1,30,31,0,,,0,,,0,,,0,,,0,,,0,,,SL,-34.38,50
2025.08.06 13:02,2025.08.06 13:52,SELL,LienKe,3368.414,3372.405,39.9,31.8,34.8,0.80,0.87,1,30,31,1,30,31,1,35,38,0,,,0,,,0,,,0,,,0,,,0,,,SL,-39.91,50
2025.08.07 01:12,2025.08.07 01:16,SELL,LienKe,3374.527,3378.023,35.0,0.0,34.3,0.00,0.98,0,,,0,,,0,,,0,,,0,,,0,,,0,,,0,,,0,,,SL,-34.96,4
2025.08.07 01:11,2025.08.07 01:16,SELL,LienKe,3373.759,3378.023,42.6,0.0,42.0,0.00,0.98,0,,,0,,,0,,,0,,,0,,,0,,,0,,,0,,,0,,,SL,-42.64,5
2025.08.07 06:38,2025.08.07 06:42,SELL,LienKe,3380.924,3384.058,31.3,0.0,24.1,0.00,0.77,0,,,0,,,0,,,0,,,0,,,0,,,0,,,0,,,0,,,SL,-31.34,4
2025.08.07 06:38,2025.08.07 06:42,SELL,LienKe,3380.778,3384.058,32.8,0.0,25.6,0.00,0.78,0,,,0,,,0,,,0,,,0,,,0,,,0,,,0,,,0,,,SL,-32.80,4
2025.08.07 05:08,2025.08.07 06:42,SELL,LienKe,3380.407,3383.799,33.9,86.0,29.3,2.54,0.86,1,6,80,1,7,80,1,23,80,1,26,80,1,36,80,0,,,0,,,0,,,0,,,SL,-33.92,94
2025.08.07 05:08,2025.08.07 06:42,SELL,LienKe,3380.022,3383.799,37.8,82.1,33.1,2.17,0.88,1,6,73,1,12,73,1,25,73,1,26,73,1,42,73,0,,,0,,,0,,,0,,,SL,-37.77,94
2025.08.07 04:23,2025.08.07 06:42,SELL,LienKe,3380.107,3383.621,35.1,83.0,32.3,2.36,0.92,1,4,42,1,5,42,1,34,42,1,71,119,1,86,119,0,,,0,,,0,,,0,,,SL,-35.14,139
2025.08.07 04:21,2025.08.07 06:42,SELL,LienKe,3379.618,3383.621,40.0,78.1,37.2,1.95,0.93,1,6,15,1,8,15,1,72,119,1,76,119,0,,,0,,,0,,,0,,,0,,,SL,-40.03,141
2025.08.07 15:59,2025.08.07 18:06,SELL,LienKe,3390.107,3393.844,37.4,56.3,34.3,1.51,0.92,1,32,50,1,32,50,1,64,92,1,74,92,0,,,0,,,0,,,0,,,0,,,SL,-37.37,127
2025.08.07 18:02,2025.08.07 19:32,SELL,LienKe,3392.894,3396.062,31.7,54.6,29.9,1.72,0.94,1,11,88,1,13,88,1,18,88,1,43,88,0,,,0,,,0,,,0,,,0,,,SL,-31.68,90
2025.08.07 18:02,2025.08.07 19:32,SELL,LienKe,3392.728,3396.062,33.3,52.9,31.5,1.59,0.95,1,12,88,1,14,88,1,18,88,1,44,88,0,,,0,,,0,,,0,,,0,,,SL,-33.34,90
2025.08.07 18:09,2025.08.07 19:33,SELL,Swing,3393.710,3396.999,32.9,62.7,31.4,1.91,0.95,1,4,82,1,5,82,1,11,82,1,28,82,0,,,0,,,0,,,0,,,0,,,SL,-32.89,84
2025.08.07 18:08,2025.08.07 19:33,SELL,Swing,3393.423,3396.999,35.8,59.9,34.3,1.67,0.96,1,5,82,1,7,82,1,12,82,1,38,82,0,,,0,,,0,,,0,,,0,,,SL,-35.76,85
2025.08.08 01:02,2025.08.08 01:08,BUY,LienKe,3388.769,3384.595,41.7,19.1,34.4,0.46,0.82,1,0,3,0,,,0,,,0,,,0,,,0,,,0,,,0,,,0,,,SL,-41.74,6
2025.08.08 01:01,2025.08.08 01:08,BUY,LienKe,3390.369,3384.595,57.7,3.1,50.4,0.05,0.87,0,,,0,,,0,,,0,,,0,,,0,,,0,,,0,,,0,,,SL,-57.74,7
2025.08.07 19:01,2025.08.08 01:08,BUY,LienKe,3388.177,3384.276,39.0,208.1,28.5,5.34,0.73,1,7,358,1,19,358,1,29,358,1,29,358,1,31,358,1,37,358,1,182,358,1,182,358,0,,,SL,-44.36,367
2025.08.11 09:12,2025.08.11 09:53,BUY,Swing,3357.226,3353.942,32.8,64.6,29.1,1.97,0.89,1,10,30,1,10,30,1,10,30,1,15,30,0,,,0,,,0,,,0,,,0,,,SL,-32.84,41
2025.08.11 09:10,2025.08.11 09:53,BUY,Swing,3357.628,3353.942,36.9,60.6,33.2,1.64,0.90,1,12,32,1,12,32,1,13,32,1,17,32,0,,,0,,,0,,,0,,,0,,,SL,-36.86,43
2025.08.12 06:08,2025.08.12 06:15,BUY,LienKe,3350.843,3346.727,41.2,0.0,40.1,0.00,0.97,0,,,0,,,0,,,0,,,0,,,0,,,0,,,0,,,0,,,SL,-41.16,7
2025.08.12 06:06,2025.08.12 06:15,BUY,LienKe,3351.056,3346.727,43.3,11.2,42.2,0.26,0.97,1,1,2,0,,,0,,,0,,,0,,,0,,,0,,,0,,,0,,,SL,-43.29,9
2025.08.12 06:15,2025.08.12 06:22,BUY,Swing,3347.644,3343.837,38.1,0.0,37.4,0.00,0.98,0,,,0,,,0,,,0,,,0,,,0,,,0,,,0,,,0,,,SL,-38.07,7
2025.08.12 06:15,2025.08.12 06:22,BUY,Swing,3348.654,3343.837,48.2,0.0,47.5,0.00,0.99,0,,,0,,,0,,,0,,,0,,,0,,,0,,,0,,,0,,,SL,-48.17,7
2025.08.12 01:37,2025.08.12 06:22,BUY,LienKe,3347.256,3343.212,40.4,85.1,33.5,2.10,0.83,1,1,277,1,1,277,1,3,277,1,11,277,1,91,277,0,,,0,,,0,,,0,,,SL,-40.44,285
2025.08.12 01:37,2025.08.12 06:22,BUY,LienKe,3347.693,3343.212,44.8,80.7,37.9,1.80,0.84,1,1,277,1,2,277,1,3,277,1,47,277,1,262,277,0,,,0,,,0,,,0,,,SL,-44.81,285
2025.08.12 03:04,2025.08.12 07:38,SELL,LienKe,3353.900,3357.441,35.4,115.0,29.5,3.25,0.83,1,15,98,1,17,98,1,28,98,1,49,98,1,192,271,1,198,271,0,,,0,,,0,,,SL,-35.41,274
2025.08.12 03:02,2025.08.12 07:38,SELL,LienKe,3353.399,3357.441,40.4,110.0,34.5,2.72,0.85,1,19,96,1,19,96,1,30,96,1,54,96,1,194,272,1,200,272,0,,,0,,,0,,,SL,-40.42,276
2025.08.12 11:05,2025.08.12 11:35,BUY,Swing,3342.907,3338.952,39.5,19.4,35.3,0.49,0.89,1,1,11,0,,,0,,,0,,,0,,,0,,,0,,,0,,,0,,,SL,-39.55,30
2025.08.12 11:05,2025.08.12 11:35,BUY,Swing,3343.416,3338.952,44.6,14.3,40.4,0.32,0.90,1,2,6,0,,,0,,,0,,,0,,,0,,,0,,,0,,,0,,,SL,-44.64,30
2025.08.11 17:33,2025.08.12 11:35,BUY,Swing,3343.512,3338.273,52.4,153.2,41.4,2.92,0.79,1,0,1,1,0,1,1,2,194,1,2,194,1,4,194,1,5,194,1,11,194,0,,,0,,,SL,-57.74,1082
2025.08.11 17:33,2025.08.12 11:35,BUY,Swing,3345.886,3338.273,76.1,129.5,65.1,1.70,0.85,1,2,192,1,2,192,1,2,192,1,3,192,1,5,192,1,6,192,0,,,0,,,0,,,SL,-81.48,1082
2025.08.12 06:00,2025.08.12 15:29,SELL,LienKe,3354.617,3358.765,41.5,233.8,37.5,5.64,0.90,1,0,96,1,2,96,1,4,96,1,9,96,1,15,96,1,16,96,1,320,391,1,495,568,0,,,SL,-41.48,569
2025.08.12 18:07,2025.08.12 22:17,SELL,LienKe,3350.349,3353.860,35.1,46.6,21.9,1.33,0.63,1,1,9,1,17,235,1,60,235,0,,,0,,,0,,,0,,,0,,,0,,,SL,-35.11,250
2025.08.13 11:01,2025.08.13 14:08,SELL,LienKe,3365.486,3370.121,46.4,112.0,37.3,2.42,0.81,1,3,173,1,7,173,1,9,173,1,22,173,1,68,173,1,122,173,0,,,0,,,0,,,SL,-46.35,187
2025.08.13 17:31,2025.08.13 17:41,BUY,LienKe,3357.253,3353.893,33.6,1.5,31.4,0.05,0.94,0,,,0,,,0,,,0,,,0,,,0,,,0,,,0,,,0,,,SL,-33.60,10
2025.08.13 17:29,2025.08.13 17:41,BUY,LienKe,3357.806,3353.893,39.1,1.1,37.0,0.03,0.95,0,,,0,,,0,,,0,,,0,,,0,,,0,,,0,,,0,,,SL,-39.13,12
2025.08.13 22:04,2025.08.13 23:05,SELL,LienKe,3357.251,3361.408,41.6,4.8,35.0,0.11,0.84,0,,,0,,,0,,,0,,,0,,,0,,,0,,,0,,,0,,,SL,-41.57,61
2025.08.14 07:40,2025.08.14 07:44,BUY,LienKe,3356.485,3352.886,36.0,0.0,35.0,0.00,0.97,0,,,0,,,0,,,0,,,0,,,0,,,0,,,0,,,0,,,SL,-35.99,4
2025.08.14 07:40,2025.08.14 07:44,BUY,LienKe,3357.267,3352.886,43.8,1.3,42.8,0.03,0.98,0,,,0,,,0,,,0,,,0,,,0,,,0,,,0,,,0,,,SL,-43.81,4
2025.08.13 05:37,2025.08.14 07:58,BUY,LienKe,3348.299,3344.735,35.6,265.6,31.3,7.45,0.88,1,18,1574,1,24,1574,1,24,1574,1,29,1574,1,44,1574,1,95,1574,1,190,1574,1,506,1574,0,,,SL,-51.69,1581
2025.08.13 05:35,2025.08.14 07:58,BUY,LienKe,3349.041,3344.735,43.1,258.2,38.7,6.00,0.90,1,25,1576,1,26,1576,1,30,1576,1,38,1576,1,74,1576,1,98,1576,1,246,1576,1,512,1576,0,,,SL,-59.11,1583
2025.08.13 04:03,2025.08.14 07:58,BUY,LienKe,3349.415,3345.147,42.7,254.4,42.5,5.96,0.99,1,1,4,1,11,27,1,122,1668,1,132,1668,1,173,1668,1,201,1668,1,339,1668,1,605,1668,0,,,SL,-58.73,1675
2025.08.13 00:18,2025.08.14 08:00,BUY,Swing,3345.655,3342.222,34.3,292.0,29.8,8.51,0.87,1,12,14,1,49,64,1,55,64,1,88,1899,1,149,1899,1,358,1899,1,426,1899,1,564,1899,0,,,SL,-50.38,1902
2025.08.13 00:18,2025.08.14 08:00,BUY,Swing,3346.300,3342.222,40.8,285.6,36.2,7.00,0.89,1,49,64,1,55,64,1,80,326,1,89,326,1,150,326,1,363,1899,1,507,1899,1,574,1899,0,,,SL,-56.83,1902
2025.08.15 01:39,2025.08.15 03:30,SELL,LienKe,3338.452,3341.793,33.4,15.7,28.4,0.47,0.85,1,42,51,0,,,0,,,0,,,0,,,0,,,0,,,0,,,0,,,SL,-33.41,111
2025.08.15 01:38,2025.08.15 03:30,SELL,LienKe,3337.897,3341.793,39.0,10.2,34.0,0.26,0.87,1,48,51,0,,,0,,,0,,,0,,,0,,,0,,,0,,,0,,,SL,-38.96,112
2025.08.15 05:30,2025.08.15 08:25,BUY,LienKe,3343.423,3340.048,33.8,48.5,32.9,1.44,0.97,1,5,25,1,12,25,1,14,25,0,,,0,,,0,,,0,,,0,,,0,,,SL,-33.75,174
2025.08.15 05:25,2025.08.15 08:25,BUY,LienKe,3344.102,3340.048,40.5,41.7,39.6,1.03,0.98,1,11,26,1,19,26,1,20,26,0,,,0,,,0,,,0,,,0,,,0,,,SL,-40.54,180
2025.08.15 06:07,2025.08.15 08:29,BUY,LienKe,3342.311,3338.963,33.5,59.6,24.4,1.78,0.73,1,10,15,1,14,15,1,73,88,1,115,127,0,,,0,,,0,,,0,,,0,,,SL,-33.48,142
2025.08.15 06:07,2025.08.15 08:29,BUY,LienKe,3342.860,3338.963,39.0,54.1,29.9,1.39,0.77,1,11,13,1,73,86,1,80,86,1,116,127,0,,,0,,,0,,,0,,,0,,,SL,-38.97,142
2025.08.15 18:07,2025.08.17 23:12,BUY,LienKe,3335.105,3331.687,34.2,44.9,27.3,1.31,0.80,1,7,53,1,15,53,1,17,53,0,,,0,,,0,,,0,,,0,,,0,,,SL,-39.53,3185
2025.08.15 18:04,2025.08.17 23:12,BUY,LienKe,3335.510,3331.687,38.2,40.9,31.3,1.07,0.82,1,10,56,1,18,56,1,110,172,0,,,0,,,0,,,0,,,0,,,0,,,SL,-43.58,3188
2025.08.18 01:08,2025.08.18 01:51,SELL,LienKe,3342.662,3346.611,39.5,29.5,35.8,0.75,0.91,1,13,14,1,17,28,0,,,0,,,0,,,0,,,0,,,0,,,0,,,SL,-39.49,43
2025.08.18 01:04,2025.08.18 01:51,SELL,LienKe,3341.765,3346.611,48.5,20.5,44.8,0.42,0.92,1,0,2,1,26,31,0,,,0,,,0,,,0,,,0,,,0,,,0,,,SL,-48.46,47
2025.08.15 08:02,2025.08.18 03:49,SELL,LienKe,3346.748,3350.208,34.6,230.9,23.9,6.67,0.69,1,3,3949,1,5,3949,1,8,3949,1,12,3949,1,40,3949,1,175,3949,1,3790,3949,1,3795,3949,0,,,SL,-34.60,4067
2025.08.15 08:02,2025.08.18 03:49,SELL,LienKe,3346.286,3350.208,39.2,226.2,28.5,5.77,0.73,1,3,3949,1,6,3949,1,11,3949,1,13,3949,1,146,3949,1,269,3949,1,3790,3949,1,3795,3949,0,,,SL,-39.22,4067
2025.08.18 04:19,2025.08.18 04:40,SELL,LienKe,3351.569,3354.800,32.3,7.6,31.3,0.24,0.97,0,,,0,,,0,,,0,,,0,,,0,,,0,,,0,,,0,,,SL,-32.31,21
2025.08.18 04:19,2025.08.18 04:40,SELL,LienKe,3351.345,3354.800,34.6,5.4,33.6,0.16,0.97,0,,,0,,,0,,,0,,,0,,,0,,,0,,,0,,,0,,,SL,-34.55,21
2025.08.18 11:52,2025.08.18 12:57,BUY,LienKe,3346.505,3343.317,31.9,23.3,24.0,0.73,0.75,1,19,25,1,49,53,0,,,0,,,0,,,0,,,0,,,0,,,0,,,SL,-31.88,65
2025.08.18 11:49,2025.08.18 12:57,BUY,LienKe,3347.085,3343.317,37.7,17.5,29.8,0.47,0.79,1,48,49,0,,,0,,,0,,,0,,,0,,,0,,,0,,,0,,,SL,-37.68,68
2025.08.18 05:39,2025.08.18 12:57,BUY,LienKe,3347.164,3343.629,35.4,84.8,30.6,2.40,0.86,1,2,4,1,3,4,1,18,38,1,87,145,1,102,145,0,,,0,,,0,,,0,,,SL,-35.35,438
2025.08.18 05:39,2025.08.18 12:57,BUY,LienKe,3348.487,3343.629,48.6,71.6,43.8,1.47,0.90,1,17,36,1,18,36,1,86,133,1,94,133,0,,,0,,,0,,,0,,,0,,,SL,-48.58,438
2025.08.18 16:07,2025.08.19 00:00,BUY,LienKe,3332.307,3328.956,33.5,25.2,21.3,0.75,0.64,1,5,10,1,32,55,0,,,0,,,0,,,0,,,0,,,0,,,0,,,SL,-38.86,473
2025.08.18 16:07,2025.08.19 00:00,BUY,LienKe,3332.827,3328.956,38.7,20.0,26.5,0.52,0.68,1,31,37,1,99,115,0,,,0,,,0,,,0,,,0,,,0,,,0,,,SL,-44.06,473
2025.08.18 23:11,2025.08.19 00:12,SELL,LienKe,3334.594,3337.684,30.9,84.1,14.2,2.72,0.46,1,4,60,1,15,60,1,23,60,1,49,60,1,50,60,0,,,0,,,0,,,0,,,SL,-30.90,61
2025.08.18 23:11,2025.08.19 00:12,SELL,LienKe,3334.503,3337.684,31.8,83.2,15.1,2.62,0.48,1,4,60,1,15,60,1,42,60,1,49,60,1,50,60,0,,,0,,,0,,,0,,,SL,-31.81,61
2025.08.19 02:52,2025.08.19 03:04,SELL,LienKe,3335.814,3339.094,32.8,6.3,30.0,0.19,0.91,0,,,0,,,0,,,0,,,0,,,0,,,0,,,0,,,0,,,SL,-32.80,11
2025.08.19 02:52,2025.08.19 03:04,SELL,LienKe,3335.471,3339.094,36.2,2.9,33.4,0.08,0.92,0,,,0,,,0,,,0,,,0,,,0,,,0,,,0,,,0,,,SL,-36.23,12
2025.08.19 13:06,2025.08.19 13:10,BUY,LienKe,3334.123,3330.551,35.7,0.0,34.9,0.00,0.98,0,,,0,,,0,,,0,,,0,,,0,,,0,,,0,,,0,,,SL,-35.72,4
2025.08.19 13:01,2025.08.19 13:10,BUY,LienKe,3334.843,3330.551,42.9,7.0,42.1,0.16,0.98,0,,,0,,,0,,,0,,,0,,,0,,,0,,,0,,,0,,,SL,-42.92,9
2025.08.19 02:05,2025.08.19 13:10,BUY,LienKe,3330.750,3326.500,42.5,145.8,8.1,3.43,0.19,1,1,664,1,8,664,1,18,664,1,46,664,1,59,664,1,68,664,0,,,0,,,0,,,SL,-42.50,665
2025.08.19 17:01,2025.08.19 23:51,BUY,LienKe,3317.201,3313.914,32.9,30.0,23.5,0.91,0.71,1,2,4,1,42,63,0,,,0,,,0,,,0,,,0,,,0,,,0,,,SL,-32.87,410
2025.08.19 17:01,2025.08.19 23:51,BUY,LienKe,3318.045,3313.914,41.3,21.5,31.9,0.52,0.77,1,42,44,1,108,120,0,,,0,,,0,,,0,,,0,,,0,,,0,,,SL,-41.31,410
2025.08.19 23:17,2025.08.20 01:07,BUY,LienKe,3315.326,3312.025,33.0,16.8,25.5,0.51,0.77,1,19,24,0,,,0,,,0,,,0,,,0,,,0,,,0,,,0,,,SL,-38.36,110
2025.08.19 23:04,2025.08.20 01:07,BUY,LienKe,3315.749,3312.025,37.2,12.6,29.8,0.34,0.80,1,106,107,0,,,0,,,0,,,0,,,0,,,0,,,0,,,0,,,SL,-42.59,123
2025.08.20 10:31,2025.08.20 11:18,SELL,LienKe,3327.376,3330.783,34.1,17.9,30.5,0.52,0.89,1,12,14,0,,,0,,,0,,,0,,,0,,,0,,,0,,,0,,,SL,-34.07,46
2025.08.20 10:31,2025.08.20 11:18,SELL,Swing,3327.376,3330.783,34.1,17.9,30.5,0.52,0.89,1,12,14,0,,,0,,,0,,,0,,,0,,,0,,,0,,,0,,,SL,-34.07,46
2025.08.20 10:31,2025.08.20 11:18,SELL,LienKe,3326.929,3330.783,38.5,13.4,34.9,0.35,0.91,1,21,29,0,,,0,,,0,,,0,,,0,,,0,,,0,,,0,,,SL,-38.54,47
2025.08.20 10:31,2025.08.20 11:18,SELL,Swing,3326.929,3330.783,38.5,13.4,34.9,0.35,0.91,1,21,29,0,,,0,,,0,,,0,,,0,,,0,,,0,,,0,,,SL,-38.54,47
2025.08.20 12:01,2025.08.20 12:17,SELL,LienKe,3332.658,3336.024,33.7,1.7,29.5,0.05,0.87,0,,,0,,,0,,,0,,,0,,,0,,,0,,,0,,,0,,,SL,-33.66,16
2025.08.20 12:01,2025.08.20 12:17,SELL,LienKe,3332.343,3336.024,36.8,0.0,32.6,0.00,0.89,0,,,0,,,0,,,0,,,0,,,0,,,0,,,0,,,0,,,SL,-36.81,16
2025.08.21 01:05,2025.08.21 05:01,BUY,LienKe,3341.502,3337.835,36.7,48.5,35.9,1.32,0.98,1,6,75,1,9,75,1,11,75,0,,,0,,,0,,,0,,,0,,,0,,,SL,-36.67,236
2025.08.21 01:05,2025.08.21 05:01,BUY,LienKe,3342.281,3337.835,44.5,40.7,43.7,0.91,0.98,1,7,16,1,10,16,1,32,55,0,,,0,,,0,,,0,,,0,,,0,,,SL,-44.46,236
2025.08.21 02:27,2025.08.21 05:03,BUY,LienKe,3340.833,3337.488,33.5,41.8,31.8,1.25,0.95,1,3,82,1,18,82,1,23,82,0,,,0,,,0,,,0,,,0,,,0,,,SL,-33.45,155
2025.08.21 02:24,2025.08.21 05:03,BUY,LienKe,3341.140,3337.488,36.5,38.7,34.8,1.06,0.95,1,6,19,1,22,83,1,27,83,0,,,0,,,0,,,0,,,0,,,0,,,SL,-36.52,159
2025.08.20 15:50,2025.08.21 06:22,BUY,LienKe,3339.820,3336.508,33.1,122.7,29.6,3.71,0.89,1,7,724,1,11,724,1,13,724,1,27,724,1,121,724,1,371,724,0,,,0,,,0,,,SL,-49.17,872
2025.08.20 15:27,2025.08.21 06:22,BUY,LienKe,3340.287,3336.508,37.8,118.1,34.3,3.12,0.91,1,2,6,1,12,17,1,37,744,1,50,744,1,229,744,1,395,744,0,,,0,,,0,,,SL,-53.84,895
2025.08.21 23:14,2025.08.22 00:17,BUY,LienKe,3338.218,3335.131,30.9,13.6,26.8,0.44,0.87,1,23,39,0,,,0,,,0,,,0,,,0,,,0,,,0,,,0,,,SL,-36.22,63
2025.08.21 23:14,2025.08.22 00:17,BUY,LienKe,3338.585,3335.131,34.5,9.9,30.5,0.29,0.88,0,,,0,,,0,,,0,,,0,,,0,,,0,,,0,,,0,,,SL,-39.89,63
2025.08.21 17:42,2025.08.22 01:52,BUY,LienKe,3338.170,3334.824,33.5,37.8,31.9,1.13,0.95,1,38,49,1,89,133,1,99,133,0,,,0,,,0,,,0,,,0,,,0,,,SL,-38.81,490
2025.08.21 17:30,2025.08.22 01:52,BUY,LienKe,3338.708,3334.824,38.8,32.4,37.2,0.83,0.96,1,1,11,1,107,143,1,116,143,0,,,0,,,0,,,0,,,0,,,0,,,SL,-44.19,502
2025.08.22 02:05,2025.08.22 04:20,BUY,LienKe,3333.880,3330.518,33.6,23.4,29.9,0.70,0.89,1,3,26,1,5,26,0,,,0,,,0,,,0,,,0,,,0,,,0,,,SL,-33.62,135
2025.08.22 02:02,2025.08.22 04:20,BUY,LienKe,3334.407,3330.518,38.9,18.1,35.2,0.47,0.90,1,7,13,0,,,0,,,0,,,0,,,0,,,0,,,0,,,0,,,SL,-38.89,138
2025.08.22 12:04,2025.08.22 12:32,BUY,LienKe,3327.784,3324.266,35.2,22.1,27.8,0.63,0.79,1,14,17,1,15,17,0,,,0,,,0,,,0,,,0,,,0,,,0,,,SL,-35.18,28
2025.08.22 12:04,2025.08.22 12:32,BUY,LienKe,3328.456,3324.266,41.9,15.3,34.5,0.37,0.82,1,15,17,0,,,0,,,0,,,0,,,0,,,0,,,0,,,0,,,SL,-41.90,28
2025.08.25 17:38,2025.08.25 22:02,BUY,LienKe,3371.746,3368.443,33.0,15.4,74.8,0.47,2.26,1,6,17,0,,,0,,,0,,,0,,,0,,,0,,,0,,,0,,,SL,-33.03,263
2025.08.25 17:32,2025.08.25 22:02,BUY,LienKe,3372.276,3368.443,38.3,10.1,80.1,0.26,2.09,1,44,45,0,,,0,,,0,,,0,,,0,,,0,,,0,,,0,,,SL,-38.33,270
2025.08.25 09:05,2025.08.25 23:12,BUY,LienKe,3363.531,3360.390,31.4,127.8,27.0,4.07,0.86,1,28,239,1,35,239,1,40,239,1,145,239,1,295,836,1,308,836,0,,,0,,,0,,,SL,-31.41,847
2025.08.25 09:03,2025.08.25 23:12,BUY,LienKe,3364.058,3360.390,36.7,122.5,32.3,3.34,0.88,1,30,34,1,41,237,1,42,237,1,148,237,1,299,810,1,310,810,0,,,0,,,0,,,SL,-36.68,849
2025.08.22 20:02,2025.08.26 00:22,SELL,LienKe,3373.436,3376.658,32.2,220.2,30.3,6.84,0.94,1,3,3971,1,10,3971,1,15,3971,1,3004,3971,1,3125,3971,1,3166,3971,1,4512,4574,1,4530,4574,0,,,SL,-32.22,4580
2025.08.22 20:02,2025.08.26 00:22,SELL,LienKe,3372.732,3376.658,39.3,213.2,37.3,5.43,0.95,1,8,3960,1,15,3960,1,3003,3960,1,3005,3960,1,3126,3960,1,3217,3960,1,4513,4573,1,4538,4573,0,,,SL,-39.26,4580
2025.08.26 00:03,2025.08.26 00:43,BUY,LienKe,3352.269,3348.252,40.2,298.6,1.6,7.43,0.04,1,0,-,1,0,-,1,0,-,1,0,-,1,4,-,1,8,-,1,10,-,1,12,-,0,,,TP,300.00,40
2025.08.26 05:04,2025.08.26 15:13,SELL,LienKe,3378.053,3382.072,40.2,106.3,36.7,2.65,0.91,1,2,41,1,7,41,1,9,41,1,27,41,1,134,161,1,137,161,0,,,0,,,0,,,SL,-40.19,609
2025.08.26 15:03,2025.08.26 15:23,SELL,LienKe,3379.567,3382.808,32.4,3.8,27.5,0.12,0.85,0,,,0,,,0,,,0,,,0,,,0,,,0,,,0,,,0,,,SL,-32.41,20
2025.08.26 15:01,2025.08.26 15:23,SELL,LienKe,3379.297,3382.808,35.1,5.5,30.2,0.16,0.86,0,,,0,,,0,,,0,,,0,,,0,,,0,,,0,,,0,,,SL,-35.11,22
2025.08.27 04:03,2025.08.27 04:30,BUY,LienKe,3380.462,3377.139,33.2,0.0,32.9,0.00,0.99,0,,,0,,,0,,,0,,,0,,,0,,,0,,,0,,,0,,,SL,-33.23,26
2025.08.27 04:02,2025.08.27 04:30,BUY,LienKe,3380.980,3377.139,38.4,1.0,38.1,0.03,0.99,0,,,0,,,0,,,0,,,0,,,0,,,0,,,0,,,0,,,SL,-38.41,28
2025.08.27 13:08,2025.08.27 14:55,SELL,LienKe,3382.602,3385.974,33.7,69.5,29.1,2.06,0.86,1,22,77,1,22,77,1,23,77,1,36,77,0,,,0,,,0,,,0,,,0,,,SL,-33.72,106
2025.08.27 13:08,2025.08.27 14:55,SELL,LienKe,3382.105,3385.974,38.7,64.6,34.1,1.67,0.88,1,22,73,1,22,73,1,23,73,1,37,73,0,,,0,,,0,,,0,,,0,,,SL,-38.69,107
2025.08.27 14:58,2025.08.27 15:11,SELL,Swing,3385.662,3388.989,33.3,3.6,32.9,0.11,0.99,0,,,0,,,0,,,0,,,0,,,0,,,0,,,0,,,0,,,SL,-33.27,13
2025.08.27 14:56,2025.08.27 15:11,SELL,Swing,3385.190,3388.989,38.0,4.5,37.6,0.12,0.99,0,,,0,,,0,,,0,,,0,,,0,,,0,,,0,,,0,,,SL,-37.99,15
2025.08.27 15:01,2025.08.27 15:13,SELL,LienKe,3386.834,3390.189,33.6,15.3,33.4,0.46,1.00,1,1,5,0,,,0,,,0,,,0,,,0,,,0,,,0,,,0,,,SL,-33.55,12
2025.08.27 15:01,2025.08.27 15:13,SELL,LienKe,3386.521,3390.189,36.7,12.2,36.5,0.33,1.00,1,2,5,0,,,0,,,0,,,0,,,0,,,0,,,0,,,0,,,SL,-36.68,12
2025.08.28 03:04,2025.08.28 06:43,SELL,LienKe,3391.551,3394.928,33.8,37.6,33.7,1.11,1.00,1,19,33,1,44,82,1,158,179,0,,,0,,,0,,,0,,,0,,,0,,,SL,-33.77,219
2025.08.28 03:03,2025.08.28 06:43,SELL,LienKe,3391.140,3394.928,37.9,33.5,37.8,0.88,1.00,1,28,30,1,48,77,1,161,179,0,,,0,,,0,,,0,,,0,,,0,,,SL,-37.88,220
2025.08.26 13:04,2025.08.28 09:00,BUY,LienKe,3371.233,3367.811,34.2,298.3,8.6,8.72,0.25,1,2,6,1,9,13,1,26,64,1,29,64,1,112,-,1,128,-,1,171,-,1,463,-,0,,,TP,278.60,2636
2025.08.27 23:30,2025.08.28 11:25,SELL,Swing,3398.917,3402.073,31.6,141.5,29.5,4.48,0.94,1,18,547,1,19,547,1,27,547,1,84,547,1,90,547,1,111,547,0,,,0,,,0,,,SL,-31.56,715
2025.08.27 23:08,2025.08.28 11:25,SELL,Swing,3398.775,3402.073,33.0,140.1,30.9,4.25,0.94,1,1,21,1,41,569,1,49,569,1,106,569,1,112,569,1,133,569,0,,,0,,,0,,,SL,-32.98,737
2025.08.26 13:04,2025.08.28 11:25,BUY,LienKe,3371.717,3367.811,39.1,299.9,13.4,7.68,0.34,1,4,6,1,25,64,1,26,64,1,31,64,1,116,-,1,129,-,1,171,-,1,468,-,0,,,TP,278.60,2781
2025.08.27 11:39,2025.08.28 11:30,BUY,Swing,3374.573,3370.698,38.8,297.1,3.2,7.67,0.08,1,1,27,1,10,27,1,12,27,1,42,-,1,49,-,1,96,-,1,213,-,1,296,-,0,,,TP,283.95,1431
2025.08.27 07:16,2025.08.28 11:30,BUY,Swing,3374.655,3370.755,39.0,296.3,9.6,7.60,0.25,1,3,7,1,21,225,1,25,225,1,32,225,1,46,225,1,67,225,1,476,-,1,559,-,0,,,TP,283.95,1694
2025.08.28 19:02,2025.08.28 19:57,SELL,LienKe,3420.137,3423.361,32.2,20.6,27.6,0.64,0.85,1,6,20,1,37,44,0,,,0,,,0,,,0,,,0,,,0,,,0,,,SL,-32.24,55
2025.08.28 19:02,2025.08.28 19:57,SELL,LienKe,3419.709,3423.361,36.5,16.3,31.8,0.45,0.87,1,12,17,0,,,0,,,0,,,0,,,0,,,0,,,0,,,0,,,SL,-36.52,55
2025.08.29 09:02,2025.08.29 10:15,BUY,LienKe,3409.654,3406.353,33.0,13.2,32.9,0.40,1.00,1,15,22,0,,,0,,,0,,,0,,,0,,,0,,,0,,,0,,,SL,-33.01,72
2025.08.29 09:02,2025.08.29 10:15,BUY,LienKe,3410.307,3406.353,39.5,6.6,39.5,0.17,1.00,0,,,0,,,0,,,0,,,0,,,0,,,0,,,0,,,0,,,SL,-39.54,73
2025.08.29 07:24,2025.08.29 11:07,BUY,LienKe,3408.386,3404.519,38.7,64.9,37.0,1.68,0.96,1,18,126,1,22,126,1,29,126,1,48,126,0,,,0,,,0,,,0,,,0,,,SL,-38.67,222
2025.08.29 07:23,2025.08.29 11:07,BUY,LienKe,3409.312,3404.519,47.9,55.7,46.3,1.16,0.97,1,22,99,1,28,99,1,32,99,1,54,99,0,,,0,,,0,,,0,,,0,,,SL,-47.93,224
2025.08.29 00:07,2025.08.29 13:18,SELL,LienKe,3416.413,3420.187,37.7,119.4,35.0,3.16,0.93,1,13,768,1,15,768,1,17,768,1,66,768,1,92,768,1,607,768,0,,,0,,,0,,,SL,-37.74,790
2025.08.29 11:11,2025.08.29 14:12,BUY,LienKe,3404.721,3401.501,32.2,296.5,4.1,9.21,0.13,1,6,-,1,9,-,1,21,-,1,38,-,1,84,-,1,95,-,1,126,-,1,150,-,0,,,TP,300.00,181
2025.08.29 11:09,2025.08.29 14:13,BUY,LienKe,3405.287,3401.501,37.9,297.6,9.7,7.86,0.26,1,8,15,1,20,-,1,23,-,1,42,-,1,86,-,1,97,-,1,129,-,1,152,-,0,,,TP,300.00,184
2025.08.29 07:28,2025.08.29 14:14,BUY,Swing,3407.189,3403.832,33.6,293.9,28.8,8.75,0.86,1,2,4,1,14,127,1,14,127,1,27,127,1,318,-,1,332,-,1,367,-,1,387,-,0,,,TP,300.00,405
2025.08.29 07:28,2025.08.29 14:31,BUY,Swing,3407.868,3403.832,40.4,299.6,35.5,7.42,0.88,1,14,123,1,14,123,1,18,123,1,35,123,1,326,-,1,335,-,1,370,-,1,390,-,0,,,TP,300.00,423
2025.08.29 19:34,2025.08.29 19:45,SELL,LienKe,3445.507,3448.792,32.8,0.0,26.6,0.00,0.81,0,,,0,,,0,,,0,,,0,,,0,,,0,,,0,,,0,,,SL,-32.85,11
2025.08.29 19:19,2025.08.29 19:45,SELL,LienKe,3445.215,3448.792,35.8,13.8,29.6,0.39,0.83,1,3,5,0,,,0,,,0,,,0,,,0,,,0,,,0,,,0,,,SL,-35.77,26
2025.09.01 01:06,2025.09.01 01:13,BUY,LienKe,3442.621,3439.013,36.1,0.0,33.3,0.00,0.92,0,,,0,,,0,,,0,,,0,,,0,,,0,,,0,,,0,,,SL,-36.08,7
2025.09.01 01:06,2025.09.01 01:13,BUY,Swing,3442.621,3439.013,36.1,0.0,33.3,0.00,0.92,0,,,0,,,0,,,0,,,0,,,0,,,0,,,0,,,0,,,SL,-36.08,7
2025.09.01 01:05,2025.09.01 01:13,BUY,LienKe,3443.437,3439.013,44.2,4.6,41.4,0.10,0.94,0,,,0,,,0,,,0,,,0,,,0,,,0,,,0,,,0,,,SL,-44.24,8
2025.09.01 01:05,2025.09.01 01:13,BUY,Swing,3443.437,3439.013,44.2,4.6,41.4,0.10,0.94,0,,,0,,,0,,,0,,,0,,,0,,,0,,,0,,,0,,,SL,-44.24,8
2025.09.01 06:15,2025.09.01 06:24,SELL,LienKe,3482.793,3486.309,35.2,12.1,34.1,0.34,0.97,1,0,1,0,,,0,,,0,,,0,,,0,,,0,,,0,,,0,,,SL,-35.16,8
2025.09.01 06:15,2025.09.01 06:24,SELL,LienKe,3482.395,3486.309,39.1,8.1,38.1,0.21,0.97,0,,,0,,,0,,,0,,,0,,,0,,,0,,,0,,,0,,,SL,-39.14,9
2025.09.01 23:46,2025.09.02 00:35,SELL,LienKe,3480.726,3484.516,37.9,21.8,36.2,0.58,0.96,1,12,15,1,13,15,0,,,0,,,0,,,0,,,0,,,0,,,0,,,SL,-37.90,48
2025.09.01 23:25,2025.09.02 00:35,SELL,LienKe,3479.959,3484.516,45.6,27.9,43.9,0.61,0.96,1,0,14,1,1,14,0,,,0,,,0,,,0,,,0,,,0,,,0,,,SL,-45.57,70
2025.09.02 05:25,2025.09.02 06:15,BUY,LienKe,3493.909,3490.283,36.3,33.7,36.1,0.93,0.99,1,9,29,1,11,29,1,12,29,0,,,0,,,0,,,0,,,0,,,0,,,SL,-36.26,49
2025.09.02 05:25,2025.09.02 06:15,BUY,LienKe,3494.632,3490.283,43.5,26.4,43.3,0.61,1.00,1,10,25,1,12,25,0,,,0,,,0,,,0,,,0,,,0,,,0,,,SL,-43.49,50
2025.09.02 01:02,2025.09.02 07:53,BUY,LienKe,3478.947,3473.897,50.5,297.9,21.4,5.90,0.42,1,0,2,1,0,2,1,0,2,1,8,408,1,11,408,1,12,408,1,15,408,1,35,408,0,,,SL,-50.50,411
2025.09.02 11:03,2025.09.02 11:57,SELL,LienKe,3485.687,3489.603,39.2,70.1,33.0,1.79,0.84,1,3,38,1,8,38,1,13,38,1,18,38,0,,,0,,,0,,,0,,,0,,,SL,-39.16,54
2025.09.02 11:02,2025.09.02 11:57,SELL,LienKe,3484.990,3489.603,46.1,63.1,40.0,1.37,0.87,1,10,10,1,14,39,1,17,39,1,25,39,0,,,0,,,0,,,0,,,0,,,SL,-46.13,55
2025.09.02 16:04,2025.09.02 16:06,SELL,LienKe,3520.027,3523.754,37.3,4.3,23.3,0.12,0.62,0,,,0,,,0,,,0,,,0,,,0,,,0,,,0,,,0,,,SL,-37.27,2
2025.09.02 16:03,2025.09.02 16:06,SELL,LienKe,3519.174,3523.754,45.8,9.0,31.8,0.20,0.69,0,,,0,,,0,,,0,,,0,,,0,,,0,,,0,,,0,,,SL,-45.80,3
2025.09.03 03:06,2025.09.03 05:55,BUY,LienKe,3531.605,3528.081,35.2,67.1,23.3,1.91,0.66,1,10,11,1,70,163,1,70,163,1,92,163,0,,,0,,,0,,,0,,,0,,,SL,-35.24,169
2025.09.03 03:05,2025.09.03 05:55,BUY,LienKe,3532.988,3528.081,49.1,53.3,37.2,1.09,0.76,1,71,73,1,85,139,1,92,139,1,93,139,0,,,0,,,0,,,0,,,0,,,SL,-49.07,170
2025.09.04 01:29,2025.09.04 01:31,BUY,LienKe,3552.212,3548.785,34.3,9.0,6.5,0.26,0.19,0,,,0,,,0,,,0,,,0,,,0,,,0,,,0,,,0,,,SL,-34.27,2
2025.09.04 01:29,2025.09.04 01:31,BUY,LienKe,3553.020,3548.785,42.4,4.3,14.6,0.10,0.34,0,,,0,,,0,,,0,,,0,,,0,,,0,,,0,,,0,,,SL,-42.35,2
2025.09.04 01:01,2025.09.04 02:49,SELL,LienKe,3561.495,3566.473,49.8,298.7,10.2,6.00,0.21,1,0,1,1,2,12,1,5,12,1,17,-,1,21,-,1,30,-,1,37,-,1,72,-,0,,,TP,300.00,108
2025.09.04 11:49,2025.09.04 12:15,SELL,LienKe,3546.463,3550.358,38.9,31.8,35.3,0.82,0.91,1,3,4,1,6,13,1,8,13,0,,,0,,,0,,,0,,,0,,,0,,,SL,-38.95,26
2025.09.04 11:49,2025.09.04 12:15,SELL,LienKe,3544.955,3550.358,54.0,16.8,50.4,0.31,0.93,1,7,10,0,,,0,,,0,,,0,,,0,,,0,,,0,,,0,,,SL,-54.03,26
2025.09.04 12:16,2025.09.04 13:37,SELL,LienKe,3549.566,3556.912,73.5,97.0,68.5,1.32,0.93,1,3,4,1,3,4,1,8,61,1,12,61,1,20,61,0,,,0,,,0,,,0,,,SL,-73.46,81
2025.09.04 13:09,2025.09.04 14:04,BUY,LienKe,3542.049,3536.710,53.4,167.4,51.9,3.14,0.97,1,0,51,1,0,51,1,0,51,1,4,51,1,9,51,1,14,51,1,28,51,0,,,0,,,SL,-53.39,55
2025.09.05 02:30,2025.09.05 02:32,BUY,LienKe,3549.957,3546.647,33.1,0.0,31.2,0.00,0.94,0,,,0,,,0,,,0,,,0,,,0,,,0,,,0,,,0,,,SL,-33.10,2
2025.09.05 02:30,2025.09.05 02:32,BUY,LienKe,3550.387,3546.647,37.4,0.0,35.5,0.00,0.95,0,,,0,,,0,,,0,,,0,,,0,,,0,,,0,,,0,,,SL,-37.40,2
2025.09.05 06:05,2025.09.05 06:12,BUY,LienKe,3555.971,3552.611,33.6,0.0,33.4,0.00,0.99,0,,,0,,,0,,,0,,,0,,,0,,,0,,,0,,,0,,,SL,-33.60,7
2025.09.05 06:05,2025.09.05 06:12,BUY,LienKe,3556.743,3552.611,41.3,0.0,41.1,0.00,0.99,0,,,0,,,0,,,0,,,0,,,0,,,0,,,0,,,0,,,SL,-41.32,7
2025.09.05 09:05,2025.09.05 09:48,SELL,LienKe,3549.666,3553.085,34.2,16.2,23.2,0.47,0.68,1,21,33,0,,,0,,,0,,,0,,,0,,,0,,,0,,,0,,,SL,-34.19,43
2025.09.05 09:04,2025.09.05 09:48,SELL,LienKe,3548.827,3553.085,42.6,7.8,31.6,0.18,0.74,0,,,0,,,0,,,0,,,0,,,0,,,0,,,0,,,0,,,SL,-42.58,44
2025.09.04 22:09,2025.09.05 12:30,BUY,Swing,3543.045,3539.474,35.7,181.1,31.4,5.07,0.88,1,69,74,1,84,-,1,85,-,1,86,-,1,94,-,1,98,-,1,323,-,0,,,0,,,TP,294.65,861
2025.09.04 14:05,2025.09.05 12:30,BUY,Swing,3537.136,3532.049,50.9,240.1,18.9,4.72,0.37,1,0,16,1,0,16,1,0,16,1,1,16,1,6,16,1,60,-,1,109,-,1,807,-,0,,,TP,294.65,1345
2025.09.04 09:56,2025.09.05 12:30,BUY,LienKe,3537.743,3533.688,40.5,234.1,26.9,5.77,0.66,1,1,3,1,5,69,1,7,69,1,10,69,1,13,69,1,114,247,1,139,247,1,221,247,0,,,TP,294.65,1594
2025.09.04 22:09,2025.09.05 12:31,BUY,Swing,3544.242,3539.474,47.7,298.7,43.3,6.26,0.91,1,84,-,1,85,-,1,85,-,1,87,-,1,98,-,1,106,-,1,391,-,1,861,-,0,,,TP,294.65,862
2025.09.08 11:42,2025.09.08 15:01,BUY,LienKe,3614.221,3609.781,44.4,280.6,7.4,6.32,0.17,1,0,2,1,0,2,1,11,-,1,16,-,1,71,-,1,72,-,1,80,-,1,124,-,0,,,TP,300.00,199
2025.09.09 00:11,2025.09.09 00:22,SELL,LienKe,3636.202,3639.727,35.2,0.0,32.7,0.00,0.93,0,,,0,,,0,,,0,,,0,,,0,,,0,,,0,,,0,,,SL,-35.25,11
2025.09.09 00:01,2025.09.09 00:22,SELL,LienKe,3635.690,3639.727,40.4,20.9,37.8,0.52,0.94,1,0,9,1,6,9,0,,,0,,,0,,,0,,,0,,,0,,,0,,,SL,-40.37,21
2025.09.09 04:43,2025.09.09 05:39,SELL,Swing,3654.752,3657.931,31.8,17.5,25.2,0.55,0.79,1,36,38,0,,,0,,,0,,,0,,,0,,,0,,,0,,,0,,,SL,-31.79,56
2025.09.09 04:43,2025.09.09 05:39,SELL,Swing,3654.529,3657.931,34.0,15.3,27.4,0.45,0.81,1,36,38,0,,,0,,,0,,,0,,,0,,,0,,,0,,,0,,,SL,-34.02,56
2025.09.09 03:32,2025.09.09 06:08,BUY,LienKe,3645.111,3640.762,43.5,141.9,42.7,3.26,0.98,1,1,3,1,31,153,1,35,153,1,49,153,1,67,153,1,72,153,0,,,0,,,0,,,SL,-43.49,156
2025.09.09 03:14,2025.09.09 06:08,BUY,LienKe,3646.461,3640.762,57.0,128.4,56.2,2.25,0.99,1,0,2,1,0,2,1,0,2,1,73,171,1,87,171,1,91,171,0,,,0,,,0,,,SL,-56.99,174
2025.09.09 09:10,2025.09.09 09:13,SELL,LienKe,3650.673,3654.047,33.7,0.0,28.0,0.00,0.83,0,,,0,,,0,,,0,,,0,,,0,,,0,,,0,,,0,,,SL,-33.74,3
2025.09.09 09:10,2025.09.09 09:13,SELL,LienKe,3650.315,3654.047,37.3,0.0,31.6,0.00,0.85,0,,,0,,,0,,,0,,,0,,,0,,,0,,,0,,,0,,,SL,-37.32,3
2025.09.09 19:10,2025.09.09 19:14,BUY,LienKe,3639.939,3636.638,33.0,0.0,31.3,0.00,0.95,0,,,0,,,0,,,0,,,0,,,0,,,0,,,0,,,0,,,SL,-33.01,4
2025.09.09 19:10,2025.09.09 19:14,BUY,LienKe,3640.392,3636.638,37.5,0.0,35.9,0.00,0.96,0,,,0,,,0,,,0,,,0,,,0,,,0,,,0,,,0,,,SL,-37.54,4
2025.09.10 09:38,2025.09.10 09:45,SELL,Swing,3648.619,3652.216,36.0,0.0,27.9,0.00,0.78,0,,,0,,,0,,,0,,,0,,,0,,,0,,,0,,,0,,,SL,-35.97,7
2025.09.10 09:37,2025.09.10 09:45,SELL,Swing,3647.791,3652.216,44.2,2.6,36.2,0.06,0.82,0,,,0,,,0,,,0,,,0,,,0,,,0,,,0,,,0,,,SL,-44.25,8
2025.09.10 12:14,2025.09.10 12:38,BUY,LienKe,3648.433,3645.119,33.1,89.8,25.2,2.71,0.76,1,2,6,1,16,22,1,16,22,1,16,22,1,16,22,0,,,0,,,0,,,0,,,SL,-33.14,24
2025.09.10 12:12,2025.09.10 12:38,BUY,LienKe,3649.103,3645.119,39.8,83.1,31.9,2.09,0.80,1,5,8,1,18,24,1,18,24,1,18,24,1,18,24,0,,,0,,,0,,,0,,,SL,-39.84,26
2025.09.11 00:01,2025.09.11 01:30,SELL,LienKe,3645.588,3649.024,34.4,28.8,32.3,0.84,0.94,1,17,18,1,48,59,0,,,0,,,0,,,0,,,0,,,0,,,0,,,SL,-34.36,88
2025.09.11 00:01,2025.09.11 01:30,SELL,LienKe,3645.216,3649.024,38.1,25.1,36.0,0.66,0.95,1,34,34,1,52,59,0,,,0,,,0,,,0,,,0,,,0,,,0,,,SL,-38.08,89
2025.09.11 06:26,2025.09.11 06:44,SELL,LienKe,3633.445,3637.250,38.0,15.0,33.6,0.39,0.88,1,6,7,0,,,0,,,0,,,0,,,0,,,0,,,0,,,0,,,SL,-38.05,17
2025.09.11 06:23,2025.09.11 06:44,SELL,LienKe,3632.989,3637.250,42.6,14.4,38.2,0.34,0.90,1,2,2,0,,,0,,,0,,,0,,,0,,,0,,,0,,,0,,,SL,-42.61,21
2025.09.11 09:07,2025.09.11 09:14,BUY,Swing,3622.710,3619.213,35.0,8.9,29.5,0.25,0.85,0,,,0,,,0,,,0,,,0,,,0,,,0,,,0,,,0,,,SL,-34.97,7
2025.09.11 09:06,2025.09.11 09:14,BUY,Swing,3623.677,3619.213,44.6,0.7,39.2,0.02,0.88,0,,,0,,,0,,,0,,,0,,,0,,,0,,,0,,,0,,,SL,-44.64,8
2025.09.11 06:02,2025.09.11 09:14,BUY,LienKe,3625.106,3619.666,54.4,128.9,53.5,2.37,0.98,1,0,77,1,1,77,1,4,77,1,4,77,1,8,77,1,33,77,0,,,0,,,0,,,SL,-54.40,192
2025.09.11 15:23,2025.09.11 16:11,SELL,LienKe,3637.482,3641.187,37.0,60.3,26.2,1.63,0.71,1,5,9,1,12,39,1,14,39,1,26,39,0,,,0,,,0,,,0,,,0,,,SL,-37.05,48
2025.09.11 15:23,2025.09.11 16:11,SELL,LienKe,3636.553,3641.187,46.3,51.0,35.5,1.10,0.77,1,12,39,1,14,39,1,22,39,1,34,39,0,,,0,,,0,,,0,,,0,,,SL,-46.34,48
2025.09.12 07:43,2025.09.12 08:11,BUY,LienKe,3648.486,3645.239,32.5,27.2,18.8,0.84,0.58,1,6,8,1,22,27,0,,,0,,,0,,,0,,,0,,,0,,,0,,,SL,-32.47,28
2025.09.12 07:43,2025.09.12 08:11,BUY,LienKe,3648.852,3645.239,36.1,23.6,22.5,0.65,0.62,1,11,13,1,22,27,0,,,0,,,0,,,0,,,0,,,0,,,0,,,SL,-36.13,28
2025.09.11 22:49,2025.09.15 01:01,BUY,LienKe,3633.896,3630.103,37.9,227.2,33.7,5.99,0.89,1,9,23,1,12,23,1,123,4430,1,133,4430,1,141,4430,1,145,4430,1,199,4430,1,313,4430,0,,,SL,-48.63,4452
2025.09.11 17:10,2025.09.15 01:01,BUY,LienKe,3633.069,3629.655,34.1,235.5,27.7,6.90,0.81,1,1,2,1,7,67,1,15,67,1,312,397,1,472,4775,1,480,4775,1,538,4775,1,647,4775,0,,,SL,-44.84,4790
2025.09.11 17:05,2025.09.15 01:01,BUY,LienKe,3633.605,3629.655,39.5,230.1,33.1,5.83,0.84,1,0,4,1,20,41,1,28,41,1,476,4774,1,485,4774,1,486,4774,1,543,4774,1,656,4774,0,,,SL,-50.20,4796
2025.09.15 08:08,2025.09.15 12:47,SELL,LienKe,3644.666,3647.981,33.2,88.2,21.9,2.66,0.66,1,1,48,1,1,48,1,1,48,1,82,125,1,90,125,0,,,0,,,0,,,0,,,SL,-33.15,279
2025.09.15 08:04,2025.09.15 12:47,SELL,LienKe,3644.108,3647.981,38.7,82.7,27.5,2.13,0.71,1,1,2,1,5,52,1,45,52,1,87,120,1,94,120,0,,,0,,,0,,,0,,,SL,-38.73,283
2025.09.15 07:56,2025.09.15 12:47,SELL,LienKe,3643.813,3647.138,33.2,79.7,30.5,2.40,0.92,1,4,4,1,13,13,1,88,128,1,95,128,0,,,0,,,0,,,0,,,0,,,SL,-33.25,291
2025.09.15 07:56,2025.09.15 12:47,SELL,LienKe,3643.482,3647.138,36.6,76.4,33.8,2.09,0.92,1,13,14,1,19,59,1,88,126,1,96,126,0,,,0,,,0,,,0,,,0,,,SL,-36.56,291
2025.09.15 03:34,2025.09.15 12:47,SELL,LienKe,3645.188,3648.665,34.8,112.9,18.3,3.25,0.53,1,2,10,1,96,106,1,151,274,1,187,274,1,204,274,1,207,274,0,,,0,,,0,,,SL,-34.77,553
2025.09.15 03:34,2025.09.15 12:47,SELL,LienKe,3644.641,3648.665,40.2,107.4,23.8,2.67,0.59,1,3,9,1,103,105,1,161,264,1,188,264,1,206,264,1,208,264,0,,,0,,,0,,,SL,-40.24,553
2025.09.15 04:01,2025.09.15 12:50,SELL,LienKe,3646.383,3649.632,32.5,124.8,26.0,3.84,0.80,1,19,387,1,36,387,1,69,387,1,134,387,1,172,387,1,179,387,0,,,0,,,0,,,SL,-32.49,529
2025.09.15 04:01,2025.09.15 12:50,SELL,LienKe,3646.069,3649.632,35.6,121.7,29.1,3.42,0.82,1,21,89,1,45,89,1,69,89,1,135,302,1,172,302,1,179,302,0,,,0,,,0,,,SL,-35.63,529
2025.09.15 13:02,2025.09.15 13:31,SELL,LienKe,3650.654,3654.081,34.3,36.7,34.0,1.07,0.99,1,0,18,1,1,18,1,8,18,0,,,0,,,0,,,0,,,0,,,0,,,SL,-34.27,29
2025.09.15 13:01,2025.09.15 13:31,SELL,LienKe,3649.936,3654.081,41.4,29.5,41.2,0.71,0.99,1,2,4,1,9,11,0,,,0,,,0,,,0,,,0,,,0,,,0,,,SL,-41.45,30
2025.09.15 11:05,2025.09.15 15:47,BUY,LienKe,3639.904,3636.048,38.6,294.0,29.6,7.62,0.77,1,2,70,1,5,70,1,9,70,1,13,70,1,102,-,1,105,-,1,147,-,1,153,-,0,,,TP,300.00,282
2025.09.16 06:19,2025.09.16 06:40,SELL,Swing,3685.274,3688.709,34.3,8.9,32.0,0.26,0.93,0,,,0,,,0,,,0,,,0,,,0,,,0,,,0,,,0,,,SL,-34.35,20
2025.09.16 06:19,2025.09.16 06:40,SELL,Swing,3684.906,3688.709,38.0,5.2,35.7,0.14,0.94,0,,,0,,,0,,,0,,,0,,,0,,,0,,,0,,,0,,,SL,-38.03,21
2025.09.16 01:01,2025.09.16 06:47,SELL,LienKe,3686.809,3692.480,56.7,119.4,40.8,2.11,0.72,1,0,321,1,0,321,1,1,321,1,3,321,1,14,321,1,98,321,0,,,0,,,0,,,SL,-56.71,346
2025.09.16 10:58,2025.09.16 12:30,BUY,LienKe,3693.151,3689.924,32.3,63.0,26.1,1.95,0.81,1,2,5,1,41,77,1,45,77,1,52,77,0,,,0,,,0,,,0,,,0,,,SL,-32.27,92
2025.09.16 10:58,2025.09.16 12:30,BUY,LienKe,3693.568,3689.924,36.4,58.8,30.3,1.61,0.83,1,3,4,1,44,77,1,46,77,1,52,77,0,,,0,,,0,,,0,,,0,,,SL,-36.44,92
2025.09.16 11:52,2025.09.16 14:17,SELL,LienKe,3699.031,3702.400,33.7,137.5,12.0,4.08,0.36,1,3,139,1,3,139,1,10,139,1,19,139,1,38,139,1,38,139,0,,,0,,,0,,,SL,-33.69,145
2025.09.16 11:52,2025.09.16 14:17,SELL,Swing,3699.031,3702.400,33.7,137.5,12.0,4.08,0.36,1,3,139,1,3,139,1,10,139,1,19,139,1,38,139,1,38,139,0,,,0,,,0,,,SL,-33.69,145
2025.09.16 11:52,2025.09.16 14:17,SELL,LienKe,3698.695,3702.400,37.0,134.1,15.4,3.62,0.42,1,3,107,1,9,107,1,12,107,1,23,107,1,38,107,1,38,107,0,,,0,,,0,,,SL,-37.05,145
2025.09.16 11:52,2025.09.16 14:17,SELL,Swing,3698.695,3702.400,37.0,134.1,15.4,3.62,0.42,1,3,107,1,9,107,1,12,107,1,23,107,1,38,107,1,38,107,0,,,0,,,0,,,SL,-37.05,145
2025.09.16 09:25,2025.09.16 14:17,SELL,LienKe,3697.453,3700.721,32.7,121.7,27.8,3.72,0.85,1,4,22,1,4,22,1,79,144,1,100,144,1,185,253,1,195,253,0,,,0,,,0,,,SL,-32.68,292
2025.09.16 09:25,2025.09.16 14:17,SELL,LienKe,3697.045,3700.721,36.8,117.6,31.9,3.20,0.87,1,4,8,1,5,8,1,79,140,1,100,140,1,185,252,1,196,252,0,,,0,,,0,,,SL,-36.76,292
2025.09.16 13:05,2025.09.16 15:06,BUY,LienKe,3686.134,3682.624,35.1,169.5,33.9,4.83,0.96,1,1,5,1,9,13,1,16,106,1,19,106,1,24,106,1,30,106,1,72,106,0,,,0,,,SL,-35.10,121
2025.09.16 13:05,2025.09.16 15:06,BUY,Swing,3686.134,3682.624,35.1,169.5,33.9,4.83,0.96,1,1,5,1,9,13,1,16,106,1,19,106,1,24,106,1,30,106,1,72,106,0,,,0,,,SL,-35.10,121
2025.09.16 13:04,2025.09.16 15:06,BUY,LienKe,3687.435,3682.624,48.1,156.5,46.9,3.25,0.97,1,10,11,1,17,107,1,19,107,1,21,107,1,30,107,1,34,107,1,73,107,0,,,0,,,SL,-48.11,122
2025.09.16 13:04,2025.09.16 15:06,BUY,Swing,3687.435,3682.624,48.1,156.5,46.9,3.25,0.97,1,10,11,1,17,107,1,19,107,1,21,107,1,30,107,1,34,107,1,73,107,0,,,0,,,SL,-48.11,122
2025.09.15 23:52,2025.09.17 06:40,BUY,LienKe,3676.646,3673.131,35.2,264.4,28.8,7.52,0.82,1,8,12,1,9,12,1,22,167,1,26,167,1,38,167,1,65,167,1,415,1546,1,504,1546,0,,,SL,-45.85,1848
2025.09.15 23:47,2025.09.17 06:40,BUY,LienKe,3677.418,3673.131,42.9,256.7,36.6,5.99,0.85,1,14,17,1,27,93,1,29,93,1,41,93,1,70,93,1,73,93,1,420,1550,1,576,1550,0,,,SL,-53.57,1853
2025.09.17 06:38,2025.09.17 06:44,BUY,Swing,3674.471,3670.985,34.9,0.0,22.6,0.00,0.65,0,,,0,,,0,,,0,,,0,,,0,,,0,,,0,,,0,,,SL,-34.86,6
2025.09.17 06:36,2025.09.17 06:44,BUY,Swing,3675.997,3670.985,50.1,2.9,37.9,0.06,0.76,0,,,0,,,0,,,0,,,0,,,0,,,0,,,0,,,0,,,SL,-50.12,8
2025.09.17 00:03,2025.09.17 08:03,SELL,LienKe,3694.856,3698.352,35.0,298.4,6.8,8.54,0.20,1,1,6,1,2,6,1,43,-,1,80,-,1,86,-,1,87,-,1,93,-,1,155,-,0,,,TP,300.00,480
2025.09.17 00:03,2025.09.17 08:15,SELL,LienKe,3694.395,3698.352,39.6,299.8,11.4,7.58,0.29,1,2,4,1,42,-,1,49,-,1,80,-,1,86,-,1,87,-,1,93,-,1,155,-,0,,,TP,300.00,492
2025.09.17 10:11,2025.09.17 11:00,BUY,LienKe,3663.617,3660.162,34.6,43.9,32.6,1.27,0.94,1,2,2,1,4,37,1,4,37,0,,,0,,,0,,,0,,,0,,,0,,,SL,-34.55,49
2025.09.17 10:11,2025.09.17 11:00,BUY,LienKe,3664.279,3660.162,41.2,37.2,39.3,0.90,0.95,1,4,37,1,4,37,1,4,37,0,,,0,,,0,,,0,,,0,,,0,,,SL,-41.17,49
2025.09.17 12:12,2025.09.17 12:41,SELL,Swing,3670.965,3674.604,36.4,18.2,32.4,0.50,0.89,1,2,7,0,,,0,,,0,,,0,,,0,,,0,,,0,,,0,,,SL,-36.39,29
2025.09.17 12:12,2025.09.17 12:41,SELL,Swing,3670.752,3674.604,38.5,16.1,34.6,0.42,0.90,1,2,7,0,,,0,,,0,,,0,,,0,,,0,,,0,,,0,,,SL,-38.52,29
2025.09.17 10:50,2025.09.17 18:00,BUY,Swing,3662.626,3657.560,50.7,259.2,27.8,5.12,0.55,1,19,20,1,22,24,1,31,-,1,33,-,1,78,-,1,108,-,1,123,-,1,202,-,0,,,TP,300.00,429
2025.09.17 10:14,2025.09.17 18:00,BUY,Swing,3664.723,3657.560,71.6,238.2,48.8,3.33,0.68,1,1,18,1,1,18,1,4,18,1,94,103,1,144,-,1,148,-,1,200,-,1,243,-,0,,,TP,300.00,466
2025.09.18 00:11,2025.09.18 00:39,BUY,LienKe,3662.156,3658.148,40.1,35.5,29.2,0.89,0.73,1,0,14,1,1,14,1,5,14,0,,,0,,,0,,,0,,,0,,,0,,,SL,-40.08,28
2025.09.18 00:11,2025.09.18 00:39,BUY,LienKe,3663.249,3658.148,51.0,24.6,40.1,0.48,0.79,1,1,2,1,5,8,0,,,0,,,0,,,0,,,0,,,0,,,0,,,SL,-51.01,28
2025.09.18 01:08,2025.09.18 01:19,BUY,LienKe,3658.307,3654.600,37.1,30.9,31.6,0.83,0.85,1,1,2,1,1,2,1,6,7,0,,,0,,,0,,,0,,,0,,,0,,,SL,-37.07,11
2025.09.18 01:07,2025.09.18 01:19,BUY,LienKe,3659.470,3654.600,48.7,19.2,43.2,0.40,0.89,1,3,3,0,,,0,,,0,,,0,,,0,,,0,,,0,,,0,,,SL,-48.70,12
2025.09.17 22:08,2025.09.18 01:32,BUY,LienKe,3658.182,3652.582,56.0,138.4,54.3,2.47,0.97,1,0,151,1,3,151,1,3,151,1,4,151,1,61,151,1,67,151,0,,,0,,,0,,,SL,-72.05,204
2025.09.18 01:16,2025.09.18 01:38,BUY,Swing,3656.003,3652.150,38.5,18.4,37.0,0.48,0.96,1,0,2,0,,,0,,,0,,,0,,,0,,,0,,,0,,,0,,,SL,-38.53,22
2025.09.18 01:12,2025.09.18 01:38,BUY,Swing,3657.977,3652.150,58.3,34.2,56.7,0.59,0.97,1,0,3,1,0,3,1,2,3,0,,,0,,,0,,,0,,,0,,,0,,,SL,-58.27,26
2025.09.18 05:01,2025.09.18 05:54,BUY,LienKe,3653.441,3650.164,32.8,57.5,16.1,1.75,0.49,1,3,5,1,12,38,1,17,38,1,26,38,0,,,0,,,0,,,0,,,0,,,SL,-32.77,53
2025.09.18 05:01,2025.09.18 05:54,BUY,LienKe,3654.163,3650.164,40.0,50.3,23.4,1.26,0.58,1,12,38,1,17,38,1,19,38,1,30,38,0,,,0,,,0,,,0,,,0,,,SL,-39.99,53
2025.09.18 03:02,2025.09.18 06:10,SELL,LienKe,3664.322,3668.997,46.7,233.4,1.6,4.99,0.03,1,0,-,1,4,-,1,17,-,1,51,-,1,92,-,1,115,-,1,180,-,1,182,-,0,,,TP,300.00,188
2025.09.18 09:02,2025.09.18 09:10,SELL,LienKe,3665.625,3668.834,32.1,6.7,28.1,0.21,0.87,0,,,0,,,0,,,0,,,0,,,0,,,0,,,0,,,0,,,SL,-32.09,8
2025.09.18 09:02,2025.09.18 09:10,SELL,LienKe,3665.356,3668.834,34.8,4.0,30.8,0.11,0.88,0,,,0,,,0,,,0,,,0,,,0,,,0,,,0,,,0,,,SL,-34.78,8
2025.09.18 13:44,2025.09.18 13:44,BUY,Swing,3636.640,3630.762,58.8,0.0,1.6,0.00,0.03,0,,,0,,,0,,,0,,,0,,,0,,,0,,,0,,,0,,,SL,-58.78,0
2025.09.18 13:44,2025.09.18 13:44,BUY,Swing,3635.167,3630.762,44.0,0.0,52.7,0.00,1.20,0,,,0,,,0,,,0,,,0,,,0,,,0,,,0,,,0,,,SL,-44.05,0
2025.09.18 16:02,2025.09.18 16:18,SELL,LienKe,3642.448,3645.895,34.5,14.1,32.3,0.41,0.94,1,2,3,0,,,0,,,0,,,0,,,0,,,0,,,0,,,0,,,SL,-34.47,16
2025.09.18 16:02,2025.09.18 16:18,SELL,LienKe,3642.049,3645.895,38.5,10.1,36.3,0.26,0.94,1,2,3,0,,,0,,,0,,,0,,,0,,,0,,,0,,,0,,,SL,-38.46,16
2025.09.18 23:23,2025.09.19 01:51,BUY,LienKe,3639.502,3636.180,33.2,117.2,32.6,3.53,0.98,1,37,44,1,37,44,1,38,44,1,103,147,1,104,147,1,105,147,0,,,0,,,0,,,SL,-38.57,148
2025.09.18 23:21,2025.09.19 01:51,BUY,LienKe,3639.980,3636.180,38.0,112.4,37.4,2.96,0.98,1,39,46,1,39,46,1,103,149,1,105,149,1,106,149,1,107,149,0,,,0,,,0,,,SL,-43.35,150
2025.09.19 05:41,2025.09.19 06:17,BUY,LienKe,3653.873,3650.516,33.6,31.2,30.1,0.93,0.90,1,2,11,1,3,11,1,8,11,0,,,0,,,0,,,0,,,0,,,0,,,SL,-33.57,36
2025.09.19 05:40,2025.09.19 06:17,BUY,LienKe,3654.366,3650.516,38.5,26.3,35.0,0.68,0.91,1,4,7,1,4,7,0,,,0,,,0,,,0,,,0,,,0,,,0,,,SL,-38.50,37
2025.09.19 14:29,2025.09.19 14:53,SELL,LienKe,3664.001,3667.477,34.8,14.3,19.4,0.41,0.56,1,5,6,0,,,0,,,0,,,0,,,0,,,0,,,0,,,0,,,SL,-34.76,24
2025.09.19 14:29,2025.09.19 14:53,SELL,LienKe,3663.484,3667.477,39.9,9.1,24.6,0.23,0.62,0,,,0,,,0,,,0,,,0,,,0,,,0,,,0,,,0,,,SL,-39.93,24
2025.09.19 17:44,2025.09.19 17:45,SELL,LienKe,3673.120,3676.399,32.8,0.0,2.0,0.00,0.06,0,,,0,,,0,,,0,,,0,,,0,,,0,,,0,,,0,,,SL,-32.79,1
2025.09.19 17:42,2025.09.19 17:45,SELL,LienKe,3672.769,3676.399,36.3,2.3,5.5,0.06,0.15,0,,,0,,,0,,,0,,,0,,,0,,,0,,,0,,,0,,,SL,-36.30,3
2025.09.22 01:02,2025.09.22 01:15,SELL,LienKe,3692.262,3696.746,44.8,50.3,33.4,1.12,0.74,1,1,7,1,1,7,1,1,7,1,3,7,0,,,0,,,0,,,0,,,0,,,SL,-44.84,13
2025.09.22 01:02,2025.09.22 01:15,SELL,Swing,3692.262,3696.746,44.8,50.3,33.4,1.12,0.74,1,1,7,1,1,7,1,1,7,1,3,7,0,,,0,,,0,,,0,,,0,,,SL,-44.84,13
2025.09.22 01:01,2025.09.22 01:15,SELL,LienKe,3690.749,3696.746,60.0,35.1,48.5,0.59,0.81,1,0,0,1,4,7,1,4,7,0,,,0,,,0,,,0,,,0,,,0,,,SL,-59.97,14
2025.09.22 01:01,2025.09.22 01:15,SELL,Swing,3690.749,3696.746,60.0,35.1,48.5,0.59,0.81,1,0,0,1,4,7,1,4,7,0,,,0,,,0,,,0,,,0,,,0,,,SL,-59.97,14
2025.09.22 05:25,2025.09.22 06:08,SELL,Swing,3697.345,3700.762,34.2,17.2,31.7,0.50,0.93,1,4,6,0,,,0,,,0,,,0,,,0,,,0,,,0,,,0,,,SL,-34.17,43
2025.09.22 02:46,2025.09.22 06:44,BUY,LienKe,3686.618,3683.250,33.7,293.4,11.5,8.71,0.34,1,3,13,1,6,13,1,19,-,1,36,-,1,57,-,1,62,-,1,214,-,1,228,-,0,,,TP,300.00,238
2025.09.22 02:45,2025.09.22 06:44,BUY,LienKe,3687.180,3683.250,39.3,287.8,17.1,7.32,0.44,1,6,10,1,18,-,1,21,-,1,41,-,1,59,-,1,63,-,1,216,-,1,229,-,0,,,TP,300.00,239
2025.09.24 01:02,2025.09.24 01:10,SELL,LienKe,3766.086,3769.965,38.8,38.6,21.8,0.99,0.56,1,0,3,1,1,3,1,1,3,0,,,0,,,0,,,0,,,0,,,0,,,SL,-38.79,8
2025.09.24 01:01,2025.09.24 01:10,SELL,LienKe,3764.738,3769.965,52.3,25.1,35.3,0.48,0.68,1,2,4,1,2,4,0,,,0,,,0,,,0,,,0,,,0,,,0,,,SL,-52.27,9
2025.09.24 13:33,2025.09.24 13:45,BUY,LienKe,3764.298,3760.257,40.4,21.4,32.6,0.53,0.81,1,0,1,1,7,8,0,,,0,,,0,,,0,,,0,,,0,,,0,,,SL,-40.41,12
2025.09.24 13:33,2025.09.24 13:45,BUY,LienKe,3765.646,3760.257,53.9,8.8,46.1,0.16,0.86,0,,,0,,,0,,,0,,,0,,,0,,,0,,,0,,,0,,,SL,-53.89,12
2025.09.24 14:01,2025.09.24 14:08,BUY,LienKe,3761.625,3756.018,56.1,34.3,15.2,0.61,0.27,1,1,4,1,1,4,1,2,4,0,,,0,,,0,,,0,,,0,,,0,,,SL,-56.07,7
2025.09.24 14:08,2025.09.24 14:09,BUY,LienKe,3760.169,3756.018,41.5,0.0,44.5,0.00,1.07,0,,,0,,,0,,,0,,,0,,,0,,,0,,,0,,,0,,,SL,-41.51,0
2025.09.25 01:14,2025.09.25 01:42,BUY,LienKe,3741.328,3737.639,36.9,57.4,30.2,1.56,0.82,1,3,23,1,5,23,1,7,23,1,9,23,0,,,0,,,0,,,0,,,0,,,SL,-36.89,28
2025.09.25 01:14,2025.09.25 01:42,BUY,LienKe,3742.092,3737.639,44.5,49.7,37.8,1.12,0.85,1,5,22,1,7,22,1,8,22,0,,,0,,,0,,,0,,,0,,,0,,,SL,-44.53,28
2025.09.25 05:38,2025.09.25 06:11,SELL,LienKe,3740.258,3744.316,40.6,38.7,40.0,0.95,0.99,1,0,17,1,1,17,1,5,17,0,,,0,,,0,,,0,,,0,,,0,,,SL,-40.58,33
2025.09.25 07:36,2025.09.25 07:39,SELL,LienKe,3748.090,3751.548,34.6,3.5,30.4,0.10,0.88,0,,,0,,,0,,,0,,,0,,,0,,,0,,,0,,,0,,,SL,-34.58,3
2025.09.25 07:36,2025.09.25 07:39,SELL,LienKe,3747.344,3751.548,42.0,1.1,37.8,0.03,0.90,0,,,0,,,0,,,0,,,0,,,0,,,0,,,0,,,0,,,SL,-42.04,3
2025.09.26 01:21,2025.09.26 03:00,BUY,LienKe,3740.638,3737.122,35.2,35.2,30.3,1.00,0.86,1,7,9,1,11,17,1,24,28,0,,,0,,,0,,,0,,,0,,,0,,,SL,-35.16,99
2025.09.26 01:21,2025.09.26 03:00,BUY,LienKe,3741.278,3737.122,41.6,28.8,36.7,0.69,0.88,1,11,12,1,23,28,0,,,0,,,0,,,0,,,0,,,0,,,0,,,SL,-41.56,99
2025.09.26 10:06,2025.09.26 13:07,SELL,LienKe,3752.868,3758.015,51.5,98.0,47.7,1.90,0.93,1,11,91,1,12,91,1,14,91,1,30,91,1,41,91,0,,,0,,,0,,,0,,,SL,-51.47,181
2025.09.29 09:08,2025.09.29 11:17,SELL,LienKe,3819.593,3822.672,30.8,129.3,29.9,4.20,0.97,1,1,127,1,1,127,1,12,127,1,23,127,1,29,127,1,30,127,0,,,0,,,0,,,SL,-30.79,129
2025.09.29 09:05,2025.09.29 11:17,SELL,LienKe,3818.296,3822.672,43.8,116.4,42.9,2.66,0.98,1,5,10,1,19,93,1,25,93,1,28,93,1,33,93,1,42,93,0,,,0,,,0,,,SL,-43.76,132
2025.09.29 14:08,2025.09.29 15:04,SELL,LienKe,3827.828,3831.487,36.6,110.1,29.9,3.01,0.82,1,1,1,1,1,1,1,8,21,1,9,21,1,11,21,1,12,21,0,,,0,,,0,,,SL,-36.59,56
2025.09.29 14:08,2025.09.29 15:04,SELL,LienKe,3827.365,3831.487,41.2,105.4,34.6,2.56,0.84,1,1,1,1,1,1,1,8,21,1,9,21,1,12,21,1,12,21,0,,,0,,,0,,,SL,-41.22,56
2025.09.30 00:04,2025.09.30 00:05,SELL,Swing,3834.000,3837.166,31.7,0.0,20.0,0.00,0.63,0,,,0,,,0,,,0,,,0,,,0,,,0,,,0,,,0,,,SL,-31.66,1
2025.09.30 00:04,2025.09.30 00:05,SELL,Swing,3833.793,3837.166,33.7,5.5,22.0,0.16,0.65,0,,,0,,,0,,,0,,,0,,,0,,,0,,,0,,,0,,,SL,-33.73,1
2025.09.30 17:20,2025.09.30 19:18,SELL,LienKe,3847.828,3851.388,35.6,80.1,31.8,2.25,0.89,1,6,14,1,8,14,1,24,88,1,29,88,1,47,88,0,,,0,,,0,,,0,,,SL,-35.60,118
2025.09.30 17:20,2025.09.30 19:18,SELL,LienKe,3847.808,3851.388,35.8,79.9,32.0,2.23,0.89,1,6,14,1,8,14,1,24,88,1,43,88,0,,,0,,,0,,,0,,,0,,,SL,-35.80,118
2025.10.01 01:32,2025.10.01 01:49,SELL,LienKe,3865.104,3868.522,34.2,11.6,19.0,0.34,0.56,1,1,1,0,,,0,,,0,,,0,,,0,,,0,,,0,,,0,,,SL,-34.18,17
2025.10.01 01:32,2025.10.01 01:49,SELL,LienKe,3864.664,3868.522,38.6,7.2,23.4,0.19,0.61,0,,,0,,,0,,,0,,,0,,,0,,,0,,,0,,,0,,,SL,-38.58,17
2025.10.01 07:23,2025.10.01 07:37,SELL,Swing,3869.952,3873.393,34.4,24.2,33.7,0.70,0.98,1,1,6,1,3,6,0,,,0,,,0,,,0,,,0,,,0,,,0,,,SL,-34.41,14
2025.10.01 07:23,2025.10.01 07:37,SELL,Swing,3869.496,3873.393,39.0,19.7,38.3,0.50,0.98,1,1,6,0,,,0,,,0,,,0,,,0,,,0,,,0,,,0,,,SL,-38.97,14
2025.10.01 20:10,2025.10.02 00:20,BUY,LienKe,3861.564,3857.262,43.0,62.0,40.9,1.44,0.95,1,1,7,1,19,118,1,24,118,1,112,118,0,,,0,,,0,,,0,,,0,,,SL,-59.07,250
2025.10.01 14:49,2025.10.02 01:00,BUY,LienKe,3863.322,3853.165,101.6,134.8,84.5,1.33,0.83,1,0,29,1,0,29,1,0,29,1,1,29,1,2,29,1,8,29,0,,,0,,,0,,,SL,-117.62,611
2025.10.01 14:49,2025.10.02 01:00,BUY,LienKe,3866.554,3853.165,133.9,102.5,116.9,0.77,0.87,1,1,23,1,1,23,1,2,23,1,2,23,1,11,23,1,11,23,0,,,0,,,0,,,SL,-149.94,611
2025.10.01 17:22,2025.10.02 07:17,SELL,LienKe,3871.515,3874.762,32.5,185.2,30.8,5.70,0.95,1,6,8,1,6,8,1,15,763,1,17,763,1,24,763,1,26,763,1,42,763,0,,,0,,,SL,-32.47,834
2025.10.01 17:22,2025.10.02 07:17,SELL,LienKe,3871.298,3874.762,34.6,183.1,32.9,5.28,0.95,1,6,7,1,6,7,1,15,725,1,17,725,1,24,725,1,36,725,1,43,725,0,,,0,,,SL,-34.64,835
2025.10.02 09:45,2025.10.02 10:21,SELL,LienKe,3878.564,3882.340,37.8,28.0,19.4,0.74,0.51,1,0,1,1,5,7,0,,,0,,,0,,,0,,,0,,,0,,,0,,,SL,-37.76,36
2025.10.02 09:45,2025.10.02 10:21,SELL,LienKe,3877.678,3882.340,46.6,19.2,28.3,0.41,0.61,1,5,7,0,,,0,,,0,,,0,,,0,,,0,,,0,,,0,,,SL,-46.62,36
2025.10.01 18:07,2025.10.02 11:37,BUY,Swing,3855.819,3851.868,39.5,295.7,29.9,7.48,0.76,1,1,2,1,3,413,1,4,413,1,6,413,1,11,413,1,24,413,1,102,413,1,877,-,0,,,TP,283.95,1050
2025.10.01 18:06,2025.10.02 12:03,BUY,Swing,3857.438,3851.868,55.7,295.7,46.1,5.31,0.83,1,0,1,1,7,374,1,7,374,1,10,374,1,25,374,1,96,374,1,729,-,1,890,-,0,,,TP,283.95,1077
2025.10.02 12:02,2025.10.02 12:06,SELL,LienKe,3886.752,3890.005,32.5,1.1,22.4,0.03,0.69,0,,,0,,,0,,,0,,,0,,,0,,,0,,,0,,,0,,,SL,-32.53,4
2025.10.02 12:02,2025.10.02 12:06,SELL,LienKe,3886.481,3890.005,35.2,3.4,25.1,0.10,0.71,0,,,0,,,0,,,0,,,0,,,0,,,0,,,0,,,0,,,SL,-35.24,4
2025.10.02 04:46,2025.10.02 13:30,BUY,LienKe,3863.997,3860.734,32.6,298.0,23.0,9.13,0.70,1,14,130,1,15,130,1,15,130,1,30,130,1,87,130,1,91,130,1,298,-,1,390,-,0,,,TP,300.00,523
2025.10.02 04:36,2025.10.02 13:31,BUY,LienKe,3864.325,3860.734,35.9,298.5,26.3,8.31,0.73,1,2,9,1,25,140,1,31,140,1,49,140,1,99,140,1,160,172,1,308,-,1,402,-,0,,,TP,300.00,535
2025.10.02 14:01,2025.10.02 14:12,BUY,LienKe,3873.961,3869.633,43.3,27.5,35.0,0.64,0.81,1,0,1,1,0,1,0,,,0,,,0,,,0,,,0,,,0,,,0,,,SL,-43.28,11
2025.10.02 14:01,2025.10.02 14:12,BUY,LienKe,3876.739,3869.633,71.1,1.1,62.8,0.02,0.88,0,,,0,,,0,,,0,,,0,,,0,,,0,,,0,,,0,,,SL,-71.06,11
2025.10.02 18:37,2025.10.02 18:50,SELL,LienKe,3847.632,3850.993,33.6,0.0,16.5,0.00,0.49,0,,,0,,,0,,,0,,,0,,,0,,,0,,,0,,,0,,,SL,-33.61,13
2025.10.02 18:37,2025.10.02 18:50,SELL,LienKe,3847.159,3850.993,38.3,0.0,21.2,0.00,0.55,0,,,0,,,0,,,0,,,0,,,0,,,0,,,0,,,0,,,SL,-38.34,13
2025.10.03 06:14,2025.10.03 07:23,SELL,LienKe,3858.859,3862.241,33.8,33.7,33.5,1.00,0.99,1,20,21,1,33,39,1,36,39,0,,,0,,,0,,,0,,,0,,,0,,,SL,-33.82,69
2025.10.03 06:14,2025.10.03 07:23,SELL,LienKe,3858.586,3862.241,36.6,30.9,36.3,0.85,0.99,1,32,39,1,33,39,1,36,39,0,,,0,,,0,,,0,,,0,,,0,,,SL,-36.55,69
2025.10.03 08:58,2025.10.03 12:34,SELL,LienKe,3865.316,3868.705,33.9,104.7,33.5,3.09,0.99,1,2,63,1,4,63,1,6,63,1,8,63,1,23,63,1,156,196,0,,,0,,,0,,,SL,-33.89,215
2025.10.03 08:10,2025.10.03 12:34,SELL,LienKe,3863.452,3868.705,52.5,86.0,52.1,1.64,0.99,1,0,19,1,7,19,1,12,19,1,71,106,1,204,222,0,,,0,,,0,,,0,,,SL,-52.53,264
2025.10.03 11:35,2025.10.03 13:45,BUY,Swing,3857.598,3851.689,59.1,299.1,11.3,5.06,0.19,1,1,-,1,2,-,1,5,-,1,14,-,1,57,-,1,57,-,1,82,-,1,98,-,0,,,TP,300.00,130
2025.10.05 22:14,2025.10.05 22:17,SELL,LienKe,3889.182,3892.739,35.6,0.0,32.4,0.00,0.91,0,,,0,,,0,,,0,,,0,,,0,,,0,,,0,,,0,,,SL,-35.57,3
2025.10.05 22:14,2025.10.05 22:17,SELL,Swing,3889.182,3892.739,35.6,0.0,32.4,0.00,0.91,0,,,0,,,0,,,0,,,0,,,0,,,0,,,0,,,0,,,SL,-35.57,3
2025.10.05 22:07,2025.10.05 22:17,SELL,LienKe,3886.259,3892.739,64.8,20.7,61.7,0.32,0.95,1,3,4,1,3,4,0,,,0,,,0,,,0,,,0,,,0,,,0,,,SL,-64.80,10
2025.10.05 22:07,2025.10.05 22:17,SELL,Swing,3886.259,3892.739,64.8,20.7,61.7,0.32,0.95,1,3,4,1,3,4,0,,,0,,,0,,,0,,,0,,,0,,,0,,,SL,-64.80,10
2025.10.06 07:02,2025.10.06 07:48,SELL,LienKe,3934.495,3938.008,35.1,50.6,26.3,1.44,0.75,1,9,10,1,19,36,1,19,36,1,22,36,0,,,0,,,0,,,0,,,0,,,SL,-35.13,46
2025.10.06 07:02,2025.10.06 07:48,SELL,LienKe,3933.867,3938.008,41.4,44.4,32.6,1.07,0.79,1,18,30,1,19,30,1,19,30,0,,,0,,,0,,,0,,,0,,,0,,,SL,-41.41,46
2025.10.07 05:10,2025.10.07 05:11,BUY,LienKe,3971.300,3967.308,39.9,0.0,19.8,0.00,0.50,0,,,0,,,0,,,0,,,0,,,0,,,0,,,0,,,0,,,SL,-39.92,1
2025.10.07 05:06,2025.10.07 05:11,BUY,LienKe,3972.583,3967.308,52.8,23.0,32.6,0.44,0.62,1,1,2,1,1,2,0,,,0,,,0,,,0,,,0,,,0,,,0,,,SL,-52.75,5
2025.10.07 06:38,2025.10.07 06:42,BUY,LienKe,3960.507,3956.761,37.5,10.6,19.4,0.28,0.52,1,1,2,0,,,0,,,0,,,0,,,0,,,0,,,0,,,0,,,SL,-37.46,4
2025.10.07 06:06,2025.10.07 06:42,BUY,LienKe,3961.436,3956.761,46.8,48.8,28.7,1.04,0.61,1,0,12,1,2,12,1,8,12,0,,,0,,,0,,,0,,,0,,,0,,,SL,-46.75,36
2025.10.07 14:48,2025.10.07 15:18,SELL,LienKe,3985.206,3989.545,43.4,59.3,39.1,1.37,0.90,1,2,3,1,2,3,1,15,23,1,18,23,0,,,0,,,0,,,0,,,0,,,SL,-43.39,30
2025.10.07 14:37,2025.10.07 15:18,SELL,LienKe,3983.292,3989.545,62.5,40.2,58.2,0.64,0.93,1,0,0,1,2,3,1,7,9,0,,,0,,,0,,,0,,,0,,,0,,,SL,-62.53,41
2025.10.07 14:10,2025.10.07 15:47,BUY,LienKe,3971.418,3966.810,46.1,196.4,39.5,4.26,0.86,1,1,2,1,1,2,1,1,2,1,9,92,1,20,92,1,23,92,1,25,92,0,,,0,,,SL,-46.08,97
2025.10.07 14:07,2025.10.07 15:47,BUY,LienKe,3974.572,3966.810,77.6,164.9,71.1,2.12,0.92,1,5,5,1,12,14,1,12,14,1,23,93,1,27,93,1,29,93,1,71,93,0,,,0,,,SL,-77.62,100
2025.10.08 15:02,2025.10.08 16:11,SELL,LienKe,4048.964,4052.545,35.8,115.6,19.1,3.23,0.53,1,1,2,1,3,4,1,3,4,1,8,68,1,12,68,1,12,68,0,,,0,,,0,,,SL,-35.81,69
2025.10.08 15:02,2025.10.08 16:11,SELL,Swing,4048.964,4052.545,35.8,115.6,19.1,3.23,0.53,1,1,2,1,3,4,1,3,4,1,8,68,1,12,68,1,12,68,0,,,0,,,0,,,SL,-35.81,69
2025.10.08 15:01,2025.10.08 16:11,SELL,LienKe,4048.431,4052.545,41.1,110.3,24.5,2.68,0.60,1,0,1,1,0,1,1,5,5,1,12,52,1,13,52,1,13,52,0,,,0,,,0,,,SL,-41.14,70
2025.10.08 15:01,2025.10.08 16:11,SELL,Swing,4048.431,4052.545,41.1,110.3,24.5,2.68,0.60,1,0,1,1,0,1,1,5,5,1,12,52,1,13,52,1,13,52,0,,,0,,,0,,,SL,-41.14,70
2025.10.09 01:21,2025.10.09 01:27,SELL,LienKe,4027.343,4031.639,43.0,35.5,13.3,0.83,0.31,1,1,2,1,1,2,1,1,2,0,,,0,,,0,,,0,,,0,,,0,,,SL,-42.96,6
2025.10.09 01:21,2025.10.09 01:27,SELL,LienKe,4024.903,4031.639,67.4,11.1,37.7,0.16,0.56,1,3,3,0,,,0,,,0,,,0,,,0,,,0,,,0,,,0,,,SL,-67.36,6
2025.10.09 10:52,2025.10.09 11:00,SELL,LienKe,4041.897,4045.150,32.5,13.0,26.1,0.40,0.80,1,1,3,0,,,0,,,0,,,0,,,0,,,0,,,0,,,0,,,SL,-32.53,8
2025.10.09 10:52,2025.10.09 11:00,SELL,LienKe,4041.563,4045.150,35.9,9.6,29.4,0.27,0.82,0,,,0,,,0,,,0,,,0,,,0,,,0,,,0,,,0,,,SL,-35.87,8
2025.10.10 03:24,2025.10.10 03:26,BUY,Swing,3970.498,3966.852,36.5,0.0,18.5,0.00,0.51,0,,,0,,,0,,,0,,,0,,,0,,,0,,,0,,,0,,,SL,-36.46,2
2025.10.10 03:17,2025.10.10 03:26,BUY,Swing,3971.937,3966.852,50.9,24.4,32.9,0.48,0.65,1,0,6,1,1,6,0,,,0,,,0,,,0,,,0,,,0,,,0,,,SL,-50.85,9
2025.10.10 13:03,2025.10.10 13:58,BUY,LienKe,3980.710,3976.471,42.4,175.0,39.2,4.13,0.92,1,2,47,1,3,47,1,3,47,1,4,47,1,6,47,1,15,47,1,30,47,0,,,0,,,SL,-42.39,54
2025.10.10 13:03,2025.10.10 13:58,BUY,LienKe,3982.233,3976.471,57.6,159.7,54.4,2.77,0.94,1,3,3,1,4,46,1,4,46,1,6,46,1,15,46,1,20,46,1,30,46,0,,,0,,,SL,-57.62,55
2025.10.13 03:46,2025.10.13 04:38,SELL,LienKe,4054.838,4059.467,46.3,63.4,43.5,1.37,0.94,1,0,31,1,1,31,1,1,31,1,4,31,0,,,0,,,0,,,0,,,0,,,SL,-46.29,52
2025.10.13 10:45,2025.10.13 10:51,SELL,LienKe,4079.508,4083.021,35.1,13.9,32.8,0.40,0.93,1,0,1,0,,,0,,,0,,,0,,,0,,,0,,,0,,,0,,,SL,-35.13,6
2025.10.13 10:44,2025.10.13 10:51,SELL,LienKe,4078.531,4083.021,44.9,6.4,42.6,0.14,0.95,0,,,0,,,0,,,0,,,0,,,0,,,0,,,0,,,0,,,SL,-44.90,7
2025.10.14 05:06,2025.10.14 05:07,SELL,LienKe,4170.224,4173.979,37.6,0.0,11.7,0.00,0.31,0,,,0,,,0,,,0,,,0,,,0,,,0,,,0,,,0,,,SL,-37.55,1
2025.10.14 05:05,2025.10.14 05:07,SELL,LienKe,4169.383,4173.979,46.0,12.1,20.1,0.26,0.44,1,0,0,0,,,0,,,0,,,0,,,0,,,0,,,0,,,0,,,SL,-45.96,2
2025.10.15 03:13,2025.10.15 03:47,SELL,LienKe,4184.208,4187.747,35.4,42.6,32.5,1.20,0.92,1,2,2,1,3,13,1,4,13,0,,,0,,,0,,,0,,,0,,,0,,,SL,-35.39,34
2025.10.15 03:13,2025.10.15 03:47,SELL,LienKe,4183.624,4187.747,41.2,36.8,38.3,0.89,0.93,1,3,4,1,3,4,1,5,13,0,,,0,,,0,,,0,,,0,,,0,,,SL,-41.23,34
2025.10.15 05:23,2025.10.15 06:44,SELL,Swing,4190.992,4194.497,35.1,66.2,33.6,1.89,0.96,1,8,19,1,8,19,1,8,19,1,8,19,0,,,0,,,0,,,0,,,0,,,SL,-35.05,80
2025.10.15 05:23,2025.10.15 06:44,SELL,Swing,4190.669,4194.497,38.3,63.0,36.8,1.65,0.96,1,8,10,1,8,10,1,8,10,1,9,10,0,,,0,,,0,,,0,,,0,,,SL,-38.28,81
2025.10.15 22:14,2025.10.15 22:15,BUY,LienKe,4204.912,4200.321,45.9,4.2,4.6,0.09,0.10,0,,,0,,,0,,,0,,,0,,,0,,,0,,,0,,,0,,,SL,-45.91,1
2025.10.15 22:12,2025.10.15 22:15,BUY,LienKe,4207.808,4200.321,74.9,15.1,33.6,0.20,0.45,1,1,1,0,,,0,,,0,,,0,,,0,,,0,,,0,,,0,,,SL,-74.87,3
2025.10.15 22:03,2025.10.15 23:00,SELL,LienKe,4212.600,4215.958,33.6,128.3,32.5,3.82,0.97,1,0,1,1,5,19,1,5,19,1,5,19,1,8,19,1,12,19,0,,,0,,,0,,,SL,-33.58,57
2025.10.15 22:03,2025.10.15 23:00,SELL,LienKe,4212.217,4215.958,37.4,124.4,36.4,3.33,0.97,1,0,0,1,5,19,1,5,19,1,5,19,1,8,19,1,12,19,0,,,0,,,0,,,SL,-37.41,57
2025.10.16 00:18,2025.10.16 00:26,SELL,LienKe,4216.482,4220.595,41.1,1.9,40.8,0.05,0.99,0,,,0,,,0,,,0,,,0,,,0,,,0,,,0,,,0,,,SL,-41.13,7
2025.10.16 00:16,2025.10.16 00:26,SELL,LienKe,4215.331,4220.595,52.6,2.4,52.3,0.05,0.99,0,,,0,,,0,,,0,,,0,,,0,,,0,,,0,,,0,,,SL,-52.64,10
2025.10.16 00:05,2025.10.16 02:55,BUY,LienKe,4206.679,4201.950,47.3,298.2,1.6,6.31,0.03,1,0,1,1,2,-,1,2,-,1,4,-,1,9,-,1,10,-,1,22,-,1,35,-,0,,,TP,300.00,170
2025.10.16 11:43,2025.10.16 12:35,SELL,LienKe,4246.163,4249.680,35.2,95.0,22.0,2.70,0.62,1,5,50,1,6,50,1,6,50,1,8,50,1,42,50,0,,,0,,,0,,,0,,,SL,-35.17,52
2025.10.16 11:27,2025.10.16 12:35,SELL,LienKe,4245.591,4249.680,40.9,89.3,27.7,2.18,0.68,1,1,3,1,2,3,1,9,14,1,25,66,1,59,66,0,,,0,,,0,,,0,,,SL,-40.89,68
2025.10.16 12:35,2025.10.16 12:37,SELL,LienKe,4247.252,4251.200,39.5,0.0,32.3,0.00,0.82,0,,,0,,,0,,,0,,,0,,,0,,,0,,,0,,,0,,,SL,-39.48,2
2025.10.16 12:35,2025.10.16 12:37,SELL,LienKe,4246.334,4251.200,48.7,0.6,41.5,0.01,0.85,0,,,0,,,0,,,0,,,0,,,0,,,0,,,0,,,0,,,SL,-48.66,2
2025.10.20 03:03,2025.10.20 03:35,BUY,LienKe,4254.331,4249.481,48.5,83.5,27.1,1.72,0.56,1,2,3,1,5,11,1,6,11,1,7,11,1,17,27,0,,,0,,,0,,,0,,,SL,-48.50,32
2025.10.20 03:02,2025.10.20 03:35,BUY,LienKe,4256.377,4249.481,69.0,63.0,47.6,0.91,0.69,1,7,9,1,8,9,1,8,9,1,18,27,0,,,0,,,0,,,0,,,0,,,SL,-68.96,33
2025.10.20 05:49,2025.10.20 05:53,BUY,Swing,4248.731,4243.946,47.8,41.1,24.8,0.86,0.52,1,1,3,1,1,3,1,1,3,0,,,0,,,0,,,0,,,0,,,0,,,SL,-47.85,4
2025.10.20 05:24,2025.10.20 05:53,BUY,Swing,4251.022,4243.946,70.8,94.4,47.7,1.33,0.67,1,0,1,1,0,1,1,2,14,1,5,14,1,6,14,0,,,0,,,0,,,0,,,SL,-70.76,29
2025.10.20 12:12,2025.10.20 12:18,SELL,LienKe,4280.269,4284.296,40.3,16.9,34.0,0.42,0.84,1,4,5,0,,,0,,,0,,,0,,,0,,,0,,,0,,,0,,,SL,-40.27,6
2025.10.20 12:01,2025.10.20 12:18,SELL,LienKe,4277.960,4284.296,63.4,50.7,57.1,0.80,0.90,1,0,1,1,1,1,1,6,8,1,6,8,0,,,0,,,0,,,0,,,0,,,SL,-63.36,17
2025.10.20 23:53,2025.10.21 01:17,BUY,LienKe,4358.306,4354.398,39.1,139.9,23.3,3.58,0.60,1,0,2,1,0,2,1,1,2,1,14,23,1,29,74,1,30,74,0,,,0,,,0,,,SL,-44.43,84
2025.10.20 23:48,2025.10.21 01:17,BUY,LienKe,4359.951,4354.398,55.5,123.5,39.7,2.22,0.72,1,1,1,1,6,6,1,19,21,1,33,79,1,34,79,1,36,79,0,,,0,,,0,,,SL,-60.88,89
2025.10.21 01:02,2025.10.21 01:37,SELL,LienKe,4367.544,4375.296,77.5,260.8,27.9,3.36,0.36,1,1,-,1,1,-,1,2,-,1,2,-,1,5,-,1,13,-,1,22,-,1,28,-,0,,,TP,300.00,35
2025.10.21 05:13,2025.10.21 05:30,BUY,Swing,4332.948,4328.893,40.6,27.1,34.3,0.67,0.85,1,1,2,1,1,2,0,,,0,,,0,,,0,,,0,,,0,,,0,,,SL,-40.55,17
2025.10.21 05:13,2025.10.21 05:30,BUY,Swing,4335.028,4328.893,61.4,12.6,55.1,0.21,0.90,1,0,0,0,,,0,,,0,,,0,,,0,,,0,,,0,,,0,,,SL,-61.35,17
2025.10.21 16:24,2025.10.21 16:36,BUY,LienKe,4117.867,4111.812,60.6,38.2,51.3,0.63,0.85,1,2,3,1,2,3,1,2,3,0,,,0,,,0,,,0,,,0,,,0,,,SL,-60.55,12
2025.10.21 16:23,2025.10.21 16:36,BUY,LienKe,4121.064,4111.812,92.5,6.2,83.2,0.07,0.90,0,,,0,,,0,,,0,,,0,,,0,,,0,,,0,,,0,,,SL,-92.52,13
2025.10.21 17:11,2025.10.21 17:27,BUY,LienKe,4102.701,4098.146,45.6,163.6,8.6,3.59,0.19,1,1,-,1,1,-,1,1,-,1,1,-,1,2,-,1,3,-,1,4,-,0,,,0,,,SL,-45.55,16
2025.10.21 17:06,2025.10.21 17:27,BUY,LienKe,4105.236,4098.146,70.9,138.2,34.0,1.95,0.48,1,0,0,1,0,0,1,1,2,1,7,20,1,8,20,1,9,20,0,,,0,,,0,,,SL,-70.90,21
2025.10.22 12:28,2025.10.22 12:31,SELL,LienKe,4042.932,4048.093,51.6,11.4,32.0,0.22,0.62,1,2,2,0,,,0,,,0,,,0,,,0,,,0,,,0,,,0,,,SL,-51.61,3
2025.10.22 12:05,2025.10.22 12:31,SELL,LienKe,4040.576,4048.093,75.2,128.4,55.6,1.71,0.74,1,0,2,1,0,2,1,0,2,1,3,10,1,3,10,1,4,10,0,,,0,,,0,,,SL,-75.17,26
2025.10.23 03:12,2025.10.23 03:14,SELL,LienKe,4084.982,4088.512,35.3,2.4,13.1,0.07,0.37,0,,,0,,,0,,,0,,,0,,,0,,,0,,,0,,,0,,,SL,-35.30,2
2025.10.23 03:12,2025.10.23 03:14,SELL,LienKe,4084.428,4088.512,40.8,3.8,18.6,0.09,0.46,0,,,0,,,0,,,0,,,0,,,0,,,0,,,0,,,0,,,SL,-40.84,2
2025.10.23 20:04,2025.10.23 20:10,BUY,LienKe,4115.518,4111.202,43.2,34.4,26.0,0.80,0.60,1,1,3,1,1,3,1,1,3,0,,,0,,,0,,,0,,,0,,,0,,,SL,-43.16,6
2025.10.23 20:01,2025.10.23 20:10,BUY,LienKe,4116.967,4111.202,57.6,24.7,40.5,0.43,0.70,1,0,1,1,1,1,0,,,0,,,0,,,0,,,0,,,0,,,0,,,SL,-57.65,9
2025.10.23 23:24,2025.10.23 23:32,BUY,LienKe,4111.568,4107.812,37.6,24.8,24.9,0.66,0.66,1,2,6,1,3,6,0,,,0,,,0,,,0,,,0,,,0,,,0,,,SL,-37.56,8
2025.10.23 23:24,2025.10.23 23:32,BUY,LienKe,4112.064,4107.812,42.5,19.8,29.9,0.47,0.70,1,3,4,0,,,0,,,0,,,0,,,0,,,0,,,0,,,0,,,SL,-42.52,8
2025.10.24 10:59,2025.10.24 11:02,BUY,LienKe,4054.291,4050.480,38.1,27.5,22.4,0.72,0.59,1,0,1,1,0,1,0,,,0,,,0,,,0,,,0,,,0,,,0,,,SL,-38.11,3
2025.10.24 10:57,2025.10.24 11:02,BUY,LienKe,4055.241,4050.480,47.6,18.0,31.9,0.38,0.67,1,3,3,0,,,0,,,0,,,0,,,0,,,0,,,0,,,0,,,SL,-47.61,5
2025.10.24 11:04,2025.10.24 12:30,BUY,Swing,4046.296,4040.978,53.2,192.8,8.8,3.62,0.17,1,1,1,1,1,1,1,1,1,1,2,-,1,3,-,1,4,-,1,6,-,0,,,0,,,TP,300.00,86
2025.10.24 11:04,2025.10.24 12:30,BUY,Swing,4048.812,4040.978,78.3,167.6,33.9,2.14,0.43,1,0,0,1,0,0,1,2,-,1,3,-,1,4,-,1,4,-,1,44,-,0,,,0,,,TP,300.00,86
2025.10.24 17:26,2025.10.24 17:31,BUY,LienKe,4122.019,4117.989,40.3,30.6,17.7,0.76,0.44,1,1,3,1,1,3,1,2,3,0,,,0,,,0,,,0,,,0,,,0,,,SL,-40.30,5
2025.10.24 17:24,2025.10.24 17:31,BUY,LienKe,4123.197,4117.989,52.1,18.8,29.4,0.36,0.57,1,0,0,0,,,0,,,0,,,0,,,0,,,0,,,0,,,0,,,SL,-52.08,7
2025.10.24 20:03,2025.10.24 20:11,BUY,Swing,4101.959,4098.270,36.9,13.8,11.4,0.37,0.31,1,2,3,0,,,0,,,0,,,0,,,0,,,0,,,0,,,0,,,SL,-36.89,8
2025.10.24 20:02,2025.10.24 20:11,BUY,LienKe,4102.391,4098.270,41.2,9.5,15.7,0.23,0.38,0,,,0,,,0,,,0,,,0,,,0,,,0,,,0,,,0,,,SL,-41.21,9
2025.10.24 20:02,2025.10.24 20:11,BUY,LienKe,4102.827,4098.270,45.6,13.7,20.1,0.30,0.44,1,0,0,0,,,0,,,0,,,0,,,0,,,0,,,0,,,0,,,SL,-45.57,9
2025.10.24 20:02,2025.10.24 20:11,BUY,Swing,4102.827,4098.270,45.6,13.7,20.1,0.30,0.44,1,0,0,0,,,0,,,0,,,0,,,0,,,0,,,0,,,0,,,SL,-45.57,9
2025.10.26 23:39,2025.10.26 23:43,BUY,LienKe,4069.977,4064.423,55.5,25.0,34.5,0.45,0.62,1,1,2,1,1,2,0,,,0,,,0,,,0,,,0,,,0,,,0,,,SL,-55.54,4
2025.10.26 23:39,2025.10.26 23:43,BUY,LienKe,4072.724,4064.423,83.0,0.8,62.0,0.01,0.75,0,,,0,,,0,,,0,,,0,,,0,,,0,,,0,,,0,,,SL,-83.01,4
2025.10.27 00:02,2025.10.27 01:08,BUY,LienKe,4061.663,4055.794,58.7,291.4,35.5,4.96,0.61,1,1,1,1,1,1,1,2,-,1,5,-,1,6,-,1,6,-,1,32,-,1,57,-,0,,,TP,300.00,66
2025.10.27 00:01,2025.10.27 01:26,BUY,LienKe,4067.719,4055.794,119.3,284.8,96.1,2.39,0.81,1,6,17,1,7,17,1,7,17,1,31,-,1,33,-,1,44,-,1,58,-,1,64,-,0,,,TP,300.00,85
2025.10.27 07:09,2025.10.27 07:11,BUY,LienKe,4074.299,4070.688,36.1,0.0,32.8,0.00,0.91,0,,,0,,,0,,,0,,,0,,,0,,,0,,,0,,,0,,,SL,-36.11,1
2025.10.27 07:06,2025.10.27 07:11,BUY,LienKe,4075.812,4070.688,51.2,7.8,47.9,0.15,0.94,0,,,0,,,0,,,0,,,0,,,0,,,0,,,0,,,0,,,SL,-51.24,5
2025.10.27 08:07,2025.10.27 08:22,BUY,LienKe,4064.347,4060.749,36.0,61.9,20.7,1.72,0.58,1,1,3,1,1,3,1,8,14,1,8,14,0,,,0,,,0,,,0,,,0,,,SL,-35.98,15
2025.10.27 08:07,2025.10.27 08:22,BUY,LienKe,4065.079,4060.749,43.3,54.5,28.0,1.26,0.65,1,1,2,1,1,2,1,8,13,1,9,13,0,,,0,,,0,,,0,,,0,,,SL,-43.30,15
2025.10.27 11:37,2025.10.27 11:38,BUY,Swing,4024.199,4017.958,62.4,0.0,24.0,0.00,0.38,0,,,0,,,0,,,0,,,0,,,0,,,0,,,0,,,0,,,SL,-62.41,1
2025.10.27 11:12,2025.10.27 11:38,BUY,Swing,4027.713,4017.958,97.6,50.1,59.1,0.51,0.61,1,0,22,1,1,22,1,1,22,1,3,22,0,,,0,,,0,,,0,,,0,,,SL,-97.55,26
2025.10.27 17:02,2025.10.27 17:05,SELL,LienKe,4000.514,4004.295,37.8,0.0,36.4,0.00,0.96,0,,,0,,,0,,,0,,,0,,,0,,,0,,,0,,,0,,,SL,-37.81,3
2025.10.27 17:02,2025.10.27 17:05,SELL,LienKe,4000.259,4004.295,40.4,1.1,39.0,0.03,0.97,0,,,0,,,0,,,0,,,0,,,0,,,0,,,0,,,0,,,SL,-40.36,3
2025.10.28 02:16,2025.10.28 02:21,BUY,LienKe,4004.077,3999.845,42.3,12.9,8.5,0.30,0.20,1,1,4,0,,,0,,,0,,,0,,,0,,,0,,,0,,,0,,,SL,-42.32,5
2025.10.28 02:16,2025.10.28 02:21,BUY,LienKe,4005.535,3999.845,56.9,1.1,23.1,0.02,0.41,0,,,0,,,0,,,0,,,0,,,0,,,0,,,0,,,0,,,SL,-56.90,5
2025.10.28 06:08,2025.10.28 06:28,BUY,LienKe,3958.658,3952.734,59.2,14.7,53.6,0.25,0.91,1,2,2,0,,,0,,,0,,,0,,,0,,,0,,,0,,,0,,,SL,-59.24,20
2025.10.28 06:08,2025.10.28 06:28,BUY,LienKe,3960.002,3952.734,72.7,3.5,67.1,0.05,0.92,0,,,0,,,0,,,0,,,0,,,0,,,0,,,0,,,0,,,SL,-72.68,20
2025.10.28 08:17,2025.10.28 08:19,BUY,LienKe,3920.923,3917.024,39.0,3.0,33.4,0.08,0.86,0,,,0,,,0,,,0,,,0,,,0,,,0,,,0,,,0,,,SL,-38.99,1
2025.10.28 08:16,2025.10.28 08:19,BUY,LienKe,3922.216,3917.024,51.9,22.0,46.3,0.42,0.89,1,0,1,1,0,1,0,,,0,,,0,,,0,,,0,,,0,,,0,,,SL,-51.92,3
2025.10.28 22:03,2025.10.28 22:07,SELL,LienKe,3959.789,3964.198,44.1,98.9,3.0,2.24,0.07,1,0,-,1,0,-,1,0,-,1,2,-,1,3,-,0,,,0,,,0,,,0,,,TP,300.00,4
2025.10.28 22:03,2025.10.28 22:07,SELL,LienKe,3958.385,3964.198,58.1,84.8,17.0,1.46,0.29,1,0,-,1,1,-,1,1,-,1,3,-,1,3,-,0,,,0,,,0,,,0,,,TP,300.00,4
2025.10.29 15:35,2025.10.29 15:46,BUY,Swing,4003.308,3998.883,44.3,45.6,14.6,1.03,0.33,1,0,8,1,0,8,1,1,8,0,,,0,,,0,,,0,,,0,,,0,,,SL,-44.25,11
2025.10.29 15:28,2025.10.29 15:46,BUY,Swing,4004.941,3998.883,60.6,39.7,30.9,0.65,0.51,1,0,6,1,1,6,1,2,6,0,,,0,,,0,,,0,,,0,,,0,,,SL,-60.58,18
2025.10.29 18:02,2025.10.29 18:35,BUY,LienKe,3988.422,3975.582,128.4,190.8,118.4,1.49,0.92,1,0,3,1,0,3,1,0,3,1,0,3,1,0,3,1,0,3,1,0,3,0,,,0,,,SL,-128.40,33
2025.10.30 00:46,2025.10.30 02:05,BUY,LienKe,3943.308,3935.026,82.8,230.8,61.6,2.79,0.74,1,0,4,1,0,4,1,0,4,1,0,4,1,9,75,1,12,75,1,15,75,1,19,75,0,,,SL,-82.82,79
2025.10.30 11:19,2025.10.30 11:20,BUY,LienKe,3973.251,3968.990,42.6,0.0,19.9,0.00,0.47,0,,,0,,,0,,,0,,,0,,,0,,,0,,,0,,,0,,,SL,-42.61,1
2025.10.30 11:19,2025.10.30 11:20,BUY,LienKe,3974.660,3968.990,56.7,2.0,34.0,0.04,0.60,0,,,0,,,0,,,0,,,0,,,0,,,0,,,0,,,0,,,SL,-56.70,1
2025.10.30 13:42,2025.10.30 13:57,BUY,LienKe,3963.751,3957.046,67.1,279.4,4.7,4.17,0.07,1,0,-,1,0,-,1,0,-,1,0,-,1,2,-,1,2,-,1,3,-,1,9,-,0,,,TP,300.00,15
2025.10.30 13:02,2025.10.30 14:00,BUY,LienKe,3966.218,3957.046,91.7,291.5,29.4,3.18,0.32,1,0,33,1,0,33,1,0,33,1,0,33,1,2,33,1,4,33,1,44,-,1,51,-,0,,,TP,300.00,58
2025.10.30 14:10,2025.10.30 17:47,SELL,Swing,4011.728,4016.820,50.9,248.4,46.6,4.88,0.92,1,1,4,1,1,4,1,2,4,1,2,4,1,13,215,1,13,215,1,17,215,1,26,215,0,,,SL,-50.92,217
2025.10.30 14:10,2025.10.30 17:47,SELL,Swing,4009.588,4016.820,72.3,227.0,68.0,3.14,0.94,1,2,3,1,2,3,1,2,3,1,13,212,1,13,212,1,14,212,1,23,212,1,29,212,0,,,SL,-72.32,217
2025.10.30 22:08,2025.10.31 01:54,BUY,LienKe,4017.031,4013.328,37.0,293.9,4.3,7.94,0.12,1,0,15,1,1,15,1,1,15,1,2,15,1,25,-,1,25,-,1,42,-,1,42,-,0,,,SL,-42.38,226
2025.10.30 22:08,2025.10.31 01:54,BUY,LienKe,4017.808,4013.328,44.8,286.1,12.1,6.39,0.27,1,1,10,1,1,10,1,1,10,1,2,10,1,25,-,1,41,-,1,42,-,1,42,-,0,,,SL,-50.15,226
2025.10.31 03:11,2025.10.31 03:13,BUY,LienKe,4002.232,3998.248,39.8,17.9,20.1,0.45,0.50,1,0,1,0,,,0,,,0,,,0,,,0,,,0,,,0,,,0,,,SL,-39.84,2
2025.10.31 03:08,2025.10.31 03:13,BUY,LienKe,4003.811,3998.248,55.6,52.3,35.9,0.94,0.65,1,0,2,1,0,2,1,0,2,1,2,2,0,,,0,,,0,,,0,,,0,,,SL,-55.63,5
2025.10.31 04:08,2025.10.31 07:21,BUY,LienKe,3991.095,3987.103,39.9,291.8,20.2,7.31,0.51,1,5,6,1,8,-,1,9,-,1,16,-,1,20,-,1,22,-,1,24,-,1,98,-,0,,,TP,300.00,193
2025.10.31 04:08,2025.10.31 07:22,BUY,LienKe,3992.249,3987.103,51.5,289.9,31.7,5.63,0.62,1,8,-,1,9,-,1,9,-,1,19,-,1,21,-,1,23,-,1,44,-,1,118,-,0,,,TP,300.00,194
2025.10.31 12:10,2025.10.31 12:18,SELL,LienKe,4011.113,4014.484,33.7,1.1,28.0,0.03,0.83,0,,,0,,,0,,,0,,,0,,,0,,,0,,,0,,,0,,,SL,-33.71,8
2025.10.31 12:07,2025.10.31 12:18,SELL,LienKe,4010.589,4014.484,38.9,5.6,33.3,0.14,0.85,0,,,0,,,0,,,0,,,0,,,0,,,0,,,0,,,0,,,SL,-38.95,11
2025.10.31 10:08,2025.10.31 12:22,SELL,LienKe,4014.683,4018.199,35.2,128.3,28.9,3.65,0.82,1,8,10,1,9,10,1,9,10,1,27,132,1,39,132,1,48,132,0,,,0,,,0,,,SL,-35.16,134
2025.10.31 10:08,2025.10.31 12:22,SELL,LienKe,4014.208,4018.199,39.9,123.5,33.7,3.09,0.84,1,8,10,1,9,10,1,17,19,1,28,130,1,39,130,1,48,130,0,,,0,,,0,,,SL,-39.91,134
2025.10.31 15:05,2025.10.31 16:04,BUY,LienKe,4011.144,4006.409,47.3,116.2,15.4,2.45,0.33,1,1,2,1,1,2,1,1,2,1,8,58,1,12,58,1,29,58,0,,,0,,,0,,,SL,-47.35,59
2025.10.31 15:05,2025.10.31 16:04,BUY,LienKe,4014.281,4006.409,78.7,84.8,46.8,1.08,0.59,1,2,2,1,8,40,1,9,40,1,12,40,1,30,40,0,,,0,,,0,,,0,,,SL,-78.72,59
2025.11.02 23:04,2025.11.02 23:37,BUY,Swing,3991.646,3987.063,45.8,73.2,41.8,1.60,0.91,1,0,3,1,0,3,1,0,3,1,0,3,0,,,0,,,0,,,0,,,0,,,SL,-45.83,33
2025.11.02 23:03,2025.11.02 23:37,BUY,Swing,3992.728,3987.063,56.6,62.4,52.6,1.10,0.93,1,0,1,1,0,1,1,0,1,1,0,1,0,,,0,,,0,,,0,,,0,,,SL,-56.65,34
2025.11.03 01:13,2025.11.03 01:17,SELL,LienKe,3987.597,3991.339,37.4,17.6,35.7,0.47,0.95,1,1,2,0,,,0,,,0,,,0,,,0,,,0,,,0,,,0,,,SL,-37.42,4
2025.11.03 01:13,2025.11.03 01:17,SELL,LienKe,3985.193,3991.339,61.5,0.0,59.7,0.00,0.97,0,,,0,,,0,,,0,,,0,,,0,,,0,,,0,,,0,,,SL,-61.46,4
2025.11.03 05:04,2025.11.03 05:05,BUY,LienKe,4001.585,3997.797,37.9,0.0,37.8,0.00,1.00,0,,,0,,,0,,,0,,,0,,,0,,,0,,,0,,,0,,,SL,-37.88,1
2025.11.03 05:04,2025.11.03 05:05,BUY,LienKe,4002.491,3997.797,46.9,0.0,46.9,0.00,1.00,0,,,0,,,0,,,0,,,0,,,0,,,0,,,0,,,0,,,SL,-46.94,1
2025.11.03 12:13,2025.11.03 12:48,SELL,LienKe,4008.184,4011.674,34.9,63.2,30.7,1.81,0.88,1,2,20,1,3,20,1,8,20,1,8,20,0,,,0,,,0,,,0,,,0,,,SL,-34.90,35
2025.11.03 12:13,2025.11.03 12:48,SELL,LienKe,4007.688,4011.674,39.9,58.2,35.6,1.46,0.89,1,2,5,1,7,20,1,8,20,1,8,20,0,,,0,,,0,,,0,,,0,,,SL,-39.86,35
2025.11.03 14:21,2025.11.03 14:49,SELL,LienKe,4019.696,4023.884,41.9,177.9,31.7,4.25,0.76,1,0,1,1,3,26,1,3,26,1,6,26,1,7,26,1,7,26,1,11,26,0,,,0,,,SL,-41.88,27
2025.11.03 14:04,2025.11.03 14:49,SELL,LienKe,4017.530,4023.884,63.5,156.3,53.3,2.46,0.84,1,0,1,1,1,3,1,5,11,1,23,42,1,26,42,1,27,42,1,29,42,0,,,0,,,SL,-63.54,45
2025.11.04 02:04,2025.11.04 06:00,BUY,Swing,3977.199,3972.467,47.3,221.5,43.9,4.68,0.93,1,0,5,1,1,5,1,1,5,1,3,5,1,52,218,1,56,218,1,84,218,1,87,218,0,,,SL,-47.32,236
2025.11.04 02:04,2025.11.04 06:00,BUY,Swing,3979.115,3972.467,66.5,202.3,63.0,3.04,0.95,1,1,2,1,1,2,1,4,5,1,26,29,1,56,210,1,57,210,1,86,210,1,95,210,0,,,SL,-66.48,236
2025.11.04 05:58,2025.11.04 06:02,BUY,Swing,3974.923,3970.464,44.6,10.5,41.3,0.23,0.93,1,0,1,0,,,0,,,0,,,0,,,0,,,0,,,0,,,0,,,SL,-44.59,3
2025.11.04 05:46,2025.11.04 06:02,BUY,Swing,3976.764,3970.464,63.0,48.7,59.7,0.77,0.95,1,0,5,1,0,5,1,1,5,0,,,0,,,0,,,0,,,0,,,0,,,SL,-63.00,16
2025.11.04 07:10,2025.11.04 07:19,SELL,LienKe,3987.394,3991.198,38.0,19.9,33.3,0.52,0.88,1,3,4,0,,,0,,,0,,,0,,,0,,,0,,,0,,,0,,,SL,-38.04,9
2025.11.04 07:10,2025.11.04 07:19,SELL,LienKe,3986.630,3991.198,45.7,12.2,41.0,0.27,0.90,1,3,4,0,,,0,,,0,,,0,,,0,,,0,,,0,,,0,,,SL,-45.68,9
2025.11.04 08:04,2025.11.04 14:05,SELL,LienKe,3996.627,4001.137,45.1,285.7,42.4,6.33,0.94,1,1,3,1,1,3,1,9,18,1,11,18,1,116,132,1,116,132,1,330,-,1,334,-,0,,,TP,300.00,361
2025.11.04 08:02,2025.11.04 14:05,SELL,LienKe,3995.215,4001.137,59.2,271.5,56.6,4.59,0.96,1,2,2,1,11,17,1,12,17,1,118,133,1,118,133,1,272,309,1,332,-,1,348,-,0,,,TP,300.00,363
2025.11.04 23:08,2025.11.05 01:04,SELL,LienKe,3938.678,3943.555,48.8,89.2,45.6,1.83,0.93,1,1,10,1,3,10,1,5,10,1,26,35,1,92,111,0,,,0,,,0,,,0,,,SL,-48.77,116
2025.11.04 23:07,2025.11.05 01:04,SELL,LienKe,3936.896,3943.555,66.6,71.4,63.4,1.07,0.95,1,0,1,1,0,1,1,0,1,1,42,45,0,,,0,,,0,,,0,,,0,,,SL,-66.59,117
2025.11.05 00:43,2025.11.05 03:45,BUY,LienKe,3931.139,3926.741,44.0,283.7,15.4,6.45,0.35,1,0,2,1,0,2,1,3,-,1,4,-,1,16,-,1,17,-,1,42,-,1,140,-,0,,,TP,300.00,182
2025.11.05 00:43,2025.11.05 03:45,BUY,Swing,3931.139,3926.741,44.0,283.7,15.4,6.45,0.35,1,0,2,1,0,2,1,3,-,1,4,-,1,16,-,1,17,-,1,42,-,1,140,-,0,,,TP,300.00,182
2025.11.05 00:42,2025.11.05 03:48,BUY,LienKe,3933.579,3926.741,68.4,287.3,39.8,4.20,0.58,1,0,0,1,5,9,1,5,9,1,17,-,1,18,-,1,22,-,1,45,-,1,143,-,0,,,TP,300.00,186
2025.11.05 00:42,2025.11.05 03:48,BUY,Swing,3933.579,3926.741,68.4,287.3,39.8,4.20,0.58,1,0,0,1,5,9,1,5,9,1,17,-,1,18,-,1,22,-,1,45,-,1,143,-,0,,,TP,300.00,186
2025.11.05 10:04,2025.11.05 10:06,BUY,LienKe,3962.922,3958.350,45.7,7.1,14.7,0.15,0.32,0,,,0,,,0,,,0,,,0,,,0,,,0,,,0,,,0,,,SL,-45.72,2
2025.11.05 10:04,2025.11.05 10:06,BUY,Swing,3962.922,3958.350,45.7,7.1,14.7,0.15,0.32,0,,,0,,,0,,,0,,,0,,,0,,,0,,,0,,,0,,,SL,-45.72,2
2025.11.05 10:04,2025.11.05 10:06,BUY,LienKe,3965.130,3958.350,67.8,0.0,36.8,0.00,0.54,0,,,0,,,0,,,0,,,0,,,0,,,0,,,0,,,0,,,SL,-67.80,2
2025.11.05 10:04,2025.11.05 10:06,BUY,Swing,3965.130,3958.350,67.8,0.0,36.8,0.00,0.54,0,,,0,,,0,,,0,,,0,,,0,,,0,,,0,,,0,,,SL,-67.80,2
2025.11.06 06:08,2025.11.06 08:28,BUY,LienKe,3985.824,3982.018,38.1,289.6,36.2,7.61,0.95,1,0,9,1,1,9,1,2,9,1,47,-,1,52,-,1,52,-,1,71,-,1,72,-,0,,,TP,300.00,140
2025.11.06 06:02,2025.11.06 11:43,BUY,LienKe,3986.955,3982.018,49.4,299.4,47.5,6.06,0.96,1,0,4,1,1,4,1,53,-,1,53,-,1,58,-,1,59,-,1,78,-,1,78,-,0,,,TP,300.00,341
2025.11.06 17:20,2025.11.06 17:21,BUY,Swing,3974.416,3970.127,42.9,4.2,4.6,0.10,0.11,0,,,0,,,0,,,0,,,0,,,0,,,0,,,0,,,0,,,SL,-42.89,1
2025.11.06 17:18,2025.11.06 17:21,BUY,Swing,3976.627,3970.127,65.0,13.8,26.7,0.21,0.41,1,0,0,0,,,0,,,0,,,0,,,0,,,0,,,0,,,0,,,SL,-65.00,3
2025.11.06 18:32,2025.11.06 19:11,SELL,LienKe,3988.033,3992.416,43.8,17.9,35.9,0.41,0.82,1,3,4,0,,,0,,,0,,,0,,,0,,,0,,,0,,,0,,,SL,-43.83,39
2025.11.06 18:26,2025.11.06 19:11,SELL,LienKe,3986.854,3992.416,55.6,46.2,47.7,0.83,0.86,1,0,5,1,2,5,1,3,5,0,,,0,,,0,,,0,,,0,,,0,,,SL,-55.62,45
2025.11.07 07:05,2025.11.07 09:15,SELL,LienKe,4008.135,4011.816,36.8,50.8,36.7,1.38,1.00,1,1,4,1,2,4,1,18,54,1,44,54,0,,,0,,,0,,,0,,,0,,,SL,-36.81,130
2025.11.07 07:02,2025.11.07 09:15,SELL,LienKe,4007.375,4011.816,44.4,43.2,44.3,0.97,1.00,1,0,0,1,21,55,1,24,55,0,,,0,,,0,,,0,,,0,,,0,,,SL,-44.41,133
2025.11.07 11:15,2025.11.07 11:27,BUY,LienKe,4002.950,3999.400,35.5,49.5,28.2,1.39,0.80,1,3,7,1,3,7,1,5,7,0,,,0,,,0,,,0,,,0,,,0,,,SL,-35.50,12
2025.11.07 11:15,2025.11.07 11:27,BUY,LienKe,4003.744,3999.400,43.4,41.5,36.2,0.96,0.83,1,3,7,1,5,7,1,6,7,0,,,0,,,0,,,0,,,0,,,0,,,SL,-43.44,12
2025.11.07 16:12,2025.11.07 16:24,SELL,LienKe,3999.435,4003.641,42.1,38.2,41.3,0.91,0.98,1,0,1,1,5,9,1,5,9,0,,,0,,,0,,,0,,,0,,,0,,,SL,-42.06,12
2025.11.07 16:11,2025.11.07 16:24,SELL,LienKe,3998.270,4003.641,53.7,26.5,52.9,0.49,0.99,1,6,10,1,6,10,0,,,0,,,0,,,0,,,0,,,0,,,0,,,SL,-53.71,13
2025.11.07 11:03,2025.11.07 16:31,SELL,LienKe,4009.428,4012.537,31.1,252.1,29.1,8.11,0.94,1,4,322,1,5,322,1,9,322,1,10,322,1,13,322,1,24,322,1,37,322,1,213,322,0,,,SL,-31.09,328
2025.11.07 11:03,2025.11.07 16:31,SELL,LienKe,4008.990,4012.537,35.5,247.7,33.5,6.98,0.94,1,4,323,1,6,323,1,9,323,1,10,323,1,13,323,1,24,323,1,38,323,1,213,323,0,,,SL,-35.47,328
2025.11.07 15:47,2025.11.07 16:34,BUY,LienKe,3987.013,3981.058,59.5,286.7,13.3,4.82,0.22,1,0,-,1,1,-,1,2,-,1,3,-,1,17,-,1,21,-,1,36,-,1,38,-,0,,,TP,300.00,47
2025.11.10 03:24,2025.11.10 03:40,SELL,LienKe,4049.092,4052.605,35.1,2.7,33.5,0.08,0.95,0,,,0,,,0,,,0,,,0,,,0,,,0,,,0,,,0,,,SL,-35.13,16
2025.11.10 03:22,2025.11.10 03:40,SELL,LienKe,4048.493,4052.605,41.1,29.4,39.5,0.71,0.96,1,0,2,1,1,2,0,,,0,,,0,,,0,,,0,,,0,,,0,,,SL,-41.12,18
2025.11.10 06:03,2025.11.10 06:28,SELL,LienKe,4069.491,4074.078,45.9,23.2,38.0,0.51,0.83,1,0,5,1,3,5,0,,,0,,,0,,,0,,,0,,,0,,,0,,,SL,-45.87,25
2025.11.10 06:02,2025.11.10 06:28,SELL,LienKe,4068.188,4074.078,58.9,10.2,51.0,0.17,0.87,1,4,4,0,,,0,,,0,,,0,,,0,,,0,,,0,,,0,,,SL,-58.90,26
2025.11.10 14:35,2025.11.10 18:16,BUY,Swing,4076.878,4072.303,45.8,288.7,24.7,6.31,0.54,1,1,-,1,1,-,1,2,-,1,2,-,1,10,-,1,21,-,1,32,-,1,149,-,0,,,TP,300.00,221
2025.11.10 14:35,2025.11.10 18:18,BUY,Swing,4078.591,4072.303,62.9,298.0,41.9,4.74,0.67,1,2,4,1,2,4,1,2,4,1,10,15,1,21,74,1,26,74,1,47,74,1,195,-,0,,,TP,300.00,223
2025.11.11 15:15,2025.11.11 15:20,BUY,LienKe,4119.436,4114.872,45.6,0.1,39.3,0.00,0.86,0,,,0,,,0,,,0,,,0,,,0,,,0,,,0,,,0,,,SL,-45.64,5
2025.11.11 15:09,2025.11.11 15:20,BUY,LienKe,4121.073,4114.872,62.0,21.9,55.6,0.35,0.90,1,0,3,1,1,3,0,,,0,,,0,,,0,,,0,,,0,,,0,,,SL,-62.01,11
2025.11.11 11:46,2025.11.11 15:21,SELL,LienKe,4143.716,4147.547,38.3,299.1,31.1,7.81,0.81,1,3,7,1,11,16,1,19,98,1,24,98,1,67,98,1,69,98,1,161,-,1,167,-,0,,,TP,300.00,215
2025.11.11 11:43,2025.11.11 15:21,SELL,LienKe,4142.883,4147.547,46.6,290.8,39.5,6.24,0.85,1,0,2,1,22,100,1,23,100,1,29,100,1,70,100,1,158,-,1,169,-,1,186,-,0,,,TP,300.00,218
2025.11.11 18:14,2025.11.11 18:35,BUY,LienKe,4110.664,4106.846,38.2,43.0,34.7,1.13,0.91,1,2,13,1,2,13,1,3,13,0,,,0,,,0,,,0,,,0,,,0,,,SL,-38.18,21
2025.11.11 18:14,2025.11.11 18:35,BUY,LienKe,4111.603,4106.846,47.6,33.6,44.0,0.71,0.93,1,2,12,1,3,12,1,4,12,0,,,0,,,0,,,0,,,0,,,0,,,SL,-47.57,21
2025.11.12 00:05,2025.11.12 03:52,SELL,LienKe,4144.806,4148.066,32.6,293.4,8.8,9.00,0.27,1,2,3,1,5,-,1,12,-,1,22,-,1,46,-,1,52,-,1,55,-,1,156,-,0,,,TP,300.00,227
2025.11.12 00:05,2025.11.12 03:52,SELL,LienKe,4144.576,4148.066,34.9,291.1,11.1,8.34,0.32,1,2,4,1,5,9,1,12,-,1,42,-,1,46,-,1,52,-,1,55,-,1,156,-,0,,,TP,300.00,227
2025.11.12 14:52,2025.11.12 15:06,SELL,Swing,4138.595,4142.763,41.7,38.9,40.5,0.93,0.97,1,5,11,1,5,11,1,6,11,0,,,0,,,0,,,0,,,0,,,0,,,SL,-41.68,14
2025.11.12 14:52,2025.11.12 15:06,SELL,Swing,4137.427,4142.763,53.4,27.2,52.2,0.51,0.98,1,5,6,1,8,10,0,,,0,,,0,,,0,,,0,,,0,,,0,,,SL,-53.36,14
2025.11.12 08:10,2025.11.12 15:07,BUY,LienKe,4113.534,4109.373,41.6,291.6,14.0,7.01,0.34,1,1,-,1,2,-,1,2,-,1,4,-,1,9,-,1,10,-,1,14,-,1,52,-,0,,,TP,300.00,416
2025.11.12 08:09,2025.11.12 15:10,BUY,LienKe,4115.704,4109.373,63.3,291.0,35.7,4.60,0.56,1,3,-,1,4,-,1,5,-,1,9,-,1,11,-,1,13,-,1,27,-,1,257,-,0,,,TP,300.00,421
2025.11.12 13:11,2025.11.12 15:11,BUY,LienKe,4124.152,4119.762,43.9,291.9,11.0,6.65,0.25,1,0,0,1,1,8,1,1,8,1,13,-,1,23,-,1,56,-,1,100,-,1,115,-,0,,,TP,300.00,120
2025.11.12 13:11,2025.11.12 15:11,BUY,LienKe,4125.834,4119.762,60.7,275.1,27.8,4.53,0.46,1,0,0,1,11,15,1,12,15,1,22,41,1,53,83,1,59,83,1,113,-,1,119,-,0,,,TP,300.00,120
2025.11.12 20:36,2025.11.12 23:40,BUY,LienKe,4193.391,4187.695,57.0,147.8,47.4,2.60,0.83,1,4,7,1,5,7,1,9,35,1,16,35,1,56,176,1,143,176,0,,,0,,,0,,,SL,-56.96,184
2025.11.12 20:09,2025.11.12 23:40,BUY,LienKe,4196.287,4187.695,85.9,118.9,76.4,1.38,0.89,1,2,3,1,6,7,1,6,7,1,83,106,1,171,191,1,179,191,0,,,0,,,0,,,SL,-85.92,211
2025.11.12 18:05,2025.11.12 23:40,BUY,LienKe,4192.855,4187.796,50.6,189.7,42.0,3.75,0.83,1,0,1,1,0,1,1,2,77,1,5,77,1,8,77,1,18,77,1,21,77,0,,,0,,,SL,-50.59,335
2025.11.13 00:13,2025.11.13 01:17,BUY,LienKe,4187.485,4182.809,46.8,219.0,11.9,4.68,0.25,1,0,2,1,0,2,1,1,2,1,10,63,1,17,63,1,18,63,1,24,63,1,41,63,0,,,SL,-46.76,64
2025.11.14 01:23,2025.11.14 01:29,BUY,LienKe,4179.357,4174.634,47.2,26.0,32.9,0.55,0.70,1,3,3,1,3,3,0,,,0,,,0,,,0,,,0,,,0,,,0,,,SL,-47.23,6
2025.11.14 01:22,2025.11.14 01:29,BUY,LienKe,4181.128,4174.634,64.9,19.4,50.6,0.30,0.78,1,0,0,0,,,0,,,0,,,0,,,0,,,0,,,0,,,0,,,SL,-64.94,7
2025.11.14 09:27,2025.11.14 10:05,BUY,LienKe,4169.209,4165.101,41.1,25.6,27.2,0.62,0.66,1,1,3,1,1,3,0,,,0,,,0,,,0,,,0,,,0,,,0,,,SL,-41.08,38
2025.11.14 09:05,2025.11.14 10:05,BUY,LienKe,4170.433,4165.101,53.3,100.0,39.4,1.88,0.74,1,0,1,1,1,15,1,2,15,1,3,15,1,5,15,1,5,15,0,,,0,,,0,,,SL,-53.32,60
2025.11.14 08:20,2025.11.14 11:12,SELL,LienKe,4183.110,4187.351,42.4,286.2,40.0,6.75,0.94,1,0,15,1,0,15,1,1,15,1,1,15,1,31,-,1,36,-,1,71,-,1,106,-,0,,,TP,300.00,172
2025.11.14 08:20,2025.11.14 11:13,SELL,LienKe,4181.834,4187.351,55.2,299.6,52.8,5.43,0.96,1,0,14,1,1,14,1,1,14,1,3,14,1,32,-,1,36,-,1,71,-,1,132,-,0,,,TP,300.00,173
2025.11.14 14:32,2025.11.14 14:33,BUY,LienKe,4039.978,4034.449,55.3,4.9,33.2,0.09,0.60,0,,,0,,,0,,,0,,,0,,,0,,,0,,,0,,,0,,,SL,-55.29,1
2025.11.14 14:03,2025.11.14 14:33,BUY,LienKe,4042.709,4034.449,82.6,176.2,60.5,2.13,0.73,1,1,29,1,1,29,1,1,29,1,1,29,1,2,29,1,2,29,1,19,29,0,,,0,,,SL,-82.60,30
2025.11.17 08:02,2025.11.17 08:07,SELL,LienKe,4089.322,4093.514,41.9,0.0,31.3,0.00,0.75,0,,,0,,,0,,,0,,,0,,,0,,,0,,,0,,,0,,,SL,-41.92,5
2025.11.17 08:01,2025.11.17 08:07,SELL,LienKe,4087.599,4093.514,59.1,6.0,48.5,0.10,0.82,0,,,0,,,0,,,0,,,0,,,0,,,0,,,0,,,0,,,SL,-59.15,6
2025.11.17 17:04,2025.11.17 17:19,SELL,LienKe,4073.777,4077.640,38.6,19.1,37.5,0.49,0.97,1,2,2,0,,,0,,,0,,,0,,,0,,,0,,,0,,,0,,,SL,-38.63,14
2025.11.17 17:04,2025.11.17 17:19,SELL,LienKe,4073.315,4077.640,43.2,14.4,42.1,0.33,0.97,1,6,7,0,,,0,,,0,,,0,,,0,,,0,,,0,,,0,,,SL,-43.25,15
2025.11.18 00:24,2025.11.18 01:54,BUY,LienKe,4028.338,4024.346,39.9,167.1,38.6,4.19,0.97,1,0,87,1,0,87,1,0,87,1,0,87,1,13,87,1,15,87,1,36,87,0,,,0,,,SL,-39.92,90
2025.11.18 00:24,2025.11.18 01:54,BUY,LienKe,4029.517,4024.346,51.7,155.4,50.3,3.00,0.97,1,0,4,1,0,4,1,0,4,1,1,4,1,15,87,1,35,87,1,37,87,0,,,0,,,SL,-51.71,90
2025.11.18 06:39,2025.11.18 07:12,BUY,LienKe,4008.513,4004.567,39.5,71.9,37.3,1.82,0.95,1,0,21,1,0,21,1,2,21,1,8,21,0,,,0,,,0,,,0,,,0,,,SL,-39.46,33
2025.11.18 06:39,2025.11.18 07:12,BUY,LienKe,4009.861,4004.567,52.9,58.4,50.8,1.10,0.96,1,1,19,1,2,19,1,5,19,1,8,19,0,,,0,,,0,,,0,,,0,,,SL,-52.94,33
2025.11.18 04:18,2025.11.18 07:12,BUY,LienKe,4007.641,4003.721,39.2,175.9,28.6,4.49,0.73,1,1,2,1,4,5,1,4,5,1,8,19,1,9,19,1,10,19,1,81,139,0,,,0,,,SL,-39.20,174
2025.11.18 04:18,2025.11.18 07:12,BUY,Swing,4007.641,4003.721,39.2,175.9,28.6,4.49,0.73,1,1,2,1,4,5,1,4,5,1,8,19,1,9,19,1,10,19,1,81,139,0,,,0,,,SL,-39.20,174
2025.11.18 04:18,2025.11.18 07:12,BUY,LienKe,4008.814,4003.721,50.9,164.1,40.3,3.22,0.79,1,4,5,1,4,5,1,8,19,1,8,19,1,9,19,1,63,123,1,84,123,0,,,0,,,SL,-50.93,174
2025.11.18 04:18,2025.11.18 07:12,BUY,Swing,4008.814,4003.721,50.9,164.1,40.3,3.22,0.79,1,4,5,1,4,5,1,8,19,1,8,19,1,9,19,1,63,123,1,84,123,0,,,0,,,SL,-50.93,174
2025.11.18 07:10,2025.11.18 07:30,BUY,Swing,4005.699,4001.779,39.2,52.1,36.4,1.33,0.93,1,3,12,1,3,12,1,4,12,1,5,12,0,,,0,,,0,,,0,,,0,,,SL,-39.20,19
2025.11.18 07:03,2025.11.18 07:30,BUY,Swing,4006.662,4001.779,48.8,42.4,46.0,0.87,0.94,1,0,1,1,2,7,1,12,19,0,,,0,,,0,,,0,,,0,,,0,,,SL,-48.83,27
2025.11.18 13:20,2025.11.18 13:23,SELL,LienKe,4045.349,4049.350,40.0,0.0,32.9,0.00,0.82,0,,,0,,,0,,,0,,,0,,,0,,,0,,,0,,,0,,,SL,-40.01,3
2025.11.18 13:05,2025.11.18 13:23,SELL,LienKe,4044.388,4049.350,49.6,54.7,42.5,1.10,0.86,1,0,10,1,0,10,1,1,10,1,4,10,0,,,0,,,0,,,0,,,0,,,SL,-49.62,18
2025.11.18 15:09,2025.11.18 15:50,BUY,LienKe,4056.103,4051.190,49.1,162.2,27.3,3.30,0.56,1,1,2,1,1,2,1,4,9,1,5,9,1,6,9,1,18,38,1,22,38,0,,,0,,,SL,-49.13,41
2025.11.18 15:04,2025.11.18 15:50,BUY,LienKe,4058.123,4051.190,69.3,142.0,47.5,2.05,0.69,1,0,1,1,0,1,1,3,5,1,3,5,1,23,43,1,26,43,0,,,0,,,0,,,SL,-69.33,46
2025.11.18 19:10,2025.11.18 19:13,SELL,Swing,4075.019,4078.997,39.8,8.2,23.2,0.21,0.58,0,,,0,,,0,,,0,,,0,,,0,,,0,,,0,,,0,,,SL,-39.78,3
2025.11.18 19:06,2025.11.18 19:13,SELL,Swing,4073.706,4078.997,52.9,0.0,36.3,0.00,0.69,0,,,0,,,0,,,0,,,0,,,0,,,0,,,0,,,0,,,SL,-52.91,7
2025.11.18 19:05,2025.11.18 19:13,SELL,LienKe,4074.378,4078.113,37.3,6.2,29.6,0.17,0.79,0,,,0,,,0,,,0,,,0,,,0,,,0,,,0,,,0,,,SL,-37.35,8
2025.11.18 19:02,2025.11.18 19:13,SELL,LienKe,4073.590,4078.113,45.2,8.0,37.5,0.18,0.83,0,,,0,,,0,,,0,,,0,,,0,,,0,,,0,,,0,,,SL,-45.23,11
2025.11.19 01:02,2025.11.19 01:06,BUY,LienKe,4068.161,4063.250,49.1,3.8,32.3,0.08,0.66,0,,,0,,,0,,,0,,,0,,,0,,,0,,,0,,,0,,,SL,-49.11,4
2025.11.19 01:02,2025.11.19 01:06,BUY,LienKe,4068.864,4063.250,56.1,1.6,39.3,0.03,0.70,0,,,0,,,0,,,0,,,0,,,0,,,0,,,0,,,0,,,SL,-56.14,4
2025.11.19 02:05,2025.11.19 05:21,BUY,LienKe,4060.077,4052.612,74.7,296.4,16.2,3.97,0.22,1,0,5,1,0,5,1,0,5,1,25,-,1,28,-,1,29,-,1,36,-,1,41,-,0,,,TP,300.00,196
2025.11.19 12:10,2025.11.19 14:55,SELL,LienKe,4117.154,4120.708,35.5,162.8,30.2,4.58,0.85,1,4,14,1,5,14,1,6,14,1,50,95,1,56,95,1,57,95,1,64,95,0,,,0,,,SL,-35.54,165
2025.11.19 12:10,2025.11.19 14:55,SELL,LienKe,4116.409,4120.708,43.0,155.3,37.6,3.61,0.87,1,5,14,1,6,14,1,9,14,1,50,95,1,56,95,1,60,95,1,64,95,0,,,0,,,SL,-42.99,165
2025.11.20 11:03,2025.11.20 11:04,BUY,LienKe,4058.743,4054.486,42.6,0.0,22.0,0.00,0.52,0,,,0,,,0,,,0,,,0,,,0,,,0,,,0,,,0,,,SL,-42.57,1
2025.11.20 11:01,2025.11.20 11:04,BUY,LienKe,4060.878,4054.486,63.9,2.9,43.3,0.05,0.68,0,,,0,,,0,,,0,,,0,,,0,,,0,,,0,,,0,,,SL,-63.92,3
2025.11.21 02:11,2025.11.21 02:31,SELL,LienKe,4073.633,4077.630,40.0,73.3,24.6,1.83,0.62,1,6,18,1,6,18,1,7,18,1,8,18,0,,,0,,,0,,,0,,,0,,,SL,-39.97,20
2025.11.21 02:09,2025.11.21 02:31,SELL,LienKe,4072.264,4077.630,53.7,59.6,38.3,1.11,0.71,1,0,2,1,1,2,1,9,16,1,10,16,0,,,0,,,0,,,0,,,0,,,SL,-53.66,22
2025.11.21 03:03,2025.11.21 03:19,BUY,LienKe,4055.939,4050.891,50.5,22.0,50.0,0.43,0.99,1,10,10,1,12,13,0,,,0,,,0,,,0,,,0,,,0,,,0,,,SL,-50.48,16
2025.11.21 03:02,2025.11.21 03:19,BUY,LienKe,4057.918,4050.891,70.3,13.0,69.8,0.19,0.99,1,0,0,0,,,0,,,0,,,0,,,0,,,0,,,0,,,0,,,SL,-70.27,17
2025.11.21 04:08,2025.11.21 06:00,SELL,LienKe,4059.573,4063.219,36.5,195.7,30.7,5.37,0.84,1,3,4,1,6,19,1,6,19,1,7,19,1,27,110,1,33,110,1,103,110,0,,,0,,,SL,-36.46,112
2025.11.21 04:08,2025.11.21 06:00,SELL,LienKe,4058.284,4063.219,49.3,182.8,43.6,3.70,0.88,1,6,17,1,6,17,1,7,17,1,25,109,1,32,109,1,34,109,1,104,109,0,,,0,,,SL,-49.35,112
2025.11.21 06:01,2025.11.21 06:30,SELL,Swing,4060.741,4067.881,71.4,297.4,6.9,4.16,0.10,1,0,5,1,0,5,1,1,5,1,9,-,1,13,-,1,14,-,1,17,-,1,19,-,0,,,TP,300.00,29
2025.11.24 07:41,2025.11.24 07:44,SELL,Swing,4062.306,4066.681,43.8,15.7,30.3,0.36,0.69,1,0,1,0,,,0,,,0,,,0,,,0,,,0,,,0,,,0,,,SL,-43.75,2
2025.11.24 07:39,2025.11.24 07:44,SELL,Swing,4060.975,4066.681,57.1,28.7,43.6,0.50,0.76,1,0,1,1,0,1,0,,,0,,,0,,,0,,,0,,,0,,,0,,,SL,-57.06,5
2025.11.24 05:49,2025.11.24 09:11,BUY,LienKe,4041.904,4036.842,50.6,285.3,5.3,5.64,0.10,1,1,3,1,2,3,1,2,3,1,8,-,1,14,-,1,16,-,1,47,-,1,109,-,0,,,TP,300.00,202
2025.11.24 05:23,2025.11.24 09:11,BUY,LienKe,4043.201,4036.842,63.6,272.3,18.3,4.28,0.29,1,0,10,1,0,10,1,1,10,1,19,25,1,41,-,1,42,-,1,129,-,1,135,-,0,,,TP,300.00,228
2025.11.24 05:23,2025.11.24 09:11,BUY,Swing,4043.201,4036.842,63.6,272.3,18.3,4.28,0.29,1,0,10,1,0,10,1,1,10,1,19,25,1,41,-,1,42,-,1,129,-,1,135,-,0,,,TP,300.00,228
2025.11.24 14:57,2025.11.24 15:05,SELL,LienKe,4083.518,4089.089,55.7,22.9,25.6,0.41,0.46,1,1,3,1,1,3,0,,,0,,,0,,,0,,,0,,,0,,,0,,,SL,-55.71,8
2025.11.24 17:02,2025.11.24 23:00,SELL,LienKe,4098.319,4102.898,45.8,101.5,418.6,2.22,9.14,1,2,47,1,3,47,1,4,47,1,9,47,1,16,47,1,63,88,0,,,0,,,0,,,SL,-45.79,358
2025.11.24 14:38,2025.11.24 23:00,BUY,LienKe,4073.269,4067.788,54.8,667.5,49.3,12.18,0.90,1,4,5,1,4,5,1,9,-,1,10,-,1,14,-,1,14,-,1,27,-,1,36,-,1,239,-,TP,300.00,501
2025.11.24 14:31,2025.11.24 23:00,BUY,LienKe,4076.283,4067.788,84.9,637.4,79.4,7.50,0.94,1,0,1,1,0,1,1,20,-,1,21,-,1,22,-,1,34,-,1,40,-,1,122,-,1,247,-,TP,300.00,509
2025.11.24 23:48,2025.11.25 00:00,SELL,LienKe,4140.003,4144.685,46.8,10.3,45.6,0.22,0.97,1,1,2,0,,,0,,,0,,,0,,,0,,,0,,,0,,,0,,,SL,-46.82,11
2025.11.24 23:47,2025.11.25 00:00,SELL,LienKe,4137.971,4144.685,67.1,21.2,65.9,0.32,0.98,1,0,0,1,0,0,0,,,0,,,0,,,0,,,0,,,0,,,0,,,SL,-67.14,13
2025.11.25 17:04,2025.11.25 17:33,SELL,Swing,4148.129,4154.322,61.9,31.4,60.2,0.51,0.97,1,0,1,1,0,1,1,0,1,0,,,0,,,0,,,0,,,0,,,0,,,SL,-61.93,29
2025.11.25 17:03,2025.11.25 17:33,SELL,Swing,4144.313,4154.322,100.1,33.0,98.3,0.33,0.98,1,0,0,1,0,0,1,0,0,0,,,0,,,0,,,0,,,0,,,0,,,SL,-100.09,30
2025.11.25 19:24,2025.11.25 19:26,BUY,LienKe,4132.671,4128.602,40.7,0.0,32.0,0.00,0.79,0,,,0,,,0,,,0,,,0,,,0,,,0,,,0,,,0,,,SL,-40.69,2
2025.11.25 19:05,2025.11.25 19:26,BUY,LienKe,4133.795,4128.602,51.9,63.5,43.3,1.22,0.83,1,0,14,1,0,14,1,0,14,1,4,14,0,,,0,,,0,,,0,,,0,,,SL,-51.93,21
2025.11.26 04:07,2025.11.26 04:28,BUY,LienKe,4161.149,4157.315,38.3,21.9,34.7,0.57,0.90,1,1,1,1,3,5,0,,,0,,,0,,,0,,,0,,,0,,,0,,,SL,-38.34,21
2025.11.26 04:07,2025.11.26 04:28,BUY,LienKe,4162.042,4157.315,47.3,13.0,43.6,0.27,0.92,1,4,5,0,,,0,,,0,,,0,,,0,,,0,,,0,,,0,,,SL,-47.27,21
2025.11.26 12:45,2025.11.26 12:46,BUY,Swing,4156.459,4152.654,38.0,0.0,26.8,0.00,0.71,0,,,0,,,0,,,0,,,0,,,0,,,0,,,0,,,0,,,SL,-38.05,1
2025.11.26 12:43,2025.11.26 12:46,BUY,Swing,4157.291,4152.654,46.4,24.6,35.2,0.53,0.76,1,0,2,1,0,2,0,,,0,,,0,,,0,,,0,,,0,,,0,,,SL,-46.37,3
2025.11.27 18:55,2025.11.27 23:09,SELL,LienKe,4159.091,4162.334,32.4,18.2,24.7,0.56,0.76,1,29,245,0,,,0,,,0,,,0,,,0,,,0,,,0,,,0,,,SL,-32.43,253
2025.11.27 18:55,2025.11.27 23:09,SELL,LienKe,4158.855,4162.334,34.8,15.8,27.1,0.45,0.78,1,34,246,0,,,0,,,0,,,0,,,0,,,0,,,0,,,0,,,SL,-34.79,254
2025.11.27 15:26,2025.11.27 23:42,SELL,LienKe,4160.438,4163.746,33.1,88.4,31.1,2.67,0.94,1,8,17,1,29,222,1,31,222,1,40,222,1,60,222,0,,,0,,,0,,,0,,,SL,-33.08,496
2025.11.27 15:24,2025.11.27 23:42,SELL,LienKe,4159.955,4163.746,37.9,83.5,35.9,2.20,0.95,1,11,13,1,33,220,1,39,220,1,43,220,1,62,220,0,,,0,,,0,,,0,,,SL,-37.91,498
2025.11.27 23:10,2025.11.28 00:04,SELL,Swing,4161.857,4165.394,35.4,7.1,34.0,0.20,0.96,0,,,0,,,0,,,0,,,0,,,0,,,0,,,0,,,0,,,SL,-35.37,54
2025.11.27 23:10,2025.11.28 00:04,SELL,Swing,4161.343,4165.394,40.5,1.9,39.1,0.05,0.97,0,,,0,,,0,,,0,,,0,,,0,,,0,,,0,,,0,,,SL,-40.51,54
2025.11.28 05:24,2025.11.28 08:06,BUY,LienKe,4168.494,4152.874,156.2,201.9,115.0,1.29,0.74,1,0,159,1,0,159,1,0,159,1,0,159,1,0,159,1,0,159,1,0,159,1,84,159,0,,,SL,-156.20,162
2025.11.28 10:07,2025.11.28 10:12,SELL,LienKe,4169.569,4172.954,33.8,4.7,24.3,0.14,0.72,0,,,0,,,0,,,0,,,0,,,0,,,0,,,0,,,0,,,SL,-33.85,5
2025.11.28 10:04,2025.11.28 10:12,SELL,LienKe,4169.195,4172.954,37.6,4.2,28.1,0.11,0.75,0,,,0,,,0,,,0,,,0,,,0,,,0,,,0,,,0,,,SL,-37.59,8
2025.12.01 03:15,2025.12.01 05:13,BUY,LienKe,4234.322,4229.526,48.0,126.7,16.2,2.64,0.34,1,1,1,1,1,1,1,8,12,1,19,117,1,76,117,1,92,117,0,,,0,,,0,,,SL,-47.96,118
2025.12.01 03:15,2025.12.01 05:13,BUY,LienKe,4234.435,4229.526,49.1,125.5,17.3,2.56,0.35,1,1,2,1,1,2,1,9,12,1,20,117,1,76,117,1,92,117,0,,,0,,,0,,,SL,-49.09,118
2025.12.01 05:14,2025.12.01 05:17,BUY,Swing,4231.312,4226.351,49.6,22.7,48.7,0.46,0.98,1,0,1,1,0,1,0,,,0,,,0,,,0,,,0,,,0,,,0,,,SL,-49.61,3
2025.12.01 05:14,2025.12.01 05:17,BUY,Swing,4233.404,4226.351,70.5,1.8,69.6,0.03,0.99,0,,,0,,,0,,,0,,,0,,,0,,,0,,,0,,,0,,,SL,-70.53,3
2025.12.01 12:12,2025.12.01 12:55,BUY,LienKe,4248.600,4244.463,41.4,74.9,12.7,1.81,0.31,1,1,2,1,4,12,1,5,12,1,7,12,0,,,0,,,0,,,0,,,0,,,SL,-41.37,43
2025.12.01 12:12,2025.12.01 12:55,BUY,LienKe,4249.854,4244.463,53.9,62.4,25.3,1.16,0.47,1,4,11,1,7,11,1,7,11,1,26,33,0,,,0,,,0,,,0,,,0,,,SL,-53.91,43
2025.12.02 00:10,2025.12.02 01:01,BUY,LienKe,4224.235,4220.718,35.2,55.3,28.3,1.57,0.80,1,0,9,1,0,9,1,2,9,1,35,43,0,,,0,,,0,,,0,,,0,,,SL,-35.17,51
2025.12.02 00:09,2025.12.02 01:01,BUY,LienKe,4224.955,4220.718,42.4,48.1,35.5,1.14,0.84,1,1,9,1,1,9,1,4,9,0,,,0,,,0,,,0,,,0,,,0,,,SL,-42.37,52
2025.12.02 08:07,2025.12.02 09:06,BUY,LienKe,4209.239,4205.668,35.7,79.6,21.0,2.23,0.59,1,1,52,1,2,52,1,5,52,1,6,52,0,,,0,,,0,,,0,,,0,,,SL,-35.71,59
2025.12.02 08:07,2025.12.02 09:06,BUY,LienKe,4209.917,4205.668,42.5,72.8,27.8,1.71,0.65,1,1,2,1,3,53,1,5,53,1,6,53,0,,,0,,,0,,,0,,,0,,,SL,-42.49,59
2025.12.02 09:07,2025.12.02 09:21,BUY,LienKe,4206.617,4202.559,40.6,23.8,31.3,0.59,0.77,1,1,3,1,1,3,0,,,0,,,0,,,0,,,0,,,0,,,0,,,SL,-40.58,14
2025.12.02 09:07,2025.12.02 09:21,BUY,LienKe,4207.739,4202.559,51.8,12.6,42.5,0.24,0.82,1,2,2,0,,,0,,,0,,,0,,,0,,,0,,,0,,,0,,,SL,-51.80,14
2025.12.02 06:06,2025.12.02 09:26,SELL,Swing,4226.008,4229.316,33.1,269.9,3.7,8.16,0.11,1,2,5,1,8,-,1,9,-,1,13,-,1,15,-,1,15,-,1,16,-,1,22,-,0,,,TP,300.00,200
2025.12.02 06:06,2025.12.02 09:26,SELL,Swing,4225.627,4229.316,36.9,266.1,7.5,7.21,0.20,1,7,7,1,9,-,1,11,-,1,14,-,1,15,-,1,15,-,1,17,-,1,23,-,0,,,TP,300.00,200
2025.12.02 12:03,2025.12.02 12:56,SELL,LienKe,4206.019,4209.784,37.6,48.0,30.9,1.28,0.82,1,8,24,1,13,24,1,14,24,0,,,0,,,0,,,0,,,0,,,0,,,SL,-37.65,53
2025.12.02 12:01,2025.12.02 12:56,SELL,LienKe,4205.240,4209.784,45.4,40.2,38.7,0.89,0.85,1,1,1,1,16,24,1,17,24,0,,,0,,,0,,,0,,,0,,,0,,,SL,-45.44,55
2025.12.02 23:48,2025.12.02 23:51,SELL,Swing,4212.713,4216.099,33.9,17.6,25.5,0.52,0.75,1,0,1,0,,,0,,,0,,,0,,,0,,,0,,,0,,,0,,,SL,-33.86,3
2025.12.02 23:12,2025.12.02 23:51,SELL,Swing,4211.416,4216.099,46.8,47.0,38.5,1.00,0.82,1,0,33,1,0,33,1,0,33,0,,,0,,,0,,,0,,,0,,,0,,,SL,-46.83,39
2025.12.03 12:34,2025.12.03 12:42,SELL,LienKe,4209.792,4213.588,38.0,0.0,37.9,0.00,1.00,0,,,0,,,0,,,0,,,0,,,0,,,0,,,0,,,0,,,SL,-37.96,8
2025.12.03 12:34,2025.12.03 12:42,SELL,Swing,4209.792,4213.588,38.0,0.0,37.9,0.00,1.00,0,,,0,,,0,,,0,,,0,,,0,,,0,,,0,,,0,,,SL,-37.96,8
2025.12.03 12:01,2025.12.03 12:42,SELL,LienKe,4208.978,4213.588,46.1,37.0,46.0,0.80,1.00,1,1,8,1,1,8,1,18,23,0,,,0,,,0,,,0,,,0,,,0,,,SL,-46.10,41
2025.12.03 12:01,2025.12.03 12:42,SELL,Swing,4208.978,4213.588,46.1,37.0,46.0,0.80,1.00,1,1,8,1,1,8,1,18,23,0,,,0,,,0,,,0,,,0,,,0,,,SL,-46.10,41
2025.12.03 18:22,2025.12.03 18:53,BUY,LienKe,4200.819,4196.703,41.2,58.9,22.6,1.43,0.55,1,5,6,1,8,15,1,8,15,1,11,15,0,,,0,,,0,,,0,,,0,,,SL,-41.16,31
2025.12.03 18:21,2025.12.03 18:53,BUY,LienKe,4202.130,4196.703,54.3,45.8,35.7,0.84,0.66,1,9,16,1,9,16,1,9,16,0,,,0,,,0,,,0,,,0,,,0,,,SL,-54.27,32
2025.12.03 23:51,2025.12.04 02:06,BUY,LienKe,4203.918,4199.395,45.2,129.0,37.6,2.85,0.83,1,1,131,1,1,131,1,7,131,1,17,131,1,33,131,1,40,131,0,,,0,,,0,,,SL,-61.28,135
2025.12.04 02:04,2025.12.04 02:07,BUY,Swing,4202.986,4199.018,39.7,0.0,37.7,0.00,0.95,0,,,0,,,0,,,0,,,0,,,0,,,0,,,0,,,0,,,SL,-39.68,2
2025.12.04 02:04,2025.12.04 02:07,BUY,Swing,4204.051,4199.018,50.3,0.9,48.4,0.02,0.96,0,,,0,,,0,,,0,,,0,,,0,,,0,,,0,,,0,,,SL,-50.33,3
2025.12.03 18:56,2025.12.04 03:02,BUY,Swing,4196.263,4192.225,40.4,205.5,9.9,5.09,0.24,1,1,2,1,1,2,1,4,-,1,5,-,1,23,-,1,33,-,1,72,-,1,409,-,0,,,SL,-56.43,486
2025.12.03 18:56,2025.12.04 03:02,BUY,Swing,4197.061,4192.225,48.4,197.6,17.8,4.09,0.37,1,1,2,1,4,-,1,5,-,1,6,-,1,31,-,1,40,-,1,72,-,0,,,0,,,SL,-64.41,486
2025.12.04 05:19,2025.12.04 05:37,BUY,LienKe,4192.662,4189.068,35.9,63.9,31.8,1.78,0.89,1,6,17,1,7,17,1,9,17,1,11,17,0,,,0,,,0,,,0,,,0,,,SL,-35.94,18
2025.12.04 05:19,2025.12.04 05:37,BUY,LienKe,4193.372,4189.068,43.0,56.8,38.9,1.32,0.90,1,7,17,1,8,17,1,10,17,1,11,17,0,,,0,,,0,,,0,,,0,,,SL,-43.04,18
2025.12.04 08:07,2025.12.04 09:50,SELL,LienKe,4194.639,4198.456,38.2,107.9,37.0,2.83,0.97,1,1,10,1,2,10,1,2,10,1,44,87,1,52,87,1,52,87,0,,,0,,,0,,,SL,-38.17,103
2025.12.04 08:07,2025.12.04 09:50,SELL,LienKe,4193.845,4198.456,46.1,100.0,44.9,2.17,0.97,1,2,10,1,2,10,1,5,10,1,44,87,1,52,87,0,,,0,,,0,,,0,,,SL,-46.11,103
2025.12.04 12:02,2025.12.04 12:05,BUY,LienKe,4197.698,4194.123,35.8,6.2,21.6,0.17,0.60,0,,,0,,,0,,,0,,,0,,,0,,,0,,,0,,,0,,,SL,-35.75,3
2025.12.04 12:02,2025.12.04 12:05,BUY,LienKe,4198.570,4194.123,44.5,2.3,30.3,0.05,0.68,0,,,0,,,0,,,0,,,0,,,0,,,0,,,0,,,0,,,SL,-44.47,3
2025.12.05 03:01,2025.12.05 04:06,SELL,LienKe,4208.192,4211.859,36.7,62.1,29.5,1.69,0.80,1,1,43,1,2,43,1,2,43,1,9,43,0,,,0,,,0,,,0,,,0,,,SL,-36.67,65
2025.12.05 03:01,2025.12.05 04:06,SELL,LienKe,4207.479,4211.859,43.8,54.9,36.6,1.25,0.84,1,2,41,1,2,41,1,4,41,1,9,41,0,,,0,,,0,,,0,,,0,,,SL,-43.80,65
2025.12.05 00:16,2025.12.05 04:09,SELL,LienKe,4209.226,4212.833,36.1,142.4,31.1,3.95,0.86,1,2,208,1,4,208,1,4,208,1,14,208,1,44,208,1,52,208,0,,,0,,,0,,,SL,-36.07,233
2025.12.05 00:16,2025.12.05 04:09,SELL,LienKe,4208.588,4212.833,42.4,136.0,37.5,3.20,0.88,1,3,164,1,4,164,1,10,164,1,14,164,1,44,164,1,52,164,0,,,0,,,0,,,SL,-42.45,233
2025.12.05 06:08,2025.12.05 06:08,SELL,LienKe,4221.120,4224.415,33.0,0.0,1.6,0.00,0.05,0,,,0,,,0,,,0,,,0,,,0,,,0,,,0,,,0,,,SL,-32.95,0
2025.12.05 06:08,2025.12.05 06:08,SELL,LienKe,4221.264,4224.415,31.5,0.0,42.8,0.00,1.36,0,,,0,,,0,,,0,,,0,,,0,,,0,,,0,,,0,,,SL,-31.51,0
2025.12.05 09:05,2025.12.05 09:18,BUY,LienKe,4220.195,4216.792,34.0,7.4,27.7,0.22,0.81,0,,,0,,,0,,,0,,,0,,,0,,,0,,,0,,,0,,,SL,-34.03,12
2025.12.05 09:02,2025.12.05 09:18,BUY,LienKe,4221.106,4216.792,43.1,3.4,36.8,0.08,0.85,0,,,0,,,0,,,0,,,0,,,0,,,0,,,0,,,0,,,SL,-43.14,16
2025.12.08 11:01,2025.12.08 13:56,BUY,Swing,4202.323,4197.935,43.9,132.4,39.6,3.02,0.90,1,9,14,1,9,14,1,17,149,1,26,149,1,30,149,1,35,149,0,,,0,,,0,,,SL,-43.88,175
2025.12.08 10:32,2025.12.08 13:56,BUY,Swing,4203.713,4197.935,57.8,118.5,53.5,2.05,0.93,1,0,15,1,1,15,1,2,15,1,57,173,1,60,173,1,66,173,0,,,0,,,0,,,SL,-57.78,204
2025.12.08 01:57,2025.12.08 14:45,BUY,LienKe,4199.528,4195.885,36.4,194.3,21.8,5.33,0.60,1,2,8,1,3,8,1,31,36,1,33,36,1,39,714,1,50,714,1,216,714,0,,,0,,,SL,-36.43,767
2025.12.08 01:52,2025.12.08 14:45,BUY,LienKe,4200.303,4195.885,44.2,186.6,29.5,4.22,0.67,1,0,2,1,0,2,1,37,41,1,44,554,1,48,554,1,61,554,1,223,554,0,,,0,,,SL,-44.18,773
2025.12.09 06:02,2025.12.09 06:09,BUY,LienKe,4178.226,4174.672,35.5,10.7,13.9,0.30,0.39,1,5,6,0,,,0,,,0,,,0,,,0,,,0,,,0,,,0,,,SL,-35.54,7
2025.12.09 06:02,2025.12.09 06:09,BUY,LienKe,4178.789,4174.672,41.2,8.0,19.5,0.19,0.47,0,,,0,,,0,,,0,,,0,,,0,,,0,,,0,,,0,,,SL,-41.17,7
2025.12.09 01:04,2025.12.09 09:05,SELL,LienKe,4195.857,4199.517,36.6,256.0,31.5,6.99,0.86,1,0,1,1,1,1,1,66,136,1,70,136,1,86,136,1,230,479,1,278,479,1,305,479,0,,,SL,-36.60,481
2025.12.09 01:04,2025.12.09 09:05,SELL,LienKe,4195.166,4199.517,43.5,249.1,38.4,5.72,0.88,1,1,1,1,66,133,1,67,133,1,84,133,1,86,133,1,231,478,1,286,478,1,305,478,0,,,SL,-43.51,481
2025.12.09 12:54,2025.12.09 15:58,SELL,LienKe,4206.549,4210.621,40.7,169.7,39.1,4.17,0.96,1,2,8,1,3,8,1,5,8,1,32,110,1,33,110,1,37,110,1,77,110,0,,,0,,,SL,-40.72,184
2025.12.09 12:52,2025.12.09 15:58,SELL,LienKe,4205.792,4210.621,48.3,162.2,46.6,3.36,0.97,1,5,7,1,8,9,1,23,25,1,34,112,1,38,112,1,74,112,1,79,112,0,,,0,,,SL,-48.29,186
2025.12.09 16:00,2025.12.09 16:11,SELL,Swing,4212.522,4219.496,69.7,21.9,56.9,0.31,0.82,1,0,1,1,0,1,0,,,0,,,0,,,0,,,0,,,0,,,0,,,SL,-69.74,11
2025.12.10 00:20,2025.12.10 03:54,BUY,LienKe,4207.973,4204.402,35.7,108.1,34.0,3.03,0.95,1,6,11,1,40,41,1,46,177,1,51,177,1,54,177,1,61,177,0,,,0,,,0,,,SL,-35.71,214
2025.12.10 00:08,2025.12.10 03:54,BUY,LienKe,4208.990,4204.402,45.9,97.9,44.2,2.13,0.96,1,4,6,1,58,189,1,59,189,1,64,189,1,70,189,0,,,0,,,0,,,0,,,SL,-45.88,226
2025.12.10 00:40,2025.12.10 03:55,BUY,Swing,4207.399,4204.092,33.1,113.8,31.0,3.44,0.94,1,9,19,1,17,19,1,20,23,1,27,169,1,34,169,1,40,169,0,,,0,,,0,,,SL,-33.07,195
2025.12.10 00:22,2025.12.10 03:55,BUY,Swing,4207.780,4204.092,36.9,110.0,34.8,2.98,0.94,1,2,3,1,6,16,1,43,188,1,49,188,1,53,188,1,59,188,0,,,0,,,0,,,SL,-36.88,213
2025.12.10 08:09,2025.12.10 08:44,BUY,LienKe,4202.655,4199.018,36.4,39.6,25.6,1.09,0.71,1,2,3,1,10,24,1,10,24,0,,,0,,,0,,,0,,,0,,,0,,,SL,-36.37,35
2025.12.10 08:01,2025.12.10 08:44,BUY,LienKe,4203.503,4199.018,44.8,31.1,34.1,0.69,0.76,1,0,8,1,1,8,1,23,29,0,,,0,,,0,,,0,,,0,,,0,,,SL,-44.85,43
2025.12.10 08:42,2025.12.10 08:59,BUY,Swing,4201.032,4197.090,39.4,11.2,36.3,0.28,0.92,1,5,6,0,,,0,,,0,,,0,,,0,,,0,,,0,,,0,,,SL,-39.42,17
2025.12.10 08:11,2025.12.10 08:59,BUY,Swing,4202.165,4197.090,50.7,44.5,47.7,0.88,0.94,1,0,1,1,8,22,1,9,22,0,,,0,,,0,,,0,,,0,,,0,,,SL,-50.75,48
2025.12.10 09:01,2025.12.10 09:55,BUY,LienKe,4196.625,4193.037,35.9,40.0,30.3,1.11,0.85,1,3,16,1,4,16,1,5,16,0,,,0,,,0,,,0,,,0,,,0,,,SL,-35.88,54
2025.12.10 09:01,2025.12.10 09:55,BUY,LienKe,4197.440,4193.037,44.0,31.8,38.5,0.72,0.87,1,4,12,1,4,12,1,7,12,0,,,0,,,0,,,0,,,0,,,0,,,SL,-44.03,54
2025.12.10 14:09,2025.12.10 19:00,SELL,LienKe,4204.921,4208.478,35.6,158.0,23.5,4.44,0.66,1,9,163,1,9,163,1,11,163,1,17,163,1,18,163,1,24,163,1,68,163,0,,,0,,,SL,-35.57,291
2025.12.10 14:09,2025.12.10 19:00,SELL,LienKe,4204.170,4208.478,43.1,150.5,31.0,3.49,0.72,1,9,158,1,11,158,1,12,158,1,17,158,1,18,158,1,24,158,1,69,158,0,,,0,,,SL,-43.08,291
2025.12.11 12:04,2025.12.11 13:16,BUY,LienKe,4210.375,4205.776,46.0,121.4,15.3,2.64,0.33,1,0,67,1,1,67,1,3,67,1,13,67,1,26,67,1,55,67,0,,,0,,,0,,,SL,-45.99,72
2025.12.11 11:56,2025.12.11 13:16,BUY,Swing,4210.960,4206.648,43.1,115.6,21.8,2.68,0.51,1,0,3,1,9,74,1,15,74,1,24,74,1,34,74,1,64,74,0,,,0,,,0,,,SL,-43.12,80
2025.12.11 11:54,2025.12.11 13:16,BUY,Swing,4213.044,4206.648,64.0,94.7,42.7,1.48,0.67,1,18,18,1,23,72,1,26,72,1,32,72,1,66,72,0,,,0,,,0,,,0,,,SL,-63.96,82
2025.12.11 23:40,2025.12.12 00:54,BUY,LienKe,4274.183,4269.422,47.6,60.2,26.4,1.26,0.55,1,3,11,1,3,11,1,5,11,1,37,56,0,,,0,,,0,,,0,,,0,,,SL,-52.96,74
2025.12.11 23:40,2025.12.12 00:54,BUY,LienKe,4276.177,4269.422,67.6,40.3,46.4,0.60,0.69,1,5,6,1,20,21,1,38,55,0,,,0,,,0,,,0,,,0,,,0,,,SL,-72.90,74
2025.12.12 02:15,2025.12.12 05:51,SELL,LienKe,4275.963,4279.839,38.8,97.2,36.8,2.51,0.95,1,2,15,1,11,15,1,12,15,1,32,193,1,121,193,0,,,0,,,0,,,0,,,SL,-38.76,216
2025.12.12 02:13,2025.12.12 05:51,SELL,LienKe,4274.698,4279.839,51.4,84.5,49.4,1.64,0.96,1,13,17,1,14,17,1,33,55,1,45,55,1,141,195,0,,,0,,,0,,,0,,,SL,-51.41,218
2025.12.12 07:06,2025.12.12 07:07,SELL,LienKe,4283.046,4286.490,34.4,0.0,19.8,0.00,0.58,0,,,0,,,0,,,0,,,0,,,0,,,0,,,0,,,0,,,SL,-34.44,1
2025.12.12 07:06,2025.12.12 07:07,SELL,LienKe,4283.017,4286.490,34.7,1.8,20.1,0.05,0.58,0,,,0,,,0,,,0,,,0,,,0,,,0,,,0,,,0,,,SL,-34.73,1
2025.12.12 13:28,2025.12.12 13:30,SELL,LienKe,4337.522,4342.557,50.3,32.8,8.7,0.65,0.17,1,0,-,1,1,-,1,1,-,0,,,0,,,0,,,0,,,0,,,0,,,SL,-50.35,2
2025.12.12 13:28,2025.12.12 13:30,SELL,Swing,4337.522,4342.557,50.3,32.8,8.7,0.65,0.17,1,0,-,1,1,-,1,1,-,0,,,0,,,0,,,0,,,0,,,0,,,SL,-50.35,2
2025.12.12 13:30,2025.12.12 13:30,SELL,LienKe,4338.981,4342.557,35.8,0.0,46.7,0.00,1.31,0,,,0,,,0,,,0,,,0,,,0,,,0,,,0,,,0,,,SL,-35.76,0
2025.12.12 13:30,2025.12.12 13:30,SELL,Swing,4338.981,4342.557,35.8,0.0,46.7,0.00,1.31,0,,,0,,,0,,,0,,,0,,,0,,,0,,,0,,,0,,,SL,-35.76,0
2025.12.12 13:01,2025.12.12 15:21,BUY,LienKe,4327.062,4318.322,87.4,265.1,74.1,3.03,0.85,1,0,138,1,0,138,1,2,138,1,3,138,1,6,138,1,10,138,1,29,138,1,111,138,0,,,SL,-87.40,140
2025.12.12 19:09,2025.12.15 01:39,BUY,LienKe,4291.108,4286.808,43.0,293.2,27.0,6.82,0.63,1,1,82,1,1,82,1,2,82,1,7,82,1,11,82,1,56,82,1,3118,-,1,3233,-,0,,,TP,294.65,3270
2025.12.12 19:03,2025.12.15 01:40,BUY,LienKe,4293.207,4286.808,64.0,284.5,48.0,4.45,0.75,1,0,1,1,2,3,1,13,83,1,17,83,1,62,83,1,139,-,1,3155,-,1,3240,-,0,,,TP,294.65,3277
2025.12.15 04:22,2025.12.15 05:30,SELL,LienKe,4329.291,4332.685,33.9,59.8,22.2,1.76,0.65,1,4,61,1,4,61,1,10,61,1,13,61,0,,,0,,,0,,,0,,,0,,,SL,-33.94,68
2025.12.15 04:22,2025.12.15 05:30,SELL,LienKe,4328.740,4332.685,39.5,54.3,27.7,1.38,0.70,1,4,59,1,5,59,1,10,59,1,14,59,0,,,0,,,0,,,0,,,0,,,SL,-39.45,68
2025.12.15 03:06,2025.12.15 05:30,SELL,LienKe,4327.628,4332.634,50.1,80.6,38.8,1.61,0.78,1,0,1,1,7,26,1,8,26,1,9,26,1,15,26,0,,,0,,,0,,,0,,,SL,-50.06,144
2025.12.15 14:07,2025.12.15 14:20,BUY,LienKe,4330.983,4326.799,41.8,15.6,32.8,0.37,0.78,1,1,2,0,,,0,,,0,,,0,,,0,,,0,,,0,,,0,,,SL,-41.84,13
2025.12.15 14:01,2025.12.15 14:20,BUY,LienKe,4332.276,4326.799,54.8,44.3,45.7,0.81,0.83,1,0,5,1,0,5,1,0,5,0,,,0,,,0,,,0,,,0,,,0,,,SL,-54.77,19
2025.12.16 14:04,2025.12.16 14:15,SELL,Swing,4318.450,4323.141,46.9,36.1,20.9,0.77,0.45,1,0,3,1,0,3,1,0,3,0,,,0,,,0,,,0,,,0,,,0,,,SL,-46.91,11
2025.12.16 14:04,2025.12.16 14:15,SELL,Swing,4316.813,4323.141,63.3,19.7,37.2,0.31,0.59,1,0,1,0,,,0,,,0,,,0,,,0,,,0,,,0,,,0,,,SL,-63.28,11
2025.12.17 04:40,2025.12.17 04:45,SELL,Swing,4327.515,4331.148,36.3,3.5,29.0,0.10,0.80,0,,,0,,,0,,,0,,,0,,,0,,,0,,,0,,,0,,,SL,-36.33,5
2025.12.17 04:40,2025.12.17 04:45,SELL,Swing,4327.002,4331.148,41.5,3.4,34.1,0.08,0.82,0,,,0,,,0,,,0,,,0,,,0,,,0,,,0,,,0,,,SL,-41.46,5
2025.12.17 02:57,2025.12.17 10:38,BUY,LienKe,4312.843,4308.204,46.4,296.9,45.7,6.40,0.98,1,2,15,1,2,15,1,3,15,1,4,15,1,36,310,1,45,310,1,102,310,1,134,310,0,,,SL,-46.39,461
2025.12.17 10:39,2025.12.17 13:46,BUY,Swing,4310.278,4303.453,68.2,296.2,1.6,4.34,0.02,1,0,-,1,1,-,1,2,-,1,7,-,1,21,-,1,37,-,1,152,-,1,160,-,0,,,TP,300.00,187
2025.12.17 12:13,2025.12.17 14:01,BUY,LienKe,4315.325,4312.109,32.2,297.3,4.0,9.24,0.13,1,1,48,1,2,48,1,3,48,1,5,48,1,53,-,1,58,-,1,66,-,1,78,-,0,,,TP,300.00,108
2025.12.17 12:13,2025.12.17 14:01,BUY,LienKe,4315.729,4312.109,36.2,293.2,8.1,8.10,0.22,1,2,48,1,2,48,1,4,48,1,5,48,1,54,-,1,58,-,1,67,-,1,78,-,0,,,TP,300.00,108
2025.12.18 06:03,2025.12.18 08:04,BUY,LienKe,4331.530,4327.909,36.2,62.1,27.9,1.71,0.77,1,4,65,1,5,65,1,8,65,1,89,116,0,,,0,,,0,,,0,,,0,,,SL,-36.21,121
2025.12.18 06:03,2025.12.18 08:04,BUY,LienKe,4332.309,4327.909,44.0,54.3,35.7,1.23,0.81,1,5,21,1,6,21,1,8,21,1,89,115,0,,,0,,,0,,,0,,,0,,,SL,-44.00,121
2025.12.18 12:03,2025.12.18 12:25,BUY,LienKe,4324.877,4321.318,35.6,0.0,34.1,0.00,0.96,0,,,0,,,0,,,0,,,0,,,0,,,0,,,0,,,0,,,SL,-35.59,22
2025.12.18 12:03,2025.12.18 12:25,BUY,LienKe,4325.761,4321.318,44.4,0.0,43.0,0.00,0.97,0,,,0,,,0,,,0,,,0,,,0,,,0,,,0,,,0,,,SL,-44.43,22
2025.12.18 09:51,2025.12.18 12:28,BUY,LienKe,4321.810,4318.193,36.2,68.7,15.6,1.90,0.43,1,1,3,1,9,135,1,11,135,1,53,135,0,,,0,,,0,,,0,,,0,,,SL,-36.17,157
2025.12.18 09:43,2025.12.18 12:28,BUY,LienKe,4322.626,4318.193,44.3,60.6,23.7,1.37,0.54,1,0,7,1,1,7,1,20,47,1,82,141,0,,,0,,,0,,,0,,,0,,,SL,-44.33,165
2025.12.17 16:18,2025.12.18 12:28,BUY,LienKe,4325.321,4320.112,52.1,211.2,50.7,4.05,0.97,1,0,1,1,0,1,1,14,15,1,25,547,1,26,547,1,27,547,1,75,547,1,104,547,0,,,SL,-68.14,1210
2025.12.17 16:16,2025.12.18 12:28,BUY,LienKe,4327.952,4320.112,78.4,184.9,77.0,2.36,0.98,1,0,2,1,1,2,1,1,2,1,28,542,1,32,542,1,66,542,1,104,542,0,,,0,,,SL,-94.45,1212
2025.12.18 07:35,2025.12.18 13:50,SELL,Swing,4335.551,4340.740,51.9,209.0,48.0,4.03,0.92,1,4,355,1,6,355,1,21,355,1,27,355,1,29,355,1,30,355,1,292,355,1,331,355,0,,,SL,-51.89,375
2025.12.19 06:17,2025.12.19 09:45,SELL,LienKe,4328.635,4332.525,38.9,73.9,26.0,1.90,0.67,1,3,10,1,5,10,1,16,56,1,24,56,0,,,0,,,0,,,0,,,0,,,SL,-38.90,208
2025.12.19 06:17,2025.12.19 09:45,SELL,LienKe,4328.478,4332.525,40.5,72.3,27.5,1.79,0.68,1,3,10,1,5,10,1,16,56,1,24,56,0,,,0,,,0,,,0,,,0,,,SL,-40.47,208
2025.12.19 13:16,2025.12.19 14:39,SELL,Swing,4333.442,4337.765,43.2,81.9,37.5,1.89,0.87,1,3,4,1,6,13,1,8,13,1,9,13,1,55,75,0,,,0,,,0,,,0,,,SL,-43.23,82
2025.12.19 13:12,2025.12.19 14:39,SELL,Swing,4332.153,4337.765,56.1,69.0,50.4,1.23,0.90,1,1,4,1,1,4,1,3,4,1,48,54,0,,,0,,,0,,,0,,,0,,,SL,-56.12,87
2025.12.19 14:23,2025.12.19 14:47,BUY,LienKe,4326.230,4322.093,41.4,117.9,15.9,2.85,0.38,1,3,23,1,5,23,1,7,23,1,8,23,1,12,23,1,15,23,0,,,0,,,0,,,SL,-41.37,24
2025.12.19 14:12,2025.12.19 14:47,BUY,LienKe,4327.554,4322.093,54.6,104.7,29.1,1.92,0.53,1,0,2,1,1,2,1,18,34,1,19,34,1,24,34,1,27,34,0,,,0,,,0,,,SL,-54.61,35
2025.12.18 20:07,2025.12.19 15:04,SELL,LienKe,4335.232,4338.949,37.2,258.5,30.9,6.95,0.83,1,0,27,1,2,27,1,6,27,1,10,27,1,279,1030,1,293,1030,1,316,1030,1,321,1030,0,,,SL,-37.17,1137
2025.12.18 20:07,2025.12.19 15:04,SELL,LienKe,4334.488,4338.949,44.6,251.1,38.3,5.63,0.86,1,2,3,1,2,3,1,9,27,1,10,27,1,292,1024,1,293,1024,1,316,1024,1,321,1024,0,,,SL,-44.61,1137
2025.12.19 17:55,2025.12.22 00:00,SELL,LienKe,4354.756,4358.364,36.1,179.6,19.6,4.98,0.54,1,1,4,1,3,4,1,7,16,1,41,3234,1,46,3234,1,50,3234,1,165,3234,0,,,0,,,SL,-36.08,3245
2025.12.19 17:52,2025.12.22 00:00,SELL,LienKe,4354.000,4358.364,43.6,172.0,27.2,3.94,0.62,1,1,2,1,10,15,1,11,15,1,45,3237,1,50,3237,1,53,3237,1,168,3237,0,,,0,,,SL,-43.64,3248
2025.12.22 10:07,2025.12.22 13:00,SELL,LienKe,4414.782,4418.017,32.3,84.7,13.3,2.62,0.41,1,3,166,1,17,166,1,22,166,1,23,166,1,25,166,0,,,0,,,0,,,0,,,SL,-32.35,173
2025.12.22 10:07,2025.12.22 13:00,SELL,LienKe,4414.362,4418.017,36.5,80.5,17.5,2.20,0.48,1,3,6,1,17,166,1,23,166,1,23,166,1,55,166,0,,,0,,,0,,,0,,,SL,-36.55,173
2025.12.22 07:02,2025.12.22 13:10,SELL,LienKe,4419.584,4423.347,37.6,132.9,29.5,3.53,0.78,1,1,358,1,1,358,1,2,358,1,3,358,1,11,358,1,85,358,0,,,0,,,0,,,SL,-37.63,368
2025.12.22 07:02,2025.12.22 13:10,SELL,LienKe,4419.073,4423.347,42.7,127.8,34.6,2.99,0.81,1,1,358,1,2,358,1,2,358,1,3,358,1,11,358,1,95,358,0,,,0,,,0,,,SL,-42.74,368
2025.12.22 15:15,2025.12.22 23:00,BUY,LienKe,4415.210,4410.770,44.4,339.9,33.4,7.65,0.75,1,2,8,1,2,8,1,3,8,1,16,-,1,19,-,1,20,-,1,30,-,1,41,-,1,371,-,TP,300.00,464
2025.12.22 15:14,2025.12.22 23:00,BUY,LienKe,4417.560,4410.770,67.9,316.4,56.9,4.66,0.84,1,0,0,1,6,7,1,17,-,1,20,-,1,24,-,1,27,-,1,41,-,1,55,-,1,373,-,TP,300.00,466
2025.12.23 11:42,2025.12.23 11:51,SELL,LienKe,4487.870,4491.214,33.4,4.1,18.1,0.12,0.54,0,,,0,,,0,,,0,,,0,,,0,,,0,,,0,,,0,,,SL,-33.44,9
2025.12.23 11:42,2025.12.23 11:51,SELL,LienKe,4487.615,4491.214,36.0,1.5,20.6,0.04,0.57,0,,,0,,,0,,,0,,,0,,,0,,,0,,,0,,,0,,,SL,-35.99,9
2025.12.24 17:02,2025.12.24 17:06,SELL,LienKe,4477.752,4481.541,37.9,4.3,24.5,0.11,0.65,0,,,0,,,0,,,0,,,0,,,0,,,0,,,0,,,0,,,SL,-37.89,4
2025.12.24 17:02,2025.12.24 17:06,SELL,LienKe,4477.170,4481.541,43.7,9.1,30.3,0.21,0.69,0,,,0,,,0,,,0,,,0,,,0,,,0,,,0,,,0,,,SL,-43.71,4
2025.12.26 03:01,2025.12.26 03:15,SELL,LienKe,4509.411,4512.944,35.3,79.6,27.9,2.25,0.79,1,1,9,1,1,9,1,3,9,1,5,9,0,,,0,,,0,,,0,,,0,,,SL,-35.33,14
2025.12.26 03:01,2025.12.26 03:15,SELL,LienKe,4508.844,4512.944,41.0,73.9,33.6,1.80,0.82,1,1,9,1,3,9,1,4,9,1,5,9,0,,,0,,,0,,,0,,,0,,,SL,-41.00,14
2025.12.26 05:36,2025.12.26 06:23,SELL,Swing,4513.457,4517.197,37.4,44.8,24.0,1.20,0.64,1,2,9,1,2,9,1,3,9,0,,,0,,,0,,,0,,,0,,,0,,,SL,-37.40,47
2025.12.26 05:32,2025.12.26 06:23,SELL,Swing,4511.780,4517.197,54.2,28.0,40.7,0.52,0.75,1,0,1,1,2,3,0,,,0,,,0,,,0,,,0,,,0,,,0,,,SL,-54.17,51
2025.12.26 08:19,2025.12.26 08:59,SELL,LienKe,4516.008,4519.482,34.7,26.5,22.8,0.76,0.66,1,4,5,1,22,27,0,,,0,,,0,,,0,,,0,,,0,,,0,,,SL,-34.74,40
2025.12.26 08:17,2025.12.26 08:59,SELL,LienKe,4515.440,4519.482,40.4,20.8,28.5,0.52,0.70,1,6,6,1,26,28,0,,,0,,,0,,,0,,,0,,,0,,,0,,,SL,-40.42,42
2025.12.26 09:01,2025.12.26 10:25,SELL,LienKe,4519.650,4523.265,36.2,76.4,35.6,2.11,0.98,1,2,73,1,3,73,1,9,73,1,40,73,0,,,0,,,0,,,0,,,0,,,SL,-36.15,84
2025.12.26 09:01,2025.12.26 10:25,SELL,Swing,4519.650,4523.265,36.2,76.4,35.6,2.11,0.98,1,2,73,1,3,73,1,9,73,1,40,73,0,,,0,,,0,,,0,,,0,,,SL,-36.15,84
2025.12.26 09:01,2025.12.26 10:25,SELL,LienKe,4519.025,4523.265,42.4,70.1,41.8,1.65,0.99,1,3,6,1,4,6,1,9,72,1,41,72,0,,,0,,,0,,,0,,,0,,,SL,-42.40,84
2025.12.26 09:01,2025.12.26 10:25,SELL,Swing,4519.025,4523.265,42.4,70.1,41.8,1.65,0.99,1,3,6,1,4,6,1,9,72,1,41,72,0,,,0,,,0,,,0,,,0,,,SL,-42.40,84
2025.12.26 13:01,2025.12.26 15:34,BUY,LienKe,4510.437,4500.845,95.9,289.3,10.0,3.02,0.10,1,0,1,1,0,1,1,0,1,1,15,-,1,23,-,1,29,-,1,39,-,1,92,-,0,,,TP,300.00,153
2025.12.29 04:11,2025.12.29 06:01,BUY,LienKe,4510.048,4504.570,54.8,94.7,49.4,1.73,0.90,1,0,58,1,1,58,1,1,58,1,1,58,1,23,58,0,,,0,,,0,,,0,,,SL,-54.78,110
2025.12.29 10:31,2025.12.29 11:08,BUY,LienKe,4460.377,4456.085,42.9,34.4,40.4,0.80,0.94,1,3,4,1,7,13,1,9,13,0,,,0,,,0,,,0,,,0,,,0,,,SL,-42.92,37
2025.12.29 10:31,2025.12.29 11:08,BUY,LienKe,4461.867,4456.085,57.8,19.5,55.3,0.34,0.96,1,7,7,0,,,0,,,0,,,0,,,0,,,0,,,0,,,0,,,SL,-57.82,37
2025.12.29 11:06,2025.12.29 11:38,BUY,LienKe,4457.274,4453.730,35.4,103.6,13.5,2.92,0.38,1,3,31,1,3,31,1,10,31,1,11,31,1,14,31,1,14,31,0,,,0,,,0,,,SL,-35.44,32
2025.12.29 11:04,2025.12.29 11:38,BUY,LienKe,4458.250,4453.730,45.2,93.9,23.2,2.08,0.51,1,0,2,1,1,2,1,13,33,1,14,33,1,16,33,0,,,0,,,0,,,0,,,SL,-45.20,34
2025.12.29 13:39,2025.12.29 13:41,BUY,LienKe,4446.873,4442.124,47.5,28.6,17.8,0.60,0.38,1,0,1,1,0,1,0,,,0,,,0,,,0,,,0,,,0,,,0,,,SL,-47.49,2
2025.12.29 13:29,2025.12.29 13:41,BUY,LienKe,4448.717,4442.124,65.9,61.6,36.3,0.93,0.55,1,0,9,1,0,9,1,0,9,1,3,9,0,,,0,,,0,,,0,,,0,,,SL,-65.93,12
2025.12.30 07:11,2025.12.30 08:28,BUY,LienKe,4360.385,4356.695,36.9,231.8,35.0,6.28,0.95,1,0,71,1,1,71,1,1,71,1,2,71,1,3,71,1,4,71,1,32,71,1,38,71,0,,,SL,-36.90,77
2025.12.30 07:08,2025.12.30 08:28,BUY,LienKe,4361.230,4356.695,45.3,223.4,43.4,4.93,0.96,1,0,2,1,1,2,1,5,73,1,5,73,1,7,73,1,9,73,1,35,73,1,41,73,0,,,SL,-45.35,80
2025.12.30 10:18,2025.12.30 10:26,SELL,LienKe,4376.350,4379.927,35.8,0.0,35.0,0.00,0.98,0,,,0,,,0,,,0,,,0,,,0,,,0,,,0,,,0,,,SL,-35.77,8
2025.12.30 10:17,2025.12.30 10:26,SELL,LienKe,4375.691,4379.927,42.4,6.1,41.6,0.14,0.98,0,,,0,,,0,,,0,,,0,,,0,,,0,,,0,,,0,,,SL,-42.36,9
2026.01.02 00:45,2026.01.02 00:57,SELL,LienKe,4351.905,4356.298,43.9,10.2,30.3,0.23,0.69,1,5,6,0,,,0,,,0,,,0,,,0,,,0,,,0,,,0,,,SL,-43.93,12
2026.01.02 00:11,2026.01.02 00:57,SELL,LienKe,4350.528,4356.298,57.7,90.9,44.0,1.58,0.76,1,0,27,1,0,27,1,6,27,1,8,27,1,14,27,0,,,0,,,0,,,0,,,SL,-57.70,46
2026.01.02 03:01,2026.01.02 03:10,SELL,LienKe,4363.636,4367.448,38.1,4.1,30.5,0.11,0.80,0,,,0,,,0,,,0,,,0,,,0,,,0,,,0,,,0,,,SL,-38.12,9
2026.01.02 03:01,2026.01.02 03:10,SELL,LienKe,4362.494,4367.448,49.5,2.6,41.9,0.05,0.85,0,,,0,,,0,,,0,,,0,,,0,,,0,,,0,,,0,,,SL,-49.54,9
2026.01.02 05:04,2026.01.02 13:15,BUY,LienKe,4371.593,4367.946,36.5,295.6,2.8,8.11,0.08,1,1,-,1,2,-,1,2,-,1,4,-,1,7,-,1,50,-,1,188,-,1,221,-,0,,,TP,300.00,491
2026.01.02 05:03,2026.01.02 13:16,BUY,LienKe,4372.436,4367.946,44.9,292.7,11.2,6.52,0.25,1,3,127,1,3,127,1,4,127,1,5,127,1,51,127,1,173,-,1,211,-,1,223,-,0,,,TP,300.00,493
2026.01.05 10:51,2026.01.05 12:42,SELL,LienKe,4438.166,4441.891,37.2,269.3,20.1,7.23,0.54,1,6,-,1,7,-,1,10,-,1,11,-,1,25,-,1,27,-,1,35,-,1,35,-,0,,,TP,300.00,111
2026.01.05 10:39,2026.01.05 12:43,SELL,LienKe,4437.516,4441.891,43.8,299.8,26.6,6.85,0.61,1,0,12,1,2,12,1,7,12,1,25,-,1,37,-,1,40,-,1,47,-,1,47,-,0,,,TP,300.00,124
2026.01.05 14:56,2026.01.05 15:02,SELL,Swing,4440.003,4445.879,58.8,48.0,55.8,0.82,0.95,1,0,1,1,0,1,1,1,4,0,,,0,,,0,,,0,,,0,,,0,,,SL,-58.76,6
2026.01.06 00:39,2026.01.06 00:40,BUY,Swing,4434.791,4430.629,41.6,3.8,4.8,0.09,0.11,0,,,0,,,0,,,0,,,0,,,0,,,0,,,0,,,0,,,SL,-41.62,1
2026.01.06 00:36,2026.01.06 00:40,BUY,Swing,4436.151,4430.629,55.2,13.8,18.4,0.25,0.33,1,0,0,0,,,0,,,0,,,0,,,0,,,0,,,0,,,0,,,SL,-55.22,4
2026.01.06 08:28,2026.01.06 10:00,SELL,Swing,4474.861,4479.002,41.4,299.0,1.9,7.22,0.05,1,0,-,1,0,-,1,1,-,1,2,-,1,4,-,1,13,-,1,42,-,1,43,-,0,,,TP,300.00,92
2026.01.06 08:28,2026.01.06 10:03,SELL,Swing,4473.745,4479.002,52.6,292.7,13.0,5.57,0.25,1,0,1,1,1,-,1,2,-,1,3,-,1,13,-,1,35,-,1,43,-,1,47,-,0,,,TP,300.00,95
2026.01.06 11:31,2026.01.06 11:33,SELL,LienKe,4455.797,4459.100,33.0,8.8,22.7,0.27,0.69,0,,,0,,,0,,,0,,,0,,,0,,,0,,,0,,,0,,,SL,-33.03,2
2026.01.06 11:31,2026.01.06 11:33,SELL,LienKe,4455.418,4459.100,36.8,5.1,26.5,0.14,0.72,0,,,0,,,0,,,0,,,0,,,0,,,0,,,0,,,0,,,SL,-36.82,2
2026.01.06 13:29,2026.01.06 13:50,BUY,LienKe,4458.602,4454.546,40.6,52.8,31.8,1.30,0.78,1,0,1,1,2,5,1,12,19,1,16,19,0,,,0,,,0,,,0,,,0,,,SL,-40.56,20
2026.01.06 13:27,2026.01.06 13:50,BUY,LienKe,4460.256,4454.546,57.1,36.3,48.3,0.64,0.85,1,0,1,1,15,17,1,18,20,0,,,0,,,0,,,0,,,0,,,0,,,SL,-57.10,23
2026.01.06 14:03,2026.01.06 14:31,SELL,LienKe,4470.673,4474.431,37.6,60.6,28.4,1.61,0.76,1,0,3,1,1,3,1,1,3,1,17,27,0,,,0,,,0,,,0,,,0,,,SL,-37.58,28
2026.01.06 14:03,2026.01.06 14:31,SELL,LienKe,4470.021,4474.431,44.1,54.0,35.0,1.23,0.79,1,0,3,1,1,3,1,2,3,1,17,27,0,,,0,,,0,,,0,,,0,,,SL,-44.10,28
2026.01.06 17:13,2026.01.06 18:18,SELL,LienKe,4489.118,4493.321,42.0,72.8,40.2,1.73,0.96,1,5,6,1,14,17,1,26,40,1,30,40,0,,,0,,,0,,,0,,,0,,,SL,-42.03,65
2026.01.06 17:06,2026.01.06 18:18,SELL,LienKe,4488.205,4493.321,51.2,63.7,49.3,1.25,0.96,1,0,1,1,22,24,1,36,47,1,37,47,0,,,0,,,0,,,0,,,0,,,SL,-51.16,72
2026.01.07 01:05,2026.01.07 01:06,BUY,LienKe,4482.385,4477.525,48.6,0.0,44.9,0.00,0.92,0,,,0,,,0,,,0,,,0,,,0,,,0,,,0,,,0,,,SL,-48.60,1
2026.01.07 01:05,2026.01.07 01:06,BUY,LienKe,4483.469,4477.525,59.4,2.0,55.8,0.03,0.94,0,,,0,,,0,,,0,,,0,,,0,,,0,,,0,,,0,,,SL,-59.44,1
2026.01.07 05:04,2026.01.07 05:33,BUY,LienKe,4463.788,4460.391,34.0,65.1,32.6,1.92,0.96,1,3,27,1,3,27,1,5,27,1,12,27,0,,,0,,,0,,,0,,,0,,,SL,-33.97,29
2026.01.07 05:02,2026.01.07 05:33,BUY,LienKe,4464.521,4460.391,41.3,57.8,39.9,1.40,0.97,1,5,29,1,5,29,1,14,29,1,22,29,0,,,0,,,0,,,0,,,0,,,SL,-41.30,31
2026.01.07 18:06,2026.01.08 01:00,BUY,LienKe,4449.346,4445.083,42.6,171.3,39.8,4.02,0.93,1,1,7,1,1,7,1,4,7,1,20,64,1,31,64,1,115,399,1,355,399,0,,,0,,,SL,-58.68,414
2026.01.07 18:05,2026.01.08 01:00,BUY,LienKe,4450.868,4445.083,57.9,156.1,55.1,2.70,0.95,1,0,1,1,5,7,1,20,45,1,22,45,1,115,174,1,133,174,1,358,395,0,,,0,,,SL,-73.90,415
2026.01.08 04:24,2026.01.08 04:43,BUY,LienKe,4437.280,4433.572,37.1,22.4,34.3,0.61,0.92,1,2,4,1,3,4,0,,,0,,,0,,,0,,,0,,,0,,,0,,,SL,-37.08,19
2026.01.08 04:08,2026.01.08 04:43,BUY,LienKe,4438.741,4433.572,51.7,18.3,48.9,0.35,0.95,1,6,13,0,,,0,,,0,,,0,,,0,,,0,,,0,,,0,,,SL,-51.69,35
2026.01.08 08:03,2026.01.08 08:33,BUY,LienKe,4428.666,4424.924,37.4,46.5,33.6,1.24,0.90,1,2,3,1,6,10,1,6,10,0,,,0,,,0,,,0,,,0,,,0,,,SL,-37.42,30
2026.01.08 08:03,2026.01.08 08:33,BUY,LienKe,4429.594,4424.924,46.7,37.3,42.9,0.80,0.92,1,6,9,1,6,9,1,7,9,0,,,0,,,0,,,0,,,0,,,0,,,SL,-46.70,30
2026.01.08 11:49,2026.01.08 12:01,BUY,LienKe,4422.767,4419.263,35.0,27.9,30.6,0.80,0.87,1,0,10,1,0,10,0,,,0,,,0,,,0,,,0,,,0,,,0,,,SL,-35.04,12
2026.01.08 11:49,2026.01.08 12:01,BUY,LienKe,4423.455,4419.263,41.9,21.0,37.5,0.50,0.90,1,0,2,1,1,2,0,,,0,,,0,,,0,,,0,,,0,,,0,,,SL,-41.92,12
2026.01.08 19:08,2026.01.08 19:17,BUY,LienKe,4448.176,4444.770,34.1,10.2,30.6,0.30,0.90,1,4,5,0,,,0,,,0,,,0,,,0,,,0,,,0,,,0,,,SL,-34.06,8
2026.01.08 19:08,2026.01.08 19:17,BUY,LienKe,4448.677,4444.770,39.1,5.2,35.6,0.13,0.91,0,,,0,,,0,,,0,,,0,,,0,,,0,,,0,,,0,,,SL,-39.07,9
2026.01.08 17:03,2026.01.08 20:26,SELL,LienKe,4463.796,4468.503,47.1,193.0,43.6,4.10,0.93,1,0,51,1,1,51,1,2,51,1,6,51,1,64,199,1,67,199,1,93,199,0,,,0,,,SL,-47.07,203
2026.01.08 23:50,2026.01.09 00:21,BUY,LienKe,4473.834,4469.630,42.0,29.1,40.4,0.69,0.96,1,0,22,1,1,22,0,,,0,,,0,,,0,,,0,,,0,,,0,,,SL,-47.39,31
2026.01.09 03:09,2026.01.09 03:24,BUY,LienKe,4464.975,4461.218,37.6,15.6,36.6,0.42,0.97,1,12,13,0,,,0,,,0,,,0,,,0,,,0,,,0,,,0,,,SL,-37.57,14
2026.01.09 03:06,2026.01.09 03:24,BUY,LienKe,4465.983,4461.218,47.7,13.4,46.7,0.28,0.98,1,0,1,0,,,0,,,0,,,0,,,0,,,0,,,0,,,0,,,SL,-47.65,18
2026.01.09 06:28,2026.01.09 06:36,SELL,LienKe,4472.104,4475.597,34.9,0.0,34.5,0.00,0.99,0,,,0,,,0,,,0,,,0,,,0,,,0,,,0,,,0,,,SL,-34.93,8
2026.01.09 06:28,2026.01.09 06:36,SELL,LienKe,4471.666,4475.597,39.3,0.0,38.9,0.00,0.99,0,,,0,,,0,,,0,,,0,,,0,,,0,,,0,,,0,,,SL,-39.31,8
2026.01.09 08:10,2026.01.09 12:05,SELL,LienKe,4475.248,4479.574,43.3,111.2,37.8,2.57,0.87,1,4,12,1,5,12,1,20,64,1,25,64,1,29,64,1,41,64,0,,,0,,,0,,,SL,-43.26,235
2026.01.09 08:09,2026.01.09 12:05,SELL,LienKe,4473.989,4479.574,55.9,98.6,50.4,1.77,0.90,1,6,6,1,21,63,1,22,63,1,28,63,1,31,63,0,,,0,,,0,,,0,,,SL,-55.85,236
2026.01.09 06:47,2026.01.09 12:05,SELL,Swing,4476.091,4479.630,35.4,119.6,29.4,3.38,0.83,1,1,1,1,3,5,1,8,80,1,27,80,1,75,80,1,113,151,0,,,0,,,0,,,SL,-35.39,318
2026.01.09 06:47,2026.01.09 12:05,SELL,Swing,4475.107,4479.630,45.2,109.8,39.2,2.43,0.87,1,3,3,1,8,9,1,15,16,1,37,79,1,75,79,1,124,145,0,,,0,,,0,,,SL,-45.23,318
2026.01.09 09:21,2026.01.09 12:06,SELL,LienKe,4476.848,4480.674,38.3,94.9,33.9,2.48,0.89,1,1,159,1,3,159,1,8,159,1,14,159,1,69,159,0,,,0,,,0,,,0,,,SL,-38.26,164
2026.01.09 09:21,2026.01.09 12:06,SELL,Swing,4476.848,4480.674,38.3,94.9,33.9,2.48,0.89,1,1,159,1,3,159,1,8,159,1,14,159,1,69,159,0,,,0,,,0,,,0,,,SL,-38.26,164
2026.01.09 09:21,2026.01.09 12:06,SELL,LienKe,4475.959,4480.674,47.2,86.1,42.8,1.83,0.91,1,3,158,1,8,158,1,12,158,1,33,158,1,85,158,0,,,0,,,0,,,0,,,SL,-47.15,165
2026.01.09 09:21,2026.01.09 12:06,SELL,Swing,4475.959,4480.674,47.2,86.1,42.8,1.83,0.91,1,3,158,1,8,158,1,12,158,1,33,158,1,85,158,0,,,0,,,0,,,0,,,SL,-47.15,165
2026.01.09 20:05,2026.01.09 20:13,SELL,LienKe,4501.683,4504.940,32.6,19.3,31.5,0.59,0.97,1,1,5,0,,,0,,,0,,,0,,,0,,,0,,,0,,,0,,,SL,-32.57,8
2026.01.09 20:05,2026.01.09 20:13,SELL,LienKe,4501.466,4504.940,34.7,17.1,33.6,0.49,0.97,1,1,5,0,,,0,,,0,,,0,,,0,,,0,,,0,,,0,,,SL,-34.74,8
2026.01.12 07:17,2026.01.12 07:57,SELL,Swing,4584.968,4588.876,39.1,61.8,27.7,1.58,0.71,1,1,2,1,9,21,1,10,21,1,11,21,0,,,0,,,0,,,0,,,0,,,SL,-39.08,40
2026.01.12 07:17,2026.01.12 07:57,SELL,Swing,4584.112,4588.876,47.6,53.2,36.3,1.12,0.76,1,1,1,1,9,20,1,10,20,1,11,20,0,,,0,,,0,,,0,,,0,,,SL,-47.64,40
2026.01.12 09:23,2026.01.12 13:08,SELL,LienKe,4598.349,4602.224,38.8,197.4,32.4,5.09,0.84,1,0,1,1,6,223,1,7,223,1,24,223,1,27,223,1,36,223,1,153,223,0,,,0,,,SL,-38.75,225
2026.01.12 09:23,2026.01.12 13:08,SELL,LienKe,4597.545,4602.224,46.8,189.4,40.5,4.05,0.86,1,3,5,1,7,222,1,14,222,1,26,222,1,34,222,1,45,222,1,153,222,0,,,0,,,SL,-46.79,225
2026.01.12 15:10,2026.01.12 15:26,SELL,LienKe,4617.019,4620.798,37.8,65.1,34.1,1.72,0.90,1,1,2,1,1,2,1,6,13,1,11,13,0,,,0,,,0,,,0,,,0,,,SL,-37.79,16
2026.01.12 15:10,2026.01.12 15:26,SELL,LienKe,4615.673,4620.798,51.3,51.6,47.5,1.01,0.93,1,2,2,1,6,7,1,11,13,1,12,13,0,,,0,,,0,,,0,,,0,,,SL,-51.25,16
2026.01.12 15:30,2026.01.12 15:36,SELL,Swing,4621.022,4625.286,42.6,24.2,41.9,0.57,0.98,1,0,3,1,1,3,0,,,0,,,0,,,0,,,0,,,0,,,0,,,SL,-42.64,6
2026.01.12 15:27,2026.01.12 15:36,SELL,Swing,4619.811,4625.286,54.8,27.7,54.0,0.51,0.99,1,0,1,1,0,1,0,,,0,,,0,,,0,,,0,,,0,,,0,,,SL,-54.75,9
2026.01.13 01:01,2026.01.13 01:30,BUY,LienKe,4585.553,4580.653,49.0,102.3,39.9,2.09,0.82,1,0,1,1,0,1,1,5,17,1,7,17,1,9,17,1,10,17,0,,,0,,,0,,,SL,-49.00,29
2026.01.13 01:01,2026.01.13 01:30,BUY,LienKe,4588.563,4580.653,79.1,72.2,70.1,0.91,0.89,1,6,6,1,7,8,1,7,8,1,9,16,0,,,0,,,0,,,0,,,0,,,SL,-79.10,29
2026.01.13 08:07,2026.01.13 08:11,SELL,LienKe,4587.147,4590.772,36.3,13.9,25.5,0.38,0.70,1,1,2,0,,,0,,,0,,,0,,,0,,,0,,,0,,,0,,,SL,-36.25,4
2026.01.13 08:07,2026.01.13 08:11,SELL,LienKe,4586.489,4590.772,42.8,7.3,32.1,0.17,0.75,0,,,0,,,0,,,0,,,0,,,0,,,0,,,0,,,0,,,SL,-42.83,4
2026.01.13 10:01,2026.01.13 10:11,BUY,LienKe,4585.574,4582.124,34.5,14.5,33.4,0.42,0.97,1,0,2,0,,,0,,,0,,,0,,,0,,,0,,,0,,,0,,,SL,-34.50,10
2026.01.13 10:01,2026.01.13 10:11,BUY,LienKe,4586.221,4582.124,41.0,8.1,39.8,0.20,0.97,0,,,0,,,0,,,0,,,0,,,0,,,0,,,0,,,0,,,SL,-40.97,10
2026.01.13 12:59,2026.01.13 13:03,SELL,LienKe,4592.716,4596.600,38.8,18.5,34.8,0.48,0.90,1,1,2,0,,,0,,,0,,,0,,,0,,,0,,,0,,,0,,,SL,-38.84,3
2026.01.13 12:53,2026.01.13 13:03,SELL,LienKe,4591.787,4596.600,48.1,13.3,44.1,0.28,0.92,1,0,2,0,,,0,,,0,,,0,,,0,,,0,,,0,,,0,,,SL,-48.13,10
2026.01.13 13:01,2026.01.13 13:09,SELL,LienKe,4594.218,4598.248,40.3,19.2,37.3,0.48,0.93,1,2,3,0,,,0,,,0,,,0,,,0,,,0,,,0,,,0,,,SL,-40.30,8
2026.01.13 13:01,2026.01.13 13:09,SELL,LienKe,4591.922,4598.248,63.3,10.5,60.2,0.17,0.95,1,0,0,0,,,0,,,0,,,0,,,0,,,0,,,0,,,0,,,SL,-63.26,8
2026.01.14 04:03,2026.01.14 05:01,SELL,LienKe,4629.541,4633.246,37.0,41.2,18.3,1.11,0.49,1,2,13,1,7,13,1,20,33,0,,,0,,,0,,,0,,,0,,,0,,,SL,-37.05,58
2026.01.14 04:03,2026.01.14 05:01,SELL,LienKe,4628.908,4633.246,43.4,34.9,24.7,0.80,0.57,1,4,7,1,19,32,1,26,32,0,,,0,,,0,,,0,,,0,,,0,,,SL,-43.38,58
2026.01.14 13:35,2026.01.14 14:39,BUY,Swing,4627.695,4621.312,63.8,111.0,59.0,1.74,0.92,1,1,56,1,1,56,1,1,56,1,3,56,1,7,56,1,28,56,0,,,0,,,0,,,SL,-63.83,64
2026.01.14 13:31,2026.01.14 14:39,BUY,Swing,4631.138,4621.312,98.3,76.6,93.4,0.78,0.95,1,0,0,1,1,2,1,9,19,1,12,19,0,,,0,,,0,,,0,,,0,,,SL,-98.26,68
2026.01.14 03:30,2026.01.14 14:48,BUY,LienKe,4615.266,4610.520,47.5,267.2,13.4,5.63,0.28,1,0,673,1,1,673,1,2,673,1,3,673,1,7,673,1,9,673,1,82,673,1,91,673,0,,,SL,-47.46,678
2026.01.14 19:03,2026.01.14 23:23,SELL,Swing,4640.009,4646.164,61.5,293.0,17.3,4.76,0.28,1,0,22,1,1,22,1,1,22,1,2,22,1,59,67,1,59,67,1,131,-,1,154,-,0,,,TP,300.00,260
2026.01.15 03:25,2026.01.15 10:18,BUY,Swing,4584.331,4579.558,47.7,298.5,33.4,6.25,0.70,1,0,1,1,0,1,1,3,5,1,9,111,1,12,111,1,12,111,1,156,-,1,164,-,0,,,TP,300.00,413
2026.01.15 10:10,2026.01.15 10:37,SELL,LienKe,4612.621,4616.538,39.2,18.5,37.6,0.47,0.96,1,17,18,0,,,0,,,0,,,0,,,0,,,0,,,0,,,0,,,SL,-39.17,27
2026.01.15 10:09,2026.01.15 10:37,SELL,LienKe,4611.686,4616.538,48.5,9.2,47.0,0.19,0.97,0,,,0,,,0,,,0,,,0,,,0,,,0,,,0,,,0,,,SL,-48.52,28
2026.01.15 03:23,2026.01.15 10:37,BUY,Swing,4587.867,4579.558,83.1,283.6,68.7,3.41,0.83,1,1,1,1,11,40,1,13,40,1,14,40,1,15,40,1,149,-,1,165,-,1,170,-,0,,,TP,300.00,434
2026.01.15 16:47,2026.01.16 00:46,BUY,LienKe,4604.309,4600.238,40.7,174.2,37.1,4.28,0.91,1,1,1,1,10,11,1,13,206,1,16,206,1,31,206,1,49,206,1,75,206,0,,,0,,,SL,-46.06,479
2026.01.15 16:47,2026.01.16 00:46,BUY,LienKe,4605.583,4600.238,53.4,161.5,49.9,3.02,0.93,1,12,202,1,13,202,1,15,202,1,19,202,1,36,202,1,50,202,1,95,202,0,,,0,,,SL,-58.80,479
2026.01.16 00:47,2026.01.16 01:00,BUY,Swing,4600.783,4596.807,39.8,12.4,22.5,0.31,0.57,1,8,9,0,,,0,,,0,,,0,,,0,,,0,,,0,,,0,,,SL,-39.76,13
2026.01.16 00:47,2026.01.16 01:00,BUY,Swing,4600.978,4596.807,41.7,10.5,24.4,0.25,0.59,1,9,9,0,,,0,,,0,,,0,,,0,,,0,,,0,,,0,,,SL,-41.71,13
2026.01.16 13:09,2026.01.16 13:16,BUY,LienKe,4597.914,4594.029,38.8,6.6,33.8,0.17,0.87,0,,,0,,,0,,,0,,,0,,,0,,,0,,,0,,,0,,,SL,-38.85,7
2026.01.16 13:06,2026.01.16 13:16,BUY,LienKe,4599.443,4594.029,54.1,38.7,49.1,0.71,0.91,1,0,2,1,0,2,1,1,2,0,,,0,,,0,,,0,,,0,,,0,,,SL,-54.14,10
2026.01.16 06:48,2026.01.16 13:16,BUY,LienKe,4596.454,4592.169,42.8,197.0,26.0,4.60,0.61,1,2,3,1,2,3,1,15,381,1,17,381,1,18,381,1,22,381,1,26,381,0,,,0,,,SL,-42.85,388
2026.01.16 06:48,2026.01.16 13:16,BUY,LienKe,4597.923,4592.169,57.5,182.3,40.7,3.17,0.71,1,3,3,1,16,364,1,16,364,1,18,364,1,21,364,1,22,364,1,285,364,0,,,0,,,SL,-57.54,388
2026.01.16 14:11,2026.01.16 14:36,SELL,LienKe,4605.989,4610.231,42.4,96.9,36.7,2.28,0.87,1,8,9,1,11,23,1,13,23,1,17,23,1,19,23,0,,,0,,,0,,,0,,,SL,-42.42,25
2026.01.16 14:08,2026.01.16 14:36,SELL,LienKe,4605.346,4610.231,48.9,90.5,43.2,1.85,0.88,1,1,2,1,2,2,1,16,18,1,21,26,1,22,26,0,,,0,,,0,,,0,,,SL,-48.85,28
2026.01.16 15:04,2026.01.16 15:05,SELL,LienKe,4614.604,4618.577,39.7,0.0,7.4,0.00,0.19,0,,,0,,,0,,,0,,,0,,,0,,,0,,,0,,,0,,,SL,-39.73,1
2026.01.16 15:04,2026.01.16 15:05,SELL,LienKe,4613.045,4618.577,55.3,4.3,23.0,0.08,0.42,0,,,0,,,0,,,0,,,0,,,0,,,0,,,0,,,0,,,SL,-55.32,1
2026.01.16 15:28,2026.01.16 15:28,BUY,Swing,4583.578,4576.008,75.7,2.7,1.6,0.04,0.02,0,,,0,,,0,,,0,,,0,,,0,,,0,,,0,,,0,,,SL,-75.70,0
2026.01.16 15:28,2026.01.16 15:28,BUY,Swing,4582.633,4576.008,66.3,0.0,106.0,0.00,1.60,0,,,0,,,0,,,0,,,0,,,0,,,0,,,0,,,0,,,SL,-66.25,0
2026.01.19 08:58,2026.01.20 04:49,BUY,LienKe,4663.591,4658.683,49.1,298.9,41.4,6.09,0.84,1,3,103,1,3,103,1,8,103,1,9,103,1,16,103,1,223,307,1,536,928,1,1166,-,0,,,TP,294.65,1191
2026.01.20 05:03,2026.01.20 05:06,SELL,LienKe,4696.895,4700.715,38.2,20.7,37.8,0.54,0.99,1,0,2,1,2,2,0,,,0,,,0,,,0,,,0,,,0,,,0,,,SL,-38.20,3
2026.01.20 05:02,2026.01.20 05:06,SELL,LienKe,4696.484,4700.715,42.3,16.6,41.9,0.39,0.99,1,2,3,0,,,0,,,0,,,0,,,0,,,0,,,0,,,0,,,SL,-42.31,4
2026.01.20 07:22,2026.01.20 07:24,SELL,LienKe,4717.175,4720.793,36.2,10.2,7.4,0.28,0.21,1,0,1,0,,,0,,,0,,,0,,,0,,,0,,,0,,,0,,,SL,-36.18,2
2026.01.20 07:14,2026.01.20 07:24,SELL,LienKe,4715.929,4720.793,48.6,9.9,19.9,0.20,0.41,0,,,0,,,0,,,0,,,0,,,0,,,0,,,0,,,0,,,SL,-48.64,10
2026.01.20 13:59,2026.01.20 14:00,SELL,Swing,4735.735,4739.666,39.3,0.0,29.2,0.00,0.74,0,,,0,,,0,,,0,,,0,,,0,,,0,,,0,,,0,,,SL,-39.31,1
2026.01.20 13:58,2026.01.20 14:00,SELL,Swing,4734.762,4739.666,49.0,12.3,38.9,0.25,0.79,1,0,1,0,,,0,,,0,,,0,,,0,,,0,,,0,,,0,,,SL,-49.04,2
2026.01.20 16:51,2026.01.20 16:55,SELL,LienKe,4747.564,4752.281,47.2,5.9,38.6,0.13,0.82,0,,,0,,,0,,,0,,,0,,,0,,,0,,,0,,,0,,,SL,-47.17,4
2026.01.20 16:51,2026.01.20 16:55,SELL,LienKe,4746.370,4752.281,59.1,4.1,50.6,0.07,0.86,0,,,0,,,0,,,0,,,0,,,0,,,0,,,0,,,0,,,SL,-59.11,4
2026.01.20 23:40,2026.01.20 23:44,SELL,LienKe,4763.490,4767.259,37.7,0.0,16.6,0.00,0.44,0,,,0,,,0,,,0,,,0,,,0,,,0,,,0,,,0,,,SL,-37.69,4
2026.01.20 23:05,2026.01.20 23:44,SELL,LienKe,4762.276,4767.259,49.8,43.3,28.8,0.87,0.58,1,2,29,1,4,29,1,5,29,0,,,0,,,0,,,0,,,0,,,0,,,SL,-49.83,39
2026.01.21 17:12,2026.01.21 17:15,BUY,LienKe,4821.596,4814.821,67.7,0.0,61.9,0.00,0.91,0,,,0,,,0,,,0,,,0,,,0,,,0,,,0,,,0,,,SL,-67.75,3
2026.01.21 17:05,2026.01.21 17:15,BUY,LienKe,4824.592,4814.821,97.7,52.5,91.8,0.54,0.94,1,0,6,1,1,6,1,1,6,1,4,6,0,,,0,,,0,,,0,,,0,,,SL,-97.71,10
2026.01.22 11:48,2026.01.22 11:54,SELL,LienKe,4831.813,4835.106,32.9,0.0,32.1,0.00,0.97,0,,,0,,,0,,,0,,,0,,,0,,,0,,,0,,,0,,,SL,-32.93,6
2026.01.22 11:48,2026.01.22 11:54,SELL,LienKe,4831.524,4835.106,35.8,0.4,35.0,0.01,0.98,0,,,0,,,0,,,0,,,0,,,0,,,0,,,0,,,0,,,SL,-35.82,6
2026.01.23 08:01,2026.01.23 08:18,BUY,LienKe,4943.023,4938.697,43.3,45.6,38.8,1.05,0.90,1,0,10,1,1,10,1,1,10,0,,,0,,,0,,,0,,,0,,,0,,,SL,-43.26,17
2026.01.23 08:01,2026.01.23 08:18,BUY,LienKe,4945.220,4938.697,65.2,23.6,60.7,0.36,0.93,1,3,4,1,7,10,0,,,0,,,0,,,0,,,0,,,0,,,0,,,SL,-65.23,17
2026.01.23 10:04,2026.01.23 10:19,SELL,LienKe,4921.369,4925.612,42.4,55.5,40.3,1.31,0.95,1,0,8,1,0,8,1,1,8,1,1,8,0,,,0,,,0,,,0,,,0,,,SL,-42.43,15
2026.01.23 10:04,2026.01.23 10:19,SELL,LienKe,4920.306,4925.612,53.1,44.8,50.9,0.85,0.96,1,0,4,1,1,4,1,1,4,0,,,0,,,0,,,0,,,0,,,0,,,SL,-53.06,15
2026.01.26 05:19,2026.01.26 06:42,BUY,LienKe,5056.873,5052.156,47.2,286.9,45.6,6.08,0.97,1,2,12,1,2,12,1,2,12,1,4,12,1,7,12,1,8,12,1,30,-,1,42,-,0,,,TP,300.00,83
2026.01.26 05:13,2026.01.26 06:42,BUY,LienKe,5058.693,5052.156,65.4,268.7,63.8,4.11,0.98,1,0,6,1,1,6,1,3,6,1,11,18,1,14,18,1,34,-,1,39,-,1,48,-,0,,,TP,300.00,89
2026.01.26 11:20,2026.01.26 13:00,BUY,LienKe,5079.797,5075.591,42.1,171.9,25.7,4.09,0.61,1,1,82,1,2,82,1,2,82,1,4,82,1,16,82,1,17,82,1,62,82,0,,,0,,,SL,-42.06,100
2026.01.26 11:20,2026.01.26 13:00,BUY,LienKe,5081.508,5075.591,59.2,154.7,42.8,2.62,0.72,1,2,82,1,2,82,1,4,82,1,8,82,1,17,82,1,19,82,1,64,82,0,,,0,,,SL,-59.17,100
2026.01.26 09:54,2026.01.26 13:00,BUY,LienKe,5081.149,5075.361,57.9,158.3,57.0,2.74,0.99,1,4,4,1,5,9,1,5,9,1,18,84,1,20,84,1,26,84,1,148,168,0,,,0,,,SL,-57.88,186
2026.01.26 09:53,2026.01.26 13:00,BUY,LienKe,5083.163,5075.361,78.0,138.2,77.2,1.77,0.99,1,0,0,1,7,8,1,19,85,1,20,85,1,27,85,1,40,85,0,,,0,,,0,,,SL,-78.02,187
2026.01.26 13:01,2026.01.26 13:02,BUY,LienKe,5076.673,5072.173,45.0,40.4,2.0,0.90,0.04,1,0,-,1,0,-,1,0,-,0,,,0,,,0,,,0,,,0,,,0,,,SL,-45.00,1
2026.01.26 13:01,2026.01.26 13:02,BUY,Swing,5076.673,5072.173,45.0,40.4,2.0,0.90,0.04,1,0,-,1,0,-,1,0,-,0,,,0,,,0,,,0,,,0,,,0,,,SL,-45.00,1
2026.01.26 13:01,2026.01.26 13:02,BUY,LienKe,5078.226,5072.173,60.5,24.9,17.5,0.41,0.29,1,0,0,1,0,0,0,,,0,,,0,,,0,,,0,,,0,,,0,,,SL,-60.53,1
2026.01.26 13:01,2026.01.26 13:02,BUY,Swing,5078.226,5072.173,60.5,24.9,17.5,0.41,0.29,1,0,0,1,0,0,0,,,0,,,0,,,0,,,0,,,0,,,0,,,SL,-60.53,1
2026.01.26 08:05,2026.01.26 13:30,SELL,LienKe,5095.568,5099.616,40.5,293.4,32.5,7.25,0.80,1,0,8,1,0,8,1,1,8,1,2,8,1,46,83,1,46,83,1,49,83,1,295,-,0,,,TP,300.00,325
2026.01.26 08:04,2026.01.26 13:30,SELL,LienKe,5094.238,5099.616,53.8,280.1,45.8,5.21,0.85,1,2,8,1,2,8,1,2,8,1,45,75,1,47,75,1,47,75,1,107,155,1,298,-,0,,,TP,300.00,326
2026.01.26 14:33,2026.01.26 14:37,SELL,LienKe,5081.748,5086.471,47.2,3.6,38.9,0.08,0.82,0,,,0,,,0,,,0,,,0,,,0,,,0,,,0,,,0,,,SL,-47.23,4
2026.01.26 14:33,2026.01.26 14:37,SELL,LienKe,5078.217,5086.471,82.5,3.6,74.2,0.04,0.90,0,,,0,,,0,,,0,,,0,,,0,,,0,,,0,,,0,,,SL,-82.54,4
2026.01.26 16:32,2026.01.26 16:38,BUY,LienKe,5072.801,5067.604,52.0,81.5,30.8,1.57,0.59,1,0,-,1,1,-,1,1,-,1,1,-,1,1,-,0,,,0,,,0,,,0,,,SL,-51.97,6
2026.01.26 16:30,2026.01.26 16:38,BUY,LienKe,5075.836,5067.604,82.3,53.9,61.2,0.66,0.74,1,0,1,1,0,1,1,0,1,1,0,1,0,,,0,,,0,,,0,,,0,,,SL,-82.32,8
2026.01.27 01:11,2026.01.27 01:11,SELL,LienKe,5050.654,5058.679,80.2,0.0,1.6,0.00,0.02,0,,,0,,,0,,,0,,,0,,,0,,,0,,,0,,,0,,,SL,-80.25,0
2026.01.27 01:11,2026.01.27 01:11,SELL,LienKe,5053.143,5058.679,55.4,0.0,97.3,0.00,1.76,0,,,0,,,0,,,0,,,0,,,0,,,0,,,0,,,0,,,SL,-55.36,0
2026.01.27 13:13,2026.01.27 14:05,SELL,LienKe,5091.035,5095.343,43.1,234.0,21.0,5.43,0.49,1,1,2,1,3,-,1,3,-,1,3,-,1,13,-,1,13,-,1,21,-,1,30,-,0,,,TP,300.00,52
2026.01.27 13:03,2026.01.27 14:05,SELL,LienKe,5089.386,5095.343,59.6,217.6,37.5,3.65,0.63,1,0,1,1,2,10,1,2,10,1,2,10,1,7,10,1,7,10,1,33,-,1,60,-,0,,,TP,300.00,62
2026.01.27 12:49,2026.01.27 14:13,SELL,LienKe,5088.264,5094.210,59.5,293.2,48.7,4.93,0.82,1,0,11,1,0,11,1,0,11,1,6,11,1,21,23,1,40,-,1,52,-,1,74,-,0,,,TP,300.00,84
2026.01.27 17:04,2026.01.27 17:17,BUY,LienKe,5084.822,5080.338,44.8,93.9,44.7,2.10,1.00,1,3,3,1,5,12,1,6,12,1,7,12,1,10,12,0,,,0,,,0,,,0,,,SL,-44.84,12
2026.01.27 17:04,2026.01.27 17:17,BUY,LienKe,5086.498,5080.338,61.6,77.2,61.5,1.25,1.00,1,6,12,1,7,12,1,7,12,1,9,12,0,,,0,,,0,,,0,,,0,,,SL,-61.60,13
2026.01.27 18:25,2026.01.27 20:03,BUY,LienKe,5078.965,5073.186,57.8,221.3,2.6,3.83,0.05,1,0,-,1,1,-,1,1,-,1,3,-,1,3,-,1,5,-,1,25,-,1,90,-,0,,,TP,300.00,98
2026.01.27 18:10,2026.01.27 20:03,BUY,LienKe,5081.585,5073.186,84.0,195.1,28.8,2.32,0.34,1,0,3,1,0,3,1,1,3,1,7,9,1,21,56,1,22,56,1,105,-,0,,,0,,,TP,300.00,113
2026.01.28 00:06,2026.01.28 01:06,BUY,LienKe,5160.890,5154.059,68.3,277.6,4.8,4.06,0.07,1,0,15,1,0,15,1,1,15,1,2,15,1,31,-,1,39,-,1,46,-,1,57,-,0,,,TP,300.00,60
2026.01.28 09:15,2026.01.28 09:16,BUY,LienKe,5281.190,5277.373,38.2,0.0,22.7,0.00,0.59,0,,,0,,,0,,,0,,,0,,,0,,,0,,,0,,,0,,,SL,-38.17,0
2026.01.28 09:15,2026.01.28 09:16,BUY,LienKe,5282.191,5277.373,48.2,0.0,32.7,0.00,0.68,0,,,0,,,0,,,0,,,0,,,0,,,0,,,0,,,0,,,SL,-48.18,1
2026.01.28 15:09,2026.01.28 15:24,BUY,LienKe,5244.276,5232.248,120.3,299.3,31.1,2.49,0.26,1,1,-,1,1,-,1,1,-,1,1,-,1,1,-,1,1,-,1,1,-,1,6,-,0,,,TP,300.00,14
2026.01.28 15:09,2026.01.28 15:24,BUY,Swing,5244.276,5232.248,120.3,299.3,31.1,2.49,0.26,1,1,-,1,1,-,1,1,-,1,1,-,1,1,-,1,1,-,1,1,-,1,6,-,0,,,TP,300.00,14
2026.01.28 16:59,2026.01.28 17:00,SELL,LienKe,5298.342,5302.788,44.5,0.0,20.2,0.00,0.45,0,,,0,,,0,,,0,,,0,,,0,,,0,,,0,,,0,,,SL,-44.46,1
2026.01.28 16:59,2026.01.28 17:00,SELL,LienKe,5297.205,5302.788,55.8,14.4,31.5,0.26,0.56,1,0,0,0,,,0,,,0,,,0,,,0,,,0,,,0,,,0,,,SL,-55.83,1
2026.01.29 04:07,2026.01.29 04:33,SELL,LienKe,5548.763,5553.995,52.3,150.1,40.3,2.87,0.77,1,2,20,1,2,20,1,2,20,1,3,20,1,3,20,1,6,20,1,7,20,0,,,0,,,SL,-52.32,26
2026.01.29 04:02,2026.01.29 04:33,SELL,LienKe,5546.935,5553.995,70.6,131.8,58.6,1.87,0.83,1,0,4,1,0,4,1,0,4,1,0,4,1,0,4,1,0,4,0,,,0,,,0,,,SL,-70.60,31
2026.01.29 10:33,2026.01.29 10:56,BUY,LienKe,5500.936,5494.290,66.5,91.2,19.0,1.37,0.29,1,0,1,1,0,1,1,0,1,1,0,1,1,6,-,0,,,0,,,0,,,0,,,SL,-66.46,23
2026.01.29 10:56,2026.01.29 10:56,BUY,LienKe,5498.387,5494.290,41.0,0.0,67.2,0.00,1.64,0,,,0,,,0,,,0,,,0,,,0,,,0,,,0,,,0,,,SL,-40.97,0
2026.01.30 02:08,2026.01.30 02:09,BUY,LienKe,5287.886,5276.364,115.2,0.0,80.1,0.00,0.70,0,,,0,,,0,,,0,,,0,,,0,,,0,,,0,,,0,,,SL,-115.22,1
2026.01.30 02:08,2026.01.30 02:09,BUY,Swing,5287.886,5276.364,115.2,0.0,80.1,0.00,0.70,0,,,0,,,0,,,0,,,0,,,0,,,0,,,0,,,0,,,SL,-115.22,1
2026.02.02 17:11,2026.02.02 17:18,SELL,LienKe,4708.175,4717.059,88.8,263.1,55.6,2.96,0.63,1,0,0,1,1,3,1,1,3,1,1,3,1,1,3,1,1,3,1,5,-,1,6,-,0,,,TP,300.00,7
2026.02.02 17:11,2026.02.02 17:19,SELL,LienKe,4703.917,4717.059,131.4,287.1,98.2,2.18,0.75,1,0,0,1,0,0,1,0,0,1,2,2,1,5,-,1,5,-,1,5,-,1,6,-,0,,,TP,300.00,8
2026.02.02 23:07,2026.02.02 23:08,SELL,Swing,4710.389,4716.694,63.1,1.8,21.9,0.03,0.35,0,,,0,,,0,,,0,,,0,,,0,,,0,,,0,,,0,,,SL,-63.05,1
2026.02.02 23:06,2026.02.02 23:08,SELL,Swing,4702.895,4716.694,138.0,73.6,96.8,0.53,0.70,1,0,1,1,0,1,1,0,1,1,0,1,0,,,0,,,0,,,0,,,0,,,SL,-137.99,2
2026.02.03 05:24,2026.02.03 05:28,SELL,LienKe,4826.710,4831.678,49.7,47.4,41.4,0.95,0.83,1,0,1,1,0,1,1,1,1,0,,,0,,,0,,,0,,,0,,,0,,,SL,-49.68,4
2026.02.03 05:24,2026.02.03 05:28,SELL,LienKe,4824.783,4831.678,68.9,28.1,60.7,0.41,0.88,1,1,1,1,1,1,0,,,0,,,0,,,0,,,0,,,0,,,0,,,SL,-68.95,4
2026.02.03 13:30,2026.02.03 13:44,SELL,LienKe,4937.288,4942.191,49.0,87.2,41.6,1.78,0.85,1,1,1,1,1,1,1,1,1,1,2,4,1,9,11,0,,,0,,,0,,,0,,,SL,-49.03,14
2026.02.03 13:30,2026.02.03 13:44,SELL,LienKe,4934.186,4942.191,80.1,56.2,72.6,0.70,0.91,1,0,0,1,2,3,1,2,3,1,9,10,0,,,0,,,0,,,0,,,0,,,SL,-80.05,14
2026.02.03 14:23,2026.02.03 15:08,BUY,LienKe,4901.704,4893.345,83.6,284.1,81.3,3.40,0.97,1,0,10,1,0,10,1,1,10,1,1,10,1,1,10,1,2,10,1,4,10,1,6,10,0,,,TP,300.00,45
2026.02.03 14:18,2026.02.03 15:09,BUY,LienKe,4907.221,4893.345,138.8,282.8,136.5,2.04,0.98,1,0,2,1,0,2,1,0,2,1,0,2,1,1,2,1,1,2,1,11,14,1,12,14,0,,,TP,300.00,51
2026.02.03 19:06,2026.02.03 19:09,BUY,LienKe,4886.496,4881.333,51.6,71.9,39.9,1.39,0.77,1,0,0,1,1,2,1,1,2,1,1,2,0,,,0,,,0,,,0,,,0,,,SL,-51.63,3
2026.02.03 19:06,2026.02.03 19:09,BUY,LienKe,4889.303,4881.333,79.7,43.8,67.9,0.55,0.85,1,1,2,1,1,2,1,1,2,0,,,0,,,0,,,0,,,0,,,0,,,SL,-79.70,3
2026.02.04 00:16,2026.02.04 00:18,SELL,Swing,4991.422,4997.322,59.0,33.2,55.5,0.56,0.94,1,0,1,1,0,1,1,0,1,0,,,0,,,0,,,0,,,0,,,0,,,SL,-59.00,2
2026.02.04 00:16,2026.02.04 00:18,SELL,Swing,4988.425,4997.322,89.0,37.0,85.5,0.42,0.96,1,0,0,1,0,0,1,0,0,0,,,0,,,0,,,0,,,0,,,0,,,SL,-88.97,2
2026.02.04 01:04,2026.02.04 01:06,SELL,LienKe,5016.694,5020.778,40.8,35.1,5.0,0.86,0.12,1,0,1,1,0,1,1,0,1,0,,,0,,,0,,,0,,,0,,,0,,,SL,-40.84,2
2026.02.04 01:02,2026.02.04 01:06,SELL,LienKe,5008.647,5020.778,121.3,70.9,85.5,0.58,0.70,1,0,1,1,0,1,1,0,1,1,0,1,0,,,0,,,0,,,0,,,0,,,SL,-121.31,4
2026.02.04 05:06,2026.02.04 05:18,SELL,LienKe,5081.278,5085.564,42.9,39.9,33.3,0.93,0.78,1,0,3,1,1,3,1,1,3,0,,,0,,,0,,,0,,,0,,,0,,,SL,-42.86,11
2026.02.04 05:06,2026.02.04 05:18,SELL,LienKe,5079.918,5085.564,56.5,26.3,46.9,0.47,0.83,1,2,2,1,2,2,0,,,0,,,0,,,0,,,0,,,0,,,0,,,SL,-56.46,12
2026.02.05 01:02,2026.02.05 01:12,BUY,LienKe,4995.942,4987.696,82.5,96.4,76.1,1.17,0.92,1,0,1,1,0,1,1,0,1,1,2,4,1,5,8,0,,,0,,,0,,,0,,,SL,-82.46,10
2026.02.05 01:02,2026.02.05 01:12,BUY,LienKe,5001.295,4987.696,136.0,42.9,129.6,0.32,0.95,1,2,3,1,2,3,1,5,6,0,,,0,,,0,,,0,,,0,,,0,,,SL,-135.99,10
2026.02.05 05:07,2026.02.05 05:08,BUY,LienKe,4863.115,4859.670,34.4,0.0,34.2,0.00,0.99,0,,,0,,,0,,,0,,,0,,,0,,,0,,,0,,,0,,,SL,-34.45,0
2026.02.05 05:02,2026.02.05 05:08,BUY,LienKe,4873.710,4859.670,140.4,13.4,140.2,0.10,1.00,1,0,0,0,,,0,,,0,,,0,,,0,,,0,,,0,,,0,,,SL,-140.40,6
2026.02.05 11:13,2026.02.05 11:15,SELL,LienKe,4885.623,4889.986,43.6,35.5,35.2,0.81,0.81,1,0,1,1,0,1,1,0,1,0,,,0,,,0,,,0,,,0,,,0,,,SL,-43.63,2
2026.02.05 11:11,2026.02.05 11:15,SELL,LienKe,4883.747,4889.986,62.4,29.7,53.9,0.48,0.86,1,0,1,1,1,1,0,,,0,,,0,,,0,,,0,,,0,,,0,,,SL,-62.39,4
2026.02.06 06:01,2026.02.06 06:14,SELL,LienKe,4897.411,4906.302,88.9,299.1,9.9,3.36,0.11,1,0,-,1,0,-,1,0,-,1,0,-,1,0,-,1,0,-,1,3,-,1,6,-,0,,,TP,300.00,13
2026.02.06 15:01,2026.02.06 15:06,SELL,LienKe,4945.433,4962.466,170.3,60.4,71.4,0.35,0.42,1,0,0,1,0,0,1,1,2,1,1,2,0,,,0,,,0,,,0,,,0,,,SL,-170.33,5
2026.02.06 15:06,2026.02.06 16:26,SELL,LienKe,4953.854,4962.466,86.1,251.5,111.5,2.92,1.30,1,4,4,1,6,16,1,6,16,1,7,16,1,10,16,1,10,16,1,14,16,1,39,-,0,,,TP,300.00,79
2026.02.06 16:27,2026.02.06 17:11,BUY,LienKe,4930.616,4918.855,117.6,298.3,8.1,2.54,0.07,1,0,10,1,0,10,1,0,10,1,1,10,1,1,10,1,3,10,1,13,-,1,31,-,0,,,TP,300.00,44
2026.02.09 02:02,2026.02.09 02:03,BUY,LienKe,4975.960,4969.284,66.8,0.0,34.5,0.00,0.52,0,,,0,,,0,,,0,,,0,,,0,,,0,,,0,,,0,,,SL,-66.76,1
2026.02.09 02:01,2026.02.09 02:03,BUY,LienKe,4979.604,4969.284,103.2,25.2,71.0,0.24,0.69,1,0,1,1,0,1,0,,,0,,,0,,,0,,,0,,,0,,,0,,,SL,-103.20,2
2026.02.09 05:23,2026.02.09 05:27,SELL,LienKe,5024.129,5028.240,41.1,28.6,38.1,0.70,0.93,1,0,1,1,0,1,0,,,0,,,0,,,0,,,0,,,0,,,0,,,SL,-41.11,4
2026.02.09 05:23,2026.02.09 05:27,SELL,LienKe,5023.303,5028.240,49.4,20.4,46.3,0.41,0.94,1,0,1,1,0,1,0,,,0,,,0,,,0,,,0,,,0,,,0,,,SL,-49.37,4
2026.02.09 05:30,2026.02.09 05:37,SELL,Swing,5031.054,5034.800,37.5,49.4,36.4,1.32,0.97,1,0,1,1,0,1,1,0,1,0,,,0,,,0,,,0,,,0,,,0,,,SL,-37.46,7
2026.02.09 05:30,2026.02.09 05:37,SELL,Swing,5030.486,5034.800,43.1,43.7,42.0,1.01,0.97,1,0,1,1,0,1,1,3,4,0,,,0,,,0,,,0,,,0,,,0,,,SL,-43.14,7
2026.02.09 09:59,2026.02.09 10:02,BUY,LienKe,5006.557,4999.833,67.2,27.0,64.7,0.40,0.96,1,0,1,1,0,1,0,,,0,,,0,,,0,,,0,,,0,,,0,,,SL,-67.24,3
2026.02.09 10:03,2026.02.09 10:27,BUY,Swing,4998.719,4993.631,50.9,164.2,14.6,3.23,0.29,1,1,23,1,1,23,1,1,23,1,1,23,1,2,23,1,2,23,1,12,23,0,,,0,,,SL,-50.88,24
2026.02.09 10:03,2026.02.09 10:27,BUY,Swing,5001.138,4993.631,75.1,140.0,38.8,1.87,0.52,1,1,22,1,1,22,1,1,22,1,2,22,1,2,22,1,3,22,0,,,0,,,0,,,SL,-75.07,24
2026.02.09 11:56,2026.02.09 12:37,SELL,LienKe,5012.764,5020.894,81.3,52.0,78.1,0.64,0.96,1,3,4,1,3,4,1,3,4,1,7,9,0,,,0,,,0,,,0,,,0,,,SL,-81.30,41
2026.02.09 13:25,2026.02.09 13:29,BUY,LienKe,5009.234,5003.644,55.9,35.9,25.8,0.64,0.46,1,0,1,1,0,1,1,0,1,0,,,0,,,0,,,0,,,0,,,0,,,SL,-55.90,4
2026.02.09 13:24,2026.02.09 13:29,BUY,LienKe,5012.265,5003.644,86.2,65.1,56.1,0.75,0.65,1,0,1,1,0,1,1,0,1,1,0,1,0,,,0,,,0,,,0,,,0,,,SL,-86.21,5
2026.02.10 07:01,2026.02.10 08:45,BUY,LienKe,5020.939,5015.388,55.5,279.8,17.1,5.04,0.31,1,0,24,1,0,24,1,0,24,1,1,24,1,3,24,1,10,24,1,52,-,1,65,-,0,,,TP,300.00,104
2026.02.10 07:01,2026.02.10 08:46,BUY,LienKe,5023.806,5015.388,84.2,293.3,45.8,3.48,0.54,1,1,21,1,1,21,1,1,21,1,3,21,1,11,21,1,11,21,1,64,-,1,97,-,0,,,TP,300.00,105
2026.02.11 02:45,2026.02.11 03:31,SELL,Swing,5054.087,5059.748,56.6,88.2,52.4,1.56,0.92,1,2,2,1,3,5,1,20,37,1,30,37,1,31,37,0,,,0,,,0,,,0,,,SL,-56.61,46
2026.02.11 02:44,2026.02.11 03:31,SELL,LienKe,5052.622,5059.748,71.3,73.6,67.0,1.03,0.94,1,4,5,1,22,25,1,22,25,1,31,37,0,,,0,,,0,,,0,,,0,,,SL,-71.26,47
2026.02.11 02:02,2026.02.11 03:31,SELL,LienKe,5051.089,5059.748,86.6,183.5,82.3,2.12,0.95,1,0,40,1,0,40,1,0,40,1,0,40,1,4,40,1,4,40,1,12,40,0,,,0,,,SL,-86.59,89
2026.02.11 02:02,2026.02.11 03:31,SELL,Swing,5051.089,5059.748,86.6,183.5,82.3,2.12,0.95,1,0,40,1,0,40,1,0,40,1,0,40,1,4,40,1,4,40,1,12,40,0,,,0,,,SL,-86.59,89
2026.02.11 10:17,2026.02.11 10:24,SELL,LienKe,5071.843,5075.977,41.3,22.2,30.7,0.54,0.74,1,0,1,1,1,1,0,,,0,,,0,,,0,,,0,,,0,,,0,,,SL,-41.34,7
2026.02.11 10:17,2026.02.11 10:24,SELL,LienKe,5070.752,5075.977,52.2,11.3,41.6,0.22,0.80,1,1,1,0,,,0,,,0,,,0,,,0,,,0,,,0,,,0,,,SL,-52.25,7
2026.02.11 12:01,2026.02.11 12:34,SELL,LienKe,5114.196,5122.259,80.6,276.2,12.3,3.43,0.15,1,0,-,1,0,-,1,0,-,1,1,-,1,3,-,1,5,-,1,8,-,1,17,-,0,,,TP,300.00,33
2026.02.12 08:02,2026.02.12 08:05,SELL,LienKe,5065.606,5069.433,38.3,2.9,34.4,0.08,0.90,0,,,0,,,0,,,0,,,0,,,0,,,0,,,0,,,0,,,SL,-38.27,3
2026.02.12 08:01,2026.02.12 08:05,SELL,LienKe,5064.877,5069.433,45.6,12.1,41.7,0.27,0.92,1,0,0,0,,,0,,,0,,,0,,,0,,,0,,,0,,,0,,,SL,-45.56,4
2026.02.12 09:08,2026.02.12 09:50,SELL,LienKe,5074.316,5078.636,43.2,53.8,36.6,1.25,0.85,1,3,4,1,3,4,1,21,37,1,26,37,0,,,0,,,0,,,0,,,0,,,SL,-43.20,42
2026.02.12 09:06,2026.02.12 09:50,SELL,LienKe,5072.600,5078.636,60.4,36.7,53.7,0.61,0.89,1,23,24,1,25,25,1,28,32,0,,,0,,,0,,,0,,,0,,,0,,,SL,-60.36,44
2026.02.12 01:05,2026.02.12 09:50,BUY,LienKe,5049.656,5044.553,51.0,285.6,45.5,5.60,0.89,1,0,3,1,0,3,1,0,3,1,0,3,1,12,328,1,15,328,1,55,328,1,55,328,0,,,TP,300.00,525
2026.02.12 12:09,2026.02.12 12:47,BUY,LienKe,5062.324,5053.549,87.7,62.5,83.9,0.71,0.96,1,7,9,1,23,31,1,25,31,1,26,31,0,,,0,,,0,,,0,,,0,,,SL,-87.75,38
2026.02.12 12:46,2026.02.12 12:52,BUY,Swing,5056.516,5051.576,49.4,2.5,40.7,0.05,0.82,0,,,0,,,0,,,0,,,0,,,0,,,0,,,0,,,0,,,SL,-49.40,6
2026.02.12 12:45,2026.02.12 12:52,BUY,Swing,5057.996,5051.576,64.2,6.6,55.6,0.10,0.87,0,,,0,,,0,,,0,,,0,,,0,,,0,,,0,,,0,,,SL,-64.20,7
2026.02.12 01:05,2026.02.12 12:52,BUY,LienKe,5051.995,5044.553,74.4,289.9,68.8,3.90,0.93,1,0,3,1,0,3,1,0,3,1,11,193,1,15,193,1,32,193,1,55,193,1,56,193,0,,,SL,0.00,707
2026.02.13 01:02,2026.02.13 01:05,SELL,LienKe,4951.919,4958.585,66.7,0.0,57.3,0.00,0.86,0,,,0,,,0,,,0,,,0,,,0,,,0,,,0,,,0,,,SL,-66.66,2
2026.02.13 01:02,2026.02.13 01:05,SELL,LienKe,4948.252,4958.585,103.3,15.7,93.9,0.15,0.91,1,0,0,0,,,0,,,0,,,0,,,0,,,0,,,0,,,0,,,SL,-103.33,3
2026.02.13 04:51,2026.02.13 05:19,BUY,LienKe,4974.485,4969.791,46.9,77.1,22.4,1.64,0.48,1,0,1,1,4,26,1,9,26,1,9,26,0,,,0,,,0,,,0,,,0,,,SL,-46.94,28
2026.02.13 10:56,2026.02.13 10:57,BUY,LienKe,4960.777,4954.859,59.2,0.0,35.9,0.00,0.61,0,,,0,,,0,,,0,,,0,,,0,,,0,,,0,,,0,,,SL,-59.18,1
2026.02.13 10:49,2026.02.13 10:57,BUY,LienKe,4964.104,4954.859,92.4,38.7,69.2,0.42,0.75,1,0,0,1,0,0,1,3,3,0,,,0,,,0,,,0,,,0,,,0,,,SL,-92.45,8
2026.02.13 14:17,2026.02.13 14:33,SELL,LienKe,5001.419,5008.017,66.0,71.5,65.6,1.08,0.99,1,3,4,1,12,13,1,12,13,1,12,13,0,,,0,,,0,,,0,,,0,,,SL,-65.98,16
2026.02.13 14:16,2026.02.13 14:33,SELL,LienKe,4996.614,5008.017,114.0,23.4,113.6,0.21,1.00,1,14,14,1,14,14,0,,,0,,,0,,,0,,,0,,,0,,,0,,,SL,-114.03,17
2026.02.16 02:41,2026.02.16 02:45,BUY,LienKe,5005.236,4999.094,61.4,18.2,31.3,0.30,0.51,1,0,1,0,,,0,,,0,,,0,,,0,,,0,,,0,,,0,,,SL,-61.42,4
2026.02.16 02:38,2026.02.16 02:45,BUY,LienKe,5008.749,4999.094,96.5,13.7,66.4,0.14,0.69,1,1,2,0,,,0,,,0,,,0,,,0,,,0,,,0,,,0,,,SL,-96.55,7
2026.02.16 03:01,2026.02.16 03:49,BUY,LienKe,4992.028,4987.604,44.2,79.8,41.7,1.80,0.94,1,1,8,1,1,8,1,2,8,1,2,8,0,,,0,,,0,,,0,,,0,,,SL,-44.24,48
2026.02.16 03:01,2026.02.16 03:49,BUY,LienKe,4993.681,4987.604,60.8,63.3,58.3,1.04,0.96,1,2,7,1,2,7,1,2,7,1,4,7,0,,,0,,,0,,,0,,,0,,,SL,-60.77,48
2026.02.16 05:04,2026.02.16 06:44,BUY,LienKe,4973.039,4961.573,114.7,257.1,2.4,2.24,0.02,1,0,-,1,0,-,1,0,-,1,1,-,1,1,-,1,2,-,1,21,-,1,83,-,0,,,TP,300.00,100
2026.02.16 07:42,2026.02.16 07:46,SELL,LienKe,5002.905,5006.591,36.9,16.6,34.0,0.45,0.92,1,2,-,0,,,0,,,0,,,0,,,0,,,0,,,0,,,0,,,SL,-36.86,4
2026.02.16 07:42,2026.02.16 07:46,SELL,LienKe,5002.114,5006.591,44.8,8.7,42.0,0.19,0.94,0,,,0,,,0,,,0,,,0,,,0,,,0,,,0,,,0,,,SL,-44.77,4
2026.02.16 11:13,2026.02.16 12:15,BUY,LienKe,5000.557,4996.833,37.2,74.1,29.5,1.99,0.79,1,1,2,1,3,5,1,3,5,1,15,59,0,,,0,,,0,,,0,,,0,,,SL,-37.24,62
2026.02.16 11:11,2026.02.16 12:15,BUY,LienKe,5001.596,4996.833,47.6,63.7,39.9,1.34,0.84,1,0,1,1,5,7,1,17,56,1,33,56,0,,,0,,,0,,,0,,,0,,,SL,-47.63,64
2026.02.16 23:14,2026.02.17 00:04,BUY,LienKe,4990.626,4983.544,70.8,100.9,52.8,1.43,0.75,1,8,18,1,9,18,1,9,18,1,9,18,1,10,18,1,10,18,0,,,0,,,0,,,SL,-76.17,50
2026.02.16 23:13,2026.02.17 00:04,BUY,LienKe,4991.879,4983.544,83.4,88.4,65.3,1.06,0.78,1,0,1,1,0,1,1,10,19,1,11,19,1,11,19,0,,,0,,,0,,,0,,,SL,-88.70,51
2026.02.17 01:04,2026.02.17 01:44,BUY,LienKe,4933.685,4919.830,138.6,282.1,51.2,2.04,0.37,1,0,-,1,0,-,1,1,-,1,1,-,1,2,-,1,2,-,1,4,-,1,22,-,0,,,TP,300.00,40
2026.02.17 09:49,2026.02.17 10:51,BUY,LienKe,4914.884,4909.838,50.5,243.2,8.8,4.82,0.17,1,0,-,1,0,-,1,0,-,1,1,-,1,2,-,1,3,-,1,4,-,1,22,-,0,,,SL,-50.46,62
2026.02.17 09:48,2026.02.17 10:51,BUY,LienKe,4917.215,4909.838,73.8,219.9,32.1,2.98,0.44,1,1,61,1,2,61,1,2,61,1,3,61,1,4,61,1,5,61,1,5,61,1,23,61,0,,,SL,-73.77,63
2026.02.18 03:02,2026.02.18 03:04,SELL,LienKe,4906.300,4910.494,41.9,0.0,34.8,0.00,0.83,0,,,0,,,0,,,0,,,0,,,0,,,0,,,0,,,0,,,SL,-41.94,2
2026.02.18 03:01,2026.02.18 03:04,SELL,LienKe,4904.824,4910.494,56.7,2.4,49.6,0.04,0.87,0,,,0,,,0,,,0,,,0,,,0,,,0,,,0,,,0,,,SL,-56.70,3
2026.02.18 08:20,2026.02.18 08:44,BUY,Swing,4925.049,4920.870,41.8,25.6,37.8,0.61,0.91,1,1,1,1,5,8,0,,,0,,,0,,,0,,,0,,,0,,,0,,,SL,-41.79,24
2026.02.18 08:20,2026.02.18 08:44,BUY,Swing,4926.553,4920.870,56.8,10.6,52.9,0.19,0.93,1,6,6,0,,,0,,,0,,,0,,,0,,,0,,,0,,,0,,,SL,-56.83,24
2026.02.18 07:29,2026.02.18 10:38,SELL,Swing,4940.487,4945.324,48.4,273.0,12.5,5.64,0.26,1,0,3,1,1,3,1,1,3,1,11,-,1,19,-,1,23,-,1,49,-,1,75,-,0,,,TP,300.00,188
2026.02.18 07:15,2026.02.18 11:45,SELL,Swing,4938.319,4945.324,70.0,288.9,34.2,4.12,0.49,1,2,2,1,2,2,1,4,13,1,8,13,1,37,-,1,50,-,1,73,-,1,104,-,0,,,TP,300.00,270
2026.02.18 10:41,2026.02.18 11:47,BUY,LienKe,4911.263,4906.252,50.1,63.3,48.8,1.26,0.97,1,0,1,1,0,1,1,15,63,1,16,63,0,,,0,,,0,,,0,,,0,,,SL,-50.11,66
2026.02.18 10:39,2026.02.18 11:47,BUY,LienKe,4914.629,4906.252,83.8,29.7,82.5,0.35,0.98,1,18,18,1,18,18,0,,,0,,,0,,,0,,,0,,,0,,,0,,,SL,-83.77,68
2026.02.18 10:09,2026.02.18 12:17,SELL,LienKe,4922.576,4926.568,39.9,161.7,37.5,4.05,0.94,1,4,13,1,5,13,1,5,13,1,21,118,1,28,118,1,28,118,1,97,118,0,,,0,,,SL,-39.92,128
2026.02.18 10:07,2026.02.18 12:17,SELL,LienKe,4921.883,4926.568,46.9,154.8,44.5,3.30,0.95,1,0,1,1,7,15,1,11,15,1,23,120,1,30,120,1,31,120,1,99,120,0,,,0,,,SL,-46.85,130
2026.02.18 18:02,2026.02.18 23:01,SELL,LienKe,5000.848,5004.813,39.7,277.1,26.1,6.99,0.66,1,8,10,1,11,-,1,12,-,1,17,-,1,23,-,1,23,-,1,27,-,1,41,-,0,,,TP,300.00,299
2026.02.18 18:02,2026.02.18 23:01,SELL,LienKe,4999.902,5004.813,49.1,267.7,35.6,5.45,0.73,1,11,-,1,12,-,1,16,-,1,17,-,1,23,-,1,23,-,1,30,-,1,85,-,0,,,TP,300.00,299
2026.02.19 02:03,2026.02.19 03:45,SELL,LienKe,4975.446,4979.438,39.9,95.8,35.5,2.40,0.89,1,5,6,1,8,88,1,12,88,1,13,88,1,13,88,0,,,0,,,0,,,0,,,SL,-39.92,102
2026.02.19 02:03,2026.02.19 03:45,SELL,LienKe,4974.107,4979.438,53.3,82.4,48.9,1.55,0.92,1,8,9,1,12,25,1,13,25,1,13,25,1,13,25,0,,,0,,,0,,,0,,,SL,-53.31,102
2026.02.19 03:35,2026.02.19 03:48,SELL,LienKe,4977.166,4981.816,46.5,29.1,41.0,0.63,0.88,1,4,5,1,6,9,0,,,0,,,0,,,0,,,0,,,0,,,0,,,SL,-46.50,13
2026.02.19 03:35,2026.02.19 03:48,SELL,LienKe,4976.786,4981.816,50.3,25.3,44.8,0.50,0.89,1,4,6,1,7,8,0,,,0,,,0,,,0,,,0,,,0,,,0,,,SL,-50.30,13
2026.02.19 05:05,2026.02.19 05:11,SELL,Swing,4988.335,4991.774,34.4,9.3,33.5,0.27,0.98,0,,,0,,,0,,,0,,,0,,,0,,,0,,,0,,,0,,,SL,-34.39,6
2026.02.19 05:05,2026.02.19 05:11,SELL,Swing,4988.059,4991.774,37.2,6.6,36.3,0.18,0.98,0,,,0,,,0,,,0,,,0,,,0,,,0,,,0,,,0,,,SL,-37.15,6
2026.02.19 08:02,2026.02.19 09:28,BUY,LienKe,5008.228,5004.476,37.5,138.2,21.3,3.68,0.57,1,1,2,1,4,5,1,11,83,1,17,83,1,38,83,1,41,83,0,,,0,,,0,,,SL,-37.52,86
2026.02.19 08:02,2026.02.19 09:28,BUY,LienKe,5009.091,5004.476,46.2,129.6,30.0,2.81,0.65,1,4,5,1,8,9,1,12,83,1,17,83,1,40,83,1,42,83,0,,,0,,,0,,,SL,-46.15,86
2026.02.19 07:01,2026.02.19 10:03,SELL,LienKe,5019.504,5023.221,37.2,263.6,27.8,7.09,0.75,1,2,2,1,6,7,1,16,25,1,44,103,1,54,103,1,55,103,1,147,-,1,155,-,0,,,TP,300.00,182
2026.02.19 07:01,2026.02.19 10:03,SELL,LienKe,5019.037,5023.221,41.8,258.9,32.5,6.19,0.78,1,2,2,1,15,25,1,17,25,1,44,103,1,55,103,1,56,103,1,147,-,1,155,-,0,,,TP,300.00,182
2026.02.20 02:13,2026.02.20 03:41,BUY,LienKe,4994.486,4989.583,49.0,89.1,49.0,1.82,1.00,1,1,6,1,1,6,1,2,6,1,17,35,1,19,35,0,,,0,,,0,,,0,,,SL,-49.03,88
2026.02.20 02:02,2026.02.20 03:41,BUY,LienKe,4996.995,4989.583,74.1,103.4,74.1,1.40,1.00,1,0,11,1,0,11,1,1,11,1,1,11,1,2,11,1,3,11,0,,,0,,,0,,,SL,-74.12,99
2026.02.20 00:02,2026.02.20 03:42,BUY,LienKe,4990.059,4982.451,76.1,246.4,28.2,3.24,0.37,1,0,20,1,0,20,1,0,20,1,3,20,1,45,183,1,51,183,1,55,183,1,58,183,0,,,SL,-76.08,220
2026.02.20 03:43,2026.02.20 06:12,BUY,Swing,4988.991,4978.699,102.9,297.5,30.1,2.89,0.29,1,0,1,1,0,1,1,0,1,1,4,16,1,57,-,1,57,-,1,79,-,1,134,-,0,,,TP,300.00,149
2026.02.20 10:02,2026.02.20 10:06,BUY,LienKe,5027.076,5023.526,35.5,6.1,34.3,0.17,0.97,0,,,0,,,0,,,0,,,0,,,0,,,0,,,0,,,0,,,SL,-35.50,4
2026.02.20 10:02,2026.02.20 10:06,BUY,LienKe,5027.772,5023.526,42.5,10.3,41.3,0.24,0.97,1,0,0,0,,,0,,,0,,,0,,,0,,,0,,,0,,,0,,,SL,-42.46,4
2026.02.20 12:02,2026.02.20 12:29,BUY,LienKe,5015.832,5011.856,39.8,80.0,27.7,2.01,0.70,1,1,21,1,1,21,1,1,21,1,1,21,0,,,0,,,0,,,0,,,0,,,SL,-39.76,27
2026.02.20 12:02,2026.02.20 12:29,BUY,LienKe,5017.077,5011.856,52.2,67.5,40.1,1.29,0.77,1,1,15,1,1,15,1,1,15,1,2,15,0,,,0,,,0,,,0,,,0,,,SL,-52.21,27
2026.02.20 19:46,2026.02.20 19:56,SELL,LienKe,5074.689,5078.358,36.7,22.2,22.6,0.60,0.62,1,2,5,1,3,5,0,,,0,,,0,,,0,,,0,,,0,,,0,,,SL,-36.69,10
2026.02.20 19:20,2026.02.20 19:56,SELL,LienKe,5074.183,5078.358,41.8,43.5,27.7,1.04,0.66,1,0,25,1,1,25,1,6,25,0,,,0,,,0,,,0,,,0,,,0,,,SL,-41.75,36
2026.02.20 18:28,2026.02.20 20:56,BUY,LienKe,5060.258,5050.792,94.7,293.0,26.9,3.10,0.28,1,0,1,1,0,1,1,2,-,1,3,-,1,3,-,1,3,-,1,51,-,1,101,-,0,,,TP,300.00,148
2026.02.23 06:44,2026.02.23 07:00,BUY,Swing,5149.846,5144.101,57.4,33.7,50.1,0.59,0.87,1,4,7,1,4,7,1,4,7,0,,,0,,,0,,,0,,,0,,,0,,,SL,-57.45,15
2026.02.23 06:42,2026.02.23 07:00,BUY,Swing,5153.024,5144.101,89.2,20.4,81.9,0.23,0.92,1,0,1,1,0,1,0,,,0,,,0,,,0,,,0,,,0,,,0,,,SL,-89.23,18
2026.02.23 07:03,2026.02.23 07:05,BUY,LienKe,5143.607,5138.474,51.3,0.0,41.8,0.00,0.81,0,,,0,,,0,,,0,,,0,,,0,,,0,,,0,,,0,,,SL,-51.33,2
2026.02.23 07:01,2026.02.23 07:05,BUY,LienKe,5148.283,5138.474,98.1,11.8,88.5,0.12,0.90,1,0,0,0,,,0,,,0,,,0,,,0,,,0,,,0,,,0,,,SL,-98.09,4
2026.02.23 12:30,2026.02.23 14:00,BUY,LienKe,5150.271,5142.661,76.1,151.9,67.7,2.00,0.89,1,0,2,1,1,2,1,1,2,1,8,53,1,10,53,1,11,53,1,27,53,0,,,0,,,SL,-76.10,90
2026.02.23 14:25,2026.02.23 14:30,SELL,LienKe,5164.430,5168.500,40.7,17.5,10.9,0.43,0.27,1,0,1,0,,,0,,,0,,,0,,,0,,,0,,,0,,,0,,,SL,-40.70,5
2026.02.23 14:25,2026.02.23 14:30,SELL,Swing,5164.430,5168.500,40.7,17.5,10.9,0.43,0.27,1,0,1,0,,,0,,,0,,,0,,,0,,,0,,,0,,,0,,,SL,-40.70,5
2026.02.23 14:25,2026.02.23 14:30,SELL,LienKe,5163.326,5168.500,51.7,6.4,22.0,0.12,0.42,0,,,0,,,0,,,0,,,0,,,0,,,0,,,0,,,0,,,SL,-51.74,5
2026.02.23 14:25,2026.02.23 14:30,SELL,Swing,5163.326,5168.500,51.7,6.4,22.0,0.12,0.42,0,,,0,,,0,,,0,,,0,,,0,,,0,,,0,,,0,,,SL,-51.74,5
2026.02.23 14:01,2026.02.23 14:36,BUY,LienKe,5145.462,5138.232,72.3,285.5,13.2,3.95,0.18,1,0,-,1,1,-,1,1,-,1,5,-,1,12,-,1,13,-,1,19,-,1,23,-,0,,,TP,300.00,35
2026.02.23 13:27,2026.02.23 14:36,BUY,LienKe,5147.237,5140.500,67.4,267.7,60.1,3.97,0.89,1,1,30,1,1,30,1,2,30,1,4,30,1,47,-,1,48,-,1,54,-,1,63,-,0,,,TP,300.00,69
2026.02.23 18:08,2026.02.23 23:00,SELL,LienKe,5212.656,5216.326,36.7,111.1,256.1,3.03,6.98,1,7,13,1,7,13,1,8,13,1,9,13,1,17,29,1,18,29,0,,,0,,,0,,,SL,-36.70,291
2026.02.23 18:08,2026.02.23 23:00,SELL,LienKe,5212.055,5216.326,42.7,105.1,262.1,2.46,6.14,1,7,12,1,8,12,1,8,12,1,16,29,1,17,29,1,18,29,0,,,0,,,0,,,SL,-42.71,292
2026.02.24 20:34,2026.02.24 23:03,SELL,Swing,5169.801,5173.528,37.3,292.3,35.9,7.84,0.96,1,15,16,1,17,-,1,17,-,1,17,-,1,19,-,1,21,-,1,50,-,1,59,-,0,,,TP,300.00,148
2026.02.24 20:34,2026.02.24 23:03,SELL,Swing,5168.731,5173.528,48.0,281.5,46.6,5.87,0.97,1,17,-,1,17,-,1,17,-,1,18,-,1,21,-,1,21,-,1,56,-,1,61,-,0,,,TP,300.00,149
2026.02.25 09:02,2026.02.25 09:03,BUY,LienKe,5184.040,5180.076,39.6,1.5,23.7,0.04,0.60,0,,,0,,,0,,,0,,,0,,,0,,,0,,,0,,,0,,,SL,-39.64,1
2026.02.25 09:01,2026.02.25 09:03,BUY,LienKe,5185.105,5180.076,50.3,18.8,34.3,0.37,0.68,1,0,0,0,,,0,,,0,,,0,,,0,,,0,,,0,,,0,,,SL,-50.29,2
2026.02.25 07:53,2026.02.25 09:03,BUY,LienKe,5183.085,5179.051,40.3,140.8,27.1,3.49,0.67,1,2,67,1,3,67,1,7,67,1,7,67,1,26,67,1,30,67,0,,,0,,,0,,,SL,-40.34,70
2026.02.25 07:27,2026.02.25 09:03,BUY,LienKe,5184.666,5179.051,56.1,125.0,42.9,2.23,0.76,1,0,25,1,0,25,1,1,25,1,3,25,1,52,92,1,63,92,0,,,0,,,0,,,SL,-56.15,96
2026.02.25 10:24,2026.02.25 10:33,BUY,LienKe,5175.859,5170.908,49.5,38.9,42.5,0.79,0.86,1,2,5,1,2,5,1,2,5,0,,,0,,,0,,,0,,,0,,,0,,,SL,-49.51,9
2026.02.25 10:21,2026.02.25 10:33,BUY,LienKe,5178.350,5170.908,74.4,23.5,67.4,0.32,0.91,1,0,1,1,0,1,0,,,0,,,0,,,0,,,0,,,0,,,0,,,SL,-74.42,12
2026.02.25 10:02,2026.02.25 11:11,SELL,LienKe,5193.786,5197.907,41.2,286.8,3.6,6.96,0.09,1,0,-,1,0,-,1,1,-,1,2,-,1,7,-,1,12,-,1,15,-,1,23,-,0,,,TP,300.00,69
2026.02.25 14:58,2026.02.25 15:02,SELL,LienKe,5190.949,5196.204,52.6,10.0,42.3,0.19,0.80,1,0,1,0,,,0,,,0,,,0,,,0,,,0,,,0,,,0,,,SL,-52.55,4
2026.02.25 14:58,2026.02.25 15:02,SELL,LienKe,5189.757,5196.204,64.5,0.0,54.2,0.00,0.84,0,,,0,,,0,,,0,,,0,,,0,,,0,,,0,,,0,,,SL,-64.47,4
2026.02.25 15:01,2026.02.25 15:04,SELL,LienKe,5192.995,5197.816,48.2,5.1,47.7,0.11,0.99,0,,,0,,,0,,,0,,,0,,,0,,,0,,,0,,,0,,,SL,-48.21,3
2026.02.25 15:01,2026.02.25 15:04,SELL,LienKe,5190.896,5197.816,69.2,0.2,68.7,0.00,0.99,0,,,0,,,0,,,0,,,0,,,0,,,0,,,0,,,0,,,SL,-69.20,3
2026.02.26 05:13,2026.02.26 05:16,SELL,Swing,5197.930,5202.325,43.9,9.3,31.4,0.21,0.71,0,,,0,,,0,,,0,,,0,,,0,,,0,,,0,,,0,,,SL,-43.95,2
2026.02.26 04:14,2026.02.26 05:16,SELL,Swing,5196.279,5202.325,60.5,63.5,47.9,1.05,0.79,1,2,58,1,4,58,1,5,58,1,35,58,0,,,0,,,0,,,0,,,0,,,SL,-60.46,62
2026.02.26 11:53,2026.02.26 11:54,BUY,LienKe,5166.504,5162.473,40.3,0.0,8.2,0.00,0.20,0,,,0,,,0,,,0,,,0,,,0,,,0,,,0,,,0,,,SL,-40.31,1
2026.02.26 11:53,2026.02.26 11:54,BUY,LienKe,5167.834,5162.473,53.6,0.0,21.5,0.00,0.40,0,,,0,,,0,,,0,,,0,,,0,,,0,,,0,,,0,,,SL,-53.61,1
2026.02.26 15:44,2026.02.26 15:45,SELL,LienKe,5174.899,5179.597,47.0,0.0,10.9,0.00,0.23,0,,,0,,,0,,,0,,,0,,,0,,,0,,,0,,,0,,,SL,-46.98,1
2026.02.26 15:44,2026.02.26 15:45,SELL,LienKe,5173.010,5179.597,65.9,1.8,29.8,0.03,0.45,0,,,0,,,0,,,0,,,0,,,0,,,0,,,0,,,0,,,SL,-65.87,1
2026.02.26 17:09,2026.02.26 17:10,SELL,LienKe,5186.561,5190.195,36.3,1.4,19.1,0.04,0.53,0,,,0,,,0,,,0,,,0,,,0,,,0,,,0,,,0,,,SL,-36.34,1
2026.02.26 17:09,2026.02.26 17:10,SELL,LienKe,5185.988,5190.195,42.1,1.4,24.8,0.03,0.59,0,,,0,,,0,,,0,,,0,,,0,,,0,,,0,,,0,,,SL,-42.07,1
2026.02.26 18:36,2026.02.26 20:38,BUY,LienKe,5168.710,5157.520,111.9,292.2,31.4,2.61,0.28,1,0,1,1,0,1,1,2,-,1,3,-,1,3,-,1,5,-,1,9,-,1,44,-,0,,,TP,300.00,122
2026.02.27 00:38,2026.02.27 01:02,BUY,LienKe,5174.818,5169.043,57.8,26.3,48.5,0.46,0.84,1,1,1,1,5,7,0,,,0,,,0,,,0,,,0,,,0,,,0,,,SL,-57.75,24
2026.02.27 00:37,2026.02.27 01:02,BUY,LienKe,5177.869,5169.043,88.3,1.2,79.0,0.01,0.89,0,,,0,,,0,,,0,,,0,,,0,,,0,,,0,,,0,,,SL,-88.26,25
2026.02.27 07:14,2026.02.27 07:16,BUY,LienKe,5184.519,5180.409,41.1,0.0,35.3,0.00,0.86,0,,,0,,,0,,,0,,,0,,,0,,,0,,,0,,,0,,,SL,-41.10,2
2026.02.27 07:01,2026.02.27 07:16,BUY,LienKe,5186.000,5180.409,55.9,37.3,50.1,0.67,0.90,1,1,3,1,4,11,1,4,11,0,,,0,,,0,,,0,,,0,,,0,,,SL,-55.91,15
2026.02.27 09:51,2026.02.27 10:12,BUY,LienKe,5174.730,5169.490,52.4,30.7,35.7,0.59,0.68,1,0,3,1,1,3,1,1,3,0,,,0,,,0,,,0,,,0,,,0,,,SL,-52.40,21
2026.02.27 09:49,2026.02.27 10:12,BUY,LienKe,5177.291,5169.490,78.0,25.7,61.3,0.33,0.79,1,0,0,1,0,0,0,,,0,,,0,,,0,,,0,,,0,,,0,,,SL,-78.01,23
2026.02.27 17:38,2026.02.27 20:17,BUY,LienKe,5224.660,5217.583,70.8,286.3,20.2,4.05,0.29,1,0,47,1,0,47,1,0,47,1,1,47,1,5,47,1,5,47,1,66,-,1,76,-,0,,,TP,300.00,159
2026.02.27 17:31,2026.02.27 20:21,BUY,LienKe,5228.875,5217.583,112.9,269.9,62.4,2.39,0.55,1,0,0,1,9,50,1,9,50,1,12,50,1,19,50,1,72,-,1,77,-,1,91,-,0,,,TP,300.00,170
2026.03.02 01:01,2026.03.02 01:01,BUY,LienKe,5343.626,5323.756,198.7,0.0,5.0,0.00,0.03,0,,,0,,,0,,,0,,,0,,,0,,,0,,,0,,,0,,,SL,-198.70,0
2026.03.02 01:01,2026.03.02 01:03,BUY,LienKe,5334.803,5323.756,110.5,10.3,140.2,0.09,1.27,1,0,1,0,,,0,,,0,,,0,,,0,,,0,,,0,,,0,,,SL,-110.47,2
2026.03.02 09:01,2026.03.02 09:20,BUY,LienKe,5392.076,5387.441,46.4,79.8,23.4,1.72,0.50,1,1,10,1,1,10,1,1,10,1,6,10,0,,,0,,,0,,,0,,,0,,,SL,-46.35,19
2026.03.02 09:01,2026.03.02 09:20,BUY,LienKe,5394.284,5387.441,68.4,57.7,45.5,0.84,0.66,1,0,0,1,0,0,1,6,10,1,8,10,0,,,0,,,0,,,0,,,0,,,SL,-68.43,19
2026.03.02 23:06,2026.03.03 00:15,SELL,Swing,5345.982,5349.940,39.6,164.1,39.3,4.15,0.99,1,0,53,1,0,53,1,0,53,1,0,53,1,2,53,1,4,53,1,17,53,0,,,0,,,SL,-39.58,69
2026.03.02 23:06,2026.03.03 00:15,SELL,Swing,5343.974,5349.940,59.7,144.0,59.4,2.41,0.99,1,0,45,1,0,45,1,0,45,1,2,45,1,4,45,1,4,45,0,,,0,,,0,,,SL,-59.66,69
2026.03.03 17:02,2026.03.03 17:02,BUY,LienKe,5095.851,5087.261,85.9,0.0,2.4,0.00,0.03,0,,,0,,,0,,,0,,,0,,,0,,,0,,,0,,,0,,,SL,-85.90,0
2026.03.03 17:02,2026.03.03 17:03,BUY,LienKe,5092.898,5087.261,56.4,37.2,81.1,0.66,1.44,1,0,-,1,0,-,1,0,-,0,,,0,,,0,,,0,,,0,,,0,,,SL,-56.37,1
2026.03.03 18:41,2026.03.03 18:50,SELL,Swing,5133.794,5137.907,41.1,65.9,35.4,1.60,0.86,1,1,2,1,1,2,1,3,3,1,4,6,0,,,0,,,0,,,0,,,0,,,SL,-41.13,9
2026.03.03 18:41,2026.03.03 18:50,SELL,Swing,5132.430,5137.907,54.8,52.2,49.1,0.95,0.90,1,1,2,1,3,3,1,4,5,1,4,5,0,,,0,,,0,,,0,,,0,,,SL,-54.77,9
2026.03.04 04:06,2026.03.04 04:11,SELL,LienKe,5176.589,5180.863,42.7,34.4,42.4,0.80,0.99,1,2,4,1,3,4,1,3,4,0,,,0,,,0,,,0,,,0,,,0,,,SL,-42.74,5
2026.03.04 04:01,2026.03.04 04:11,SELL,LienKe,5175.497,5180.863,53.7,32.3,53.3,0.60,0.99,1,0,3,1,1,3,1,1,3,0,,,0,,,0,,,0,,,0,,,0,,,SL,-53.66,10
2026.03.05 02:30,2026.03.05 02:58,SELL,LienKe,5186.427,5191.117,46.9,116.8,46.8,2.49,1.00,1,1,23,1,1,23,1,2,23,1,5,23,1,9,23,1,14,23,0,,,0,,,0,,,SL,-46.90,28
2026.03.05 02:24,2026.03.05 02:58,SELL,LienKe,5184.654,5191.117,64.6,99.0,64.5,1.53,1.00,1,0,3,1,0,3,1,0,3,1,0,3,1,20,26,0,,,0,,,0,,,0,,,SL,-64.63,34
2026.03.05 05:34,2026.03.05 05:37,BUY,LienKe,5166.705,5162.418,42.9,37.2,26.0,0.87,0.61,1,0,1,1,0,1,1,0,1,0,,,0,,,0,,,0,,,0,,,0,,,SL,-42.87,3
2026.03.05 05:34,2026.03.05 05:37,BUY,LienKe,5168.624,5162.418,62.1,18.0,45.2,0.29,0.73,1,1,1,0,,,0,,,0,,,0,,,0,,,0,,,0,,,0,,,SL,-62.06,3
2026.03.05 07:01,2026.03.05 07:02,SELL,LienKe,5166.120,5172.824,67.0,7.7,23.5,0.12,0.35,0,,,0,,,0,,,0,,,0,,,0,,,0,,,0,,,0,,,SL,-67.04,1
2026.03.05 07:02,2026.03.05 07:05,SELL,LienKe,5168.574,5172.824,42.5,0.0,45.2,0.00,1.06,0,,,0,,,0,,,0,,,0,,,0,,,0,,,0,,,0,,,SL,-42.50,2
2026.03.05 12:07,2026.03.05 13:16,SELL,LienKe,5168.648,5173.020,43.7,218.6,32.9,5.00,0.75,1,8,8,1,9,12,1,10,12,1,20,-,1,53,-,1,53,-,1,54,-,1,62,-,0,,,TP,300.00,69
2026.03.05 12:06,2026.03.05 13:17,SELL,LienKe,5167.206,5173.020,58.1,293.5,47.3,5.05,0.81,1,0,0,1,11,13,1,15,16,1,24,29,1,54,-,1,54,-,1,55,-,1,64,-,0,,,TP,300.00,71
2026.03.05 15:07,2026.03.05 15:07,BUY,LienKe,5093.907,5085.649,82.6,10.0,3.6,0.12,0.04,0,,,0,,,0,,,0,,,0,,,0,,,0,,,0,,,0,,,SL,-82.58,0
2026.03.05 15:07,2026.03.05 15:08,BUY,LienKe,5091.060,5085.649,54.1,0.0,54.9,0.00,1.01,0,,,0,,,0,,,0,,,0,,,0,,,0,,,0,,,0,,,SL,-54.11,1
2026.03.06 07:08,2026.03.06 07:08,BUY,LienKe,5111.016,5105.764,52.5,0.0,3.6,0.00,0.07,0,,,0,,,0,,,0,,,0,,,0,,,0,,,0,,,0,,,SL,-52.52,0
2026.03.06 07:08,2026.03.06 08:25,BUY,LienKe,5109.516,5105.764,37.5,136.7,38.7,3.64,1.03,1,5,25,1,5,25,1,5,25,1,11,25,1,18,25,1,18,25,0,,,0,,,0,,,SL,-37.52,77
2026.03.06 15:01,2026.03.06 15:01,SELL,LienKe,5131.019,5140.585,95.7,29.0,3.6,0.30,0.04,1,0,-,1,0,-,0,,,0,,,0,,,0,,,0,,,0,,,0,,,SL,-95.66,0
2026.03.06 15:01,2026.03.06 15:01,SELL,LienKe,5134.272,5140.585,63.1,0.0,98.4,0.00,1.56,0,,,0,,,0,,,0,,,0,,,0,,,0,,,0,,,0,,,SL,-63.13,0
2026.03.06 19:11,2026.03.06 19:14,SELL,LienKe,5168.029,5171.598,35.7,14.5,18.2,0.41,0.51,1,1,2,0,,,0,,,0,,,0,,,0,,,0,,,0,,,0,,,SL,-35.69,3
2026.03.06 19:11,2026.03.06 19:14,SELL,LienKe,5167.597,5171.598,40.0,10.2,22.5,0.26,0.56,1,1,1,0,,,0,,,0,,,0,,,0,,,0,,,0,,,0,,,SL,-40.01,3
2026.03.09 03:26,2026.03.09 03:27,SELL,LienKe,5097.877,5102.666,47.9,0.0,35.7,0.00,0.74,0,,,0,,,0,,,0,,,0,,,0,,,0,,,0,,,0,,,SL,-47.89,1
2026.03.09 03:01,2026.03.09 03:27,SELL,LienKe,5095.893,5102.666,67.7,113.4,55.5,1.67,0.82,1,0,2,1,0,2,1,0,2,1,5,17,1,9,17,1,9,17,0,,,0,,,0,,,SL,-67.73,26
2026.03.09 10:52,2026.03.09 11:20,BUY,Swing,5088.257,5080.664,75.9,89.4,29.2,1.18,0.38,1,0,7,1,0,7,1,0,7,1,1,7,1,3,7,0,,,0,,,0,,,0,,,SL,-75.93,28
2026.03.10 01:03,2026.03.10 01:04,SELL,LienKe,5137.786,5144.899,71.1,0.0,29.2,0.00,0.41,0,,,0,,,0,,,0,,,0,,,0,,,0,,,0,,,0,,,SL,-71.13,1
2026.03.10 07:08,2026.03.10 07:20,BUY,LienKe,5173.352,5167.843,55.1,42.0,47.5,0.76,0.86,1,2,3,1,2,3,1,2,3,0,,,0,,,0,,,0,,,0,,,0,,,SL,-55.09,12
2026.03.10 07:04,2026.03.10 07:20,BUY,LienKe,5176.056,5167.843,82.1,28.6,74.5,0.35,0.91,1,0,2,1,1,2,0,,,0,,,0,,,0,,,0,,,0,,,0,,,SL,-82.13,16
2026.03.10 06:13,2026.03.10 08:00,SELL,LienKe,5179.762,5183.827,40.7,208.6,19.0,5.13,0.47,1,2,97,1,2,97,1,4,97,1,14,97,1,49,97,1,66,97,1,68,97,1,70,97,0,,,SL,-40.65,107
2026.03.10 06:03,2026.03.10 08:00,SELL,LienKe,5178.605,5183.827,52.2,197.0,30.6,3.77,0.59,1,2,7,1,2,7,1,2,7,1,25,27,1,75,102,1,77,102,1,79,102,0,,,0,,,SL,-52.22,117
2026.03.10 22:07,2026.03.11 01:00,BUY,LienKe,5190.072,5182.209,78.6,292.8,72.4,3.72,0.92,1,0,1,1,11,15,1,11,15,1,12,15,1,12,15,1,131,-,1,134,-,1,136,-,0,,,TP,294.65,173
2026.03.10 22:03,2026.03.11 01:03,BUY,LienKe,5192.681,5182.209,104.7,283.0,98.5,2.70,0.94,1,0,1,1,15,19,1,16,19,1,16,19,1,135,-,1,135,-,1,138,-,1,143,-,0,,,TP,294.65,180
2026.03.11 01:03,2026.03.11 07:37,SELL,LienKe,5219.226,5223.979,47.5,294.6,41.8,6.20,0.88,1,1,2,1,1,2,1,3,9,1,5,9,1,22,31,1,54,110,1,57,110,1,61,110,0,,,TP,300.00,394
2026.03.11 01:01,2026.03.11 07:37,SELL,LienKe,5217.848,5223.979,61.3,280.8,55.5,4.58,0.91,1,0,1,1,0,1,1,0,1,1,8,11,1,57,111,1,59,111,1,61,111,1,68,111,0,,,TP,300.00,396
2026.03.11 11:59,2026.03.11 12:47,BUY,LienKe,5179.818,5172.135,76.8,166.5,66.5,2.17,0.87,1,0,1,1,2,35,1,2,35,1,4,35,1,8,35,1,11,35,1,18,35,0,,,0,,,SL,-76.83,48
2026.03.11 15:11,2026.03.11 15:14,BUY,LienKe,5175.579,5170.704,48.8,14.1,40.1,0.29,0.82,1,2,2,0,,,0,,,0,,,0,,,0,,,0,,,0,,,0,,,SL,-48.75,3
2026.03.11 15:09,2026.03.11 15:14,BUY,LienKe,5180.086,5170.704,93.8,13.1,85.2,0.14,0.91,1,0,1,0,,,0,,,0,,,0,,,0,,,0,,,0,,,0,,,SL,-93.82,5
2026.03.11 22:26,2026.03.11 22:29,BUY,Swing,5170.251,5165.559,46.9,0.0,42.3,0.00,0.90,0,,,0,,,0,,,0,,,0,,,0,,,0,,,0,,,0,,,SL,-46.92,2
2026.03.11 22:10,2026.03.11 22:29,BUY,Swing,5173.687,5165.559,81.3,32.1,76.7,0.39,0.94,1,2,14,1,3,14,1,10,14,0,,,0,,,0,,,0,,,0,,,0,,,SL,-81.28,19
2026.03.12 11:18,2026.03.12 12:05,BUY,LienKe,5175.933,5172.104,38.3,54.9,33.9,1.43,0.88,1,3,17,1,3,17,1,6,17,1,26,44,0,,,0,,,0,,,0,,,0,,,SL,-38.29,47
2026.03.12 11:17,2026.03.12 12:05,BUY,LienKe,5177.206,5172.104,51.0,42.2,46.6,0.83,0.91,1,6,12,1,10,12,1,21,33,0,,,0,,,0,,,0,,,0,,,0,,,SL,-51.02,48
2026.03.12 09:09,2026.03.12 12:05,BUY,LienKe,5176.029,5172.441,35.9,156.3,34.8,4.36,0.97,1,0,3,1,0,3,1,0,3,1,0,3,1,22,89,1,29,89,1,53,89,0,,,0,,,SL,-35.88,176
2026.03.12 09:08,2026.03.12 12:05,BUY,LienKe,5177.225,5172.441,47.8,144.3,46.8,3.02,0.98,1,1,4,1,1,4,1,1,4,1,22,90,1,24,90,1,34,90,0,,,0,,,0,,,SL,-47.84,177
2026.03.12 10:00,2026.03.12 13:42,SELL,LienKe,5188.115,5193.195,50.8,296.5,39.0,5.84,0.77,1,3,4,1,15,-,1,15,-,1,27,-,1,30,-,1,38,-,1,80,-,1,127,-,0,,,TP,300.00,222
2026.03.12 23:08,2026.03.12 23:24,SELL,LienKe,5095.602,5099.184,35.8,54.4,10.7,1.52,0.30,1,1,15,1,3,15,1,3,15,1,6,15,0,,,0,,,0,,,0,,,0,,,SL,-35.82,16
2026.03.12 23:08,2026.03.12 23:24,SELL,LienKe,5094.965,5099.184,42.2,48.1,17.1,1.14,0.40,1,1,2,1,3,4,1,6,8,0,,,0,,,0,,,0,,,0,,,0,,,SL,-42.19,16
2026.03.13 07:01,2026.03.13 07:18,BUY,LienKe,5085.141,5080.645,45.0,87.5,35.1,1.95,0.78,1,1,15,1,1,15,1,1,15,1,3,15,1,11,15,0,,,0,,,0,,,0,,,SL,-44.96,17
2026.03.13 07:01,2026.03.13 07:18,BUY,LienKe,5086.832,5080.645,61.9,70.6,52.0,1.14,0.84,1,1,14,1,2,14,1,3,14,1,5,14,0,,,0,,,0,,,0,,,0,,,SL,-61.87,17
2026.03.13 15:59,2026.03.13 16:00,BUY,LienKe,5034.352,5028.640,57.1,4.6,18.5,0.08,0.32,0,,,0,,,0,,,0,,,0,,,0,,,0,,,0,,,0,,,SL,-57.12,1
2026.03.13 15:56,2026.03.13 16:00,BUY,LienKe,5038.610,5028.640,99.7,61.3,61.0,0.62,0.61,1,0,2,1,0,2,1,0,2,1,0,2,0,,,0,,,0,,,0,,,0,,,SL,-99.70,4
2026.03.13 16:02,2026.03.13 16:06,BUY,LienKe,5029.425,5023.717,57.1,39.1,49.9,0.69,0.87,1,1,2,1,1,2,1,1,2,0,,,0,,,0,,,0,,,0,,,0,,,SL,-57.08,4
2026.03.13 16:01,2026.03.13 16:06,BUY,LienKe,5032.447,5023.717,87.3,55.1,80.2,0.63,0.92,1,0,1,1,0,1,1,0,1,1,0,1,0,,,0,,,0,,,0,,,0,,,SL,-87.30,5
2026.03.15 22:02,2026.03.15 22:18,BUY,LienKe,5015.742,5007.246,85.0,146.6,27.2,1.73,0.32,1,1,2,1,1,2,1,1,2,1,3,15,1,4,15,1,4,15,0,,,0,,,0,,,SL,-84.96,16
2026.03.16 10:03,2026.03.16 11:11,BUY,LienKe,4974.932,4967.011,79.2,288.9,20.1,3.65,0.25,1,0,1,1,2,2,1,6,-,1,6,-,1,20,-,1,21,-,1,25,-,1,48,-,0,,,TP,300.00,68
2026.03.17 01:01,2026.03.17 01:03,BUY,LienKe,5003.119,4994.811,83.1,37.1,12.4,0.45,0.15,1,0,1,1,0,1,1,1,1,0,,,0,,,0,,,0,,,0,,,0,,,SL,-83.08,2
2026.03.17 00:50,2026.03.17 01:03,BUY,Swing,4999.338,4995.273,40.6,74.9,15.3,1.84,0.38,1,1,1,1,2,10,1,4,10,1,5,10,0,,,0,,,0,,,0,,,0,,,SL,-40.65,13
2026.03.17 00:44,2026.03.17 01:03,BUY,Swing,5000.758,4995.273,54.8,60.7,29.5,1.11,0.54,1,1,4,1,1,4,1,3,4,1,13,16,0,,,0,,,0,,,0,,,0,,,SL,-54.85,19
2026.03.17 01:27,2026.03.17 01:36,SELL,LienKe,5012.737,5017.070,43.3,12.6,37.7,0.29,0.87,1,6,7,0,,,0,,,0,,,0,,,0,,,0,,,0,,,0,,,SL,-43.33,9
2026.03.17 01:17,2026.03.17 01:36,SELL,LienKe,5011.504,5017.070,55.7,36.4,50.0,0.65,0.90,1,2,10,1,2,10,1,4,10,0,,,0,,,0,,,0,,,0,,,0,,,SL,-55.66,19
2026.03.17 01:03,2026.03.17 03:24,BUY,LienKe,5000.294,4994.811,54.8,294.0,57.6,5.36,1.05,1,1,-,1,1,-,1,2,-,1,2,-,1,6,-,1,8,-,1,27,-,1,46,-,0,,,TP,300.00,141
2026.03.17 05:55,2026.03.17 06:00,BUY,LienKe,5026.391,5019.728,66.6,0.0,61.8,0.00,0.93,0,,,0,,,0,,,0,,,0,,,0,,,0,,,0,,,0,,,SL,-66.63,4
2026.03.17 05:55,2026.03.17 06:00,BUY,LienKe,5026.732,5019.728,70.0,11.5,65.2,0.16,0.93,1,0,0,0,,,0,,,0,,,0,,,0,,,0,,,0,,,0,,,SL,-70.04,5
2026.03.17 05:18,2026.03.17 06:02,SELL,LienKe,5041.805,5047.474,56.7,299.6,7.9,5.28,0.14,1,0,-,1,0,-,1,0,-,1,5,-,1,10,-,1,26,-,1,35,-,1,38,-,0,,,TP,300.00,44
2026.03.17 10:03,2026.03.17 10:06,BUY,LienKe,5009.621,5005.709,39.1,11.5,26.3,0.29,0.67,1,2,-,0,,,0,,,0,,,0,,,0,,,0,,,0,,,0,,,SL,-39.12,3
2026.03.17 10:01,2026.03.17 10:06,BUY,LienKe,5011.391,5005.709,56.8,49.2,44.0,0.87,0.77,1,0,2,1,0,2,1,1,2,0,,,0,,,0,,,0,,,0,,,0,,,SL,-56.82,5
2026.03.18 01:53,2026.03.18 03:04,BUY,Swing,4995.856,4988.069,77.9,109.8,53.8,1.41,0.69,1,0,2,1,1,2,1,2,2,1,7,61,1,26,61,1,28,61,0,,,0,,,0,,,SL,-77.87,71
2026.03.18 04:35,2026.03.18 04:39,BUY,LienKe,4986.791,4982.774,40.2,0.0,31.1,0.00,0.77,0,,,0,,,0,,,0,,,0,,,0,,,0,,,0,,,0,,,SL,-40.17,4
2026.03.18 04:35,2026.03.18 04:39,BUY,LienKe,4988.686,4982.774,59.1,0.0,50.1,0.00,0.85,0,,,0,,,0,,,0,,,0,,,0,,,0,,,0,,,0,,,SL,-59.12,4
2026.03.18 08:46,2026.03.18 10:35,BUY,Swing,4983.248,4974.089,91.6,120.9,40.6,1.32,0.44,1,0,103,1,1,103,1,1,103,1,1,103,1,34,103,1,34,103,0,,,0,,,0,,,SL,-91.59,109
2026.03.19 06:18,2026.03.19 06:19,BUY,LienKe,4825.939,4821.608,43.3,0.0,16.3,0.00,0.38,0,,,0,,,0,,,0,,,0,,,0,,,0,,,0,,,0,,,SL,-43.31,1
2026.03.19 06:18,2026.03.19 06:19,BUY,LienKe,4827.351,4821.608,57.4,14.7,30.4,0.26,0.53,1,0,0,0,,,0,,,0,,,0,,,0,,,0,,,0,,,0,,,SL,-57.43,1
2026.03.19 22:58,2026.03.19 22:59,BUY,LienKe,4642.041,4637.775,42.7,0.0,29.7,0.00,0.70,0,,,0,,,0,,,0,,,0,,,0,,,0,,,0,,,0,,,SL,-42.66,1
2026.03.19 22:53,2026.03.19 22:59,BUY,LienKe,4643.718,4637.775,59.4,57.7,46.5,0.97,0.78,1,0,4,1,0,4,1,1,4,1,2,4,0,,,0,,,0,,,0,,,0,,,SL,-59.43,6
2026.03.20 08:07,2026.03.20 08:10,SELL,LienKe,4707.328,4711.124,38.0,5.4,36.5,0.14,0.96,0,,,0,,,0,,,0,,,0,,,0,,,0,,,0,,,0,,,SL,-37.96,3
2026.03.20 08:07,2026.03.20 08:10,SELL,LienKe,4706.001,4711.124,51.2,0.0,49.8,0.00,0.97,0,,,0,,,0,,,0,,,0,,,0,,,0,,,0,,,0,,,SL,-51.23,3
2026.03.20 09:59,2026.03.20 10:01,BUY,Swing,4663.927,4656.802,71.3,62.3,8.6,0.87,0.12,1,0,-,1,0,-,1,0,-,1,1,-,0,,,0,,,0,,,0,,,0,,,SL,-71.25,2
2026.03.20 13:36,2026.03.20 13:51,BUY,Swing,4648.136,4633.439,147.0,173.0,42.9,1.18,0.29,1,0,5,1,0,5,1,0,5,1,0,5,1,0,5,1,0,5,1,6,14,0,,,0,,,SL,-146.97,15
2026.03.20 13:51,2026.03.20 13:51,BUY,Swing,4640.948,4633.439,75.1,0.0,112.0,0.00,1.49,0,,,0,,,0,,,0,,,0,,,0,,,0,,,0,,,0,,,SL,-75.09,0
2026.03.20 14:01,2026.03.20 14:08,BUY,LienKe,4612.033,4604.831,72.0,104.6,37.4,1.45,0.52,1,1,6,1,1,6,1,1,6,1,1,6,1,1,6,1,4,6,0,,,0,,,0,,,SL,-72.02,7
2026.03.20 14:01,2026.03.20 14:08,BUY,LienKe,4618.499,4604.831,136.7,40.0,102.0,0.29,0.75,1,0,0,1,0,0,1,0,0,0,,,0,,,0,,,0,,,0,,,0,,,SL,-136.68,7
2026.03.23 03:11,2026.03.23 03:12,BUY,LienKe,4355.245,4350.548,47.0,22.1,29.6,0.47,0.63,1,0,-,1,0,-,0,,,0,,,0,,,0,,,0,,,0,,,0,,,SL,-46.97,1
2026.03.23 03:11,2026.03.23 03:12,BUY,LienKe,4355.900,4350.548,53.5,15.5,36.2,0.29,0.68,1,0,-,0,,,0,,,0,,,0,,,0,,,0,,,0,,,0,,,SL,-53.52,1
2026.03.23 12:51,2026.03.23 12:52,SELL,LienKe,4462.315,4477.903,155.9,0.0,130.1,0.00,0.83,0,,,0,,,0,,,0,,,0,,,0,,,0,,,0,,,0,,,SL,-155.88,1
2026.03.23 12:51,2026.03.23 12:52,SELL,LienKe,4461.334,4477.903,165.7,5.7,139.9,0.03,0.84,0,,,0,,,0,,,0,,,0,,,0,,,0,,,0,,,0,,,SL,-165.69,1
2026.03.24 02:12,2026.03.24 02:22,BUY,LienKe,4309.952,4304.490,54.6,207.8,43.4,3.81,0.79,1,0,1,1,0,1,1,0,1,1,0,1,1,4,7,1,5,7,1,9,-,1,9,-,0,,,TP,300.00,10
2026.03.24 02:12,2026.03.24 02:22,BUY,LienKe,4313.031,4304.490,85.4,177.0,74.1,2.07,0.87,1,0,1,1,0,1,1,1,1,1,4,6,1,5,6,1,9,-,1,9,-,0,,,0,,,TP,300.00,10
2026.03.24 14:02,2026.03.24 14:03,SELL,LienKe,4389.155,4394.415,52.6,0.0,29.3,0.00,0.56,0,,,0,,,0,,,0,,,0,,,0,,,0,,,0,,,0,,,SL,-52.60,1
2026.03.24 14:02,2026.03.24 14:03,SELL,LienKe,4384.740,4394.415,96.8,16.3,73.4,0.17,0.76,1,0,0,0,,,0,,,0,,,0,,,0,,,0,,,0,,,0,,,SL,-96.75,1
2026.03.25 02:47,2026.03.25 03:44,SELL,LienKe,4600.041,4605.458,54.2,288.4,9.0,5.32,0.17,1,0,-,1,0,-,1,1,-,1,1,-,1,2,-,1,2,-,1,7,-,1,16,-,0,,,TP,300.00,57
2026.03.25 11:06,2026.03.25 11:22,SELL,Swing,4567.997,4572.031,40.3,55.2,14.4,1.37,0.36,1,4,8,1,4,8,1,4,8,1,5,8,0,,,0,,,0,,,0,,,0,,,SL,-40.34,16
2026.03.25 11:06,2026.03.25 11:22,SELL,Swing,4567.006,4572.031,50.2,45.3,24.3,0.90,0.48,1,4,7,1,4,7,1,5,7,0,,,0,,,0,,,0,,,0,,,0,,,SL,-50.25,16
2026.03.25 09:49,2026.03.25 11:22,BUY,LienKe,4540.104,4524.474,156.3,290.6,39.9,1.86,0.26,1,0,0,1,0,0,1,2,-,1,4,-,1,5,-,1,6,-,1,10,-,1,12,-,0,,,TP,300.00,93
2026.03.25 09:49,2026.03.25 11:22,BUY,Swing,4540.104,4524.474,156.3,290.6,39.9,1.86,0.26,1,0,0,1,0,0,1,2,-,1,4,-,1,5,-,1,6,-,1,10,-,1,12,-,0,,,TP,300.00,93
2026.03.25 17:18,2026.03.25 18:50,BUY,LienKe,4544.663,4540.251,44.1,243.7,20.8,5.52,0.47,1,1,87,1,1,87,1,2,87,1,3,87,1,3,87,1,4,87,1,15,87,1,43,87,0,,,SL,-44.12,92
2026.03.25 17:12,2026.03.25 18:50,BUY,LienKe,4548.360,4540.251,81.1,206.7,57.8,2.55,0.71,1,0,4,1,0,4,1,0,4,1,1,4,1,14,41,1,15,41,1,22,41,1,49,51,0,,,SL,-81.09,98
2026.03.25 18:02,2026.03.25 19:08,SELL,LienKe,4557.001,4572.031,150.3,280.1,36.3,1.86,0.24,1,0,4,1,0,4,1,0,4,1,0,4,1,1,4,1,1,4,1,48,-,1,53,-,0,,,TP,300.00,66
2026.03.26 00:07,2026.03.26 00:13,SELL,LienKe,4517.391,4522.497,51.1,81.4,36.9,1.59,0.72,1,2,-,1,2,-,1,2,-,1,3,-,1,4,-,0,,,0,,,0,,,0,,,SL,-51.06,6
2026.03.26 00:07,2026.03.26 00:13,SELL,LienKe,4513.366,4522.497,91.3,41.1,77.1,0.45,0.84,1,3,4,1,4,5,1,4,5,0,,,0,,,0,,,0,,,0,,,0,,,SL,-91.31,6
2026.03.26 02:35,2026.03.26 02:35,BUY,LienKe,4523.798,4517.118,66.8,1.6,2.8,0.02,0.04,0,,,0,,,0,,,0,,,0,,,0,,,0,,,0,,,0,,,SL,-66.80,0
2026.03.26 02:35,2026.03.26 02:37,BUY,LienKe,4521.733,4517.118,46.1,0.0,50.9,0.00,1.10,0,,,0,,,0,,,0,,,0,,,0,,,0,,,0,,,0,,,SL,-46.15,2
2026.03.26 04:16,2026.03.26 04:28,SELL,LienKe,4518.945,4522.281,33.4,25.6,31.6,0.77,0.95,1,3,4,1,3,4,0,,,0,,,0,,,0,,,0,,,0,,,0,,,SL,-33.36,12
2026.03.26 04:15,2026.03.26 04:28,SELL,LienKe,4518.625,4522.281,36.6,22.4,34.8,0.61,0.95,1,4,5,1,5,5,0,,,0,,,0,,,0,,,0,,,0,,,0,,,SL,-36.56,13
2026.03.26 11:19,2026.03.26 11:20,SELL,LienKe,4447.848,4451.598,37.5,6.6,14.7,0.18,0.39,0,,,0,,,0,,,0,,,0,,,0,,,0,,,0,,,0,,,SL,-37.50,1
2026.03.26 11:03,2026.03.26 11:20,SELL,LienKe,4441.031,4451.598,105.7,14.3,82.9,0.14,0.78,1,14,14,0,,,0,,,0,,,0,,,0,,,0,,,0,,,0,,,SL,-105.67,17
2026.03.26 12:03,2026.03.26 13:23,BUY,LienKe,4422.801,4413.248,95.5,229.9,30.7,2.41,0.32,1,1,2,1,1,2,1,1,2,1,3,57,1,5,57,1,5,57,1,6,57,1,7,57,0,,,TP,300.00,80
2026.03.26 15:42,2026.03.26 16:01,BUY,LienKe,4438.413,4433.509,49.0,83.4,47.1,1.70,0.96,1,0,1,1,0,1,1,0,1,1,4,14,1,5,14,0,,,0,,,0,,,0,,,SL,-49.04,19
2026.03.26 15:40,2026.03.26 16:01,BUY,LienKe,4440.488,4433.509,69.8,62.6,67.8,0.90,0.97,1,0,1,1,0,1,1,1,1,1,6,16,0,,,0,,,0,,,0,,,0,,,SL,-69.79,21
2026.03.27 08:03,2026.03.27 08:17,BUY,LienKe,4444.745,4439.641,51.0,47.1,18.1,0.92,0.36,1,0,1,1,3,6,1,3,6,0,,,0,,,0,,,0,,,0,,,0,,,SL,-51.04,14
2026.03.27 08:03,2026.03.27 08:17,BUY,LienKe,4447.243,4439.641,76.0,22.1,43.1,0.29,0.57,1,3,4,1,5,6,0,,,0,,,0,,,0,,,0,,,0,,,0,,,SL,-76.02,14
2026.03.27 20:45,2026.03.27 20:51,BUY,LienKe,4501.940,4495.197,67.4,29.9,49.4,0.44,0.73,1,1,3,1,1,3,0,,,0,,,0,,,0,,,0,,,0,,,0,,,SL,-67.43,6
2026.03.27 20:45,2026.03.27 20:51,BUY,LienKe,4505.844,4495.197,106.5,0.0,88.4,0.00,0.83,0,,,0,,,0,,,0,,,0,,,0,,,0,,,0,,,0,,,SL,-106.47,6
2026.03.30 11:15,2026.03.30 11:18,SELL,LienKe,4539.772,4543.728,39.6,16.4,18.7,0.41,0.47,1,1,2,0,,,0,,,0,,,0,,,0,,,0,,,0,,,0,,,SL,-39.56,3
2026.03.30 11:15,2026.03.30 11:18,SELL,Swing,4539.772,4543.728,39.6,16.4,18.7,0.41,0.47,1,1,2,0,,,0,,,0,,,0,,,0,,,0,,,0,,,0,,,SL,-39.56,3
2026.03.30 11:15,2026.03.30 11:18,SELL,LienKe,4538.359,4543.728,53.7,2.2,32.9,0.04,0.61,0,,,0,,,0,,,0,,,0,,,0,,,0,,,0,,,0,,,SL,-53.69,3
2026.03.30 11:15,2026.03.30 11:18,SELL,Swing,4538.359,4543.728,53.7,2.2,32.9,0.04,0.61,0,,,0,,,0,,,0,,,0,,,0,,,0,,,0,,,0,,,SL,-53.69,3
2026.03.30 11:03,2026.03.30 11:44,BUY,LienKe,4527.848,4523.987,38.6,238.3,24.4,6.17,0.63,1,2,-,1,3,-,1,3,-,1,3,-,1,5,-,1,9,-,1,15,-,1,23,-,0,,,TP,300.00,41
2026.03.30 11:03,2026.03.30 11:44,BUY,LienKe,4528.947,4523.987,49.6,227.3,35.4,4.58,0.71,1,0,0,1,3,-,1,3,-,1,5,-,1,9,-,1,10,-,1,15,-,1,39,-,0,,,TP,300.00,41
2026.03.30 23:05,2026.03.30 23:08,BUY,LienKe,4500.614,4495.711,49.0,61.3,37.4,1.25,0.76,1,1,-,1,1,-,1,1,-,1,1,-,0,,,0,,,0,,,0,,,0,,,SL,-49.03,3
2026.03.30 23:05,2026.03.30 23:08,BUY,LienKe,4502.748,4495.711,70.4,40.0,58.8,0.57,0.84,1,1,2,1,2,2,1,2,2,0,,,0,,,0,,,0,,,0,,,0,,,SL,-70.37,3
2026.03.31 03:17,2026.03.31 03:23,BUY,LienKe,4566.103,4561.735,43.7,22.7,41.0,0.52,0.94,1,0,1,1,0,1,0,,,0,,,0,,,0,,,0,,,0,,,0,,,SL,-43.68,6
2026.03.31 03:17,2026.03.31 03:23,BUY,LienKe,4567.758,4561.735,60.2,6.1,57.5,0.10,0.95,0,,,0,,,0,,,0,,,0,,,0,,,0,,,0,,,0,,,SL,-60.23,6
2026.03.31 05:14,2026.03.31 05:49,BUY,Swing,4550.542,4544.704,58.4,297.6,6.9,5.10,0.12,1,1,-,1,1,-,1,1,-,1,2,-,1,4,-,1,7,-,1,11,-,1,19,-,0,,,TP,300.00,34
2026.03.31 05:14,2026.03.31 06:20,BUY,Swing,4553.834,4544.704,91.3,279.1,39.8,3.06,0.44,1,2,-,1,2,-,1,2,-,1,4,-,1,7,-,1,11,-,1,19,-,1,20,-,0,,,SL,0.00,66
2026.03.31 11:15,2026.03.31 11:17,SELL,LienKe,4555.808,4566.149,103.4,0.0,86.8,0.00,0.84,0,,,0,,,0,,,0,,,0,,,0,,,0,,,0,,,0,,,SL,-103.41,1
2026.03.31 11:12,2026.03.31 11:17,SELL,LienKe,4548.652,4566.149,175.0,15.4,158.3,0.09,0.90,1,0,0,0,,,0,,,0,,,0,,,0,,,0,,,0,,,0,,,SL,-174.97,5
2026.03.31 11:22,2026.03.31 11:25,SELL,Swing,4574.321,4578.537,42.2,25.7,28.5,0.61,0.68,1,1,2,1,1,2,0,,,0,,,0,,,0,,,0,,,0,,,0,,,SL,-42.16,3
2026.03.31 11:22,2026.03.31 11:25,SELL,Swing,4573.044,4578.537,54.9,13.0,41.3,0.24,0.75,1,0,0,0,,,0,,,0,,,0,,,0,,,0,,,0,,,0,,,SL,-54.93,3
2026.03.31 17:04,2026.03.31 17:23,SELL,LienKe,4652.709,4657.022,43.1,160.1,33.6,3.71,0.78,1,0,18,1,0,18,1,0,18,1,1,18,1,1,18,1,1,18,1,5,18,0,,,0,,,SL,-43.13,19
2026.03.31 17:04,2026.03.31 17:23,SELL,LienKe,4651.165,4657.022,58.6,144.6,49.0,2.47,0.84,1,0,18,1,0,18,1,0,18,1,1,18,1,1,18,1,1,18,0,,,0,,,0,,,SL,-58.57,19
2026.03.31 18:14,2026.03.31 19:00,SELL,LienKe,4666.622,4671.887,52.6,65.7,47.6,1.25,0.90,1,0,3,1,1,3,1,10,14,1,11,14,0,,,0,,,0,,,0,,,0,,,SL,-52.65,46
2026.03.31 18:11,2026.03.31 19:00,SELL,LienKe,4665.656,4671.887,62.3,56.1,57.3,0.90,0.92,1,0,1,1,0,1,1,0,1,1,0,1,0,,,0,,,0,,,0,,,0,,,SL,-62.31,49
2026.03.31 22:10,2026.03.31 23:55,BUY,LienKe,4666.367,4661.358,50.1,299.7,45.0,5.98,0.90,1,1,3,1,1,3,1,1,3,1,1,3,1,14,37,1,14,37,1,14,37,1,14,37,0,,,TP,300.00,105
2026.03.31 22:10,2026.03.31 23:59,BUY,LienKe,4670.153,4661.358,88.0,298.4,82.8,3.39,0.94,1,1,2,1,2,3,1,2,3,1,14,37,1,14,37,1,14,37,1,15,37,1,28,37,0,,,CON_MO,0.00,109
2026.04.02 06:03,2026.04.02 06:08,BUY,LienKe,4581.932,4573.881,80.5,76.0,78.3,0.94,0.97,1,0,2,1,0,2,1,0,2,1,0,2,0,,,0,,,0,,,0,,,0,,,SL,-80.51,5
2026.04.02 06:03,2026.04.02 06:08,BUY,LienKe,4588.463,4573.881,145.8,10.7,143.6,0.07,0.98,1,3,3,0,,,0,,,0,,,0,,,0,,,0,,,0,,,0,,,SL,-145.82,5
2026.04.02 18:49,2026.04.02 18:58,SELL,LienKe,4667.544,4671.691,41.5,41.9,31.2,1.01,0.75,1,2,3,1,2,3,1,2,3,0,,,0,,,0,,,0,,,0,,,0,,,SL,-41.47,9
2026.04.02 18:49,2026.04.02 18:58,SELL,LienKe,4665.903,4671.691,57.9,25.5,47.6,0.44,0.82,1,2,3,1,2,3,0,,,0,,,0,,,0,,,0,,,0,,,0,,,SL,-57.88,9
2026.04.05 23:41,2026.04.06 00:27,BUY,LienKe,4607.610,4602.366,52.4,218.6,25.5,4.17,0.49,1,0,0,1,4,19,1,4,19,1,5,19,1,9,19,1,10,19,1,23,-,1,34,-,0,,,SL,-52.44,46
2026.04.05 23:31,2026.04.06 00:27,BUY,LienKe,4612.093,4602.366,97.3,173.8,70.3,1.79,0.72,1,0,1,1,0,1,1,0,1,1,6,8,1,32,55,1,33,55,1,44,55,0,,,0,,,SL,-97.27,56
2026.04.06 09:03,2026.04.06 09:43,SELL,LienKe,4700.406,4705.704,53.0,30.4,51.0,0.57,0.96,1,1,2,1,1,2,1,20,21,0,,,0,,,0,,,0,,,0,,,0,,,SL,-52.98,39
2026.04.06 09:01,2026.04.06 09:43,SELL,LienKe,4698.050,4705.704,76.5,8.5,74.5,0.11,0.97,0,,,0,,,0,,,0,,,0,,,0,,,0,,,0,,,0,,,SL,-76.54,42
2026.04.07 09:17,2026.04.07 09:46,SELL,LienKe,4691.593,4696.565,49.7,292.3,32.7,5.88,0.66,1,1,1,1,1,1,1,11,-,1,11,-,1,13,-,1,13,-,1,21,-,1,24,-,0,,,TP,300.00,29
2026.04.07 09:14,2026.04.07 09:48,SELL,LienKe,4689.399,4696.565,71.7,299.3,54.6,4.18,0.76,1,0,3,1,0,3,1,0,3,1,1,3,1,16,-,1,21,-,1,27,-,1,28,-,0,,,TP,300.00,34
2026.04.07 10:28,2026.04.07 10:43,BUY,LienKe,4662.599,4654.913,76.9,93.1,17.9,1.21,0.23,1,0,11,1,0,11,1,0,11,1,0,11,1,3,11,0,,,0,,,0,,,0,,,SL,-76.86,15
2026.04.07 10:43,2026.04.07 10:47,BUY,LienKe,4659.660,4654.913,47.5,47.5,50.3,1.00,1.06,1,1,2,1,1,2,1,1,2,0,,,0,,,0,,,0,,,0,,,0,,,SL,-47.47,4
2026.04.08 11:47,2026.04.08 11:53,SELL,LienKe,4795.364,4800.070,47.1,21.1,39.4,0.45,0.84,1,0,1,1,1,1,0,,,0,,,0,,,0,,,0,,,0,,,0,,,SL,-47.06,6
2026.04.08 11:28,2026.04.08 11:53,SELL,LienKe,4793.542,4800.070,65.3,153.9,57.6,2.36,0.88,1,0,18,1,0,18,1,0,18,1,2,18,1,4,18,1,7,18,1,8,18,0,,,0,,,SL,-65.28,25
2026.04.08 13:56,2026.04.08 14:25,BUY,LienKe,4771.565,4764.580,69.8,204.1,2.8,2.92,0.04,1,0,-,1,0,-,1,0,-,1,0,-,1,1,-,1,4,-,1,4,-,1,8,-,0,,,SL,-69.85,29
2026.04.08 18:01,2026.04.08 18:18,BUY,LienKe,4735.339,4724.346,109.9,91.2,18.3,0.83,0.17,1,0,-,1,1,-,1,1,-,1,4,-,1,6,-,0,,,0,,,0,,,0,,,SL,-109.93,17
2026.04.08 18:18,2026.04.08 18:19,BUY,LienKe,4730.702,4724.346,63.6,0.0,139.9,0.00,2.20,0,,,0,,,0,,,0,,,0,,,0,,,0,,,0,,,0,,,SL,-63.56,0
2026.04.08 22:03,2026.04.09 00:07,SELL,LienKe,4729.219,4735.601,63.8,277.4,14.8,4.35,0.23,1,0,2,1,0,2,1,0,2,1,0,2,1,8,-,1,8,-,1,9,-,1,15,-,0,,,TP,300.00,124
2026.04.08 20:02,2026.04.09 00:07,SELL,LienKe,4731.369,4735.209,38.4,298.9,17.3,7.78,0.45,1,1,2,1,3,120,1,3,120,1,15,120,1,18,120,1,47,120,1,130,-,1,130,-,0,,,TP,300.00,245
2026.04.08 20:02,2026.04.09 00:07,SELL,LienKe,4729.564,4735.209,56.4,280.8,35.4,4.97,0.63,1,3,4,1,8,13,1,15,119,1,17,119,1,28,119,1,48,119,1,130,-,1,136,-,0,,,TP,300.00,245
2026.04.09 10:23,2026.04.09 10:24,SELL,LienKe,4732.851,4736.547,37.0,6.2,7.2,0.17,0.19,0,,,0,,,0,,,0,,,0,,,0,,,0,,,0,,,0,,,SL,-36.96,1
2026.04.09 10:22,2026.04.09 10:24,SELL,LienKe,4732.311,4736.547,42.4,7.7,12.6,0.18,0.30,0,,,0,,,0,,,0,,,0,,,0,,,0,,,0,,,0,,,SL,-42.36,2
2026.04.09 08:45,2026.04.09 10:24,SELL,LienKe,4731.474,4736.102,46.3,81.3,23.5,1.76,0.51,1,2,3,1,2,3,1,7,24,1,11,24,1,21,24,0,,,0,,,0,,,0,,,SL,-46.28,99
2026.04.09 08:45,2026.04.09 10:24,SELL,LienKe,4729.918,4736.102,61.8,65.7,39.1,1.06,0.63,1,7,24,1,8,24,1,11,24,1,15,24,0,,,0,,,0,,,0,,,0,,,SL,-61.84,99
2026.04.09 11:30,2026.04.09 11:40,SELL,LienKe,4746.677,4750.469,37.9,35.0,25.3,0.92,0.67,1,3,8,1,3,8,1,3,8,0,,,0,,,0,,,0,,,0,,,0,,,SL,-37.92,10
2026.04.09 11:30,2026.04.09 11:40,SELL,LienKe,4745.589,4750.469,48.8,24.1,36.2,0.49,0.74,1,4,5,1,4,5,0,,,0,,,0,,,0,,,0,,,0,,,0,,,SL,-48.80,10
2026.04.09 12:02,2026.04.09 13:35,SELL,LienKe,4755.190,4762.840,76.5,200.6,35.6,2.62,0.47,1,0,70,1,0,70,1,1,70,1,2,70,1,4,70,1,7,70,1,14,70,1,25,70,0,,,SL,-76.50,93
2026.04.09 12:27,2026.04.09 13:38,BUY,LienKe,4737.735,4733.534,42.0,289.3,28.8,6.89,0.69,1,3,4,1,3,4,1,3,4,1,5,20,1,14,20,1,14,20,1,44,-,1,48,-,0,,,TP,300.00,71
2026.04.09 12:21,2026.04.09 13:38,BUY,LienKe,4739.137,4733.534,56.0,275.3,42.8,4.91,0.76,1,0,1,1,1,2,1,9,10,1,14,26,1,20,26,1,46,-,1,51,-,1,74,-,0,,,TP,300.00,77
2026.04.10 07:03,2026.04.10 08:47,BUY,LienKe,4744.123,4738.210,59.1,133.3,31.7,2.25,0.54,1,0,74,1,0,74,1,0,74,1,1,74,1,6,74,1,17,74,0,,,0,,,0,,,SL,-59.13,104
2026.04.10 11:25,2026.04.10 11:44,SELL,Swing,4760.898,4765.508,46.1,26.1,31.0,0.57,0.67,1,0,2,1,0,2,0,,,0,,,0,,,0,,,0,,,0,,,0,,,SL,-46.10,19
2026.04.10 12:16,2026.04.10 12:30,SELL,LienKe,4768.697,4772.947,42.5,85.4,27.7,2.01,0.65,1,1,2,1,4,-,1,5,-,1,7,-,1,8,-,0,,,0,,,0,,,0,,,SL,-42.50,14
2026.04.10 12:02,2026.04.10 12:30,SELL,LienKe,4766.404,4772.947,65.4,62.5,50.6,0.95,0.77,1,0,1,1,0,1,1,21,-,1,22,-,0,,,0,,,0,,,0,,,0,,,SL,-65.43,28
2026.04.10 16:04,2026.04.10 16:06,BUY,LienKe,4756.323,4751.759,45.6,0.0,44.9,0.00,0.98,0,,,0,,,0,,,0,,,0,,,0,,,0,,,0,,,0,,,SL,-45.64,2
2026.04.10 16:04,2026.04.10 16:06,BUY,LienKe,4758.908,4751.759,71.5,2.3,70.8,0.03,0.99,0,,,0,,,0,,,0,,,0,,,0,,,0,,,0,,,0,,,SL,-71.49,2
2026.04.10 20:20,2026.04.10 20:25,BUY,Swing,4751.214,4747.665,35.5,0.9,30.9,0.02,0.87,0,,,0,,,0,,,0,,,0,,,0,,,0,,,0,,,0,,,SL,-35.49,5
2026.04.10 20:18,2026.04.10 20:25,BUY,Swing,4752.239,4747.665,45.7,3.1,41.2,0.07,0.90,0,,,0,,,0,,,0,,,0,,,0,,,0,,,0,,,0,,,SL,-45.74,7
2026.04.13 11:03,2026.04.13 13:01,SELL,LienKe,4724.215,4729.504,52.9,205.6,51.6,3.89,0.98,1,6,6,1,8,109,1,9,109,1,23,109,1,33,109,1,33,109,1,37,109,1,40,109,0,,,SL,-52.89,118
2026.04.13 11:01,2026.04.13 13:01,SELL,LienKe,4721.270,4729.504,82.3,176.2,81.1,2.14,0.98,1,18,19,1,24,25,1,34,106,1,34,106,1,35,106,1,37,106,1,42,106,0,,,0,,,SL,-82.34,120
2026.04.13 11:43,2026.04.13 13:49,BUY,LienKe,4707.785,4703.162,46.2,297.7,44.1,6.44,0.95,1,1,2,1,5,7,1,5,7,1,22,38,1,27,38,1,28,38,1,67,-,1,78,-,0,,,TP,300.00,126
2026.04.13 11:42,2026.04.13 13:49,BUY,LienKe,4709.866,4703.162,67.0,276.9,64.9,4.13,0.97,1,0,1,1,1,1,1,23,24,1,26,38,1,29,38,1,31,38,1,71,-,1,83,-,0,,,TP,300.00,127
2026.04.13 16:15,2026.04.13 16:17,SELL,LienKe,4719.790,4723.885,41.0,7.5,31.5,0.18,0.77,0,,,0,,,0,,,0,,,0,,,0,,,0,,,0,,,0,,,SL,-40.95,2
2026.04.13 16:14,2026.04.13 16:17,SELL,LienKe,4718.199,4723.885,56.9,0.6,47.4,0.01,0.83,0,,,0,,,0,,,0,,,0,,,0,,,0,,,0,,,0,,,SL,-56.86,3
2026.04.13 16:51,2026.04.13 17:26,SELL,Swing,4743.433,4749.229,58.0,175.4,47.5,3.03,0.82,1,0,28,1,0,28,1,0,28,1,1,28,1,5,28,1,8,28,1,16,28,0,,,0,,,SL,-57.96,35
2026.04.13 16:48,2026.04.13 17:26,SELL,Swing,4740.863,4749.229,83.7,149.7,73.2,1.79,0.88,1,0,2,1,0,2,1,1,2,1,5,30,1,11,30,1,19,30,0,,,0,,,0,,,SL,-83.66,38
2026.04.13 17:25,2026.04.13 22:01,SELL,LienKe,4746.681,4750.905,42.2,234.1,35.0,5.54,0.83,1,4,5,1,4,5,1,4,5,1,22,127,1,22,127,1,25,127,1,28,127,1,51,127,0,,,SL,-42.24,275
2026.04.13 17:23,2026.04.13 22:01,SELL,LienKe,4744.146,4750.905,67.6,208.7,60.4,3.09,0.89,1,6,7,1,24,125,1,24,125,1,24,125,1,30,125,1,30,125,1,31,125,1,64,125,0,,,SL,-67.59,278
2026.04.14 01:10,2026.04.14 06:53,SELL,LienKe,4775.674,4779.738,40.6,174.4,22.4,4.29,0.55,1,0,2,1,1,2,1,1,2,1,10,97,1,20,97,1,23,97,1,264,341,0,,,0,,,SL,-40.64,343
2026.04.14 01:10,2026.04.14 06:53,SELL,LienKe,4775.300,4779.738,44.4,170.6,26.1,3.84,0.59,1,0,2,1,1,2,1,1,2,1,10,96,1,23,96,1,23,96,1,265,340,0,,,0,,,SL,-44.38,343
2026.04.14 10:41,2026.04.14 13:19,BUY,Swing,4757.449,4748.773,86.8,282.4,5.3,3.25,0.06,1,0,0,1,1,-,1,1,-,1,1,-,1,3,-,1,3,-,1,24,-,1,35,-,0,,,TP,300.00,158
2026.04.14 10:40,2026.04.14 13:34,BUY,Swing,4763.397,4748.773,146.2,289.7,64.8,1.98,0.44,1,0,1,1,0,1,1,0,1,1,5,102,1,13,102,1,26,102,1,44,102,1,156,-,0,,,TP,300.00,174
2026.04.14 15:06,2026.04.14 17:06,BUY,LienKe,4793.495,4789.089,44.1,298.2,24.5,6.77,0.56,1,0,2,1,1,2,1,1,2,1,12,-,1,14,-,1,15,-,1,25,-,1,31,-,0,,,TP,300.00,120
2026.04.14 15:06,2026.04.14 17:06,BUY,LienKe,4795.238,4789.089,61.5,280.8,41.9,4.57,0.68,1,1,1,1,1,1,1,1,1,1,13,-,1,15,-,1,18,-,1,25,-,1,45,-,0,,,TP,300.00,120
2026.04.15 00:11,2026.04.15 00:17,BUY,LienKe,4833.385,4829.619,37.7,5.8,28.9,0.15,0.77,0,,,0,,,0,,,0,,,0,,,0,,,0,,,0,,,0,,,SL,-37.66,6
2026.04.15 00:11,2026.04.15 00:17,BUY,Swing,4833.385,4829.619,37.7,5.8,28.9,0.15,0.77,0,,,0,,,0,,,0,,,0,,,0,,,0,,,0,,,0,,,SL,-37.66,6
2026.04.15 00:02,2026.04.15 00:17,BUY,LienKe,4834.533,4829.619,49.1,52.9,40.4,1.08,0.82,1,0,6,1,1,6,1,1,6,1,4,6,0,,,0,,,0,,,0,,,0,,,SL,-49.14,15
2026.04.15 00:02,2026.04.15 00:17,BUY,Swing,4834.533,4829.619,49.1,52.9,40.4,1.08,0.82,1,0,6,1,1,6,1,1,6,1,4,6,0,,,0,,,0,,,0,,,0,,,SL,-49.14,15
2026.04.15 11:22,2026.04.15 11:31,SELL,LienKe,4805.162,4808.825,36.6,2.8,32.5,0.08,0.89,0,,,0,,,0,,,0,,,0,,,0,,,0,,,0,,,0,,,SL,-36.63,8
2026.04.15 11:21,2026.04.15 11:31,SELL,LienKe,4804.262,4808.825,45.6,6.8,41.5,0.15,0.91,0,,,0,,,0,,,0,,,0,,,0,,,0,,,0,,,0,,,SL,-45.63,10
2026.04.15 13:01,2026.04.15 13:21,SELL,LienKe,4814.211,4819.283,50.7,54.8,30.1,1.08,0.59,1,0,5,1,0,5,1,0,5,1,1,5,0,,,0,,,0,,,0,,,0,,,SL,-50.72,20
2026.04.15 13:01,2026.04.15 13:21,SELL,LienKe,4812.211,4819.283,70.7,34.8,50.1,0.49,0.71,1,0,2,1,1,2,1,1,2,0,,,0,,,0,,,0,,,0,,,0,,,SL,-70.72,20
2026.04.16 05:07,2026.04.16 10:15,SELL,Swing,4836.542,4841.319,47.8,298.7,4.8,6.25,0.10,1,0,3,1,1,3,1,17,-,1,24,-,1,25,-,1,28,-,1,52,-,1,81,-,0,,,TP,300.00,308
2026.04.16 13:49,2026.04.16 13:51,BUY,LienKe,4813.759,4806.320,74.4,18.4,31.7,0.25,0.43,1,1,1,0,,,0,,,0,,,0,,,0,,,0,,,0,,,0,,,SL,-74.39,2
2026.04.16 13:51,2026.04.16 13:52,BUY,LienKe,4810.710,4806.320,43.9,0.0,54.3,0.00,1.24,0,,,0,,,0,,,0,,,0,,,0,,,0,,,0,,,0,,,SL,-43.90,1
2026.04.16 10:31,2026.04.16 13:52,BUY,LienKe,4806.050,4801.999,40.5,178.2,10.6,4.40,0.26,1,1,2,1,3,200,1,3,200,1,10,200,1,25,200,1,27,200,1,85,200,0,,,0,,,SL,-40.51,201
2026.04.16 10:31,2026.04.16 13:52,BUY,Swing,4806.050,4801.999,40.5,178.2,10.6,4.40,0.26,1,1,2,1,3,200,1,3,200,1,10,200,1,25,200,1,27,200,1,85,200,0,,,0,,,SL,-40.51,201
2026.04.16 10:16,2026.04.16 13:52,BUY,LienKe,4807.553,4801.999,55.5,163.2,25.6,2.94,0.46,1,4,11,1,6,11,1,24,29,1,39,215,1,40,215,1,44,215,1,104,215,0,,,0,,,SL,-55.54,216
2026.04.16 10:16,2026.04.16 13:52,BUY,Swing,4807.553,4801.999,55.5,163.2,25.6,2.94,0.46,1,4,11,1,6,11,1,24,29,1,39,215,1,40,215,1,44,215,1,104,215,0,,,0,,,SL,-55.54,216
2026.04.16 15:07,2026.04.16 15:08,SELL,LienKe,4805.056,4809.305,42.5,0.0,21.6,0.00,0.51,0,,,0,,,0,,,0,,,0,,,0,,,0,,,0,,,0,,,SL,-42.49,1
2026.04.16 15:07,2026.04.16 15:08,SELL,LienKe,4802.917,4809.305,63.9,0.0,43.0,0.00,0.67,0,,,0,,,0,,,0,,,0,,,0,,,0,,,0,,,0,,,SL,-63.88,1
2026.04.16 20:23,2026.04.17 00:05,BUY,LienKe,4789.435,4785.767,36.7,83.3,31.5,2.27,0.86,1,23,27,1,96,217,1,96,217,1,96,217,1,103,217,0,,,0,,,0,,,0,,,SL,-42.03,222
2026.04.16 20:22,2026.04.17 00:05,BUY,LienKe,4790.337,4785.767,45.7,74.3,40.5,1.63,0.89,1,98,218,1,98,218,1,98,218,1,99,218,0,,,0,,,0,,,0,,,0,,,SL,-51.05,223
2026.04.16 22:02,2026.04.17 00:45,SELL,LienKe,4794.223,4799.510,52.9,82.3,47.4,1.56,0.90,1,17,23,1,28,31,1,118,148,1,118,148,1,123,148,0,,,0,,,0,,,0,,,SL,-52.87,163
2026.04.16 22:02,2026.04.17 00:45,SELL,LienKe,4792.131,4799.510,73.8,61.3,68.3,0.83,0.93,1,118,137,1,118,137,1,118,137,1,123,137,0,,,0,,,0,,,0,,,0,,,SL,-73.79,163
2026.04.16 23:24,2026.04.17 00:46,SELL,LienKe,4797.273,4800.765,34.9,112.8,31.9,3.23,0.91,1,3,67,1,5,67,1,6,67,1,35,67,1,36,67,1,41,67,0,,,0,,,0,,,SL,-34.92,82
2026.04.17 19:55,2026.04.17 20:03,BUY,Swing,4854.276,4850.696,35.8,9.4,20.8,0.26,0.58,0,,,0,,,0,,,0,,,0,,,0,,,0,,,0,,,0,,,SL,-35.80,8
2026.04.17 19:13,2026.04.17 20:03,BUY,Swing,4855.505,4850.696,48.1,57.7,33.1,1.20,0.69,1,1,7,1,3,7,1,21,40,1,25,40,0,,,0,,,0,,,0,,,0,,,SL,-48.09,50
2026.04.20 10:10,2026.04.20 11:49,SELL,LienKe,4797.924,4802.137,42.1,110.9,32.6,2.63,0.77,1,1,6,1,3,6,1,41,96,1,51,96,1,61,96,1,61,96,0,,,0,,,0,,,SL,-42.13,99
2026.04.20 10:10,2026.04.20 11:49,SELL,LienKe,4797.452,4802.137,46.8,106.2,37.3,2.27,0.80,1,2,6,1,3,6,1,50,96,1,51,96,1,61,96,1,62,96,0,,,0,,,0,,,SL,-46.85,99
2026.04.20 23:48,2026.04.21 00:32,BUY,LienKe,4820.872,4817.553,33.2,96.6,28.8,2.91,0.87,1,5,6,1,12,38,1,12,38,1,17,38,1,22,38,0,,,0,,,0,,,0,,,SL,-38.54,44
2026.04.20 23:48,2026.04.21 00:32,BUY,LienKe,4821.707,4817.553,41.5,88.2,37.1,2.12,0.89,1,12,37,1,12,37,1,13,37,1,17,37,1,25,37,0,,,0,,,0,,,0,,,SL,-46.89,44
2026.04.21 00:29,2026.04.21 01:04,BUY,LienKe,4820.287,4816.583,37.0,58.0,36.0,1.57,0.97,1,11,33,1,12,33,1,12,33,1,18,33,0,,,0,,,0,,,0,,,0,,,SL,-37.04,34
2026.04.21 00:27,2026.04.21 01:04,BUY,LienKe,4821.362,4816.583,47.8,47.3,46.7,0.99,0.98,1,0,2,1,0,2,1,0,2,0,,,0,,,0,,,0,,,0,,,0,,,SL,-47.79,37
2026.04.21 01:06,2026.04.21 01:12,BUY,LienKe,4817.341,4813.567,37.7,30.2,28.8,0.80,0.76,1,0,4,1,2,4,1,2,4,0,,,0,,,0,,,0,,,0,,,0,,,SL,-37.74,6
2026.04.21 01:05,2026.04.21 01:12,BUY,LienKe,4818.574,4813.567,50.1,17.8,41.2,0.36,0.82,1,3,4,0,,,0,,,0,,,0,,,0,,,0,,,0,,,0,,,SL,-50.07,7
2026.04.20 14:52,2026.04.21 04:50,BUY,LienKe,4805.676,4789.330,163.5,274.2,162.3,1.68,0.99,1,0,0,1,0,0,1,0,0,1,151,161,1,193,663,1,202,663,1,261,663,1,428,663,0,,,SL,-168.81,838
2026.04.21 04:20,2026.04.21 04:55,BUY,LienKe,4793.060,4788.891,41.7,21.7,41.0,0.52,0.98,1,0,3,1,1,3,0,,,0,,,0,,,0,,,0,,,0,,,0,,,SL,-41.69,35
2026.04.21 04:20,2026.04.21 04:55,BUY,Swing,4793.060,4788.891,41.7,21.7,41.0,0.52,0.98,1,0,3,1,1,3,0,,,0,,,0,,,0,,,0,,,0,,,0,,,SL,-41.69,35
2026.04.21 04:16,2026.04.21 04:55,BUY,LienKe,4795.102,4788.891,62.1,13.8,61.4,0.22,0.99,1,1,3,0,,,0,,,0,,,0,,,0,,,0,,,0,,,0,,,SL,-62.11,39
2026.04.21 04:16,2026.04.21 04:55,BUY,Swing,4795.102,4788.891,62.1,13.8,61.4,0.22,0.99,1,1,3,0,,,0,,,0,,,0,,,0,,,0,,,0,,,0,,,SL,-62.11,39
2026.04.21 08:44,2026.04.21 11:47,SELL,LienKe,4791.770,4795.735,39.6,163.4,34.1,4.12,0.86,1,2,176,1,5,176,1,7,176,1,8,176,1,19,176,1,19,176,1,145,176,0,,,0,,,SL,-39.65,183
2026.04.21 08:44,2026.04.21 11:47,SELL,LienKe,4790.611,4795.735,51.2,151.8,45.7,2.96,0.89,1,7,131,1,7,131,1,8,131,1,17,131,1,19,131,1,145,172,1,145,172,0,,,0,,,SL,-51.24,183
2026.04.21 13:13,2026.04.21 13:15,BUY,LienKe,4767.794,4763.257,45.4,20.1,33.3,0.44,0.73,1,0,1,1,0,1,0,,,0,,,0,,,0,,,0,,,0,,,0,,,SL,-45.37,1
2026.04.21 13:13,2026.04.21 13:15,BUY,LienKe,4769.768,4763.257,65.1,0.4,53.0,0.01,0.81,0,,,0,,,0,,,0,,,0,,,0,,,0,,,0,,,0,,,SL,-65.11,2
2026.04.21 12:31,2026.04.21 13:15,BUY,LienKe,4776.485,4763.799,126.9,140.1,120.2,1.10,0.95,1,1,13,1,1,13,1,1,13,1,1,13,1,2,13,1,3,13,0,,,0,,,0,,,SL,-126.86,44
2026.04.21 12:31,2026.04.21 13:15,BUY,Swing,4776.485,4763.799,126.9,140.1,120.2,1.10,0.95,1,1,13,1,1,13,1,1,13,1,1,13,1,2,13,1,3,13,0,,,0,,,0,,,SL,-126.86,44
2026.04.21 16:20,2026.04.21 16:28,BUY,LienKe,4728.088,4723.484,46.0,42.9,35.3,0.93,0.77,1,0,3,1,1,3,1,1,3,0,,,0,,,0,,,0,,,0,,,0,,,SL,-46.04,8
2026.04.21 16:15,2026.04.21 16:28,BUY,LienKe,4730.564,4723.484,70.8,35.6,60.1,0.50,0.85,1,2,5,1,2,5,1,2,5,0,,,0,,,0,,,0,,,0,,,0,,,SL,-70.80,13
2026.04.21 16:29,2026.04.21 16:51,BUY,Swing,4722.225,4716.576,56.5,52.0,40.5,0.92,0.72,1,2,4,1,2,4,1,3,4,1,6,8,0,,,0,,,0,,,0,,,0,,,SL,-56.49,22
2026.04.21 16:29,2026.04.21 16:51,BUY,Swing,4725.091,4716.576,85.2,23.3,69.2,0.27,0.81,1,6,7,1,6,7,0,,,0,,,0,,,0,,,0,,,0,,,0,,,SL,-85.15,22
2026.04.22 08:38,2026.04.22 10:03,BUY,Swing,4753.017,4748.779,42.4,94.6,24.1,2.23,0.57,1,1,2,1,5,77,1,7,77,1,18,77,1,28,77,0,,,0,,,0,,,0,,,SL,-42.38,85
2026.04.22 12:42,2026.04.22 13:00,BUY,Swing,4747.134,4742.656,44.8,20.7,43.0,0.46,0.96,1,1,2,1,1,2,0,,,0,,,0,,,0,,,0,,,0,,,0,,,SL,-44.78,18
2026.04.22 12:42,2026.04.22 13:00,BUY,Swing,4748.652,4742.656,60.0,8.2,58.2,0.14,0.97,0,,,0,,,0,,,0,,,0,,,0,,,0,,,0,,,0,,,SL,-59.96,18
2026.04.22 07:09,2026.04.22 13:02,SELL,Swing,4770.804,4775.287,44.8,287.0,8.5,6.40,0.19,1,1,-,1,1,-,1,2,-,1,3,-,1,9,-,1,43,-,1,73,-,1,174,-,0,,,TP,300.00,353
2026.04.22 14:35,2026.04.22 14:36,BUY,LienKe,4735.939,4730.165,57.7,0.0,56.9,0.00,0.99,0,,,0,,,0,,,0,,,0,,,0,,,0,,,0,,,0,,,SL,-57.74,0
2026.04.22 14:34,2026.04.22 14:36,BUY,LienKe,4738.709,4730.165,85.4,9.7,84.6,0.11,0.99,0,,,0,,,0,,,0,,,0,,,0,,,0,,,0,,,0,,,SL,-85.44,2
2026.04.22 17:03,2026.04.22 17:10,SELL,LienKe,4734.977,4739.304,43.3,10.6,20.8,0.24,0.48,1,4,5,0,,,0,,,0,,,0,,,0,,,0,,,0,,,0,,,SL,-43.27,7
2026.04.22 17:03,2026.04.22 17:10,SELL,LienKe,4733.143,4739.304,61.6,0.0,39.2,0.00,0.64,0,,,0,,,0,,,0,,,0,,,0,,,0,,,0,,,0,,,SL,-61.61,7
2026.04.22 23:04,2026.04.23 00:07,BUY,Swing,4724.580,4720.353,42.3,52.3,42.0,1.24,0.99,1,1,2,1,6,35,1,6,35,1,16,35,0,,,0,,,0,,,0,,,0,,,SL,-58.32,63
2026.04.22 23:02,2026.04.23 00:07,BUY,LienKe,4725.599,4720.353,52.5,42.1,52.2,0.80,0.99,1,8,12,1,9,12,1,17,23,0,,,0,,,0,,,0,,,0,,,0,,,SL,-68.51,65
2026.04.22 23:02,2026.04.23 00:07,BUY,LienKe,4726.602,4720.353,62.5,32.0,62.2,0.51,1.00,1,9,12,1,17,22,1,18,22,0,,,0,,,0,,,0,,,0,,,0,,,SL,-78.54,65
2026.04.22 23:02,2026.04.23 00:07,BUY,Swing,4726.602,4720.353,62.5,32.0,62.2,0.51,1.00,1,9,12,1,17,22,1,18,22,0,,,0,,,0,,,0,,,0,,,0,,,SL,-78.54,65
2026.04.23 03:20,2026.04.23 05:30,BUY,LienKe,4700.880,4694.982,59.0,93.9,22.4,1.59,0.38,1,1,45,1,1,45,1,2,45,1,21,45,1,107,-,0,,,0,,,0,,,0,,,SL,-58.98,130
2026.04.23 05:02,2026.04.23 05:50,SELL,LienKe,4707.019,4711.189,41.7,145.8,37.6,3.50,0.90,1,23,23,1,28,32,1,28,32,1,28,32,1,28,32,1,28,32,0,,,0,,,0,,,SL,-41.70,48
2026.04.23 05:02,2026.04.23 05:50,SELL,LienKe,4706.923,4711.189,42.7,144.9,38.5,3.40,0.90,1,23,24,1,28,32,1,28,32,1,28,32,1,28,32,1,28,32,0,,,0,,,0,,,SL,-42.66,48
2026.04.23 16:06,2026.04.23 17:09,BUY,LienKe,4719.020,4712.546,64.7,179.2,23.7,2.77,0.37,1,2,2,1,5,8,1,6,8,1,18,61,1,27,61,1,28,61,1,38,61,0,,,0,,,SL,-64.74,63
2026.04.23 23:36,2026.04.24 00:27,SELL,LienKe,4699.424,4702.985,35.6,83.3,24.7,2.34,0.69,1,3,10,1,3,10,1,15,24,1,20,24,1,27,39,0,,,0,,,0,,,0,,,SL,-35.61,51
2026.04.23 23:36,2026.04.24 00:27,SELL,LienKe,4698.348,4702.985,46.4,72.5,35.5,1.56,0.76,1,3,4,1,15,24,1,20,24,1,21,24,0,,,0,,,0,,,0,,,0,,,SL,-46.37,51
2026.04.24 01:11,2026.04.24 01:15,SELL,LienKe,4706.256,4711.116,48.6,0.0,38.8,0.00,0.80,0,,,0,,,0,,,0,,,0,,,0,,,0,,,0,,,0,,,SL,-48.60,4
2026.04.24 01:01,2026.04.24 01:15,SELL,LienKe,4704.155,4711.116,69.6,82.9,59.8,1.19,0.86,1,0,8,1,0,8,1,0,8,1,1,8,1,4,8,0,,,0,,,0,,,0,,,SL,-69.61,14
2026.04.24 01:43,2026.04.24 02:22,BUY,LienKe,4692.699,4687.550,51.5,79.1,30.1,1.54,0.58,1,5,27,1,5,27,1,6,27,1,15,27,0,,,0,,,0,,,0,,,0,,,SL,-51.49,39
2026.04.24 01:33,2026.04.24 02:22,BUY,LienKe,4695.065,4687.550,75.1,55.4,53.8,0.74,0.72,1,0,1,1,6,7,1,25,30,1,26,30,0,,,0,,,0,,,0,,,0,,,SL,-75.15,49
2026.04.24 04:16,2026.04.24 04:22,BUY,LienKe,4668.714,4664.137,45.8,18.9,11.2,0.41,0.25,1,0,1,0,,,0,,,0,,,0,,,0,,,0,,,0,,,0,,,SL,-45.77,6
2026.04.24 04:01,2026.04.24 04:22,BUY,LienKe,4670.461,4664.137,63.2,40.7,28.7,0.64,0.45,1,3,5,1,7,12,1,8,12,0,,,0,,,0,,,0,,,0,,,0,,,SL,-63.24,21
2026.04.24 17:04,2026.04.26 22:02,SELL,LienKe,4729.243,4732.854,36.1,237.2,10.5,6.57,0.29,1,1,15,1,2,15,1,3,15,1,18,-,1,26,-,1,29,-,1,172,-,1,185,-,0,,,TP,300.00,3177
2026.04.24 17:03,2026.04.26 22:02,SELL,LienKe,4728.694,4732.854,41.6,231.7,16.0,5.57,0.38,1,1,1,1,3,6,1,18,-,1,19,-,1,27,-,1,84,-,1,178,-,1,188,-,0,,,TP,300.00,3179
2026.04.26 23:03,2026.04.27 00:07,BUY,LienKe,4680.779,4674.592,61.9,39.2,59.4,0.63,0.96,1,1,25,1,3,25,1,3,25,0,,,0,,,0,,,0,,,0,,,0,,,SL,-61.87,64
2026.04.26 23:02,2026.04.27 00:07,BUY,LienKe,4681.365,4674.592,67.7,33.4,65.2,0.49,0.96,1,3,19,1,4,19,1,11,19,0,,,0,,,0,,,0,,,0,,,0,,,SL,-67.73,65
2026.04.27 12:18,2026.04.27 14:53,SELL,Swing,4710.661,4714.058,34.0,270.2,21.0,7.95,0.62,1,3,4,1,5,6,1,8,-,1,8,-,1,10,-,1,22,-,1,43,-,1,81,-,0,,,TP,300.00,155
2026.04.27 12:17,2026.04.27 14:53,SELL,Swing,4710.236,4714.058,38.2,266.0,25.2,6.96,0.66,1,0,1,1,0,1,1,9,-,1,9,-,1,11,-,1,23,-,1,44,-,1,82,-,0,,,TP,300.00,156
2026.04.28 09:24,2026.04.28 09:35,BUY,LienKe,4614.382,4610.455,39.3,46.2,36.2,1.18,0.92,1,0,1,1,0,1,1,2,6,0,,,0,,,0,,,0,,,0,,,0,,,SL,-39.27,11
2026.04.28 09:24,2026.04.28 09:35,BUY,LienKe,4615.658,4610.455,52.0,33.5,49.0,0.64,0.94,1,2,5,1,2,5,1,4,5,0,,,0,,,0,,,0,,,0,,,0,,,SL,-52.03,11
2026.04.28 12:02,2026.04.28 12:20,BUY,LienKe,4558.021,4551.677,63.4,288.1,8.4,4.54,0.13,1,0,-,1,0,-,1,0,-,1,0,-,1,1,-,1,2,-,1,3,-,1,10,-,0,,,TP,300.00,18
2026.04.29 12:38,2026.04.29 12:52,BUY,Swing,4552.602,4547.947,46.5,73.9,35.0,1.59,0.75,1,1,13,1,1,13,1,1,13,1,2,13,0,,,0,,,0,,,0,,,0,,,SL,-46.55,14
2026.04.29 12:35,2026.04.29 12:52,BUY,Swing,4555.283,4547.947,73.4,47.1,61.8,0.64,0.84,1,0,1,1,0,1,1,9,14,0,,,0,,,0,,,0,,,0,,,0,,,SL,-73.36,17
2026.04.30 05:31,2026.04.30 05:33,SELL,LienKe,4557.871,4561.977,41.1,0.0,36.8,0.00,0.90,0,,,0,,,0,,,0,,,0,,,0,,,0,,,0,,,0,,,SL,-41.06,2
2026.04.30 05:25,2026.04.30 05:33,SELL,LienKe,4556.764,4561.977,52.1,26.0,47.9,0.50,0.92,1,0,5,1,2,5,0,,,0,,,0,,,0,,,0,,,0,,,0,,,SL,-52.13,8
2026.04.30 09:32,2026.04.30 10:24,SELL,LienKe,4627.780,4634.759,69.8,95.0,64.4,1.36,0.92,1,0,29,1,0,29,1,0,29,1,5,29,1,9,29,0,,,0,,,0,,,0,,,SL,-69.79,52
2026.04.30 19:06,2026.04.30 22:01,SELL,LienKe,4625.237,4629.056,38.2,104.3,31.1,2.73,0.82,1,8,10,1,13,174,1,13,174,1,14,174,1,21,174,1,45,174,0,,,0,,,0,,,SL,-38.19,175
2026.04.30 19:02,2026.04.30 22:01,SELL,LienKe,4624.374,4629.056,46.8,95.7,39.8,2.04,0.85,1,1,2,1,17,179,1,18,179,1,18,179,1,29,179,0,,,0,,,0,,,0,,,SL,-46.82,179
2026.05.01 02:17,2026.05.01 05:56,SELL,Swing,4634.161,4637.585,34.2,285.6,20.9,8.34,0.61,1,3,-,1,4,-,1,4,-,1,11,-,1,25,-,1,27,-,1,35,-,1,135,-,0,,,TP,300.00,219
2026.05.01 02:14,2026.05.01 06:14,SELL,Swing,4631.470,4637.585,61.1,299.1,47.8,4.89,0.78,1,7,10,1,8,10,1,21,81,1,28,81,1,31,81,1,32,81,1,136,-,1,153,-,0,,,TP,300.00,240
2026.05.01 07:21,2026.05.01 07:22,BUY,LienKe,4590.964,4586.508,44.6,0.0,5.6,0.00,0.12,0,,,0,,,0,,,0,,,0,,,0,,,0,,,0,,,0,,,SL,-44.56,1
2026.05.01 07:07,2026.05.01 07:22,BUY,LienKe,4592.959,4586.508,64.5,48.8,25.5,0.76,0.40,1,0,1,1,0,1,1,0,1,0,,,0,,,0,,,0,,,0,,,0,,,SL,-64.51,15
2026.05.01 09:04,2026.05.01 09:54,BUY,LienKe,4565.791,4561.677,41.1,70.6,17.6,1.72,0.43,1,1,3,1,14,-,1,16,-,1,19,-,0,,,0,,,0,,,0,,,0,,,SL,-41.14,50
2026.05.01 09:03,2026.05.01 09:54,BUY,LienKe,4568.039,4561.677,63.6,48.1,40.1,0.76,0.63,1,17,23,1,17,23,1,20,23,0,,,0,,,0,,,0,,,0,,,0,,,SL,-63.62,51
2026.05.01 20:06,2026.05.04 00:21,BUY,LienKe,4608.166,4604.311,38.6,211.6,37.7,5.49,0.98,1,0,3115,1,3,3115,1,6,3115,1,21,3115,1,46,3115,1,2996,3115,1,2996,3115,1,3037,3115,0,,,SL,-43.90,3135
2026.05.01 20:05,2026.05.04 00:21,BUY,LienKe,4609.522,4604.311,52.1,198.1,51.3,3.80,0.98,1,7,3115,1,9,3115,1,20,3115,1,23,3115,1,2998,3115,1,2998,3115,1,2998,3115,0,,,0,,,SL,-57.46,3136
2026.05.04 06:05,2026.05.04 06:05,BUY,LienKe,4594.145,4588.337,58.1,0.0,2.8,0.00,0.05,0,,,0,,,0,,,0,,,0,,,0,,,0,,,0,,,0,,,SL,-58.08,0
2026.05.04 06:05,2026.05.04 06:06,BUY,LienKe,4592.662,4588.337,43.2,0.0,48.6,0.00,1.12,0,,,0,,,0,,,0,,,0,,,0,,,0,,,0,,,0,,,SL,-43.25,0
2026.05.04 09:59,2026.05.04 10:02,BUY,LienKe,4574.899,4569.069,58.3,10.1,46.9,0.17,0.80,1,1,1,0,,,0,,,0,,,0,,,0,,,0,,,0,,,0,,,SL,-58.30,3
2026.05.04 13:04,2026.05.04 14:09,BUY,LienKe,4560.375,4554.117,62.6,152.9,49.8,2.44,0.80,1,0,26,1,0,26,1,0,26,1,0,26,1,0,26,1,2,26,1,6,26,0,,,0,,,SL,-62.58,65
2026.05.04 13:02,2026.05.04 14:09,BUY,LienKe,4565.363,4554.117,112.5,103.0,99.7,0.92,0.89,1,2,2,1,2,2,1,2,2,1,4,11,1,8,11,1,8,11,0,,,0,,,0,,,SL,-112.46,67
2026.05.04 14:09,2026.05.04 15:13,BUY,LienKe,4557.181,4552.394,47.9,261.7,37.4,5.47,0.78,1,2,2,1,3,50,1,3,50,1,3,50,1,6,50,1,7,50,1,9,50,1,13,50,0,,,SL,-47.87,64
2026.05.04 14:09,2026.05.04 15:13,BUY,LienKe,4560.603,4552.394,82.1,227.5,71.6,2.77,0.87,1,3,4,1,3,4,1,6,50,1,7,50,1,8,50,1,9,50,1,11,50,1,13,50,0,,,SL,-82.09,64
2026.05.05 02:01,2026.05.05 02:43,SELL,LienKe,4541.494,4545.216,37.2,66.2,26.0,1.78,0.70,1,3,27,1,3,27,1,4,27,1,18,27,0,,,0,,,0,,,0,,,0,,,SL,-37.22,42
2026.05.05 02:01,2026.05.05 02:43,SELL,LienKe,4540.739,4545.216,44.8,58.7,33.5,1.31,0.75,1,3,27,1,4,27,1,13,27,1,19,27,0,,,0,,,0,,,0,,,0,,,SL,-44.77,42
2026.05.05 09:10,2026.05.05 11:42,SELL,LienKe,4559.660,4563.568,39.1,196.8,14.5,5.03,0.37,1,1,2,1,1,2,1,5,146,1,7,146,1,19,146,1,76,146,1,96,146,0,,,0,,,SL,-39.08,152
2026.05.05 09:09,2026.05.05 11:42,SELL,LienKe,4558.840,4563.568,47.3,188.6,22.7,3.99,0.48,1,2,3,1,6,144,1,7,144,1,11,144,1,76,144,1,79,144,1,102,144,0,,,0,,,SL,-47.28,153
2026.05.05 08:58,2026.05.05 11:42,SELL,LienKe,4558.401,4562.156,37.6,184.2,27.1,4.90,0.72,1,2,9,1,2,9,1,2,9,1,22,32,1,88,155,1,91,155,1,113,155,0,,,0,,,SL,-37.55,164
2026.05.05 08:58,2026.05.05 11:42,SELL,LienKe,4557.760,4562.156,44.0,177.8,33.5,4.04,0.76,1,2,7,1,2,7,1,2,7,1,31,32,1,88,150,1,91,150,1,113,150,0,,,0,,,SL,-43.96,164
2026.05.05 12:13,2026.05.05 12:24,SELL,LienKe,4565.433,4570.137,47.0,41.6,41.1,0.88,0.87,1,0,1,1,4,7,1,5,7,0,,,0,,,0,,,0,,,0,,,0,,,SL,-47.04,11
2026.05.05 12:13,2026.05.05 12:24,SELL,LienKe,4563.966,4570.137,61.7,27.0,55.8,0.44,0.90,1,5,7,1,6,7,0,,,0,,,0,,,0,,,0,,,0,,,0,,,SL,-61.71,11
2026.05.05 14:27,2026.05.05 17:09,SELL,LienKe,4583.654,4588.158,45.0,297.3,33.4,6.60,0.74,1,3,5,1,3,5,1,3,5,1,10,14,1,24,37,1,77,-,1,92,-,1,100,-,0,,,TP,300.00,161
2026.05.05 19:12,2026.05.05 19:55,BUY,LienKe,4557.389,4553.929,34.6,14.2,33.5,0.41,0.97,1,1,2,0,,,0,,,0,,,0,,,0,,,0,,,0,,,0,,,SL,-34.60,43
2026.05.05 19:11,2026.05.05 19:55,BUY,LienKe,4558.190,4553.929,42.6,6.2,41.5,0.15,0.97,0,,,0,,,0,,,0,,,0,,,0,,,0,,,0,,,0,,,SL,-42.61,44
2026.05.05 14:27,2026.05.05 19:58,SELL,LienKe,4582.227,4588.158,59.3,298.4,47.7,5.03,0.80,1,4,4,1,10,13,1,10,13,1,20,29,1,74,-,1,85,-,1,94,-,1,117,-,0,,,TP,300.00,331
2026.05.05 22:02,2026.05.05 22:06,BUY,LienKe,4553.756,4550.153,36.0,0.0,35.4,0.00,0.98,0,,,0,,,0,,,0,,,0,,,0,,,0,,,0,,,0,,,SL,-36.03,4
2026.05.05 22:02,2026.05.05 22:06,BUY,LienKe,4554.713,4550.153,45.6,0.0,44.9,0.00,0.99,0,,,0,,,0,,,0,,,0,,,0,,,0,,,0,,,0,,,SL,-45.60,4
2026.05.05 17:11,2026.05.05 22:06,BUY,LienKe,4554.031,4550.151,38.8,117.2,38.1,3.02,0.98,1,0,1,1,3,164,1,4,164,1,7,164,1,24,164,1,63,164,0,,,0,,,0,,,SL,-38.80,295
2026.05.05 17:11,2026.05.05 22:06,BUY,LienKe,4555.048,4550.151,49.0,107.0,48.3,2.19,0.99,1,3,126,1,6,126,1,7,126,1,8,126,1,63,126,1,64,126,0,,,0,,,0,,,SL,-48.97,295
2026.05.06 01:01,2026.05.06 01:28,SELL,LienKe,4620.573,4625.572,50.0,108.6,36.1,2.17,0.72,1,0,23,1,1,23,1,1,23,1,3,23,1,6,23,1,11,23,0,,,0,,,0,,,SL,-49.99,27
2026.05.06 01:01,2026.05.06 01:28,SELL,LienKe,4616.802,4625.572,87.7,70.9,73.9,0.81,0.84,1,0,0,1,0,0,1,3,16,1,6,16,0,,,0,,,0,,,0,,,0,,,SL,-87.70,27
2026.05.06 02:03,2026.05.06 02:08,SELL,LienKe,4627.942,4631.717,37.7,10.6,13.7,0.28,0.36,1,1,1,0,,,0,,,0,,,0,,,0,,,0,,,0,,,0,,,SL,-37.75,5
2026.05.06 02:03,2026.05.06 02:08,SELL,LienKe,4627.156,4631.717,45.6,2.8,21.5,0.06,0.47,0,,,0,,,0,,,0,,,0,,,0,,,0,,,0,,,0,,,SL,-45.61,5
2026.05.07 04:03,2026.05.07 04:33,BUY,LienKe,4698.075,4694.127,39.5,28.2,31.8,0.72,0.81,1,0,1,1,2,8,0,,,0,,,0,,,0,,,0,,,0,,,0,,,SL,-39.48,30
2026.05.07 04:01,2026.05.07 04:33,BUY,LienKe,4699.294,4694.127,51.7,16.1,44.0,0.31,0.85,1,0,1,0,,,0,,,0,,,0,,,0,,,0,,,0,,,0,,,SL,-51.67,32
2026.05.07 15:01,2026.05.07 15:52,SELL,LienKe,4762.049,4767.782,57.3,286.0,5.0,4.99,0.09,1,0,-,1,1,-,1,1,-,1,5,-,1,14,-,1,20,-,1,23,-,1,25,-,0,,,TP,300.00,51
2026.05.07 20:53,2026.05.07 20:55,BUY,LienKe,4697.568,4693.672,39.0,14.6,32.6,0.37,0.84,1,0,1,0,,,0,,,0,,,0,,,0,,,0,,,0,,,0,,,SL,-38.96,2
2026.05.07 20:42,2026.05.07 20:55,BUY,LienKe,4703.705,4693.672,100.3,28.7,94.0,0.29,0.94,1,0,1,1,1,1,0,,,0,,,0,,,0,,,0,,,0,,,0,,,SL,-100.33,13
2026.05.07 22:05,2026.05.07 22:45,BUY,Swing,4687.846,4683.305,45.4,113.4,18.9,2.50,0.42,1,1,2,1,1,2,1,1,2,1,1,2,1,7,9,1,16,29,0,,,0,,,0,,,SL,-45.41,40
2026.05.07 22:01,2026.05.07 22:45,BUY,Swing,4689.485,4683.305,61.8,97.0,35.3,1.57,0.57,1,1,4,1,1,4,1,1,4,1,9,13,1,11,13,0,,,0,,,0,,,0,,,SL,-61.80,44
2026.05.08 00:01,2026.05.08 00:10,SELL,LienKe,4705.759,4709.545,37.9,41.5,26.3,1.10,0.69,1,0,5,1,0,5,1,1,5,0,,,0,,,0,,,0,,,0,,,0,,,SL,-37.86,9
2026.05.08 00:01,2026.05.08 00:10,SELL,LienKe,4705.022,4709.545,45.2,34.1,33.6,0.75,0.74,1,0,2,1,1,2,1,3,5,0,,,0,,,0,,,0,,,0,,,0,,,SL,-45.23,9
2026.05.08 07:18,2026.05.08 07:22,BUY,LienKe,4713.959,4709.602,43.6,34.7,13.2,0.80,0.30,1,0,0,1,1,3,1,2,3,0,,,0,,,0,,,0,,,0,,,0,,,SL,-43.57,4
2026.05.08 07:18,2026.05.08 07:22,BUY,LienKe,4715.709,4709.602,61.1,17.2,30.7,0.28,0.50,1,2,3,0,,,0,,,0,,,0,,,0,,,0,,,0,,,0,,,SL,-61.07,4
2026.05.08 15:46,2026.05.10 22:02,BUY,Swing,4705.838,4698.753,70.9,231.7,16.3,3.27,0.23,1,1,9,1,1,9,1,2,9,1,5,9,1,29,-,1,39,-,1,102,-,1,134,-,0,,,SL,-76.20,3256
2026.05.11 00:19,2026.05.11 00:52,BUY,Swing,4678.138,4673.550,45.9,152.7,24.7,3.33,0.54,1,1,-,1,1,-,1,1,-,1,2,-,1,6,-,1,12,-,1,13,-,0,,,0,,,SL,-45.88,33
2026.05.11 00:18,2026.05.11 00:52,BUY,Swing,4680.072,4673.550,65.2,133.4,44.0,2.05,0.67,1,1,1,1,3,-,1,3,-,1,5,-,1,13,-,1,13,-,0,,,0,,,0,,,SL,-65.22,34
2026.05.11 03:02,2026.05.11 04:20,BUY,LienKe,4678.855,4671.794,70.6,116.2,53.7,1.65,0.76,1,0,51,1,0,51,1,1,51,1,1,51,1,9,51,1,10,51,0,,,0,,,0,,,SL,-70.61,78
2026.05.11 04:17,2026.05.11 04:21,BUY,LienKe,4674.694,4670.484,42.1,14.3,35.2,0.34,0.84,1,0,2,0,,,0,,,0,,,0,,,0,,,0,,,0,,,0,,,SL,-42.10,4
2026.05.11 04:04,2026.05.11 04:21,BUY,LienKe,4676.032,4670.484,55.5,32.2,48.6,0.58,0.88,1,0,1,1,2,7,1,3,7,0,,,0,,,0,,,0,,,0,,,0,,,SL,-55.48,17
2026.05.11 05:36,2026.05.11 12:22,SELL,LienKe,4677.628,4683.768,61.4,291.9,44.0,4.75,0.72,1,0,76,1,0,76,1,2,76,1,6,76,1,7,76,1,7,76,1,7,76,1,15,76,0,,,SL,-61.40,406
2026.05.12 05:08,2026.05.12 06:00,BUY,LienKe,4712.228,4707.647,45.8,99.0,35.1,2.16,0.77,1,7,41,1,7,41,1,8,41,1,22,41,1,22,41,0,,,0,,,0,,,0,,,SL,-45.81,52
2026.05.12 05:01,2026.05.12 06:00,BUY,LienKe,4714.155,4707.647,65.1,79.7,54.3,1.22,0.83,1,0,6,1,0,6,1,2,6,1,29,33,0,,,0,,,0,,,0,,,0,,,SL,-65.08,59
2026.05.12 10:41,2026.05.12 13:16,BUY,Swing,4687.668,4682.108,55.6,240.1,42.7,4.32,0.77,1,0,24,1,0,24,1,0,24,1,9,24,1,29,153,1,29,153,1,54,153,1,70,153,0,,,SL,-55.60,155
2026.05.12 11:57,2026.05.12 13:59,SELL,LienKe,4708.433,4712.028,36.0,299.6,35.3,8.33,0.98,1,1,18,1,4,18,1,5,18,1,8,18,1,9,18,1,27,46,1,33,46,1,77,-,0,,,TP,300.00,122
2026.05.12 11:57,2026.05.12 13:59,SELL,LienKe,4707.903,4712.028,41.3,294.3,40.6,7.13,0.98,1,2,3,1,4,18,1,6,18,1,9,18,1,9,18,1,27,46,1,33,46,1,77,-,0,,,TP,300.00,122
2026.05.12 14:31,2026.05.12 14:33,BUY,LienKe,4677.331,4672.785,45.5,52.6,3.0,1.16,0.07,1,0,-,1,0,-,1,0,-,1,0,-,0,,,0,,,0,,,0,,,0,,,SL,-45.46,1
2026.05.12 14:01,2026.05.12 14:33,BUY,LienKe,4678.982,4672.785,62.0,161.0,19.5,2.60,0.31,1,0,29,1,0,29,1,0,29,1,1,29,1,1,29,1,2,29,1,12,29,0,,,0,,,SL,-61.97,32
2026.05.12 15:04,2026.05.12 15:15,BUY,LienKe,4669.208,4663.920,52.9,49.8,50.1,0.94,0.95,1,1,7,1,1,7,1,1,7,0,,,0,,,0,,,0,,,0,,,0,,,SL,-52.88,10
2026.05.12 15:03,2026.05.12 15:15,BUY,LienKe,4669.832,4663.920,59.1,43.6,56.4,0.74,0.95,1,0,0,1,0,0,1,4,5,0,,,0,,,0,,,0,,,0,,,0,,,SL,-59.12,12
2026.05.12 19:06,2026.05.12 19:12,SELL,LienKe,4697.908,4702.309,44.0,0.4,27.7,0.01,0.63,0,,,0,,,0,,,0,,,0,,,0,,,0,,,0,,,0,,,SL,-44.01,6
2026.05.12 19:04,2026.05.12 19:12,SELL,LienKe,4696.583,4702.309,57.3,1.0,41.0,0.02,0.72,0,,,0,,,0,,,0,,,0,,,0,,,0,,,0,,,0,,,SL,-57.26,8
2026.05.12 22:11,2026.05.13 01:02,BUY,LienKe,4714.109,4708.518,55.9,129.4,50.3,2.31,0.90,1,0,1,1,7,168,1,9,168,1,9,168,1,43,168,1,113,168,0,,,0,,,0,,,SL,-61.26,171
2026.05.13 05:32,2026.05.13 09:18,BUY,LienKe,4695.424,4690.434,49.9,197.3,42.6,3.95,0.85,1,0,174,1,1,174,1,1,174,1,1,174,1,26,174,1,28,174,1,36,174,0,,,0,,,SL,-49.90,226
2026.05.13 05:31,2026.05.13 09:18,BUY,LienKe,4697.245,4690.434,68.1,179.1,60.8,2.63,0.89,1,0,0,1,2,13,1,2,13,1,2,13,1,28,98,1,33,98,1,38,98,0,,,0,,,SL,-68.11,227
2026.05.13 12:20,2026.05.13 12:22,BUY,LienKe,4690.702,4686.127,45.7,1.3,38.7,0.03,0.85,0,,,0,,,0,,,0,,,0,,,0,,,0,,,0,,,0,,,SL,-45.75,2
2026.05.13 12:17,2026.05.13 12:22,BUY,LienKe,4692.189,4686.127,60.6,20.9,53.6,0.34,0.88,1,0,0,1,2,2,0,,,0,,,0,,,0,,,0,,,0,,,0,,,SL,-60.62,5
2026.05.13 12:26,2026.05.13 12:30,BUY,Swing,4686.303,4681.677,46.3,9.7,28.8,0.21,0.62,0,,,0,,,0,,,0,,,0,,,0,,,0,,,0,,,0,,,SL,-46.26,4
2026.05.13 12:23,2026.05.13 12:30,BUY,Swing,4688.397,4681.677,67.2,19.5,49.8,0.29,0.74,1,0,1,0,,,0,,,0,,,0,,,0,,,0,,,0,,,0,,,SL,-67.20,7
2026.05.13 13:37,2026.05.13 13:46,BUY,LienKe,4677.039,4672.326,47.1,65.1,42.0,1.38,0.89,1,0,1,1,3,3,1,4,4,1,5,8,0,,,0,,,0,,,0,,,0,,,SL,-47.13,9
2026.05.13 13:37,2026.05.13 13:46,BUY,LienKe,4678.840,4672.326,65.1,47.1,60.1,0.72,0.92,1,4,4,1,5,7,1,5,7,0,,,0,,,0,,,0,,,0,,,0,,,SL,-65.14,9
2026.05.14 03:41,2026.05.14 03:44,BUY,LienKe,4679.845,4676.140,37.0,0.0,34.8,0.00,0.94,0,,,0,,,0,,,0,,,0,,,0,,,0,,,0,,,0,,,SL,-37.05,3
2026.05.14 03:40,2026.05.14 03:44,BUY,LienKe,4680.883,4676.140,47.4,3.7,45.2,0.08,0.95,0,,,0,,,0,,,0,,,0,,,0,,,0,,,0,,,0,,,SL,-47.43,4
2026.05.14 03:43,2026.05.14 04:00,BUY,Swing,4677.983,4673.367,46.2,0.0,41.4,0.00,0.90,0,,,0,,,0,,,0,,,0,,,0,,,0,,,0,,,0,,,SL,-46.16,17
2026.05.14 03:43,2026.05.14 04:00,BUY,Swing,4678.540,4673.367,51.7,3.1,46.9,0.06,0.91,0,,,0,,,0,,,0,,,0,,,0,,,0,,,0,,,0,,,SL,-51.73,17
2026.05.14 04:28,2026.05.14 04:32,SELL,Swing,4703.719,4710.498,67.8,27.6,20.3,0.41,0.30,1,0,1,1,0,1,0,,,0,,,0,,,0,,,0,,,0,,,0,,,SL,-67.79,4
2026.05.14 04:32,2026.05.14 04:33,SELL,Swing,4705.578,4710.498,49.2,0.0,54.3,0.00,1.10,0,,,0,,,0,,,0,,,0,,,0,,,0,,,0,,,0,,,SL,-49.20,0
2026.05.14 15:04,2026.05.14 16:10,BUY,LienKe,4678.389,4674.325,40.6,109.7,38.9,2.70,0.96,1,1,60,1,1,60,1,2,60,1,5,60,1,9,60,1,14,60,0,,,0,,,0,,,SL,-40.64,66
2026.05.14 15:01,2026.05.14 16:10,BUY,LienKe,4679.685,4674.325,53.6,96.8,51.8,1.81,0.97,1,0,2,1,1,2,1,5,63,1,9,63,1,17,63,0,,,0,,,0,,,0,,,SL,-53.60,69
2026.05.14 16:06,2026.05.14 16:35,BUY,LienKe,4677.494,4673.286,42.1,38.4,37.9,0.91,0.90,1,7,16,1,9,16,1,9,16,0,,,0,,,0,,,0,,,0,,,0,,,SL,-42.08,29
2026.05.14 16:06,2026.05.14 16:35,BUY,LienKe,4679.055,4673.286,57.7,22.7,53.6,0.39,0.93,1,9,14,1,12,14,0,,,0,,,0,,,0,,,0,,,0,,,0,,,SL,-57.69,29
2026.05.15 06:02,2026.05.15 08:17,BUY,LienKe,4562.995,4553.169,98.3,255.9,59.7,2.60,0.61,1,2,2,1,2,2,1,3,6,1,4,6,1,9,120,1,9,120,1,15,120,1,70,120,0,,,SL,-98.26,135
2026.05.15 16:05,2026.05.15 16:07,BUY,LienKe,4534.427,4530.329,41.0,16.4,39.2,0.40,0.96,1,0,1,0,,,0,,,0,,,0,,,0,,,0,,,0,,,0,,,SL,-40.98,2
2026.05.15 16:05,2026.05.15 16:07,BUY,LienKe,4536.020,4530.329,56.9,4.7,55.1,0.08,0.97,0,,,0,,,0,,,0,,,0,,,0,,,0,,,0,,,0,,,SL,-56.91,2
2026.05.18 07:03,2026.05.18 07:30,SELL,LienKe,4547.962,4552.506,45.4,92.4,37.6,2.03,0.83,1,0,6,1,1,6,1,1,6,1,11,23,1,17,23,0,,,0,,,0,,,0,,,SL,-45.44,27
2026.05.18 07:03,2026.05.18 07:30,SELL,LienKe,4546.592,4552.506,59.1,78.7,51.3,1.33,0.87,1,1,5,1,1,5,1,2,5,1,17,23,0,,,0,,,0,,,0,,,0,,,SL,-59.14,27
2026.05.18 11:12,2026.05.18 11:41,BUY,LienKe,4535.395,4526.711,86.8,247.6,37.2,2.85,0.43,1,0,1,1,2,10,1,2,10,1,20,-,1,21,-,1,22,-,1,27,-,1,27,-,0,,,TP,300.00,29
2026.05.19 01:01,2026.05.19 01:22,BUY,LienKe,4559.896,4554.425,54.7,92.4,50.2,1.69,0.92,1,0,18,1,0,18,1,0,18,1,0,18,1,6,18,0,,,0,,,0,,,0,,,SL,-54.71,21
2026.05.19 01:01,2026.05.19 01:22,BUY,LienKe,4562.575,4554.425,81.5,65.6,77.0,0.81,0.95,1,0,2,1,0,2,1,1,2,1,6,8,0,,,0,,,0,,,0,,,0,,,SL,-81.50,21
2026.05.19 02:13,2026.05.19 02:52,BUY,LienKe,4554.412,4549.860,45.5,77.0,40.8,1.69,0.90,1,4,21,1,4,21,1,6,21,1,8,21,0,,,0,,,0,,,0,,,0,,,SL,-45.52,39
2026.05.19 02:12,2026.05.19 02:52,BUY,LienKe,4556.164,4549.860,63.0,59.5,58.3,0.94,0.92,1,0,1,1,9,18,1,9,18,1,15,18,0,,,0,,,0,,,0,,,0,,,SL,-63.04,40
2026.05.19 07:47,2026.05.19 07:56,SELL,LienKe,4553.993,4558.289,43.0,57.2,31.9,1.33,0.74,1,0,8,1,0,8,1,2,8,1,3,8,0,,,0,,,0,,,0,,,0,,,SL,-42.96,9
2026.05.19 07:10,2026.05.19 07:56,SELL,LienKe,4552.706,4558.289,55.8,112.2,44.8,2.01,0.80,1,0,37,1,1,37,1,1,37,1,1,37,1,17,37,1,30,37,0,,,0,,,0,,,SL,-55.83,46
2026.05.19 08:25,2026.05.19 09:17,BUY,LienKe,4540.342,4535.922,44.2,83.3,41.3,1.89,0.93,1,8,27,1,8,27,1,9,27,1,20,27,1,21,27,0,,,0,,,0,,,0,,,SL,-44.20,51
2026.05.19 08:24,2026.05.19 09:17,BUY,LienKe,4541.963,4535.922,60.4,67.1,57.5,1.11,0.95,1,10,28,1,10,28,1,21,28,1,22,28,0,,,0,,,0,,,0,,,0,,,SL,-60.41,53
2026.05.19 09:18,2026.05.19 10:42,BUY,LienKe,4538.037,4532.898,51.4,88.9,40.7,1.73,0.79,1,0,14,1,1,14,1,2,14,1,4,14,1,6,14,0,,,0,,,0,,,0,,,SL,-51.39,84
2026.05.19 12:02,2026.05.19 13:04,BUY,LienKe,4532.184,4524.204,79.8,148.5,33.5,1.86,0.42,1,0,59,1,0,59,1,1,59,1,5,59,1,6,59,1,6,59,0,,,0,,,0,,,SL,-79.80,62
2026.05.20 08:29,2026.05.20 08:30,SELL,LienKe,4485.305,4489.587,42.8,0.0,10.8,0.00,0.25,0,,,0,,,0,,,0,,,0,,,0,,,0,,,0,,,0,,,SL,-42.82,1
2026.05.20 08:25,2026.05.20 08:30,SELL,LienKe,4484.031,4489.587,55.6,13.6,23.6,0.25,0.42,1,3,4,0,,,0,,,0,,,0,,,0,,,0,,,0,,,0,,,SL,-55.56,5
2026.05.20 09:56,2026.05.20 10:35,SELL,LienKe,4490.226,4494.163,39.4,54.5,27.9,1.38,0.71,1,1,10,1,1,10,1,1,10,1,3,10,0,,,0,,,0,,,0,,,0,,,SL,-39.37,39
2026.05.20 09:56,2026.05.20 10:35,SELL,LienKe,4488.755,4494.163,54.1,39.8,42.6,0.74,0.79,1,1,9,1,2,9,1,3,9,0,,,0,,,0,,,0,,,0,,,0,,,SL,-54.08,39
2026.05.20 06:37,2026.05.20 10:35,BUY,LienKe,4465.131,4458.262,68.7,276.1,11.9,4.02,0.17,1,0,0,1,1,3,1,1,3,1,12,-,1,12,-,1,13,-,1,32,-,1,35,-,0,,,TP,300.00,238
2026.05.21 09:12,2026.05.21 09:13,SELL,LienKe,4537.023,4540.632,36.1,0.0,13.4,0.00,0.37,0,,,0,,,0,,,0,,,0,,,0,,,0,,,0,,,0,,,SL,-36.09,1
2026.05.21 09:12,2026.05.21 09:13,SELL,LienKe,4536.395,4540.632,42.4,0.0,19.7,0.00,0.47,0,,,0,,,0,,,0,,,0,,,0,,,0,,,0,,,0,,,SL,-42.37,1
2026.05.21 12:22,2026.05.21 12:25,BUY,LienKe,4507.862,4504.058,38.0,14.5,19.0,0.38,0.50,1,1,2,0,,,0,,,0,,,0,,,0,,,0,,,0,,,0,,,SL,-38.04,3
2026.05.21 12:22,2026.05.21 12:25,BUY,LienKe,4508.959,4504.058,49.0,12.6,30.0,0.26,0.61,1,0,0,0,,,0,,,0,,,0,,,0,,,0,,,0,,,0,,,SL,-49.01,3
2026.05.21 17:01,2026.05.21 17:10,SELL,LienKe,4519.373,4525.254,58.8,51.0,16.4,0.87,0.28,1,2,-,1,2,-,1,3,-,1,5,-,0,,,0,,,0,,,0,,,0,,,SL,-58.81,9
2026.05.21 17:01,2026.05.21 17:10,SELL,Swing,4519.373,4525.254,58.8,51.0,16.4,0.87,0.28,1,2,-,1,2,-,1,3,-,1,5,-,0,,,0,,,0,,,0,,,0,,,SL,-58.81,9
2026.05.21 17:10,2026.05.21 17:10,SELL,LienKe,4520.805,4525.254,44.5,0.0,82.8,0.00,1.86,0,,,0,,,0,,,0,,,0,,,0,,,0,,,0,,,0,,,SL,-44.49,0
2026.05.21 17:10,2026.05.21 17:10,SELL,Swing,4520.805,4525.254,44.5,0.0,82.8,0.00,1.86,0,,,0,,,0,,,0,,,0,,,0,,,0,,,0,,,0,,,SL,-44.49,0
2026.05.21 15:09,2026.05.21 17:11,BUY,LienKe,4499.051,4493.541,55.1,297.5,12.2,5.40,0.22,1,0,-,1,0,-,1,1,-,1,1,-,1,4,-,1,4,-,1,4,-,1,57,-,0,,,TP,300.00,122
2026.05.21 22:40,2026.05.21 23:35,BUY,LienKe,4540.785,4536.654,41.3,44.1,39.6,1.07,0.96,1,1,1,1,2,15,1,3,15,0,,,0,,,0,,,0,,,0,,,0,,,SL,-41.31,55
2026.05.21 23:24,2026.05.21 23:36,BUY,LienKe,4539.805,4536.254,35.5,13.1,33.0,0.37,0.93,1,5,6,0,,,0,,,0,,,0,,,0,,,0,,,0,,,0,,,SL,-35.51,12
2026.05.21 23:23,2026.05.21 23:36,BUY,LienKe,4540.980,4536.254,47.3,1.3,44.7,0.03,0.95,0,,,0,,,0,,,0,,,0,,,0,,,0,,,0,,,0,,,SL,-47.26,13
2026.05.22 05:39,2026.05.22 10:08,SELL,LienKe,4532.737,4536.950,42.1,252.6,36.3,6.00,0.86,1,8,9,1,14,252,1,15,252,1,16,252,1,16,252,1,16,252,1,17,252,1,18,252,0,,,SL,-42.13,269
2026.05.22 05:39,2026.05.22 10:08,SELL,LienKe,4532.305,4536.950,46.4,248.3,40.6,5.34,0.87,1,14,251,1,14,251,1,15,251,1,16,251,1,16,251,1,16,251,1,17,251,1,18,251,0,,,SL,-46.45,269
2026.05.22 09:16,2026.05.22 10:45,BUY,LienKe,4516.246,4512.143,41.0,206.0,40.9,5.02,1.00,1,2,14,1,2,14,1,2,14,1,21,80,1,23,80,1,29,80,1,34,80,1,52,80,0,,,SL,-41.03,88
2026.05.22 09:16,2026.05.22 10:45,BUY,LienKe,4517.628,4512.143,54.8,192.2,54.7,3.50,1.00,1,2,13,1,5,13,1,21,80,1,22,80,1,25,80,1,31,80,1,36,80,0,,,0,,,SL,-54.85,89
2026.05.22 10:40,2026.05.22 10:47,BUY,LienKe,4516.113,4511.501,46.1,3.6,45.2,0.08,0.98,0,,,0,,,0,,,0,,,0,,,0,,,0,,,0,,,0,,,SL,-46.12,7
2026.05.22 10:38,2026.05.22 10:47,BUY,LienKe,4518.659,4511.501,71.6,7.8,70.7,0.11,0.99,0,,,0,,,0,,,0,,,0,,,0,,,0,,,0,,,0,,,SL,-71.58,9
2026.05.22 13:48,2026.05.22 14:00,BUY,LienKe,4513.039,4507.844,51.9,44.5,28.6,0.86,0.55,1,2,2,1,3,8,1,3,8,0,,,0,,,0,,,0,,,0,,,0,,,SL,-51.95,12
2026.05.22 13:43,2026.05.22 14:00,BUY,LienKe,4515.571,4507.844,77.3,33.8,53.9,0.44,0.70,1,0,5,1,0,5,1,2,5,0,,,0,,,0,,,0,,,0,,,0,,,SL,-77.27,17
2026.05.22 09:55,2026.05.22 14:01,SELL,Swing,4535.077,4539.083,40.1,287.1,20.5,7.17,0.51,1,1,13,1,2,13,1,5,13,1,6,13,1,32,144,1,34,144,1,37,144,1,41,144,0,,,TP,300.00,245
2026.05.22 09:55,2026.05.22 14:13,SELL,Swing,4533.034,4539.083,60.5,299.4,41.0,4.95,0.68,1,5,11,1,5,11,1,7,11,1,31,144,1,34,144,1,36,144,1,41,144,1,47,144,0,,,TP,300.00,258
2026.05.22 18:12,2026.05.22 19:04,BUY,LienKe,4513.573,4508.575,50.0,66.3,38.4,1.33,0.77,1,4,35,1,6,35,1,10,35,1,27,35,0,,,0,,,0,,,0,,,0,,,SL,-49.98,52
2026.05.22 18:05,2026.05.22 19:04,BUY,LienKe,4515.860,4508.575,72.8,43.5,61.3,0.60,0.84,1,0,1,1,17,20,1,34,36,0,,,0,,,0,,,0,,,0,,,0,,,SL,-72.85,59
2026.05.25 05:26,2026.05.25 05:50,BUY,Swing,4556.477,4552.190,42.9,43.2,37.9,1.01,0.89,1,7,17,1,8,17,1,10,17,0,,,0,,,0,,,0,,,0,,,0,,,SL,-42.87,24
2026.05.25 05:26,2026.05.25 05:50,BUY,Swing,4557.121,4552.190,49.3,36.8,44.4,0.75,0.90,1,8,15,1,8,15,1,10,15,0,,,0,,,0,,,0,,,0,,,0,,,SL,-49.31,24
2026.05.25 23:07,2026.05.25 23:18,SELL,LienKe,4576.110,4579.714,36.0,7.3,34.2,0.20,0.95,0,,,0,,,0,,,0,,,0,,,0,,,0,,,0,,,0,,,SL,-36.04,11
2026.05.25 23:01,2026.05.25 23:18,SELL,LienKe,4575.244,4579.714,44.7,13.1,42.8,0.29,0.96,1,2,5,0,,,0,,,0,,,0,,,0,,,0,,,0,,,0,,,SL,-44.70,17
2026.05.26 04:31,2026.05.26 04:37,BUY,LienKe,4531.096,4527.150,39.5,20.3,33.5,0.51,0.85,1,1,3,1,1,3,0,,,0,,,0,,,0,,,0,,,0,,,0,,,SL,-39.46,6
2026.05.26 04:31,2026.05.26 04:37,BUY,LienKe,4532.379,4527.150,52.3,7.4,46.3,0.14,0.89,0,,,0,,,0,,,0,,,0,,,0,,,0,,,0,,,0,,,SL,-52.29,6
2026.05.26 05:52,2026.05.26 09:14,BUY,LienKe,4523.839,4519.791,40.5,151.6,39.7,3.75,0.98,1,1,85,1,1,85,1,2,85,1,8,85,1,12,85,1,30,85,1,125,154,0,,,0,,,SL,-40.48,202
2026.05.26 05:02,2026.05.26 09:14,BUY,LienKe,4525.141,4519.791,53.5,138.6,52.7,2.59,0.99,1,0,49,1,0,49,1,2,49,1,7,49,1,28,49,1,83,134,0,,,0,,,0,,,SL,-53.50,252
2026.05.26 10:51,2026.05.26 11:35,SELL,Swing,4538.064,4543.640,55.8,205.7,11.1,3.69,0.20,1,1,-,1,2,-,1,3,-,1,22,-,1,29,-,1,31,-,1,36,-,1,39,-,0,,,TP,300.00,44
2026.05.26 16:11,2026.05.26 17:30,BUY,LienKe,4502.585,4499.087,35.0,87.4,30.9,2.50,0.88,1,8,10,1,8,10,1,9,10,1,16,78,1,22,78,0,,,0,,,0,,,0,,,SL,-34.98,79
2026.05.26 16:10,2026.05.26 17:30,BUY,LienKe,4503.308,4499.087,42.2,80.2,38.1,1.90,0.90,1,9,10,1,9,10,1,15,38,1,19,38,1,23,38,0,,,0,,,0,,,0,,,SL,-42.21,80
2026.05.26 18:01,2026.05.26 18:02,BUY,LienKe,4491.940,4486.105,58.4,15.3,6.1,0.26,0.10,1,0,-,0,,,0,,,0,,,0,,,0,,,0,,,0,,,0,,,SL,-58.35,1
2026.05.26 18:02,2026.05.26 18:02,BUY,LienKe,4490.081,4486.105,39.8,0.0,45.6,0.00,1.15,0,,,0,,,0,,,0,,,0,,,0,,,0,,,0,,,0,,,SL,-39.76,0
2026.05.27 12:20,2026.05.27 12:21,SELL,LienKe,4447.590,4457.105,95.1,51.2,26.2,0.54,0.28,1,0,0,1,0,0,1,0,0,1,0,0,0,,,0,,,0,,,0,,,0,,,SL,-95.15,1
2026.05.27 12:21,2026.05.27 12:22,SELL,LienKe,4450.784,4457.105,63.2,0.0,69.7,0.00,1.10,0,,,0,,,0,,,0,,,0,,,0,,,0,,,0,,,0,,,SL,-63.21,1
2026.05.27 20:20,2026.05.27 22:00,SELL,Swing,4458.428,4461.892,34.6,67.2,4.1,1.94,0.12,1,1,-,1,3,-,1,7,-,1,17,-,0,,,0,,,0,,,0,,,0,,,SL,-34.64,99
2026.05.27 20:20,2026.05.27 22:00,SELL,Swing,4457.956,4461.892,39.4,62.5,8.9,1.59,0.23,1,2,-,1,6,-,1,8,-,1,18,-,0,,,0,,,0,,,0,,,0,,,SL,-39.36,100
2026.05.28 01:12,2026.05.28 01:13,BUY,LienKe,4443.606,4439.708,39.0,0.0,27.7,0.00,0.71,0,,,0,,,0,,,0,,,0,,,0,,,0,,,0,,,0,,,SL,-38.98,1
2026.05.28 01:10,2026.05.28 01:13,BUY,LienKe,4444.905,4439.708,52.0,14.8,40.7,0.28,0.78,1,0,1,0,,,0,,,0,,,0,,,0,,,0,,,0,,,0,,,SL,-51.97,3
2026.05.28 02:02,2026.05.28 02:05,BUY,LienKe,4407.385,4402.494,48.9,29.9,47.7,0.61,0.97,1,1,2,1,1,2,0,,,0,,,0,,,0,,,0,,,0,,,0,,,SL,-48.91,2
2026.05.28 02:02,2026.05.28 02:05,BUY,LienKe,4408.402,4402.494,59.1,19.7,57.8,0.33,0.98,1,1,2,0,,,0,,,0,,,0,,,0,,,0,,,0,,,0,,,SL,-59.08,3
2026.05.28 07:25,2026.05.28 10:09,SELL,Swing,4395.618,4399.460,38.4,128.3,35.7,3.34,0.93,1,0,1,1,4,116,1,4,116,1,8,116,1,16,116,1,27,116,0,,,0,,,0,,,SL,-38.42,164
2026.05.28 07:22,2026.05.28 10:09,SELL,Swing,4394.765,4399.460,46.9,119.7,44.2,2.55,0.94,1,7,48,1,7,48,1,9,48,1,11,48,1,19,48,1,30,48,0,,,0,,,0,,,SL,-46.95,167
2026.05.28 15:26,2026.05.28 15:36,SELL,LienKe,4479.895,4483.934,40.4,34.0,36.9,0.84,0.91,1,0,1,1,2,4,1,3,4,0,,,0,,,0,,,0,,,0,,,0,,,SL,-40.39,10
2026.05.28 15:08,2026.05.28 15:36,SELL,LienKe,4477.773,4483.934,61.6,83.9,58.1,1.36,0.94,1,0,17,1,0,17,1,0,17,1,1,17,1,14,17,0,,,0,,,0,,,0,,,SL,-61.61,28
2026.05.29 01:16,2026.05.29 01:18,SELL,Swing,4516.296,4520.598,43.0,9.8,14.2,0.23,0.33,0,,,0,,,0,,,0,,,0,,,0,,,0,,,0,,,0,,,SL,-43.02,2
2026.05.29 01:16,2026.05.29 01:18,SELL,Swing,4514.984,4520.598,56.1,0.0,27.3,0.00,0.49,0,,,0,,,0,,,0,,,0,,,0,,,0,,,0,,,0,,,SL,-56.14,2
2026.05.29 08:52,2026.05.29 10:37,BUY,LienKe,4512.684,4506.889,58.0,276.8,5.3,4.78,0.09,1,0,-,1,1,-,1,8,-,1,11,-,1,15,-,1,16,-,1,21,-,1,53,-,0,,,TP,300.00,105
2026.06.01 02:44,2026.06.01 03:06,BUY,LienKe,4523.422,4519.685,37.4,18.6,28.9,0.50,0.77,1,1,2,0,,,0,,,0,,,0,,,0,,,0,,,0,,,0,,,SL,-37.37,22
2026.06.01 02:44,2026.06.01 03:06,BUY,LienKe,4524.449,4519.685,47.6,8.4,39.2,0.18,0.82,0,,,0,,,0,,,0,,,0,,,0,,,0,,,0,,,0,,,SL,-47.64,22
2026.06.01 06:21,2026.06.01 06:22,BUY,Swing,4510.638,4504.965,56.7,2.7,10.4,0.05,0.18,0,,,0,,,0,,,0,,,0,,,0,,,0,,,0,,,0,,,SL,-56.73,1
2026.06.01 04:50,2026.06.01 06:22,BUY,LienKe,4510.804,4505.237,55.7,144.0,28.4,2.59,0.51,1,0,1,1,3,87,1,4,87,1,13,87,1,22,87,1,28,87,0,,,0,,,0,,,SL,-55.67,92
2026.06.01 06:22,2026.06.01 06:24,BUY,Swing,4509.009,4504.965,40.4,0.0,41.1,0.00,1.02,0,,,0,,,0,,,0,,,0,,,0,,,0,,,0,,,0,,,SL,-40.44,2
2026.06.01 13:06,2026.06.01 13:11,BUY,LienKe,4497.075,4492.439,46.4,52.8,31.6,1.14,0.68,1,1,4,1,1,4,1,2,4,1,2,4,0,,,0,,,0,,,0,,,0,,,SL,-46.36,5
2026.06.01 13:04,2026.06.01 13:11,BUY,LienKe,4500.154,4492.439,77.2,22.0,62.4,0.29,0.81,1,0,1,1,1,1,0,,,0,,,0,,,0,,,0,,,0,,,0,,,SL,-77.15,7
2026.06.01 09:34,2026.06.01 13:11,BUY,LienKe,4490.617,4486.475,41.4,223.3,14.9,5.39,0.36,1,1,-,1,1,-,1,1,-,1,2,-,1,10,-,1,34,-,1,61,-,1,76,-,0,,,SL,-41.42,217
2026.06.01 09:34,2026.06.01 13:11,BUY,LienKe,4492.572,4486.475,61.0,203.8,34.5,3.34,0.57,1,1,-,1,1,-,1,2,-,1,4,-,1,34,-,1,54,-,1,73,-,1,109,-,0,,,SL,-60.97,217
2026.06.01 08:23,2026.06.01 13:11,BUY,LienKe,4492.459,4488.585,38.7,204.9,33.3,5.29,0.86,1,1,69,1,2,69,1,6,69,1,19,69,1,22,69,1,25,69,1,139,-,1,180,-,0,,,SL,-38.74,288
2026.06.01 08:17,2026.06.01 13:11,BUY,LienKe,4494.132,4488.585,55.5,188.2,50.1,3.39,0.90,1,0,1,1,4,6,1,25,74,1,26,74,1,32,74,1,60,74,1,150,293,0,,,0,,,SL,-55.47,294
2026.06.01 15:12,2026.06.01 15:25,SELL,LienKe,4463.976,4468.443,44.7,6.8,41.1,0.15,0.92,0,,,0,,,0,,,0,,,0,,,0,,,0,,,0,,,0,,,SL,-44.67,13
2026.06.01 15:09,2026.06.01 15:25,SELL,LienKe,4462.334,4468.443,61.1,14.7,57.5,0.24,0.94,1,0,0,0,,,0,,,0,,,0,,,0,,,0,,,0,,,0,,,SL,-61.09,16
2026.06.01 23:50,2026.06.02 01:01,BUY,LienKe,4481.331,4476.255,50.8,158.1,47.4,3.11,0.93,1,0,10,1,1,10,1,4,10,1,31,59,1,32,59,1,36,59,1,42,59,0,,,0,,,SL,-56.11,71
2026.06.02 01:47,2026.06.02 01:50,BUY,LienKe,4475.684,4470.543,51.4,4.7,42.2,0.09,0.82,0,,,0,,,0,,,0,,,0,,,0,,,0,,,0,,,0,,,SL,-51.41,3
2026.06.02 01:02,2026.06.02 01:50,BUY,LienKe,4478.170,4470.543,76.3,142.2,67.0,1.86,0.88,1,0,44,1,0,44,1,1,44,1,1,44,1,1,44,1,10,44,0,,,0,,,0,,,SL,-76.27,48
2026.06.02 03:30,2026.06.02 04:01,SELL,Swing,4496.394,4500.534,41.4,33.2,35.0,0.80,0.85,1,4,5,1,4,5,1,4,5,0,,,0,,,0,,,0,,,0,,,0,,,SL,-41.40,31
2026.06.02 03:30,2026.06.02 04:01,SELL,Swing,4494.916,4500.534,56.2,18.4,49.8,0.33,0.89,1,4,5,0,,,0,,,0,,,0,,,0,,,0,,,0,,,0,,,SL,-56.18,31
2026.06.02 09:29,2026.06.02 09:31,BUY,LienKe,4525.850,4522.262,35.9,14.0,15.6,0.39,0.43,1,0,1,0,,,0,,,0,,,0,,,0,,,0,,,0,,,0,,,SL,-35.88,2
2026.06.02 09:02,2026.06.02 09:31,BUY,LienKe,4526.248,4522.262,39.9,95.5,19.5,2.40,0.49,1,0,1,1,3,27,1,4,27,1,9,27,1,13,27,0,,,0,,,0,,,0,,,SL,-39.86,29
2026.06.02 12:15,2026.06.02 12:30,BUY,LienKe,4525.572,4521.782,37.9,83.0,17.2,2.19,0.45,1,2,3,1,2,3,1,5,-,1,6,-,1,10,-,0,,,0,,,0,,,0,,,SL,-37.90,15
2026.06.02 12:08,2026.06.02 12:30,BUY,LienKe,4526.988,4521.782,52.1,68.8,31.3,1.32,0.60,1,0,2,1,13,-,1,13,-,1,13,-,0,,,0,,,0,,,0,,,0,,,SL,-52.06,22
2026.06.03 04:16,2026.06.03 05:59,SELL,LienKe,4487.031,4491.252,42.2,293.9,3.0,6.96,0.07,1,0,-,1,1,-,1,1,-,1,2,-,1,13,-,1,14,-,1,21,-,1,71,-,0,,,TP,300.00,103
2026.06.03 08:05,2026.06.03 08:51,BUY,LienKe,4453.291,4447.862,54.3,56.8,27.4,1.05,0.50,1,0,12,1,0,12,1,1,12,1,25,-,0,,,0,,,0,,,0,,,0,,,SL,-54.29,46
2026.06.03 08:02,2026.06.03 08:51,BUY,LienKe,4454.075,4447.862,62.1,50.1,35.2,0.81,0.57,1,0,3,1,1,3,1,2,3,1,2,3,0,,,0,,,0,,,0,,,0,,,SL,-62.13,49
2026.06.03 13:25,2026.06.03 13:42,BUY,LienKe,4448.624,4443.994,46.3,46.5,43.7,1.00,0.94,1,5,6,1,5,6,1,5,6,0,,,0,,,0,,,0,,,0,,,0,,,SL,-46.30,17
2026.06.03 13:25,2026.06.03 13:42,BUY,LienKe,4450.476,4443.994,64.8,28.0,62.2,0.43,0.96,1,5,6,1,5,6,0,,,0,,,0,,,0,,,0,,,0,,,0,,,SL,-64.82,17
2026.06.03 10:08,2026.06.03 13:44,SELL,LienKe,4458.473,4468.732,102.6,247.6,98.4,2.41,0.96,1,15,20,1,16,20,1,18,20,1,36,42,1,147,156,1,149,156,1,214,-,1,214,-,0,,,TP,300.00,216
2026.06.03 17:02,2026.06.03 17:09,SELL,LienKe,4444.218,4447.987,37.7,8.0,22.0,0.21,0.58,0,,,0,,,0,,,0,,,0,,,0,,,0,,,0,,,0,,,SL,-37.69,7
2026.06.03 17:02,2026.06.03 17:09,SELL,LienKe,4443.801,4447.987,41.9,9.7,26.2,0.23,0.63,0,,,0,,,0,,,0,,,0,,,0,,,0,,,0,,,0,,,SL,-41.86,7
2026.06.03 18:16,2026.06.03 20:39,BUY,LienKe,4436.123,4432.489,36.3,160.7,30.6,4.42,0.84,1,1,4,1,3,4,1,7,136,1,14,136,1,46,136,1,46,136,1,59,136,0,,,0,,,SL,-36.34,143
2026.06.03 18:15,2026.06.03 20:39,BUY,LienKe,4437.315,4432.489,48.3,148.7,42.5,3.08,0.88,1,7,20,1,8,20,1,13,20,1,15,20,1,47,124,1,49,124,0,,,0,,,0,,,SL,-48.26,144
2026.06.03 22:15,2026.06.03 22:16,BUY,LienKe,4430.675,4426.254,44.2,0.0,22.3,0.00,0.50,0,,,0,,,0,,,0,,,0,,,0,,,0,,,0,,,0,,,SL,-44.21,1
2026.06.03 22:13,2026.06.03 22:16,BUY,LienKe,4432.360,4426.254,61.1,7.7,39.1,0.13,0.64,0,,,0,,,0,,,0,,,0,,,0,,,0,,,0,,,0,,,SL,-61.06,3
2026.06.03 23:05,2026.06.03 23:45,SELL,Swing,4450.254,4456.022,57.7,44.6,40.1,0.77,0.69,1,1,17,1,2,17,1,2,17,0,,,0,,,0,,,0,,,0,,,0,,,SL,-57.68,40
2026.06.03 22:58,2026.06.03 23:45,SELL,Swing,4447.161,4456.022,88.6,15.5,71.0,0.17,0.80,1,5,5,0,,,0,,,0,,,0,,,0,,,0,,,0,,,0,,,SL,-88.61,47
2026.06.04 00:03,2026.06.04 01:20,SELL,LienKe,4461.659,4468.354,67.0,184.6,59.8,2.76,0.89,1,0,2,1,0,2,1,0,2,1,4,67,1,11,67,1,12,67,1,35,67,0,,,0,,,SL,-66.95,77
2026.06.04 01:01,2026.06.04 04:31,BUY,LienKe,4447.692,4439.914,77.8,296.4,4.6,3.81,0.06,1,0,-,1,0,-,1,0,-,1,1,-,1,2,-,1,8,-,1,10,-,1,19,-,0,,,TP,300.00,210
2026.06.04 06:21,2026.06.04 06:47,BUY,LienKe,4468.051,4463.625,44.3,87.0,22.4,1.97,0.51,1,1,2,1,5,24,1,7,24,1,12,24,1,14,24,0,,,0,,,0,,,0,,,SL,-44.26,26
2026.06.04 06:19,2026.06.04 06:47,BUY,LienKe,4469.740,4463.625,61.1,70.1,39.3,1.15,0.64,1,9,13,1,10,13,1,12,13,1,14,24,0,,,0,,,0,,,0,,,0,,,SL,-61.15,28
2026.06.04 22:51,2026.06.04 22:58,BUY,Swing,4472.957,4469.220,37.4,0.0,34.3,0.00,0.92,0,,,0,,,0,,,0,,,0,,,0,,,0,,,0,,,0,,,SL,-37.37,7
2026.06.04 22:50,2026.06.04 22:58,BUY,Swing,4473.772,4469.220,45.5,4.7,42.4,0.10,0.93,0,,,0,,,0,,,0,,,0,,,0,,,0,,,0,,,0,,,SL,-45.52,8
2026.06.05 13:30,2026.06.05 13:37,BUY,LienKe,4402.639,4396.849,57.9,70.7,47.2,1.22,0.81,1,1,3,1,1,3,1,2,3,1,2,3,0,,,0,,,0,,,0,,,0,,,SL,-57.90,7
2026.06.05 13:01,2026.06.05 13:37,BUY,LienKe,4405.765,4396.849,89.2,154.2,78.4,1.73,0.88,1,0,28,1,0,28,1,0,28,1,0,28,1,0,28,1,0,28,1,15,28,0,,,0,,,SL,-89.16,36
2026.06.05 14:06,2026.06.05 14:22,BUY,LienKe,4365.096,4360.754,43.4,123.2,12.2,2.84,0.28,1,0,7,1,0,7,1,1,7,1,1,7,1,2,7,1,3,7,0,,,0,,,0,,,SL,-43.42,16
2026.06.05 14:02,2026.06.05 14:22,BUY,LienKe,4368.022,4360.754,72.7,111.7,41.5,1.54,0.57,1,0,2,1,0,2,1,0,2,1,0,2,1,0,2,1,0,2,0,,,0,,,0,,,SL,-72.68,20
2026.06.05 18:04,2026.06.05 18:06,BUY,LienKe,4335.751,4331.617,41.3,0.0,32.2,0.00,0.78,0,,,0,,,0,,,0,,,0,,,0,,,0,,,0,,,0,,,SL,-41.34,2
2026.06.05 18:04,2026.06.05 18:06,BUY,LienKe,4337.089,4331.617,54.7,0.0,45.6,0.00,0.83,0,,,0,,,0,,,0,,,0,,,0,,,0,,,0,,,0,,,SL,-54.72,2
2026.06.07 22:05,2026.06.07 23:55,BUY,LienKe,4316.139,4307.686,84.5,277.4,59.5,3.28,0.70,1,4,5,1,4,5,1,7,25,1,7,25,1,8,25,1,8,25,1,67,-,1,87,-,0,,,TP,300.00,110
2026.06.08 13:32,2026.06.08 13:37,SELL,LienKe,4338.467,4342.882,44.1,56.4,26.2,1.28,0.59,1,0,4,1,0,4,1,0,4,1,2,4,0,,,0,,,0,,,0,,,0,,,SL,-44.15,5
2026.06.08 13:32,2026.06.08 13:37,SELL,LienKe,4336.988,4342.882,58.9,41.6,41.0,0.71,0.70,1,0,0,1,1,3,1,2,3,0,,,0,,,0,,,0,,,0,,,0,,,SL,-58.94,5
2026.06.09 05:34,2026.06.09 05:41,SELL,Swing,4342.267,4346.806,45.4,20.0,32.0,0.44,0.70,1,4,5,1,4,5,0,,,0,,,0,,,0,,,0,,,0,,,0,,,SL,-45.39,7
2026.06.09 05:34,2026.06.09 05:41,SELL,Swing,4339.193,4346.806,76.1,0.0,62.7,0.00,0.82,0,,,0,,,0,,,0,,,0,,,0,,,0,,,0,,,0,,,SL,-76.13,7
2026.06.09 10:17,2026.06.09 10:59,SELL,LienKe,4335.660,4339.120,34.6,57.0,28.8,1.65,0.83,1,1,1,1,4,9,1,5,9,1,24,37,0,,,0,,,0,,,0,,,0,,,SL,-34.60,42
2026.06.09 10:16,2026.06.09 10:59,SELL,LienKe,4334.884,4339.120,42.4,49.3,36.6,1.16,0.86,1,4,10,1,6,10,1,6,10,0,,,0,,,0,,,0,,,0,,,0,,,SL,-42.36,43
2026.06.09 11:50,2026.06.09 11:51,SELL,LienKe,4340.486,4344.030,35.4,0.0,18.8,0.00,0.53,0,,,0,,,0,,,0,,,0,,,0,,,0,,,0,,,0,,,SL,-35.44,1
2026.06.09 11:50,2026.06.09 11:51,SELL,LienKe,4339.998,4344.030,40.3,0.0,23.7,0.00,0.59,0,,,0,,,0,,,0,,,0,,,0,,,0,,,0,,,0,,,SL,-40.32,1
2026.06.09 13:09,2026.06.09 13:48,SELL,LienKe,4343.907,4348.533,46.3,184.8,14.7,3.99,0.32,1,0,38,1,0,38,1,1,38,1,8,38,1,9,38,1,11,38,1,31,38,0,,,0,,,SL,-46.26,39
2026.06.09 13:01,2026.06.09 13:48,SELL,LienKe,4342.081,4348.533,64.5,166.5,33.0,2.58,0.51,1,0,1,1,2,4,1,2,4,1,17,46,1,19,46,1,20,46,1,40,46,0,,,0,,,SL,-64.52,47
2026.06.09 14:07,2026.06.09 14:13,BUY,LienKe,4326.027,4321.742,42.8,64.8,12.8,1.51,0.30,1,0,3,1,0,3,1,0,3,1,1,3,0,,,0,,,0,,,0,,,0,,,SL,-42.85,6
2026.06.09 14:07,2026.06.09 14:13,BUY,LienKe,4327.984,4321.742,62.4,45.2,32.4,0.72,0.52,1,0,0,1,1,2,1,1,2,0,,,0,,,0,,,0,,,0,,,0,,,SL,-62.42,6
2026.06.10 04:03,2026.06.10 05:32,SELL,LienKe,4186.004,4190.306,43.0,136.1,36.5,3.16,0.85,1,3,86,1,4,86,1,4,86,1,9,86,1,19,86,1,25,86,0,,,0,,,0,,,SL,-43.02,89
2026.06.10 04:01,2026.06.10 05:32,SELL,LienKe,4184.672,4190.306,56.3,122.8,49.8,2.18,0.88,1,0,1,1,0,1,1,11,88,1,15,88,1,21,88,1,27,88,0,,,0,,,0,,,SL,-56.34,91
2026.06.10 04:46,2026.06.10 05:48,BUY,LienKe,4174.078,4169.132,49.5,258.6,7.1,5.23,0.14,1,4,5,1,16,18,1,16,18,1,27,-,1,37,-,1,42,-,1,44,-,1,49,-,0,,,TP,300.00,62
2026.06.10 03:01,2026.06.10 05:48,BUY,LienKe,4173.215,4169.598,36.2,267.3,10.8,7.39,0.30,1,0,89,1,0,89,1,1,89,1,4,89,1,16,89,1,45,89,1,149,-,1,152,-,0,,,TP,300.00,167
2026.06.10 03:01,2026.06.10 05:49,BUY,LienKe,4174.479,4169.598,48.8,297.7,23.5,6.10,0.48,1,1,2,1,1,2,1,4,6,1,5,6,1,37,87,1,45,87,1,151,-,1,154,-,0,,,TP,300.00,168
2026.06.10 07:01,2026.06.10 07:13,BUY,LienKe,4202.638,4198.375,42.6,54.1,33.9,1.27,0.79,1,1,2,1,1,2,1,1,2,1,8,10,0,,,0,,,0,,,0,,,0,,,SL,-42.63,12
2026.06.10 07:01,2026.06.10 07:13,BUY,LienKe,4204.506,4198.375,61.3,35.5,52.5,0.58,0.86,1,2,2,1,6,7,1,8,10,0,,,0,,,0,,,0,,,0,,,0,,,SL,-61.31,12
2026.06.10 11:25,2026.06.10 11:56,BUY,LienKe,4157.399,4150.285,71.1,106.7,50.2,1.50,0.71,1,0,13,1,1,13,1,1,13,1,1,13,1,2,13,1,4,13,0,,,0,,,0,,,SL,-71.14,31
2026.06.10 11:06,2026.06.10 11:56,BUY,LienKe,4162.076,4150.285,117.9,95.0,97.0,0.81,0.82,1,1,2,1,1,2,1,5,19,1,8,19,1,9,19,0,,,0,,,0,,,0,,,SL,-117.91,50
2026.06.10 12:07,2026.06.10 12:10,BUY,LienKe,4146.666,4142.415,42.5,12.9,21.5,0.30,0.51,1,0,1,0,,,0,,,0,,,0,,,0,,,0,,,0,,,0,,,SL,-42.51,3
2026.06.10 12:02,2026.06.10 12:10,BUY,LienKe,4147.957,4142.415,55.4,42.9,34.4,0.77,0.62,1,0,2,1,0,2,1,1,2,0,,,0,,,0,,,0,,,0,,,0,,,SL,-55.42,8
2026.06.11 01:02,2026.06.11 01:16,SELL,LienKe,4084.103,4092.997,88.9,176.3,61.4,1.98,0.69,1,0,2,1,0,2,1,0,2,1,0,2,1,2,9,1,5,9,1,5,9,0,,,0,,,SL,-88.94,14
2026.06.11 01:01,2026.06.11 01:16,SELL,LienKe,4078.261,4092.997,147.4,117.8,119.8,0.80,0.81,1,0,0,1,0,0,1,0,0,1,0,0,1,6,8,1,6,8,0,,,0,,,0,,,SL,-147.36,15
2026.06.11 09:06,2026.06.11 09:09,BUY,LienKe,4084.865,4080.753,41.1,0.0,32.0,0.00,0.78,0,,,0,,,0,,,0,,,0,,,0,,,0,,,0,,,0,,,SL,-41.12,3
2026.06.11 09:04,2026.06.11 09:09,BUY,LienKe,4086.512,4080.753,57.6,6.7,48.5,0.12,0.84,0,,,0,,,0,,,0,,,0,,,0,,,0,,,0,,,0,,,SL,-57.59,5
2026.06.11 08:02,2026.06.11 09:26,SELL,LienKe,4110.841,4115.140,43.0,299.1,21.3,6.96,0.50,1,1,7,1,1,7,1,2,7,1,2,7,1,18,-,1,19,-,1,30,-,1,40,-,0,,,TP,300.00,84
2026.06.11 08:02,2026.06.11 09:29,SELL,LienKe,4109.378,4115.140,57.6,299.9,35.9,5.20,0.62,1,2,5,1,2,5,1,3,5,1,15,-,1,19,-,1,27,-,1,31,-,1,43,-,0,,,TP,300.00,87
2026.06.11 12:10,2026.06.11 12:11,BUY,LienKe,4079.309,4075.199,41.1,0.0,34.5,0.00,0.84,0,,,0,,,0,,,0,,,0,,,0,,,0,,,0,,,0,,,SL,-41.10,1
2026.06.11 12:01,2026.06.11 12:11,BUY,LienKe,4081.188,4075.199,59.9,57.8,53.2,0.97,0.89,1,0,6,1,0,6,1,1,6,1,2,6,0,,,0,,,0,,,0,,,0,,,SL,-59.89,10
2026.06.11 15:09,2026.06.11 15:40,SELL,LienKe,4084.668,4089.550,48.8,97.3,47.7,1.99,0.98,1,0,3,1,0,3,1,0,3,1,13,18,1,14,18,0,,,0,,,0,,,0,,,SL,-48.82,31
2026.06.11 15:09,2026.06.11 15:40,SELL,LienKe,4081.602,4089.550,79.5,66.6,78.4,0.84,0.99,1,0,1,1,13,17,1,14,17,1,16,17,0,,,0,,,0,,,0,,,0,,,SL,-79.48,31
2026.06.12 07:34,2026.06.12 08:04,BUY,LienKe,4172.385,4167.007,53.8,287.3,4.0,5.34,0.07,1,0,-,1,1,-,1,1,-,1,1,-,1,6,-,1,9,-,1,22,-,1,25,-,0,,,TP,300.00,30
2026.06.12 07:34,2026.06.12 08:04,BUY,LienKe,4172.884,4167.007,58.8,282.3,8.9,4.80,0.15,1,0,-,1,1,-,1,1,-,1,2,-,1,6,-,1,9,-,1,22,-,1,25,-,0,,,TP,300.00,30
2026.06.12 07:34,2026.06.12 08:04,BUY,Swing,4172.884,4167.007,58.8,282.3,8.9,4.80,0.15,1,0,-,1,1,-,1,1,-,1,2,-,1,6,-,1,9,-,1,22,-,1,25,-,0,,,TP,300.00,30
2026.06.12 15:17,2026.06.12 15:19,SELL,Swing,4215.184,4219.361,41.8,0.0,40.9,0.00,0.98,0,,,0,,,0,,,0,,,0,,,0,,,0,,,0,,,0,,,SL,-41.77,1
2026.06.12 15:17,2026.06.12 15:19,SELL,Swing,4213.610,4219.361,57.5,8.2,56.6,0.14,0.98,0,,,0,,,0,,,0,,,0,,,0,,,0,,,0,,,0,,,SL,-57.51,2
2026.06.12 19:20,2026.06.12 19:24,BUY,LienKe,4214.068,4210.491,35.8,0.0,19.7,0.00,0.55,0,,,0,,,0,,,0,,,0,,,0,,,0,,,0,,,0,,,SL,-35.77,4
2026.06.12 19:18,2026.06.12 19:24,BUY,LienKe,4214.987,4210.491,45.0,4.1,28.9,0.09,0.64,0,,,0,,,0,,,0,,,0,,,0,,,0,,,0,,,0,,,SL,-44.96,6
2026.06.15 04:23,2026.06.15 05:42,BUY,LienKe,4322.618,4317.482,51.4,103.4,36.4,2.01,0.71,1,2,73,1,3,73,1,4,73,1,10,73,1,49,73,1,59,73,0,,,0,,,0,,,SL,-51.36,79
2026.06.15 16:17,2026.06.15 16:18,BUY,LienKe,4349.579,4345.957,36.2,0.0,20.7,0.00,0.57,0,,,0,,,0,,,0,,,0,,,0,,,0,,,0,,,0,,,SL,-36.22,1
2026.06.15 16:13,2026.06.15 16:18,BUY,LienKe,4350.761,4345.957,48.0,18.8,32.6,0.39,0.68,1,1,4,0,,,0,,,0,,,0,,,0,,,0,,,0,,,0,,,SL,-48.04,5
2026.06.15 17:04,2026.06.15 17:20,BUY,LienKe,4334.607,4330.182,44.3,8.7,43.4,0.20,0.98,0,,,0,,,0,,,0,,,0,,,0,,,0,,,0,,,0,,,SL,-44.25,15
2026.06.15 17:03,2026.06.15 17:20,BUY,LienKe,4335.790,4330.182,56.1,9.1,55.2,0.16,0.98,0,,,0,,,0,,,0,,,0,,,0,,,0,,,0,,,0,,,SL,-56.08,17
2026.06.16 07:01,2026.06.16 07:27,SELL,LienKe,4324.890,4329.018,41.3,20.9,38.5,0.51,0.93,1,0,2,1,1,2,0,,,0,,,0,,,0,,,0,,,0,,,0,,,SL,-41.28,26
2026.06.16 07:01,2026.06.16 07:27,SELL,LienKe,4323.214,4329.018,58.0,4.1,55.3,0.07,0.95,0,,,0,,,0,,,0,,,0,,,0,,,0,,,0,,,0,,,SL,-58.04,26
2026.06.16 09:10,2026.06.16 12:50,SELL,LienKe,4347.633,4351.303,36.7,124.2,33.7,3.39,0.92,1,1,2,1,4,44,1,8,44,1,9,44,1,18,44,1,146,210,0,,,0,,,0,,,SL,-36.70,220
2026.06.16 09:10,2026.06.16 12:50,SELL,LienKe,4346.901,4351.303,44.0,116.9,41.0,2.66,0.93,1,4,43,1,8,43,1,8,43,1,10,43,1,19,43,1,146,201,0,,,0,,,0,,,SL,-44.02,220
2026.06.16 17:15,2026.06.16 17:19,BUY,LienKe,4334.931,4331.100,38.3,9.6,30.9,0.25,0.81,0,,,0,,,0,,,0,,,0,,,0,,,0,,,0,,,0,,,SL,-38.31,4
2026.06.16 17:15,2026.06.16 17:19,BUY,LienKe,4336.023,4331.100,49.2,0.0,41.8,0.00,0.85,0,,,0,,,0,,,0,,,0,,,0,,,0,,,0,,,0,,,SL,-49.23,4
2026.06.17 00:09,2026.06.17 00:16,SELL,LienKe,4337.954,4341.416,34.6,3.0,23.9,0.09,0.69,0,,,0,,,0,,,0,,,0,,,0,,,0,,,0,,,0,,,SL,-34.62,7
2026.06.17 00:09,2026.06.17 00:16,SELL,LienKe,4337.215,4341.416,42.0,0.0,31.3,0.00,0.75,0,,,0,,,0,,,0,,,0,,,0,,,0,,,0,,,0,,,SL,-42.01,7
2026.06.16 19:07,2026.06.17 01:06,SELL,LienKe,4342.400,4346.010,36.1,137.5,33.7,3.81,0.93,1,1,355,1,5,355,1,7,355,1,8,355,1,47,355,1,48,355,0,,,0,,,0,,,SL,-36.10,359
2026.06.16 19:06,2026.06.17 01:06,SELL,LienKe,4341.082,4346.010,49.3,124.4,46.8,2.52,0.95,1,6,7,1,9,19,1,9,19,1,46,310,1,49,310,1,52,310,0,,,0,,,0,,,SL,-49.28,360
2026.06.17 06:23,2026.06.17 08:45,BUY,LienKe,4323.437,4317.436,60.0,93.6,44.7,1.56,0.74,1,2,3,1,4,9,1,4,9,1,19,110,1,35,110,0,,,0,,,0,,,0,,,SL,-60.01,142
2026.06.17 09:23,2026.06.17 09:26,SELL,LienKe,4327.120,4330.708,35.9,2.9,32.8,0.08,0.91,0,,,0,,,0,,,0,,,0,,,0,,,0,,,0,,,0,,,SL,-35.88,3
2026.06.17 09:20,2026.06.17 09:26,SELL,LienKe,4326.516,4330.708,41.9,6.4,38.9,0.15,0.93,0,,,0,,,0,,,0,,,0,,,0,,,0,,,0,,,0,,,SL,-41.92,6
2026.06.17 11:32,2026.06.17 11:56,BUY,LienKe,4326.597,4323.107,34.9,19.4,31.4,0.56,0.90,1,1,2,0,,,0,,,0,,,0,,,0,,,0,,,0,,,0,,,SL,-34.90,24
2026.06.17 11:32,2026.06.17 11:56,BUY,LienKe,4327.604,4323.107,45.0,9.4,41.5,0.21,0.92,0,,,0,,,0,,,0,,,0,,,0,,,0,,,0,,,0,,,SL,-44.97,24
2026.06.17 12:38,2026.06.17 12:47,SELL,LienKe,4331.349,4335.055,37.1,15.9,31.1,0.43,0.84,1,1,2,0,,,0,,,0,,,0,,,0,,,0,,,0,,,0,,,SL,-37.06,9
2026.06.17 12:38,2026.06.17 12:47,SELL,LienKe,4330.345,4335.055,47.1,5.9,41.1,0.12,0.87,0,,,0,,,0,,,0,,,0,,,0,,,0,,,0,,,0,,,SL,-47.10,9
2026.06.18 18:11,2026.06.18 19:18,SELL,LienKe,4232.101,4236.193,40.9,280.7,4.0,6.86,0.10,1,1,-,1,2,-,1,3,-,1,4,-,1,20,-,1,25,-,1,50,-,1,51,-,0,,,TP,300.00,67
2026.06.19 01:46,2026.06.19 02:07,BUY,LienKe,4184.317,4180.714,36.0,31.2,21.1,0.87,0.59,1,0,5,1,0,5,1,0,5,0,,,0,,,0,,,0,,,0,,,0,,,SL,-36.03,21
2026.06.19 01:21,2026.06.19 02:07,BUY,LienKe,4185.124,4180.714,44.1,66.1,29.2,1.50,0.66,1,0,17,1,0,17,1,2,17,1,6,17,0,,,0,,,0,,,0,,,0,,,SL,-44.10,46
2026.06.19 02:08,2026.06.19 02:15,BUY,LienKe,4183.411,4176.987,64.2,16.5,49.7,0.26,0.77,1,2,3,0,,,0,,,0,,,0,,,0,,,0,,,0,,,0,,,SL,-64.24,7
2026.06.19 02:08,2026.06.19 02:15,BUY,LienKe,4184.563,4176.987,75.8,4.9,61.2,0.07,0.81,0,,,0,,,0,,,0,,,0,,,0,,,0,,,0,,,0,,,SL,-75.76,7
2026.06.19 07:02,2026.06.19 07:04,SELL,LienKe,4150.080,4154.270,41.9,0.0,32.2,0.00,0.77,0,,,0,,,0,,,0,,,0,,,0,,,0,,,0,,,0,,,SL,-41.90,2
2026.06.19 07:02,2026.06.19 07:04,SELL,LienKe,4149.263,4154.270,50.1,10.2,40.4,0.20,0.81,1,0,0,0,,,0,,,0,,,0,,,0,,,0,,,0,,,0,,,SL,-50.07,2
2026.06.19 13:01,2026.06.19 14:00,SELL,LienKe,4180.237,4184.604,43.7,296.2,30.9,6.78,0.71,1,0,8,1,0,8,1,0,8,1,1,8,1,2,8,1,2,8,1,2,8,1,37,-,0,,,TP,300.00,59
2026.06.19 13:01,2026.06.19 14:00,SELL,LienKe,4178.439,4184.604,61.6,278.3,48.9,4.51,0.79,1,0,7,1,0,7,1,1,7,1,1,7,1,2,7,1,2,7,1,20,-,1,43,-,0,,,TP,300.00,59
2026.06.22 09:01,2026.06.22 09:04,SELL,LienKe,4198.158,4202.113,39.5,4.0,15.2,0.10,0.39,0,,,0,,,0,,,0,,,0,,,0,,,0,,,0,,,0,,,SL,-39.55,3
2026.06.22 09:01,2026.06.22 09:04,SELL,LienKe,4196.519,4202.113,55.9,4.0,31.6,0.07,0.57,0,,,0,,,0,,,0,,,0,,,0,,,0,,,0,,,0,,,SL,-55.94,3
2026.06.22 13:21,2026.06.22 13:28,BUY,Swing,4189.507,4185.617,38.9,39.7,22.1,1.02,0.57,1,1,4,1,1,4,1,1,4,0,,,0,,,0,,,0,,,0,,,0,,,SL,-38.90,7
2026.06.22 13:08,2026.06.22 13:28,BUY,Swing,4190.722,4185.617,51.0,62.2,34.2,1.22,0.67,1,1,1,1,1,1,1,3,4,1,7,12,0,,,0,,,0,,,0,,,0,,,SL,-51.05,20
2026.06.22 23:52,2026.06.23 00:08,BUY,LienKe,4188.407,4184.487,39.2,37.0,31.0,0.94,0.79,1,1,2,1,8,8,1,9,11,0,,,0,,,0,,,0,,,0,,,0,,,SL,-44.55,16
2026.06.22 23:52,2026.06.23 00:08,BUY,LienKe,4189.152,4184.487,46.6,29.6,38.5,0.63,0.83,1,8,9,1,9,11,0,,,0,,,0,,,0,,,0,,,0,,,0,,,SL,-52.00,16
2026.06.23 01:01,2026.06.23 01:37,SELL,LienKe,4196.033,4201.671,56.4,290.9,10.0,5.16,0.18,1,0,1,1,0,1,1,2,-,1,2,-,1,4,-,1,5,-,1,16,-,1,16,-,0,,,TP,300.00,36
2026.06.23 01:01,2026.06.23 01:37,SELL,Swing,4196.033,4201.671,56.4,290.9,10.0,5.16,0.18,1,0,1,1,0,1,1,2,-,1,2,-,1,4,-,1,5,-,1,16,-,1,16,-,0,,,TP,300.00,36
2026.06.23 01:01,2026.06.23 01:37,SELL,LienKe,4193.093,4201.671,85.8,261.5,39.4,3.05,0.46,1,2,7,1,2,7,1,3,7,1,4,7,1,14,-,1,15,-,1,16,-,1,18,-,0,,,TP,300.00,36
2026.06.23 01:01,2026.06.23 01:37,SELL,Swing,4193.093,4201.671,85.8,261.5,39.4,3.05,0.46,1,2,7,1,2,7,1,3,7,1,4,7,1,14,-,1,15,-,1,16,-,1,18,-,0,,,TP,300.00,36
2026.06.23 07:38,2026.06.23 07:42,BUY,LienKe,4112.210,4106.961,52.5,14.6,38.0,0.28,0.72,1,0,1,0,,,0,,,0,,,0,,,0,,,0,,,0,,,0,,,SL,-52.49,4
2026.06.23 07:01,2026.06.23 07:42,BUY,LienKe,4115.278,4106.961,83.2,93.2,68.6,1.12,0.83,1,0,0,1,1,9,1,1,9,1,4,9,1,6,9,0,,,0,,,0,,,0,,,SL,-83.17,41
2026.06.23 13:45,2026.06.23 13:48,SELL,LienKe,4127.784,4131.904,41.2,29.8,33.1,0.72,0.80,1,0,2,1,1,2,0,,,0,,,0,,,0,,,0,,,0,,,0,,,SL,-41.20,3
2026.06.23 13:44,2026.06.23 13:48,SELL,LienKe,4126.390,4131.904,55.1,15.9,47.1,0.29,0.85,1,0,0,0,,,0,,,0,,,0,,,0,,,0,,,0,,,0,,,SL,-55.14,4
2026.06.23 16:35,2026.06.23 20:00,SELL,LienKe,4141.642,4145.285,36.4,298.6,25.6,8.20,0.70,1,3,4,1,12,-,1,20,-,1,21,-,1,22,-,1,25,-,1,89,-,1,110,-,0,,,TP,300.00,205
2026.06.23 16:35,2026.06.23 20:00,SELL,LienKe,4140.715,4145.285,45.7,289.3,34.8,6.33,0.76,1,12,12,1,20,-,1,21,-,1,21,-,1,22,-,1,34,-,1,91,-,1,115,-,0,,,TP,300.00,205
2026.06.23 23:08,2026.06.23 23:37,BUY,LienKe,4096.194,4091.870,43.2,53.9,25.5,1.25,0.59,1,0,23,1,0,23,1,3,23,1,4,23,0,,,0,,,0,,,0,,,0,,,SL,-43.24,29
2026.06.23 23:07,2026.06.23 23:37,BUY,LienKe,4097.599,4091.870,57.3,39.8,39.6,0.70,0.69,1,1,1,1,4,11,1,5,11,0,,,0,,,0,,,0,,,0,,,0,,,SL,-57.29,30
2026.06.23 22:06,2026.06.23 23:39,SELL,LienKe,4113.456,4117.233,37.8,292.1,18.8,7.73,0.50,1,1,6,1,13,-,1,14,-,1,14,-,1,16,-,1,27,-,1,28,-,1,91,-,0,,,TP,300.00,93
2026.06.23 22:02,2026.06.23 23:39,SELL,LienKe,4112.207,4117.233,50.3,279.7,31.3,5.56,0.62,1,2,3,1,18,-,1,18,-,1,18,-,1,31,-,1,31,-,1,32,-,1,95,-,0,,,TP,300.00,97
2026.06.24 11:09,2026.06.24 11:14,BUY,Swing,4049.690,4044.980,47.1,40.5,21.0,0.86,0.45,1,1,4,1,2,4,1,2,4,0,,,0,,,0,,,0,,,0,,,0,,,SL,-47.10,5
2026.06.24 11:07,2026.06.24 11:14,BUY,Swing,4051.610,4044.980,66.3,21.3,40.2,0.32,0.61,1,1,2,1,1,2,0,,,0,,,0,,,0,,,0,,,0,,,0,,,SL,-66.30,7
2026.06.24 15:05,2026.06.24 15:06,BUY,LienKe,4002.416,3997.806,46.1,8.9,6.1,0.19,0.13,0,,,0,,,0,,,0,,,0,,,0,,,0,,,0,,,0,,,SL,-46.10,1
2026.06.24 15:05,2026.06.24 15:06,BUY,LienKe,4004.330,3997.806,65.2,0.0,25.2,0.00,0.39,0,,,0,,,0,,,0,,,0,,,0,,,0,,,0,,,0,,,SL,-65.24,1
2026.06.24 23:07,2026.06.25 00:35,BUY,LienKe,3992.676,3987.741,49.3,259.3,48.7,5.25,0.99,1,2,5,1,4,5,1,8,85,1,9,85,1,25,85,1,26,85,1,27,85,1,28,85,0,,,SL,-65.40,88
2026.06.24 23:07,2026.06.25 00:35,BUY,LienKe,3993.323,3987.741,55.8,252.8,55.2,4.53,0.99,1,3,5,1,4,5,1,8,84,1,9,84,1,26,84,1,26,84,1,27,84,1,28,84,0,,,SL,-71.87,88
2026.06.25 05:09,2026.06.25 08:22,SELL,LienKe,3997.677,4001.250,35.7,261.3,27.7,7.31,0.77,1,2,2,1,7,15,1,7,15,1,8,15,1,9,15,1,21,23,1,32,191,1,67,191,0,,,SL,-35.73,192
2026.06.25 05:05,2026.06.25 08:22,SELL,LienKe,3996.773,4001.250,44.8,252.3,36.7,5.64,0.82,1,0,3,1,0,3,1,1,3,1,13,20,1,25,27,1,25,27,1,37,195,1,71,195,0,,,SL,-44.77,197
2026.06.25 16:13,2026.06.26 02:19,SELL,LienKe,4041.317,4045.902,45.9,295.8,32.6,6.45,0.71,1,0,4,1,0,4,1,0,4,1,18,132,1,24,132,1,27,132,1,32,132,1,367,-,0,,,TP,300.00,606
2026.06.25 16:02,2026.06.26 02:20,SELL,LienKe,4039.201,4045.902,67.0,299.1,53.7,4.46,0.80,1,0,3,1,0,3,1,0,3,1,7,11,1,38,136,1,43,136,1,43,136,1,466,-,0,,,TP,300.00,618
2026.06.25 22:38,2026.06.26 02:25,SELL,LienKe,4035.221,4039.354,41.3,297.5,16.4,7.20,0.40,1,1,2,1,3,-,1,4,-,1,6,-,1,8,-,1,9,-,1,70,-,1,78,-,0,,,TP,300.00,227
2026.06.25 22:38,2026.06.26 02:33,SELL,LienKe,4034.032,4039.354,53.2,300.0,28.3,5.64,0.53,1,0,0,1,4,5,1,6,-,1,6,-,1,9,-,1,12,-,1,70,-,1,78,-,0,,,TP,300.00,235
2026.06.26 06:24,2026.06.26 06:32,SELL,LienKe,4022.680,4027.881,52.0,19.4,26.4,0.37,0.51,1,0,1,0,,,0,,,0,,,0,,,0,,,0,,,0,,,0,,,SL,-52.01,8
2026.06.26 06:23,2026.06.26 06:32,SELL,LienKe,4020.683,4027.881,72.0,7.9,46.3,0.11,0.64,0,,,0,,,0,,,0,,,0,,,0,,,0,,,0,,,0,,,SL,-71.98,9
2026.06.26 12:40,2026.06.26 12:42,BUY,LienKe,4042.955,4038.902,40.5,0.0,25.1,0.00,0.62,0,,,0,,,0,,,0,,,0,,,0,,,0,,,0,,,0,,,SL,-40.53,2
2026.06.26 12:22,2026.06.26 12:42,BUY,LienKe,4044.206,4038.902,53.0,52.8,37.6,0.99,0.71,1,1,2,1,1,2,1,6,12,1,10,12,0,,,0,,,0,,,0,,,0,,,SL,-53.04,20
2026.06.26 08:05,2026.06.26 12:57,BUY,LienKe,4026.488,4022.764,37.2,293.4,7.1,7.88,0.19,1,1,-,1,1,-,1,3,-,1,4,-,1,13,-,1,40,-,1,65,-,1,74,-,0,,,TP,300.00,292
2026.06.26 08:03,2026.06.26 12:58,BUY,LienKe,4027.502,4022.764,47.4,296.0,17.3,6.25,0.36,1,3,-,1,5,-,1,5,-,1,12,-,1,25,-,1,43,-,1,76,-,1,77,-,0,,,TP,300.00,295
2026.06.26 13:45,2026.06.26 13:51,SELL,LienKe,4062.468,4069.056,65.9,36.6,58.8,0.56,0.89,1,0,2,1,0,2,1,0,2,0,,,0,,,0,,,0,,,0,,,0,,,SL,-65.88,6
2026.06.26 13:01,2026.06.26 13:51,SELL,LienKe,4058.355,4069.056,107.0,150.1,99.9,1.40,0.93,1,0,22,1,0,22,1,0,22,1,0,22,1,3,22,1,5,22,1,18,22,0,,,0,,,SL,-107.01,50
2026.06.29 06:03,2026.06.29 06:07,SELL,LienKe,4057.582,4061.706,41.2,3.4,40.5,0.08,0.98,0,,,0,,,0,,,0,,,0,,,0,,,0,,,0,,,0,,,SL,-41.24,4
2026.06.29 06:03,2026.06.29 06:07,SELL,LienKe,4056.619,4061.706,50.9,6.0,50.1,0.12,0.99,0,,,0,,,0,,,0,,,0,,,0,,,0,,,0,,,0,,,SL,-50.87,4
2026.06.29 17:07,2026.06.29 17:12,SELL,LienKe,4028.627,4032.129,35.0,0.0,34.4,0.00,0.98,0,,,0,,,0,,,0,,,0,,,0,,,0,,,0,,,0,,,SL,-35.02,4
2026.06.29 17:07,2026.06.29 17:12,SELL,LienKe,4028.046,4032.129,40.8,0.0,40.2,0.00,0.98,0,,,0,,,0,,,0,,,0,,,0,,,0,,,0,,,0,,,SL,-40.83,5
2026.06.30 00:01,2026.06.30 00:02,BUY,LienKe,4013.654,4009.599,40.5,0.0,18.8,0.00,0.46,0,,,0,,,0,,,0,,,0,,,0,,,0,,,0,,,0,,,SL,-40.55,1
2026.06.30 00:01,2026.06.30 00:02,BUY,LienKe,4014.892,4009.599,52.9,4.1,31.2,0.08,0.59,0,,,0,,,0,,,0,,,0,,,0,,,0,,,0,,,0,,,SL,-52.93,1
2026.06.30 11:08,2026.06.30 11:41,SELL,LienKe,4031.125,4034.763,36.4,25.9,34.5,0.71,0.95,1,25,26,1,28,30,0,,,0,,,0,,,0,,,0,,,0,,,0,,,SL,-36.38,33
2026.06.30 11:07,2026.06.30 11:41,SELL,LienKe,4030.487,4034.763,42.8,19.5,40.9,0.46,0.96,1,29,31,0,,,0,,,0,,,0,,,0,,,0,,,0,,,0,,,SL,-42.76,34
2026.06.30 17:05,2026.06.30 17:08,BUY,LienKe,4025.722,4021.361,43.6,0.0,24.5,0.00,0.56,0,,,0,,,0,,,0,,,0,,,0,,,0,,,0,,,0,,,SL,-43.61,3
2026.06.30 17:02,2026.06.30 17:08,BUY,LienKe,4026.724,4021.361,53.6,12.9,34.5,0.24,0.64,1,1,1,0,,,0,,,0,,,0,,,0,,,0,,,0,,,0,,,SL,-53.63,6
2026.06.30 19:49,2026.06.30 19:52,BUY,Swing,4020.571,4017.123,34.5,3.6,28.5,0.10,0.83,0,,,0,,,0,,,0,,,0,,,0,,,0,,,0,,,0,,,SL,-34.48,3
2026.06.30 19:49,2026.06.30 19:52,BUY,Swing,4021.278,4017.123,41.5,0.0,35.6,0.00,0.86,0,,,0,,,0,,,0,,,0,,,0,,,0,,,0,,,0,,,SL,-41.55,3
2026.06.30 20:25,2026.06.30 20:36,BUY,LienKe,4014.639,4010.740,39.0,3.0,36.1,0.08,0.93,0,,,0,,,0,,,0,,,0,,,0,,,0,,,0,,,0,,,SL,-38.99,11
2026.06.30 20:01,2026.06.30 20:36,BUY,LienKe,4015.790,4010.740,50.5,52.7,47.6,1.04,0.94,1,0,23,1,2,23,1,2,23,1,14,23,0,,,0,,,0,,,0,,,0,,,SL,-50.50,35
2026.07.01 05:10,2026.07.01 06:07,BUY,LienKe,3972.273,3968.768,35.1,66.7,26.2,1.90,0.75,1,10,11,1,13,19,1,22,30,1,22,30,0,,,0,,,0,,,0,,,0,,,SL,-35.05,57
2026.07.01 05:04,2026.07.01 06:07,BUY,LienKe,3972.968,3968.768,42.0,59.8,33.1,1.42,0.79,1,1,4,1,20,21,1,28,36,1,28,36,0,,,0,,,0,,,0,,,0,,,SL,-42.00,63
2026.07.01 22:24,2026.07.01 22:47,SELL,LienKe,4039.092,4044.011,49.2,19.2,37.3,0.39,0.76,1,1,3,0,,,0,,,0,,,0,,,0,,,0,,,0,,,0,,,SL,-49.19,23
2026.07.01 22:09,2026.07.01 22:47,SELL,LienKe,4037.279,4044.011,67.3,22.2,55.4,0.33,0.82,1,0,2,1,8,10,0,,,0,,,0,,,0,,,0,,,0,,,0,,,SL,-67.32,38
2026.07.02 13:48,2026.07.02 13:50,SELL,LienKe,4139.374,4143.936,45.6,4.0,38.9,0.09,0.85,0,,,0,,,0,,,0,,,0,,,0,,,0,,,0,,,0,,,SL,-45.62,2
2026.07.02 13:48,2026.07.02 13:50,SELL,LienKe,4137.928,4143.936,60.1,13.4,53.3,0.22,0.89,1,0,0,0,,,0,,,0,,,0,,,0,,,0,,,0,,,0,,,SL,-60.08,2
2026.07.03 11:14,2026.07.03 11:16,SELL,LienKe,4181.717,4185.171,34.5,0.0,31.7,0.00,0.92,0,,,0,,,0,,,0,,,0,,,0,,,0,,,0,,,0,,,SL,-34.54,2
2026.07.03 11:14,2026.07.03 11:16,SELL,LienKe,4181.266,4185.171,39.1,0.0,36.2,0.00,0.93,0,,,0,,,0,,,0,,,0,,,0,,,0,,,0,,,0,,,SL,-39.05,2
2026.07.03 12:19,2026.07.03 12:27,BUY,LienKe,4175.615,4172.220,33.9,0.1,26.1,0.00,0.77,0,,,0,,,0,,,0,,,0,,,0,,,0,,,0,,,0,,,SL,-33.95,8
2026.07.03 12:19,2026.07.03 12:27,BUY,LienKe,4176.246,4172.220,40.3,4.2,32.4,0.10,0.81,0,,,0,,,0,,,0,,,0,,,0,,,0,,,0,,,0,,,SL,-40.26,8
2026.07.06 01:49,2026.07.06 02:36,SELL,Swing,4199.678,4206.185,65.1,285.1,6.0,4.38,0.09,1,0,-,1,0,-,1,0,-,1,0,-,1,1,-,1,9,-,1,13,-,1,18,-,0,,,TP,300.00,47
2026.07.06 02:37,2026.07.06 03:15,BUY,Swing,4172.925,4165.410,75.2,34.8,74.9,0.46,1.00,1,0,2,1,1,2,1,2,2,0,,,0,,,0,,,0,,,0,,,0,,,SL,-75.15,38
2026.07.06 08:50,2026.07.06 09:26,BUY,LienKe,4149.171,4143.969,52.0,35.9,29.3,0.69,0.56,1,1,12,1,1,12,1,2,12,0,,,0,,,0,,,0,,,0,,,0,,,SL,-52.02,36
2026.07.07 01:01,2026.07.07 01:16,BUY,LienKe,4142.860,4137.585,52.7,51.3,52.2,0.97,0.99,1,0,6,1,1,6,1,1,6,1,3,6,0,,,0,,,0,,,0,,,0,,,SL,-52.75,15
2026.07.07 01:01,2026.07.07 01:16,BUY,LienKe,4145.408,4137.585,78.2,25.9,77.7,0.33,0.99,1,2,4,1,3,4,0,,,0,,,0,,,0,,,0,,,0,,,0,,,SL,-78.23,15
2026.07.07 03:42,2026.07.07 03:46,BUY,LienKe,4130.751,4126.131,46.2,0.0,37.7,0.00,0.82,0,,,0,,,0,,,0,,,0,,,0,,,0,,,0,,,0,,,SL,-46.20,4
2026.07.07 03:26,2026.07.07 03:46,BUY,LienKe,4132.898,4126.131,67.7,18.7,59.2,0.28,0.87,1,0,1,0,,,0,,,0,,,0,,,0,,,0,,,0,,,0,,,SL,-67.67,20
2026.07.07 12:02,2026.07.07 12:06,SELL,LienKe,4157.898,4162.125,42.3,7.0,24.6,0.16,0.58,0,,,0,,,0,,,0,,,0,,,0,,,0,,,0,,,0,,,SL,-42.27,4
2026.07.07 12:01,2026.07.07 12:06,SELL,LienKe,4156.371,4162.125,57.5,17.7,39.8,0.31,0.69,1,0,1,0,,,0,,,0,,,0,,,0,,,0,,,0,,,0,,,SL,-57.54,5
2026.07.07 13:36,2026.07.07 14:41,SELL,LienKe,4175.286,4181.468,61.8,280.5,54.0,4.54,0.87,1,2,4,1,2,4,1,2,4,1,2,4,1,17,-,1,18,-,1,21,-,1,27,-,0,,,TP,300.00,65
2026.07.07 13:01,2026.07.07 15:18,SELL,LienKe,4171.829,4181.468,96.4,281.2,88.6,2.92,0.92,1,0,13,1,0,13,1,0,13,1,1,13,1,5,13,1,9,13,1,57,-,1,73,-,0,,,TP,300.00,137
2026.07.07 15:28,2026.07.07 15:54,BUY,LienKe,4142.694,4138.588,41.1,56.0,23.4,1.36,0.57,1,2,6,1,2,6,1,4,6,1,14,21,0,,,0,,,0,,,0,,,0,,,SL,-41.06,26
2026.07.07 15:19,2026.07.07 15:54,BUY,LienKe,4144.091,4138.588,55.0,42.0,37.3,0.76,0.68,1,0,3,1,1,3,1,21,28,0,,,0,,,0,,,0,,,0,,,0,,,SL,-55.03,35
2026.07.07 18:18,2026.07.07 18:33,BUY,LienKe,4140.585,4137.027,35.6,37.5,25.6,1.05,0.72,1,1,12,1,4,12,1,4,12,0,,,0,,,0,,,0,,,0,,,0,,,SL,-35.58,15
2026.07.07 18:18,2026.07.07 18:33,BUY,LienKe,4141.175,4137.027,41.5,31.6,31.5,0.76,0.76,1,4,12,1,4,12,1,4,12,0,,,0,,,0,,,0,,,0,,,0,,,SL,-41.48,15
2026.07.08 01:38,2026.07.08 03:01,BUY,LienKe,4097.151,4093.378,37.7,278.7,4.4,7.39,0.12,1,1,-,1,1,-,1,1,-,1,3,-,1,4,-,1,7,-,1,7,-,1,30,-,0,,,TP,300.00,83
2026.07.08 01:38,2026.07.08 03:01,BUY,LienKe,4098.449,4093.378,50.7,265.8,17.4,5.24,0.34,1,1,-,1,2,-,1,2,-,1,3,-,1,7,-,1,7,-,1,29,-,1,44,-,0,,,TP,300.00,83
2026.07.08 14:02,2026.07.08 14:11,BUY,LienKe,4066.071,4060.571,55.0,29.9,52.1,0.54,0.95,1,0,1,1,0,1,0,,,0,,,0,,,0,,,0,,,0,,,0,,,SL,-55.00,8
2026.07.08 14:01,2026.07.08 14:11,BUY,LienKe,4068.692,4060.571,81.2,3.7,78.3,0.05,0.96,0,,,0,,,0,,,0,,,0,,,0,,,0,,,0,,,0,,,SL,-81.21,10
2026.07.09 17:18,2026.07.09 18:37,BUY,LienKe,4126.041,4121.833,42.1,121.5,35.1,2.89,0.83,1,1,2,1,6,62,1,11,62,1,11,62,1,12,62,1,29,62,0,,,0,,,0,,,SL,-42.08,79
2026.07.10 00:05,2026.07.10 01:00,SELL,LienKe,4124.798,4128.722,39.2,104.3,37.6,2.66,0.96,1,1,40,1,2,40,1,2,40,1,19,40,1,26,40,1,28,40,0,,,0,,,0,,,SL,-39.24,55
2026.07.10 00:05,2026.07.10 01:00,SELL,LienKe,4123.836,4128.722,48.9,94.7,47.3,1.94,0.97,1,2,13,1,2,13,1,15,39,1,20,39,1,28,39,0,,,0,,,0,,,0,,,SL,-48.86,55
2026.07.10 03:06,2026.07.10 08:36,SELL,Swing,4131.473,4135.045,35.7,299.6,35.7,8.39,1.00,1,4,-,1,4,-,1,6,-,1,8,-,1,15,-,1,18,-,1,75,-,1,144,-,0,,,TP,300.00,330
2026.07.10 03:02,2026.07.10 08:37,SELL,Swing,4130.439,4135.045,46.1,293.0,46.0,6.36,1.00,1,0,2,1,10,-,1,12,-,1,18,-,1,21,-,1,48,-,1,80,-,1,149,-,0,,,TP,300.00,335
2026.07.10 06:03,2026.07.10 13:29,SELL,LienKe,4118.004,4122.217,42.1,298.0,24.5,7.07,0.58,1,1,2,1,9,14,1,11,14,1,29,-,1,65,-,1,100,-,1,150,-,1,165,-,0,,,TP,300.00,446
2026.07.10 06:01,2026.07.10 13:29,SELL,LienKe,4116.348,4122.217,58.7,281.5,41.1,4.80,0.70,1,13,15,1,14,15,1,31,372,1,43,372,1,102,372,1,103,372,1,155,372,1,168,372,0,,,TP,300.00,448
2026.07.10 14:34,2026.07.10 20:53,BUY,LienKe,4088.105,4069.793,183.1,274.0,23.2,1.50,0.13,1,0,1,1,0,1,1,0,1,1,0,1,1,4,-,1,6,-,1,12,-,1,73,-,0,,,TP,300.00,379
2026.07.13 00:02,2026.07.13 00:05,SELL,LienKe,4085.329,4089.299,39.7,14.6,15.0,0.37,0.38,1,2,-,0,,,0,,,0,,,0,,,0,,,0,,,0,,,0,,,SL,-39.70,3
2026.07.13 00:02,2026.07.13 00:05,SELL,LienKe,4082.351,4089.299,69.5,0.0,44.7,0.00,0.64,0,,,0,,,0,,,0,,,0,,,0,,,0,,,0,,,0,,,SL,-69.48,3
2026.07.12 23:10,2026.07.13 00:34,BUY,LienKe,4069.472,4065.400,40.7,216.7,7.5,5.32,0.18,1,1,4,1,2,4,1,17,83,1,19,83,1,30,83,1,40,83,1,47,83,1,55,83,0,,,SL,-40.72,84
2026.07.12 23:05,2026.07.13 00:34,BUY,LienKe,4070.474,4065.400,50.7,206.6,17.5,4.07,0.34,1,0,1,1,0,1,1,23,88,1,34,88,1,36,88,1,45,88,1,55,88,1,64,88,0,,,SL,-50.74,89
2026.07.13 04:15,2026.07.13 06:04,BUY,LienKe,4053.252,4049.116,41.4,200.0,30.3,4.83,0.73,1,1,28,1,2,28,1,2,28,1,41,75,1,50,75,1,51,75,1,53,75,0,,,0,,,SL,-41.36,109
2026.07.13 04:15,2026.07.13 06:04,BUY,LienKe,4054.714,4049.116,56.0,185.3,44.9,3.31,0.80,1,2,13,1,2,13,1,4,13,1,49,75,1,50,75,1,52,75,1,54,75,0,,,0,,,SL,-55.98,109
2026.07.13 06:05,2026.07.13 06:06,BUY,Swing,4049.834,4045.460,43.7,0.0,27.6,0.00,0.63,0,,,0,,,0,,,0,,,0,,,0,,,0,,,0,,,0,,,SL,-43.74,1
2026.07.13 06:05,2026.07.13 06:06,BUY,Swing,4051.506,4045.460,60.5,0.5,44.3,0.01,0.73,0,,,0,,,0,,,0,,,0,,,0,,,0,,,0,,,0,,,SL,-60.46,1
2026.07.13 13:43,2026.07.13 13:50,BUY,LienKe,4053.600,4049.587,40.1,45.7,40.0,1.14,1.00,1,1,2,1,1,2,1,3,5,0,,,0,,,0,,,0,,,0,,,0,,,SL,-40.13,7
2026.07.13 13:41,2026.07.13 13:50,BUY,LienKe,4055.948,4049.587,63.6,27.0,63.5,0.42,1.00,1,0,1,1,0,1,0,,,0,,,0,,,0,,,0,,,0,,,0,,,SL,-63.61,9
2026.07.14 00:20,2026.07.14 02:14,BUY,Swing,3986.742,3980.307,64.4,293.3,11.6,4.56,0.18,1,1,3,1,1,3,1,1,3,1,7,-,1,8,-,1,8,-,1,13,-,1,15,-,0,,,TP,300.00,114
2026.07.14 00:08,2026.07.14 04:32,BUY,Swing,3990.713,3980.307,104.1,285.0,51.3,2.74,0.49,1,0,9,1,1,9,1,1,9,1,2,9,1,2,9,1,25,-,1,26,-,1,110,-,0,,,TP,300.00,264
2026.07.14 09:01,2026.07.14 12:30,BUY,LienKe,4016.283,4010.700,55.8,198.0,27.1,3.55,0.49,1,0,28,1,1,28,1,3,28,1,7,28,1,10,28,1,143,-,1,175,-,0,,,0,,,TP,300.00,209
2026.07.14 14:57,2026.07.14 15:06,SELL,LienKe,4085.388,4093.554,81.7,64.9,81.4,0.79,1.00,1,2,2,1,3,7,1,3,7,1,4,7,0,,,0,,,0,,,0,,,0,,,SL,-81.66,9
2026.07.14 14:35,2026.07.14 15:06,SELL,LienKe,4080.183,4093.554,133.7,55.2,133.5,0.41,1.00,1,0,0,1,0,0,1,2,3,1,2,3,0,,,0,,,0,,,0,,,0,,,SL,-133.71,31
2026.07.14 17:13,2026.07.14 18:37,BUY,LienKe,4057.609,4053.857,37.5,75.6,33.5,2.01,0.89,1,8,71,1,10,71,1,10,71,1,13,71,0,,,0,,,0,,,0,,,0,,,SL,-37.52,84
2026.07.14 17:08,2026.07.14 18:37,BUY,LienKe,4058.116,4053.857,42.6,70.5,38.6,1.65,0.91,1,1,3,1,15,76,1,16,76,1,21,76,0,,,0,,,0,,,0,,,0,,,SL,-42.59,89
2026.07.15 06:23,2026.07.15 08:13,BUY,LienKe,4024.415,4018.066,63.5,99.6,48.2,1.57,0.76,1,0,7,1,1,7,1,2,7,1,14,63,1,21,63,0,,,0,,,0,,,0,,,SL,-63.49,110
2026.07.15 09:04,2026.07.15 11:41,SELL,LienKe,4033.092,4037.247,41.5,75.2,33.1,1.81,0.80,1,3,6,1,3,6,1,9,16,1,23,62,0,,,0,,,0,,,0,,,0,,,SL,-41.55,157
2026.07.15 09:03,2026.07.15 11:41,SELL,LienKe,4032.500,4037.247,47.5,69.2,39.0,1.46,0.82,1,0,0,1,5,5,1,13,17,1,26,63,0,,,0,,,0,,,0,,,0,,,SL,-47.47,158
2026.07.15 07:37,2026.07.15 12:32,BUY,LienKe,4021.401,4016.996,44.0,296.8,42.1,6.74,0.96,1,5,6,1,9,23,1,9,23,1,17,23,1,68,-,1,79,-,1,244,-,1,266,-,0,,,TP,300.00,295
2026.07.15 07:28,2026.07.15 12:32,BUY,LienKe,4023.037,4016.996,60.4,280.5,58.5,4.64,0.97,1,0,2,1,3,7,1,4,7,1,64,-,1,86,-,1,90,-,1,253,-,1,302,-,0,,,TP,300.00,304
2026.07.15 19:16,2026.07.15 19:20,BUY,LienKe,4057.904,4054.123,37.8,7.6,15.5,0.20,0.41,0,,,0,,,0,,,0,,,0,,,0,,,0,,,0,,,0,,,SL,-37.81,4
2026.07.15 19:01,2026.07.15 19:20,BUY,LienKe,4058.872,4054.123,47.5,40.3,25.2,0.85,0.53,1,0,5,1,0,5,1,1,5,0,,,0,,,0,,,0,,,0,,,0,,,SL,-47.49,19
2026.07.15 23:24,2026.07.16 00:10,BUY,LienKe,4058.300,4054.749,35.5,25.5,35.5,0.72,1.00,1,12,13,1,26,28,0,,,0,,,0,,,0,,,0,,,0,,,0,,,SL,-51.56,46
2026.07.15 23:21,2026.07.16 00:10,BUY,LienKe,4058.801,4054.749,40.5,20.5,40.5,0.51,1.00,1,30,31,1,30,31,0,,,0,,,0,,,0,,,0,,,0,,,0,,,SL,-56.57,49
2026.07.16 02:07,2026.07.16 02:16,BUY,LienKe,4034.204,4030.714,34.9,23.7,31.0,0.68,0.89,1,1,2,1,1,2,0,,,0,,,0,,,0,,,0,,,0,,,0,,,SL,-34.90,9
2026.07.16 02:07,2026.07.16 02:16,BUY,LienKe,4035.345,4030.714,46.3,12.3,42.4,0.27,0.92,1,1,2,0,,,0,,,0,,,0,,,0,,,0,,,0,,,0,,,SL,-46.31,9
2026.07.16 10:02,2026.07.16 11:13,BUY,LienKe,4030.608,4026.910,37.0,42.5,30.5,1.15,0.82,1,2,3,1,6,8,1,19,51,0,,,0,,,0,,,0,,,0,,,0,,,SL,-36.98,71
2026.07.16 10:02,2026.07.16 11:13,BUY,LienKe,4031.595,4026.910,46.8,32.6,40.3,0.70,0.86,1,6,8,1,19,29,1,22,29,0,,,0,,,0,,,0,,,0,,,0,,,SL,-46.85,71
2026.07.16 06:36,2026.07.16 12:16,BUY,LienKe,4025.008,4020.503,45.0,183.5,39.2,4.07,0.87,1,3,5,1,3,5,1,12,39,1,17,39,1,86,280,1,115,280,1,310,-,0,,,0,,,SL,-45.05,340
2026.07.16 06:36,2026.07.16 12:16,BUY,Swing,4025.008,4020.503,45.0,183.5,39.2,4.07,0.87,1,3,5,1,3,5,1,12,39,1,17,39,1,86,280,1,115,280,1,310,-,0,,,0,,,SL,-45.05,340
2026.07.16 06:36,2026.07.16 12:16,BUY,LienKe,4026.703,4020.503,62.0,166.6,56.2,2.69,0.91,1,9,11,1,12,38,1,17,38,1,72,77,1,115,277,1,144,277,1,312,339,0,,,0,,,SL,-62.00,340
2026.07.16 06:36,2026.07.16 12:16,BUY,Swing,4026.703,4020.503,62.0,166.6,56.2,2.69,0.91,1,9,11,1,12,38,1,17,38,1,72,77,1,115,277,1,144,277,1,312,339,0,,,0,,,SL,-62.00,340
2026.07.16 16:17,2026.07.16 16:19,BUY,LienKe,3989.098,3985.473,36.3,14.0,19.0,0.39,0.52,1,0,1,0,,,0,,,0,,,0,,,0,,,0,,,0,,,0,,,SL,-36.25,2
2026.07.16 16:17,2026.07.16 16:19,BUY,LienKe,3991.291,3985.473,58.2,1.7,40.9,0.03,0.70,0,,,0,,,0,,,0,,,0,,,0,,,0,,,0,,,0,,,SL,-58.18,2
2026.07.16 19:33,2026.07.16 19:35,BUY,LienKe,3976.347,3972.730,36.2,4.4,17.4,0.12,0.48,0,,,0,,,0,,,0,,,0,,,0,,,0,,,0,,,0,,,SL,-36.17,2
2026.07.16 19:33,2026.07.16 19:35,BUY,LienKe,3977.238,3972.730,45.1,0.0,26.3,0.00,0.58,0,,,0,,,0,,,0,,,0,,,0,,,0,,,0,,,0,,,SL,-45.08,2
2026.07.16 23:37,2026.07.16 23:57,SELL,LienKe,3980.347,3983.750,34.0,34.5,18.3,1.01,0.54,1,8,13,1,8,13,1,11,13,0,,,0,,,0,,,0,,,0,,,0,,,SL,-34.03,20
2026.07.16 23:28,2026.07.16 23:57,SELL,LienKe,3979.975,3983.750,37.8,42.1,22.0,1.12,0.58,1,0,7,1,2,7,1,3,7,0,,,0,,,0,,,0,,,0,,,0,,,SL,-37.75,29
2026.07.17 02:33,2026.07.17 02:36,BUY,LienKe,3979.233,3975.159,40.7,0.0,32.7,0.00,0.80,0,,,0,,,0,,,0,,,0,,,0,,,0,,,0,,,0,,,SL,-40.74,3
2026.07.17 02:33,2026.07.17 02:36,BUY,LienKe,3980.428,3975.159,52.7,3.7,44.6,0.07,0.85,0,,,0,,,0,,,0,,,0,,,0,,,0,,,0,,,0,,,SL,-52.69,3
2026.07.17 05:05,2026.07.17 05:16,BUY,LienKe,3980.162,3976.679,34.8,10.9,30.8,0.31,0.89,1,8,9,0,,,0,,,0,,,0,,,0,,,0,,,0,,,0,,,SL,-34.83,11
2026.07.17 05:03,2026.07.17 05:16,BUY,LienKe,3980.826,3976.679,41.5,20.7,37.5,0.50,0.90,1,0,2,1,1,2,0,,,0,,,0,,,0,,,0,,,0,,,0,,,SL,-41.47,13
2026.07.17 13:01,2026.07.17 13:39,BUY,LienKe,3963.156,3958.455,47.0,285.7,38.0,6.08,0.81,1,1,-,1,1,-,1,1,-,1,1,-,1,3,-,1,3,-,1,35,-,1,36,-,0,,,TP,300.00,38
2026.07.17 13:01,2026.07.17 13:39,BUY,LienKe,3965.406,3958.455,69.5,263.2,60.5,3.79,0.87,1,1,29,1,1,29,1,2,29,1,2,29,1,3,29,1,3,29,1,36,-,1,37,-,0,,,TP,300.00,38
2026.07.17 13:40,2026.07.17 15:04,SELL,LienKe,3994.042,4006.824,127.8,127.8,107.9,1.00,0.84,1,0,13,1,0,13,1,0,13,1,0,13,1,2,13,1,2,13,0,,,0,,,0,,,SL,-127.82,84
2026.07.20 01:12,2026.07.20 02:48,SELL,Swing,4013.803,4024.090,102.9,178.8,50.5,1.74,0.49,1,0,86,1,0,86,1,2,86,1,3,86,1,6,86,1,8,86,1,31,86,0,,,0,,,SL,-102.87,96
2026.07.20 05:00,2026.07.20 05:09,BUY,LienKe,4019.048,4015.351,37.0,19.2,30.3,0.52,0.82,1,0,3,0,,,0,,,0,,,0,,,0,,,0,,,0,,,0,,,SL,-36.97,9
2026.07.20 22:46,2026.07.20 22:54,BUY,Swing,4003.564,3999.837,37.3,6.3,31.8,0.17,0.85,0,,,0,,,0,,,0,,,0,,,0,,,0,,,0,,,0,,,SL,-37.27,8
2026.07.20 22:43,2026.07.20 22:54,BUY,Swing,4004.781,3999.837,49.4,37.6,44.0,0.76,0.89,1,2,2,1,2,2,1,2,2,0,,,0,,,0,,,0,,,0,,,0,,,SL,-49.44,11
2026.07.20 18:25,2026.07.20 22:54,BUY,LienKe,4005.203,4000.144,50.6,129.4,48.2,2.56,0.95,1,0,6,1,4,6,1,21,39,1,56,79,1,65,79,1,65,79,0,,,0,,,0,,,SL,-50.59,269
2026.07.21 05:25,2026.07.21 05:26,SELL,LienKe,4052.519,4056.761,42.4,0.0,29.5,0.00,0.70,0,,,0,,,0,,,0,,,0,,,0,,,0,,,0,,,0,,,SL,-42.42,1
2026.07.21 05:16,2026.07.21 05:26,SELL,LienKe,4050.720,4056.761,60.4,24.7,47.5,0.41,0.79,1,1,3,1,4,8,0,,,0,,,0,,,0,,,0,,,0,,,0,,,SL,-60.41,10
2026.07.21 11:03,2026.07.21 11:04,BUY,LienKe,4060.980,4056.841,41.4,0.0,17.2,0.00,0.42,0,,,0,,,0,,,0,,,0,,,0,,,0,,,0,,,0,,,SL,-41.39,1
2026.07.21 11:02,2026.07.21 11:04,BUY,LienKe,4061.382,4056.841,45.4,6.4,21.2,0.14,0.47,0,,,0,,,0,,,0,,,0,,,0,,,0,,,0,,,0,,,SL,-45.41,2
2026.07.21 12:38,2026.07.21 13:29,BUY,LienKe,4054.566,4050.619,39.5,76.8,38.3,1.95,0.97,1,1,1,1,9,17,1,9,17,1,10,17,0,,,0,,,0,,,0,,,0,,,SL,-39.47,51
2026.07.21 12:38,2026.07.21 13:29,BUY,LienKe,4055.851,4050.619,52.3,64.0,51.2,1.22,0.98,1,9,15,1,10,15,1,10,15,1,10,15,0,,,0,,,0,,,0,,,0,,,SL,-52.32,51
2026.07.21 20:06,2026.07.22 00:07,SELL,LienKe,4085.508,4089.427,39.2,86.8,11.0,2.22,0.28,1,6,240,1,9,240,1,14,240,1,39,240,1,49,240,0,,,0,,,0,,,0,,,SL,-39.19,241
2026.07.21 20:03,2026.07.22 00:07,SELL,LienKe,4084.584,4089.427,48.4,77.6,20.2,1.60,0.42,1,0,0,1,17,27,1,17,27,1,42,147,0,,,0,,,0,,,0,,,0,,,SL,-48.43,244
2026.07.22 09:02,2026.07.22 12:00,SELL,LienKe,4119.856,4123.519,36.6,71.4,34.1,1.95,0.93,1,3,3,1,28,60,1,32,60,1,37,60,0,,,0,,,0,,,0,,,0,,,SL,-36.63,178
2026.07.22 09:02,2026.07.22 12:00,SELL,LienKe,4119.253,4123.519,42.7,65.4,40.2,1.53,0.94,1,27,28,1,32,60,1,35,60,1,51,60,0,,,0,,,0,,,0,,,0,,,SL,-42.66,178
2026.07.22 11:42,2026.07.22 12:56,BUY,LienKe,4115.851,4111.777,40.7,186.7,33.8,4.58,0.83,1,3,3,1,5,-,1,6,-,1,9,-,1,18,-,1,18,-,1,45,-,0,,,0,,,SL,-40.74,74
2026.07.22 11:42,2026.07.22 12:56,BUY,LienKe,4117.662,4111.777,58.9,168.6,51.9,2.87,0.88,1,5,70,1,6,70,1,9,70,1,16,70,1,18,70,1,33,70,1,46,70,0,,,0,,,SL,-58.85,74
2026.07.22 20:52,2026.07.22 22:00,BUY,LienKe,4128.771,4125.210,35.6,16.6,4.1,0.47,0.11,1,1,-,0,,,0,,,0,,,0,,,0,,,0,,,0,,,0,,,SL,-35.61,67
2026.07.22 20:47,2026.07.22 22:00,BUY,LienKe,4129.317,4125.210,41.1,18.5,9.5,0.45,0.23,1,1,3,0,,,0,,,0,,,0,,,0,,,0,,,0,,,0,,,SL,-41.07,73
2026.07.23 01:38,2026.07.23 01:48,BUY,LienKe,4124.321,4120.101,42.2,30.7,40.4,0.73,0.96,1,0,1,1,3,4,1,3,4,0,,,0,,,0,,,0,,,0,,,0,,,SL,-42.20,10
2026.07.23 01:38,2026.07.23 01:48,BUY,LienKe,4125.836,4120.101,57.4,15.5,55.5,0.27,0.97,1,4,4,0,,,0,,,0,,,0,,,0,,,0,,,0,,,0,,,SL,-57.35,10
2026.07.23 11:17,2026.07.23 11:23,BUY,LienKe,4086.017,4081.932,40.9,13.3,22.7,0.32,0.56,1,1,2,0,,,0,,,0,,,0,,,0,,,0,,,0,,,0,,,SL,-40.85,6
2026.07.23 11:17,2026.07.23 11:23,BUY,LienKe,4087.188,4081.932,52.6,1.5,34.4,0.03,0.65,0,,,0,,,0,,,0,,,0,,,0,,,0,,,0,,,0,,,SL,-52.56,6
2026.07.23 10:23,2026.07.23 11:23,BUY,Swing,4086.856,4082.977,38.8,85.1,31.1,2.19,0.80,1,2,11,1,2,11,1,6,11,1,7,11,1,31,50,0,,,0,,,0,,,0,,,SL,-38.79,60
2026.07.23 10:22,2026.07.23 11:23,BUY,Swing,4087.772,4082.977,48.0,76.0,40.3,1.58,0.84,1,3,12,1,7,12,1,8,12,1,8,12,0,,,0,,,0,,,0,,,0,,,SL,-47.95,61
2026.07.24 00:06,2026.07.24 00:14,BUY,LienKe,4046.334,4042.792,35.4,2.2,32.7,0.06,0.92,0,,,0,,,0,,,0,,,0,,,0,,,0,,,0,,,0,,,SL,-35.42,8
2026.07.24 00:06,2026.07.24 00:14,BUY,LienKe,4046.907,4042.792,41.2,2.8,38.5,0.07,0.93,0,,,0,,,0,,,0,,,0,,,0,,,0,,,0,,,0,,,SL,-41.15,8
2026.07.23 20:01,2026.07.24 08:41,SELL,LienKe,4050.076,4054.329,42.5,279.9,41.6,6.58,0.98,1,3,8,1,19,26,1,238,241,1,246,278,1,253,278,1,406,685,1,407,685,1,407,685,0,,,SL,-42.53,760
2026.07.24 10:10,2026.07.24 13:58,SELL,LienKe,4060.637,4064.456,38.2,158.8,35.3,4.16,0.92,1,0,7,1,0,7,1,43,51,1,94,109,1,105,109,1,175,219,1,180,219,0,,,0,,,SL,-38.19,228
2026.07.24 10:05,2026.07.24 13:58,SELL,LienKe,4059.685,4064.456,47.7,149.3,44.8,3.13,0.94,1,5,6,1,10,11,1,95,114,1,103,114,1,180,223,1,181,223,0,,,0,,,0,,,SL,-47.71,233
2026.07.24 14:02,2026.07.24 15:11,SELL,LienKe,4067.049,4073.034,59.9,109.9,55.8,1.84,0.93,1,1,23,1,1,23,1,2,23,1,4,23,1,5,23,1,15,23,0,,,0,,,0,,,SL,-59.85,68
2026.07.24 14:02,2026.07.24 15:11,SELL,LienKe,4065.924,4073.034,71.1,98.6,67.0,1.39,0.94,1,1,23,1,2,23,1,3,23,1,4,23,1,5,23,0,,,0,,,0,,,0,,,SL,-71.10,69
2026.07.27 15:22,2026.07.27 16:07,SELL,LienKe,4078.673,4082.420,37.5,59.5,15.5,1.59,0.41,1,1,31,1,1,31,1,2,31,1,10,31,0,,,0,,,0,,,0,,,0,,,SL,-37.47,45
2026.07.27 15:22,2026.07.27 16:07,SELL,LienKe,4077.485,4082.420,49.3,47.6,27.4,0.96,0.56,1,1,9,1,2,9,1,10,28,0,,,0,,,0,,,0,,,0,,,0,,,SL,-49.35,45
2026.07.28 07:21,2026.07.28 08:06,SELL,LienKe,4051.745,4055.418,36.7,54.6,14.1,1.49,0.38,1,3,5,1,3,5,1,16,41,1,37,41,0,,,0,,,0,,,0,,,0,,,SL,-36.73,45
2026.07.28 07:21,2026.07.28 08:06,SELL,LienKe,4051.447,4055.418,39.7,51.6,17.1,1.30,0.43,1,3,4,1,12,41,1,24,41,1,37,41,0,,,0,,,0,,,0,,,0,,,SL,-39.71,45
2026.07.28 06:43,2026.07.28 08:06,SELL,Swing,4051.454,4055.115,36.6,51.6,17.0,1.41,0.47,1,1,11,1,2,11,1,4,11,1,75,79,0,,,0,,,0,,,0,,,0,,,SL,-36.61,83
2026.07.28 06:41,2026.07.28 08:06,SELL,Swing,4050.723,4055.115,43.9,44.3,24.3,1.01,0.55,1,4,9,1,4,9,1,19,29,0,,,0,,,0,,,0,,,0,,,0,,,SL,-43.92,85
2026.07.28 09:08,2026.07.28 09:30,BUY,LienKe,4041.805,4038.310,34.9,22.9,29.5,0.65,0.84,1,1,5,1,9,19,0,,,0,,,0,,,0,,,0,,,0,,,0,,,SL,-34.95,22
2026.07.28 09:08,2026.07.28 09:30,BUY,LienKe,4042.869,4038.310,45.6,12.2,40.1,0.27,0.88,1,9,10,0,,,0,,,0,,,0,,,0,,,0,,,0,,,0,,,SL,-45.59,22
2026.07.28 11:08,2026.07.28 11:18,SELL,LienKe,4028.282,4031.861,35.8,50.0,22.5,1.40,0.63,1,1,7,1,4,7,1,5,7,0,,,0,,,0,,,0,,,0,,,0,,,SL,-35.79,10
2026.07.28 11:02,2026.07.28 11:18,SELL,LienKe,4026.897,4031.861,49.6,36.1,36.4,0.73,0.73,1,1,2,1,11,13,1,12,13,0,,,0,,,0,,,0,,,0,,,0,,,SL,-49.64,16
2026.07.28 12:12,2026.07.28 14:20,BUY,LienKe,4024.628,4019.857,47.7,134.7,46.6,2.82,0.98,1,0,85,1,1,85,1,1,85,1,7,85,1,11,85,1,16,85,0,,,0,,,0,,,SL,-47.71,128
2026.07.28 10:22,2026.07.28 14:21,BUY,LienKe,4019.627,4015.814,38.1,184.7,28.0,4.84,0.73,1,10,238,1,10,238,1,10,238,1,24,238,1,31,238,1,53,238,1,126,238,0,,,0,,,SL,-38.13,239
2026.07.28 10:22,2026.07.28 14:21,BUY,LienKe,4020.716,4015.814,49.0,173.8,38.9,3.55,0.79,1,10,13,1,10,13,1,24,199,1,24,199,1,38,199,1,56,199,1,144,199,0,,,0,,,SL,-49.02,239
2026.07.28 15:12,2026.07.28 15:20,SELL,LienKe,4032.110,4037.831,57.2,31.6,46.5,0.55,0.81,1,1,2,1,1,2,1,1,2,0,,,0,,,0,,,0,,,0,,,0,,,SL,-57.21,8
2026.07.28 15:11,2026.07.28 15:20,SELL,LienKe,4029.465,4037.831,83.7,15.9,73.0,0.19,0.87,1,0,1,0,,,0,,,0,,,0,,,0,,,0,,,0,,,0,,,SL,-83.66,9
2026.07.29 09:21,2026.07.29 09:30,BUY,LienKe,4035.822,4032.370,34.5,3.8,24.1,0.11,0.70,0,,,0,,,0,,,0,,,0,,,0,,,0,,,0,,,0,,,SL,-34.52,9
2026.07.29 09:15,2026.07.29 09:30,BUY,LienKe,4036.573,4032.370,42.0,9.6,31.6,0.23,0.75,0,,,0,,,0,,,0,,,0,,,0,,,0,,,0,,,0,,,SL,-42.03,15
2026.07.29 12:18,2026.07.29 12:22,BUY,Swing,4020.737,4016.145,45.9,27.8,44.0,0.60,0.96,1,0,1,1,0,1,0,,,0,,,0,,,0,,,0,,,0,,,0,,,SL,-45.92,4
2026.07.29 12:18,2026.07.29 12:22,BUY,Swing,4022.514,4016.145,63.7,10.0,61.8,0.16,0.97,1,1,1,0,,,0,,,0,,,0,,,0,,,0,,,0,,,0,,,SL,-63.69,4
2026.07.30 10:15,2026.07.30 10:16,SELL,LienKe,4072.986,4077.803,48.2,1.5,6.2,0.03,0.13,0,,,0,,,0,,,0,,,0,,,0,,,0,,,0,,,0,,,SL,-48.17,1
2026.07.30 10:11,2026.07.30 10:16,SELL,LienKe,4071.173,4077.803,66.3,66.8,24.4,1.01,0.37,1,0,4,1,1,4,1,1,4,1,1,4,0,,,0,,,0,,,0,,,0,,,SL,-66.30,5
2026.07.30 13:22,2026.07.30 13:37,SELL,Swing,4083.234,4089.946,67.1,88.1,20.9,1.31,0.31,1,1,14,1,1,14,1,4,14,1,5,14,1,5,14,0,,,0,,,0,,,0,,,SL,-67.12,15
2026.07.30 12:31,2026.07.30 13:37,SELL,LienKe,4079.764,4089.946,101.8,146.5,55.6,1.44,0.55,1,0,10,1,0,10,1,0,10,1,0,10,1,20,50,1,21,50,0,,,0,,,0,,,SL,-101.82,66
2026.07.30 12:31,2026.07.30 13:37,SELL,Swing,4079.764,4089.946,101.8,146.5,55.6,1.44,0.55,1,0,10,1,0,10,1,0,10,1,0,10,1,20,50,1,21,50,0,,,0,,,0,,,SL,-101.82,66
2026.07.30 13:04,2026.07.30 13:38,BUY,LienKe,4066.922,4061.878,50.4,269.5,7.2,5.34,0.14,1,0,1,1,1,1,1,1,1,1,3,-,1,3,-,1,10,-,1,18,-,1,33,-,0,,,TP,300.00,34
2026.07.30 13:01,2026.07.30 13:48,BUY,LienKe,4070.426,4061.878,85.5,281.8,42.3,3.30,0.49,1,0,2,1,0,2,1,1,2,1,6,10,1,20,-,1,21,-,1,36,-,1,36,-,0,,,TP,300.00,47
2026.07.31 12:25,2026.07.31 12:30,BUY,LienKe,4050.332,4046.784,35.5,19.8,34.8,0.56,0.98,1,0,2,0,,,0,,,0,,,0,,,0,,,0,,,0,,,0,,,SL,-35.48,5
2026.07.31 12:25,2026.07.31 12:30,BUY,Swing,4050.332,4046.784,35.5,19.8,34.8,0.56,0.98,1,0,2,0,,,0,,,0,,,0,,,0,,,0,,,0,,,0,,,SL,-35.48,5
2026.07.31 12:24,2026.07.31 12:30,BUY,LienKe,4051.301,4046.784,45.2,10.1,44.5,0.22,0.99,1,2,2,0,,,0,,,0,,,0,,,0,,,0,,,0,,,0,,,SL,-45.17,6
2026.07.31 12:24,2026.07.31 12:30,BUY,Swing,4051.301,4046.784,45.2,10.1,44.5,0.22,0.99,1,2,2,0,,,0,,,0,,,0,,,0,,,0,,,0,,,0,,,SL,-45.17,6
2026.07.31 17:30,2026.08.02 22:01,SELL,Swing,4051.825,4056.435,46.1,85.2,41.0,1.85,0.89,1,4,10,1,4,10,1,4,10,1,155,185,1,206,-,0,,,0,,,0,,,0,,,SL,-46.10,3150
2026.07.31 17:30,2026.08.02 22:01,SELL,Swing,4050.521,4056.435,59.1,72.1,54.0,1.22,0.91,1,0,0,1,4,5,1,43,47,1,157,183,0,,,0,,,0,,,0,,,0,,,SL,-59.14,3151
2026.08.03 01:13,2026.08.03 01:16,BUY,LienKe,4053.899,4048.597,53.0,4.1,27.0,0.08,0.51,0,,,0,,,0,,,0,,,0,,,0,,,0,,,0,,,0,,,SL,-53.02,3
2026.08.03 01:01,2026.08.03 01:16,BUY,LienKe,4056.550,4048.597,79.5,68.8,53.5,0.86,0.67,1,0,1,1,0,1,1,0,1,1,0,1,0,,,0,,,0,,,0,,,0,,,SL,-79.53,15
2026.08.03 04:08,2026.08.03 04:36,SELL,LienKe,4067.772,4071.383,36.1,23.0,35.8,0.64,0.99,1,1,8,1,1,8,0,,,0,,,0,,,0,,,0,,,0,,,0,,,SL,-36.11,28
2026.08.03 04:08,2026.08.03 04:36,SELL,LienKe,4067.110,4071.383,42.7,16.4,42.4,0.38,0.99,1,1,7,0,,,0,,,0,,,0,,,0,,,0,,,0,,,0,,,SL,-42.73,28
2026.08.03 11:24,2026.08.03 12:43,BUY,LienKe,4046.721,4042.314,44.1,179.8,39.1,4.08,0.89,1,0,73,1,2,73,1,2,73,1,13,73,1,19,73,1,25,73,1,26,73,0,,,0,,,SL,-44.07,79
2026.08.03 06:01,2026.08.03 13:13,SELL,LienKe,4070.066,4073.737,36.7,290.9,21.4,7.93,0.58,1,0,1,1,3,4,1,9,18,1,33,-,1,33,-,1,63,-,1,76,-,1,209,-,0,,,TP,300.00,432
2026.08.03 06:01,2026.08.03 13:13,SELL,LienKe,4069.444,4073.737,42.9,284.7,27.6,6.63,0.64,1,0,1,1,7,17,1,11,17,1,33,-,1,33,-,1,75,-,1,77,-,1,209,-,0,,,TP,300.00,432
2026.08.03 18:01,2026.08.04 00:01,BUY,LienKe,4031.083,4026.475,46.1,271.5,10.8,5.89,0.23,1,1,2,1,4,-,1,8,-,1,8,-,1,41,-,1,43,-,1,59,-,1,80,-,0,,,TP,294.65,360
2026.08.04 08:55,2026.08.04 09:06,BUY,Swing,4055.884,4052.167,37.2,3.4,36.0,0.09,0.97,0,,,0,,,0,,,0,,,0,,,0,,,0,,,0,,,0,,,SL,-37.17,11
2026.08.04 08:53,2026.08.04 09:06,BUY,Swing,4056.491,4052.167,43.2,7.8,42.1,0.18,0.97,0,,,0,,,0,,,0,,,0,,,0,,,0,,,0,,,0,,,SL,-43.24,13
2026.08.04 12:43,2026.08.04 13:23,SELL,LienKe,4083.463,4087.490,40.3,222.9,4.8,5.53,0.12,1,0,-,1,0,-,1,0,-,1,1,-,1,9,-,1,14,-,1,17,-,1,21,-,0,,,SL,-40.27,40
2026.08.04 12:41,2026.08.04 13:23,SELL,LienKe,4081.916,4087.490,55.7,207.4,20.3,3.72,0.36,1,1,1,1,1,1,1,3,41,1,4,41,1,12,41,1,17,41,1,22,41,1,25,41,0,,,SL,-55.74,42
2026.08.05 01:10,2026.08.05 01:16,SELL,LienKe,4084.037,4088.644,46.1,7.7,31.8,0.17,0.69,0,,,0,,,0,,,0,,,0,,,0,,,0,,,0,,,0,,,SL,-46.07,6
2026.08.05 01:01,2026.08.05 01:16,SELL,LienKe,4081.557,4088.644,70.9,38.7,56.6,0.55,0.80,1,0,2,1,0,2,1,0,2,0,,,0,,,0,,,0,,,0,,,0,,,SL,-70.87,15
2026.08.05 01:12,2026.08.05 01:38,SELL,Swing,4085.669,4089.850,41.8,54.9,39.2,1.31,0.94,1,1,2,1,1,2,1,21,23,1,21,23,0,,,0,,,0,,,0,,,0,,,SL,-41.81,26
2026.08.05 01:12,2026.08.05 01:38,SELL,Swing,4083.765,4089.850,60.9,35.8,58.2,0.59,0.96,1,21,22,1,21,22,1,21,22,0,,,0,,,0,,,0,,,0,,,0,,,SL,-60.85,26
2026.08.05 02:20,2026.08.05 02:25,SELL,LienKe,4101.734,4105.971,42.4,9.6,22.8,0.23,0.54,0,,,0,,,0,,,0,,,0,,,0,,,0,,,0,,,0,,,SL,-42.37,5
2026.08.05 02:02,2026.08.05 02:25,SELL,LienKe,4100.677,4105.971,52.9,50.6,33.3,0.96,0.63,1,0,9,1,0,9,1,3,9,1,16,18,0,,,0,,,0,,,0,,,0,,,SL,-52.94,23
2026.08.05 06:13,2026.08.05 06:35,SELL,LienKe,4172.867,4176.848,39.8,118.2,18.2,2.97,0.46,1,2,21,1,3,21,1,4,21,1,4,21,1,8,21,1,8,21,0,,,0,,,0,,,SL,-39.81,22
2026.08.05 06:13,2026.08.05 06:35,SELL,LienKe,4171.817,4176.848,50.3,107.7,28.7,2.14,0.57,1,3,21,1,4,21,1,4,21,1,6,21,1,8,21,1,9,21,0,,,0,,,0,,,SL,-50.31,22
2026.08.05 08:40,2026.08.05 08:58,BUY,LienKe,4162.482,4159.002,34.8,47.1,28.1,1.35,0.81,1,0,1,1,2,6,1,3,6,0,,,0,,,0,,,0,,,0,,,0,,,SL,-34.80,18
2026.08.05 08:25,2026.08.05 08:58,BUY,LienKe,4162.930,4159.002,39.3,42.6,32.6,1.08,0.83,1,2,3,1,3,6,1,9,15,0,,,0,,,0,,,0,,,0,,,0,,,SL,-39.28,33
2026.08.05 11:31,2026.08.05 11:36,SELL,Swing,4179.431,4183.824,43.9,13.5,35.0,0.31,0.80,1,0,1,0,,,0,,,0,,,0,,,0,,,0,,,0,,,0,,,SL,-43.93,5
2026.08.05 11:29,2026.08.05 11:36,SELL,Swing,4178.233,4183.824,55.9,43.0,47.0,0.77,0.84,1,0,2,1,0,2,1,0,2,0,,,0,,,0,,,0,,,0,,,0,,,SL,-55.91,7
2026.08.05 12:03,2026.08.05 12:05,SELL,LienKe,4192.525,4196.582,40.6,0.0,30.7,0.00,0.76,0,,,0,,,0,,,0,,,0,,,0,,,0,,,0,,,0,,,SL,-40.57,2
2026.08.05 12:03,2026.08.05 12:05,SELL,LienKe,4191.173,4196.582,54.1,0.3,44.2,0.01,0.82,0,,,0,,,0,,,0,,,0,,,0,,,0,,,0,,,0,,,SL,-54.09,2
2026.08.05 19:37,2026.08.05 20:44,BUY,LienKe,4248.994,4245.177,38.2,47.4,36.9,1.24,0.97,1,1,11,1,1,11,1,3,11,0,,,0,,,0,,,0,,,0,,,0,,,SL,-38.17,67
2026.08.05 19:36,2026.08.05 20:44,BUY,LienKe,4250.154,4245.177,49.8,35.8,48.5,0.72,0.97,1,4,12,1,4,12,1,6,12,0,,,0,,,0,,,0,,,0,,,0,,,SL,-49.77,68
2026.08.06 11:22,2026.08.06 11:24,BUY,LienKe,4264.869,4260.882,39.9,0.0,37.9,0.00,0.95,0,,,0,,,0,,,0,,,0,,,0,,,0,,,0,,,0,,,SL,-39.87,1
2026.08.06 11:20,2026.08.06 11:24,BUY,LienKe,4266.102,4260.882,52.2,4.2,50.2,0.08,0.96,0,,,0,,,0,,,0,,,0,,,0,,,0,,,0,,,0,,,SL,-52.20,4
2026.08.06 15:56,2026.08.06 16:16,BUY,Swing,4231.321,4225.929,53.9,119.2,23.2,2.21,0.43,1,0,17,1,1,17,1,1,17,1,1,17,1,9,17,1,9,17,0,,,0,,,0,,,SL,-53.92,20
2026.08.06 15:56,2026.08.06 16:16,BUY,Swing,4234.277,4225.929,83.5,89.6,52.8,1.07,0.63,1,0,0,1,1,2,1,1,2,1,9,17,1,12,17,0,,,0,,,0,,,0,,,SL,-83.48,20
2026.08.06 17:05,2026.08.06 17:52,SELL,LienKe,4242.707,4246.504,38.0,41.1,22.5,1.08,0.59,1,2,4,1,10,15,1,10,15,0,,,0,,,0,,,0,,,0,,,0,,,SL,-37.97,47
2026.08.06 17:01,2026.08.06 17:52,SELL,LienKe,4241.850,4246.504,46.5,32.5,31.1,0.70,0.67,1,0,0,1,1,3,1,21,24,0,,,0,,,0,,,0,,,0,,,0,,,SL,-46.54,51
2026.08.06 23:07,2026.08.06 23:33,SELL,LienKe,4243.690,4248.712,50.2,4.0,40.0,0.08,0.80,0,,,0,,,0,,,0,,,0,,,0,,,0,,,0,,,0,,,SL,-50.22,26
2026.08.06 23:07,2026.08.06 23:33,SELL,LienKe,4243.653,4248.712,50.6,3.6,40.3,0.07,0.80,0,,,0,,,0,,,0,,,0,,,0,,,0,,,0,,,0,,,SL,-50.59,26
2026.08.06 18:10,2026.08.06 23:52,SELL,LienKe,4248.194,4252.044,38.5,150.1,33.9,3.90,0.88,1,1,4,1,6,6,1,22,52,1,25,52,1,74,103,1,75,103,1,93,103,0,,,0,,,SL,-38.50,342
2026.08.06 18:10,2026.08.06 23:52,SELL,LienKe,4248.171,4252.044,38.7,149.9,34.1,3.87,0.88,1,1,4,1,6,6,1,22,52,1,25,52,1,74,103,1,75,103,0,,,0,,,0,,,SL,-38.73,342
2026.08.07 04:05,2026.08.07 05:33,SELL,LienKe,4266.287,4272.281,59.9,52.6,56.7,0.88,0.95,1,1,2,1,8,9,1,12,17,1,36,37,0,,,0,,,0,,,0,,,0,,,SL,-59.94,88
2026.08.07 04:02,2026.08.07 05:33,SELL,LienKe,4264.943,4272.281,73.4,39.1,70.1,0.53,0.96,1,0,2,1,0,2,1,40,40,0,,,0,,,0,,,0,,,0,,,0,,,SL,-73.38,91
2026.08.07 11:02,2026.08.07 11:03,SELL,LienKe,4319.303,4323.755,44.5,7.1,4.5,0.16,0.10,0,,,0,,,0,,,0,,,0,,,0,,,0,,,0,,,0,,,SL,-44.52,1
2026.08.07 11:03,2026.08.07 11:03,SELL,LienKe,4320.153,4323.755,36.0,0.0,45.1,0.00,1.25,0,,,0,,,0,,,0,,,0,,,0,,,0,,,0,,,0,,,SL,-36.02,0
2026.08.07 15:11,2026.08.07 15:17,SELL,LienKe,4351.561,4356.594,50.3,50.5,47.2,1.00,0.94,1,0,2,1,0,2,1,0,2,1,0,2,0,,,0,,,0,,,0,,,0,,,SL,-50.33,6
2026.08.07 15:10,2026.08.07 15:17,SELL,LienKe,4348.545,4356.594,80.5,20.3,77.4,0.25,0.96,1,1,2,1,1,2,0,,,0,,,0,,,0,,,0,,,0,,,0,,,SL,-80.49,7
2026.08.07 16:01,2026.08.07 16:25,BUY,LienKe,4339.425,4335.344,40.8,104.4,18.2,2.56,0.45,1,0,2,1,1,2,1,3,23,1,4,23,1,6,23,1,8,23,0,,,0,,,0,,,SL,-40.81,24
2026.08.07 16:01,2026.08.07 16:25,BUY,LienKe,4340.610,4335.344,52.7,92.6,30.1,1.76,0.57,1,1,2,1,3,22,1,3,22,1,4,22,1,7,22,0,,,0,,,0,,,0,,,SL,-52.66,24
2026.08.10 00:57,2026.08.10 01:00,BUY,LienKe,4331.346,4327.608,37.4,21.0,7.1,0.56,0.19,1,0,1,1,3,-,0,,,0,,,0,,,0,,,0,,,0,,,0,,,SL,-37.38,3
2026.08.10 00:57,2026.08.10 01:00,BUY,LienKe,4332.287,4327.608,46.8,11.6,16.5,0.25,0.35,1,3,-,0,,,0,,,0,,,0,,,0,,,0,,,0,,,0,,,SL,-46.79,3
2026.08.10 01:04,2026.08.10 01:05,BUY,LienKe,4329.186,4324.040,51.5,0.0,21.8,0.00,0.42,0,,,0,,,0,,,0,,,0,,,0,,,0,,,0,,,0,,,SL,-51.46,1
2026.08.10 01:04,2026.08.10 01:05,BUY,Swing,4329.186,4324.040,51.5,0.0,21.8,0.00,0.42,0,,,0,,,0,,,0,,,0,,,0,,,0,,,0,,,0,,,SL,-51.46,1
2026.08.10 01:01,2026.08.10 01:05,BUY,LienKe,4331.647,4324.040,76.1,89.9,46.4,1.18,0.61,1,0,3,1,0,3,1,0,3,1,0,3,1,2,3,0,,,0,,,0,,,0,,,SL,-76.07,4
2026.08.10 01:01,2026.08.10 01:05,BUY,Swing,4331.647,4324.040,76.1,89.9,46.4,1.18,0.61,1,0,3,1,0,3,1,0,3,1,0,3,1,2,3,0,,,0,,,0,,,0,,,SL,-76.07,4
2026.08.10 05:34,2026.08.10 05:40,SELL,LienKe,4339.556,4342.795,32.4,8.8,27.4,0.27,0.85,0,,,0,,,0,,,0,,,0,,,0,,,0,,,0,,,0,,,SL,-32.39,6
2026.08.10 05:02,2026.08.10 05:40,SELL,LienKe,4336.649,4342.795,61.5,49.5,56.5,0.81,0.92,1,0,1,1,10,21,1,16,21,0,,,0,,,0,,,0,,,0,,,0,,,SL,-61.46,38
2026.08.10 10:01,2026.08.10 10:58,BUY,LienKe,4340.213,4336.645,35.7,40.2,27.6,1.13,0.77,1,0,1,1,19,36,1,20,36,0,,,0,,,0,,,0,,,0,,,0,,,SL,-35.68,57
2026.08.10 10:01,2026.08.10 10:58,BUY,LienKe,4340.750,4336.645,41.0,34.9,33.0,0.85,0.80,1,19,32,1,20,32,1,21,32,0,,,0,,,0,,,0,,,0,,,0,,,SL,-41.05,57
2026.08.10 13:52,2026.08.10 13:57,BUY,LienKe,4324.971,4320.749,42.2,10.6,40.8,0.25,0.97,1,0,1,0,,,0,,,0,,,0,,,0,,,0,,,0,,,0,,,SL,-42.22,5
2026.08.10 13:52,2026.08.10 13:57,BUY,LienKe,4326.497,4320.749,57.5,0.0,56.1,0.00,0.98,0,,,0,,,0,,,0,,,0,,,0,,,0,,,0,,,0,,,SL,-57.48,5
2026.08.10 15:19,2026.08.10 15:51,SELL,LienKe,4351.325,4355.283,39.6,38.4,31.7,0.97,0.80,1,0,1,1,0,1,1,6,9,0,,,0,,,0,,,0,,,0,,,0,,,SL,-39.58,32
2026.08.10 15:08,2026.08.10 15:51,SELL,LienKe,4350.421,4355.283,48.6,70.7,40.7,1.45,0.84,1,0,9,1,0,9,1,0,9,1,1,9,0,,,0,,,0,,,0,,,0,,,SL,-48.62,43
2026.08.10 17:40,2026.08.10 22:01,SELL,LienKe,4363.700,4368.634,49.3,58.3,318.8,1.18,6.46,1,2,21,1,3,21,1,3,21,1,5,21,0,,,0,,,0,,,0,,,0,,,SL,-49.34,261
2026.08.10 22:12,2026.08.10 22:42,SELL,LienKe,4392.331,4396.016,36.8,14.1,22.1,0.38,0.60,1,2,3,0,,,0,,,0,,,0,,,0,,,0,,,0,,,0,,,SL,-36.85,30
2026.08.10 22:12,2026.08.10 22:42,SELL,LienKe,4391.680,4396.016,43.4,7.6,28.6,0.17,0.66,0,,,0,,,0,,,0,,,0,,,0,,,0,,,0,,,0,,,SL,-43.36,30
2026.08.10 23:05,2026.08.11 00:04,SELL,LienKe,4400.892,4404.942,40.5,60.3,30.8,1.49,0.76,1,3,50,1,3,50,1,4,50,1,4,50,0,,,0,,,0,,,0,,,0,,,SL,-40.50,59
2026.08.10 23:01,2026.08.11 00:04,SELL,LienKe,4399.644,4404.942,53.0,47.8,43.3,0.90,0.82,1,2,4,1,8,54,1,8,54,0,,,0,,,0,,,0,,,0,,,0,,,SL,-52.98,63
2026.08.11 01:21,2026.08.11 01:40,SELL,LienKe,4418.100,4422.692,45.9,43.7,37.3,0.95,0.81,1,2,7,1,2,7,1,3,7,0,,,0,,,0,,,0,,,0,,,0,,,SL,-45.92,19
2026.08.11 01:18,2026.08.11 01:40,SELL,LienKe,4415.683,4422.692,70.1,19.5,61.4,0.28,0.88,1,0,1,0,,,0,,,0,,,0,,,0,,,0,,,0,,,0,,,SL,-70.09,22
2026.08.11 10:24,2026.08.11 10:26,SELL,Swing,4376.490,4380.895,44.1,0.0,40.7,0.00,0.92,0,,,0,,,0,,,0,,,0,,,0,,,0,,,0,,,0,,,SL,-44.05,1
2026.08.11 10:24,2026.08.11 10:26,SELL,Swing,4376.171,4380.895,47.2,1.4,43.9,0.03,0.93,0,,,0,,,0,,,0,,,0,,,0,,,0,,,0,,,0,,,SL,-47.24,2
2026.08.11 13:22,2026.08.11 13:45,SELL,LienKe,4400.031,4404.080,40.5,110.8,22.8,2.74,0.56,1,1,4,1,1,4,1,2,4,1,10,18,1,12,18,1,12,18,0,,,0,,,0,,,SL,-40.49,23
2026.08.11 13:12,2026.08.11 13:45,SELL,LienKe,4399.304,4404.080,47.8,103.5,30.1,2.17,0.63,1,1,9,1,2,9,1,2,9,1,2,9,1,4,9,1,23,25,0,,,0,,,0,,,SL,-47.76,33
2026.08.11 17:59,2026.08.11 18:02,BUY,Swing,4369.958,4365.744,42.1,0.0,35.6,0.00,0.85,0,,,0,,,0,,,0,,,0,,,0,,,0,,,0,,,0,,,SL,-42.14,3
2026.08.11 17:58,2026.08.11 18:02,BUY,Swing,4371.537,4365.744,57.9,1.9,51.4,0.03,0.89,0,,,0,,,0,,,0,,,0,,,0,,,0,,,0,,,0,,,SL,-57.93,4
2026.08.12 01:02,2026.08.12 01:06,SELL,LienKe,4382.330,4387.212,48.8,18.4,44.2,0.38,0.90,1,0,1,0,,,0,,,0,,,0,,,0,,,0,,,0,,,0,,,SL,-48.82,4
2026.08.12 01:01,2026.08.12 01:06,SELL,LienKe,4378.666,4387.212,85.5,0.6,80.8,0.01,0.95,0,,,0,,,0,,,0,,,0,,,0,,,0,,,0,,,0,,,SL,-85.46,5
2026.08.12 03:07,2026.08.12 09:15,SELL,LienKe,4413.383,4417.430,40.5,293.0,32.1,7.24,0.79,1,1,2,1,7,366,1,8,366,1,9,366,1,15,366,1,34,366,1,63,366,1,135,366,0,,,SL,-40.47,368
2026.08.12 03:03,2026.08.12 09:15,SELL,LienKe,4411.749,4417.430,56.8,276.7,48.5,4.87,0.85,1,0,4,1,1,4,1,13,369,1,14,369,1,37,369,1,40,369,1,70,369,1,147,369,0,,,SL,-56.81,372
2026.08.12 12:05,2026.08.12 12:30,BUY,LienKe,4408.171,4404.575,36.0,245.5,35.4,6.83,0.98,1,2,3,1,22,-,1,22,-,1,22,-,1,24,-,1,24,-,1,24,-,1,24,-,0,,,SL,-35.96,25
2026.08.12 12:05,2026.08.12 12:30,BUY,LienKe,4409.097,4404.575,45.2,236.2,44.6,5.22,0.99,1,22,-,1,22,-,1,22,-,1,23,-,1,24,-,1,24,-,1,24,-,1,25,-,0,,,SL,-45.22,25
2026.08.12 12:34,2026.08.12 12:43,SELL,Swing,4424.392,4435.720,113.3,85.2,76.7,0.75,0.68,1,1,3,1,1,3,1,1,3,1,1,3,1,1,3,0,,,0,,,0,,,0,,,SL,-113.28,9
2026.08.12 16:45,2026.08.12 16:47,BUY,LienKe,4410.652,4406.216,44.4,6.9,21.9,0.16,0.49,0,,,0,,,0,,,0,,,0,,,0,,,0,,,0,,,0,,,SL,-44.36,2
2026.08.12 16:45,2026.08.12 16:47,BUY,LienKe,4411.305,4406.216,50.9,1.4,28.5,0.03,0.56,0,,,0,,,0,,,0,,,0,,,0,,,0,,,0,,,0,,,SL,-50.89,2
2026.08.13 00:06,2026.08.13 00:09,SELL,Swing,4418.396,4422.534,41.4,0.0,34.6,0.00,0.84,0,,,0,,,0,,,0,,,0,,,0,,,0,,,0,,,0,,,SL,-41.38,2
2026.08.13 00:04,2026.08.13 00:09,SELL,Swing,4417.609,4422.534,49.2,21.3,42.4,0.43,0.86,1,0,1,1,1,1,0,,,0,,,0,,,0,,,0,,,0,,,0,,,SL,-49.25,5
2026.08.13 04:00,2026.08.13 04:01,BUY,LienKe,4400.537,4395.510,50.3,0.0,27.5,0.00,0.55,0,,,0,,,0,,,0,,,0,,,0,,,0,,,0,,,0,,,SL,-50.27,1
2026.08.13 14:08,2026.08.13 14:30,BUY,LienKe,4371.298,4366.672,46.3,70.6,45.9,1.53,0.99,1,7,8,1,7,8,1,7,8,1,7,8,0,,,0,,,0,,,0,,,0,,,SL,-46.26,22
2026.08.13 14:05,2026.08.13 14:30,BUY,LienKe,4373.326,4366.672,66.5,56.0,66.2,0.84,0.99,1,0,3,1,0,3,1,1,3,1,1,3,0,,,0,,,0,,,0,,,0,,,SL,-66.54,25
2026.08.13 12:31,2026.08.13 14:30,SELL,LienKe,4389.628,4404.291,146.6,226.6,129.1,1.55,0.88,1,0,3,1,0,3,1,0,3,1,0,3,1,1,3,1,62,-,1,80,-,1,98,-,0,,,TP,300.00,119
2026.08.13 17:01,2026.08.13 17:08,SELL,LienKe,4368.646,4372.460,38.1,35.9,35.7,0.94,0.93,1,1,5,1,2,5,1,3,5,0,,,0,,,0,,,0,,,0,,,0,,,SL,-38.14,7
2026.08.13 17:01,2026.08.13 17:08,SELL,LienKe,4368.126,4372.460,43.3,30.7,40.9,0.71,0.94,1,1,5,1,2,5,1,3,5,0,,,0,,,0,,,0,,,0,,,0,,,SL,-43.34,7
2026.08.14 03:13,2026.08.14 03:30,SELL,LienKe,4322.530,4326.466,39.4,24.8,38.6,0.63,0.98,1,1,4,1,1,4,0,,,0,,,0,,,0,,,0,,,0,,,0,,,SL,-39.36,17
2026.08.14 03:09,2026.08.14 03:30,SELL,LienKe,4320.428,4326.466,60.4,16.8,59.6,0.28,0.99,1,1,1,0,,,0,,,0,,,0,,,0,,,0,,,0,,,0,,,SL,-60.38,21
2026.08.14 05:52,2026.08.14 05:55,SELL,LienKe,4327.930,4331.366,34.4,8.5,21.4,0.25,0.62,0,,,0,,,0,,,0,,,0,,,0,,,0,,,0,,,0,,,SL,-34.36,3
2026.08.14 05:52,2026.08.14 05:55,SELL,LienKe,4327.222,4331.366,41.4,1.5,28.5,0.04,0.69,0,,,0,,,0,,,0,,,0,,,0,,,0,,,0,,,0,,,SL,-41.44,3
2026.08.14 06:02,2026.08.14 07:03,SELL,LienKe,4333.569,4337.360,37.9,56.0,33.2,1.48,0.88,1,5,10,1,5,10,1,6,10,1,18,43,0,,,0,,,0,,,0,,,0,,,SL,-37.91,61
2026.08.14 06:02,2026.08.14 07:03,SELL,LienKe,4332.740,4337.360,46.2,47.7,41.5,1.03,0.90,1,5,10,1,6,10,1,9,10,0,,,0,,,0,,,0,,,0,,,0,,,SL,-46.20,61
2026.08.14 02:33,2026.08.14 07:45,BUY,LienKe,4311.700,4307.827,38.7,285.2,8.4,7.36,0.22,1,0,177,1,0,177,1,0,177,1,1,177,1,1,177,1,2,177,1,60,177,1,202,-,0,,,TP,300.00,312
2026.08.14 02:15,2026.08.14 07:45,BUY,LienKe,4312.820,4307.827,49.9,274.0,19.5,5.49,0.39,1,0,1,1,0,1,1,2,4,1,12,14,1,17,18,1,53,195,1,79,195,1,224,-,0,,,TP,300.00,330
2026.08.14 10:08,2026.08.14 11:34,SELL,LienKe,4356.888,4361.772,48.8,86.0,40.6,1.76,0.83,1,1,2,1,6,73,1,8,73,1,18,73,1,25,73,0,,,0,,,0,,,0,,,SL,-48.84,86
2026.08.14 17:26,2026.08.14 17:45,BUY,LienKe,4380.663,4376.688,39.7,21.7,38.1,0.55,0.96,1,2,3,1,8,9,0,,,0,,,0,,,0,,,0,,,0,,,0,,,SL,-39.75,19
2026.08.14 17:21,2026.08.14 17:45,BUY,LienKe,4382.552,4376.688,58.6,2.9,57.0,0.05,0.97,0,,,0,,,0,,,0,,,0,,,0,,,0,,,0,,,0,,,SL,-58.64,24
2026.08.17 00:20,2026.08.17 00:28,SELL,LienKe,4386.713,4390.641,39.3,25.3,30.6,0.64,0.78,1,2,4,1,3,4,0,,,0,,,0,,,0,,,0,,,0,,,0,,,SL,-39.28,8
2026.08.17 00:20,2026.08.17 00:28,SELL,Swing,4386.713,4390.641,39.3,25.3,30.6,0.64,0.78,1,2,4,1,3,4,0,,,0,,,0,,,0,,,0,,,0,,,0,,,SL,-39.28,8
2026.08.17 00:19,2026.08.17 00:28,SELL,LienKe,4385.276,4390.641,53.6,12.7,44.9,0.24,0.84,1,0,1,0,,,0,,,0,,,0,,,0,,,0,,,0,,,0,,,SL,-53.65,9
2026.08.17 00:19,2026.08.17 00:28,SELL,Swing,4385.276,4390.641,53.6,12.7,44.9,0.24,0.84,1,0,1,0,,,0,,,0,,,0,,,0,,,0,,,0,,,0,,,SL,-53.65,9
2026.08.17 08:46,2026.08.17 10:26,BUY,LienKe,4395.639,4392.148,34.9,49.1,32.7,1.41,0.94,1,1,2,1,22,42,1,23,42,0,,,0,,,0,,,0,,,0,,,0,,,SL,-34.91,100
2026.08.17 08:46,2026.08.17 10:26,BUY,LienKe,4396.418,4392.148,42.7,41.3,40.5,0.97,0.95,1,20,38,1,23,38,1,23,38,0,,,0,,,0,,,0,,,0,,,0,,,SL,-42.70,100
2026.08.17 18:04,2026.08.17 18:25,BUY,LienKe,4411.232,4407.637,36.0,50.2,24.8,1.40,0.69,1,2,2,1,10,20,1,11,20,1,14,20,0,,,0,,,0,,,0,,,0,,,SL,-35.95,21
2026.08.17 18:04,2026.08.17 18:25,BUY,LienKe,4412.010,4407.637,43.7,42.4,32.6,0.97,0.75,1,2,3,1,11,20,1,11,20,0,,,0,,,0,,,0,,,0,,,0,,,SL,-43.73,21
2026.08.18 01:46,2026.08.18 01:47,BUY,Swing,4410.525,4406.390,41.3,15.3,7.0,0.37,0.17,1,0,-,0,,,0,,,0,,,0,,,0,,,0,,,0,,,0,,,SL,-41.35,1
2026.08.18 01:46,2026.08.18 01:47,BUY,Swing,4411.863,4406.390,54.7,1.9,20.4,0.03,0.37,0,,,0,,,0,,,0,,,0,,,0,,,0,,,0,,,0,,,SL,-54.73,1
2026.08.17 23:01,2026.08.18 01:47,BUY,LienKe,4412.583,4406.742,58.4,236.7,31.9,4.05,0.55,1,3,163,1,13,163,1,14,163,1,15,163,1,25,163,1,42,163,1,59,163,1,96,163,0,,,SL,-63.76,166
2026.08.18 04:07,2026.08.18 05:31,BUY,LienKe,4390.569,4386.939,36.3,54.8,30.4,1.51,0.84,1,3,30,1,3,30,1,8,30,1,73,83,0,,,0,,,0,,,0,,,0,,,SL,-36.30,84
2026.08.18 04:01,2026.08.18 05:31,BUY,LienKe,4391.442,4386.939,45.0,46.1,39.1,1.02,0.87,1,10,11,1,15,17,1,48,61,0,,,0,,,0,,,0,,,0,,,0,,,SL,-45.03,90
2026.08.18 12:22,2026.08.18 13:41,SELL,LienKe,4398.751,4403.978,52.3,227.5,48.0,4.35,0.92,1,1,2,1,2,72,1,2,72,1,3,72,1,39,72,1,48,72,1,68,72,1,68,72,0,,,SL,-52.27,79
2026.08.18 12:22,2026.08.18 13:41,SELL,Swing,4398.751,4403.978,52.3,227.5,48.0,4.35,0.92,1,1,2,1,2,72,1,2,72,1,3,72,1,39,72,1,48,72,1,68,72,1,68,72,0,,,SL,-52.27,79
2026.08.18 07:06,2026.08.18 13:41,SELL,LienKe,4400.115,4403.993,38.8,241.2,38.0,6.22,0.98,1,0,9,1,1,9,1,28,31,1,54,315,1,60,315,1,61,315,1,384,389,1,384,389,0,,,SL,-38.78,395
2026.08.18 07:06,2026.08.18 13:41,SELL,LienKe,4399.845,4403.993,41.5,238.5,40.7,5.75,0.98,1,1,9,1,1,9,1,28,30,1,54,221,1,60,221,1,64,221,1,384,389,1,384,389,0,,,SL,-41.48,395
2026.08.18 14:54,2026.08.18 14:58,BUY,LienKe,4378.359,4369.360,90.0,46.9,33.6,0.52,0.37,1,0,2,1,0,2,1,0,2,0,,,0,,,0,,,0,,,0,,,0,,,SL,-89.99,4
2026.08.18 14:58,2026.08.18 14:58,BUY,LienKe,4375.146,4369.360,57.9,0.0,59.6,0.00,1.03,0,,,0,,,0,,,0,,,0,,,0,,,0,,,0,,,0,,,SL,-57.86,0
2026.08.18 19:24,2026.08.18 19:44,BUY,LienKe,4353.266,4349.548,37.2,45.0,9.8,1.21,0.26,1,2,-,1,4,-,1,8,-,0,,,0,,,0,,,0,,,0,,,0,,,SL,-37.18,20
2026.08.18 19:22,2026.08.18 19:44,BUY,LienKe,4355.126,4349.548,55.8,26.4,28.4,0.47,0.51,1,0,1,1,19,21,0,,,0,,,0,,,0,,,0,,,0,,,0,,,SL,-55.78,22
2026.08.18 23:15,2026.08.18 23:33,BUY,LienKe,4333.111,4329.462,36.5,42.3,32.8,1.16,0.90,1,2,3,1,6,8,1,6,8,0,,,0,,,0,,,0,,,0,,,0,,,SL,-36.49,18
2026.08.18 23:15,2026.08.18 23:33,BUY,LienKe,4334.107,4329.462,46.4,32.3,42.8,0.70,0.92,1,7,8,1,7,8,1,7,8,0,,,0,,,0,,,0,,,0,,,0,,,SL,-46.45,18
2026.08.19 01:03,2026.08.19 01:40,BUY,Swing,4327.222,4321.382,58.4,291.6,5.1,4.99,0.09,1,0,-,1,1,-,1,1,-,1,1,-,1,2,-,1,2,-,1,5,-,1,30,-,0,,,TP,300.00,36
2026.08.19 01:03,2026.08.19 02:18,BUY,Swing,4330.531,4321.382,91.5,288.1,38.2,3.15,0.42,1,0,0,1,1,-,1,2,-,1,2,-,1,3,-,1,3,-,1,12,-,1,31,-,0,,,TP,300.00,75
2026.08.19 05:08,2026.08.19 05:11,BUY,LienKe,4343.893,4339.911,39.8,0.0,37.6,0.00,0.94,0,,,0,,,0,,,0,,,0,,,0,,,0,,,0,,,0,,,SL,-39.82,3
2026.08.19 05:08,2026.08.19 05:11,BUY,LienKe,4344.240,4339.911,43.3,0.0,41.1,0.00,0.95,0,,,0,,,0,,,0,,,0,,,0,,,0,,,0,,,0,,,SL,-43.29,3
2026.08.19 10:08,2026.08.19 10:17,SELL,Swing,4362.543,4366.299,37.6,15.6,36.8,0.41,0.98,1,1,4,0,,,0,,,0,,,0,,,0,,,0,,,0,,,0,,,SL,-37.56,9
2026.08.19 10:01,2026.08.19 10:17,SELL,Swing,4361.449,4366.299,48.5,17.5,47.8,0.36,0.98,1,0,1,0,,,0,,,0,,,0,,,0,,,0,,,0,,,0,,,SL,-48.50,16
2026.08.19 12:04,2026.08.19 12:36,BUY,LienKe,4363.311,4358.883,44.3,252.7,4.2,5.71,0.10,1,1,-,1,1,-,1,3,-,1,7,-,1,16,-,1,17,-,1,29,-,1,30,-,0,,,TP,300.00,32
2026.08.20 04:36,2026.08.20 05:28,BUY,LienKe,4487.398,4483.736,36.6,67.0,34.0,1.83,0.93,1,4,6,1,12,37,1,13,37,1,29,37,0,,,0,,,0,,,0,,,0,,,SL,-36.62,51
2026.08.20 04:34,2026.08.20 05:28,BUY,LienKe,4488.239,4483.736,45.0,58.6,42.4,1.30,0.94,1,14,25,1,15,25,1,18,25,1,33,39,0,,,0,,,0,,,0,,,0,,,SL,-45.03,54
2026.08.20 05:17,2026.08.20 05:34,BUY,Swing,4484.882,4481.031,38.5,21.6,36.5,0.56,0.95,1,0,1,1,7,8,0,,,0,,,0,,,0,,,0,,,0,,,0,,,SL,-38.51,17
2026.08.20 05:15,2026.08.20 05:34,BUY,Swing,4485.713,4481.031,46.8,13.3,44.8,0.28,0.96,1,2,3,0,,,0,,,0,,,0,,,0,,,0,,,0,,,0,,,SL,-46.82,19
2026.08.20 10:01,2026.08.20 11:41,BUY,LienKe,4481.462,4477.526,39.4,134.2,27.3,3.41,0.69,1,0,77,1,2,77,1,2,77,1,4,77,1,8,77,1,15,77,0,,,0,,,0,,,SL,-39.36,100
2026.08.20 10:01,2026.08.20 11:41,BUY,LienKe,4483.194,4477.526,56.7,116.9,44.7,2.06,0.79,1,2,73,1,2,73,1,4,73,1,8,73,1,13,73,1,28,73,0,,,0,,,0,,,SL,-56.68,100
2026.08.20 11:42,2026.08.20 11:45,BUY,Swing,4477.794,4473.632,41.6,9.4,37.0,0.23,0.89,0,,,0,,,0,,,0,,,0,,,0,,,0,,,0,,,0,,,SL,-41.62,3
2026.08.20 11:42,2026.08.20 11:45,BUY,Swing,4479.289,4473.632,56.6,0.0,51.9,0.00,0.92,0,,,0,,,0,,,0,,,0,,,0,,,0,,,0,,,0,,,SL,-56.57,3
2026.08.21 01:02,2026.08.21 01:35,BUY,LienKe,4512.207,4505.614,65.9,270.0,3.9,4.10,0.06,1,0,3,1,0,3,1,0,3,1,1,3,1,11,-,1,13,-,1,19,-,1,29,-,0,,,TP,300.00,33
2026.08.21 04:04,2026.08.21 04:20,SELL,LienKe,4538.420,4542.183,37.6,22.5,33.5,0.60,0.89,1,2,5,1,3,5,0,,,0,,,0,,,0,,,0,,,0,,,0,,,SL,-37.63,16
2026.08.21 04:04,2026.08.21 04:20,SELL,LienKe,4537.804,4542.183,43.8,16.3,39.7,0.37,0.91,1,2,3,0,,,0,,,0,,,0,,,0,,,0,,,0,,,0,,,SL,-43.79,16
2026.08.21 05:10,2026.08.21 05:17,BUY,LienKe,4535.740,4532.176,35.6,30.5,18.5,0.86,0.52,1,0,1,1,4,5,1,4,5,0,,,0,,,0,,,0,,,0,,,0,,,SL,-35.64,7
2026.08.21 05:09,2026.08.21 05:17,BUY,LienKe,4536.774,4532.176,46.0,20.1,28.8,0.44,0.63,1,6,6,1,6,6,0,,,0,,,0,,,0,,,0,,,0,,,0,,,SL,-45.98,8
2026.08.21 04:26,2026.08.21 05:52,SELL,Swing,4544.660,4549.140,44.8,151.4,40.5,3.38,0.90,1,6,7,1,10,83,1,12,83,1,35,83,1,42,83,1,50,83,1,63,83,0,,,0,,,SL,-44.80,86
2026.08.21 04:22,2026.08.21 05:52,SELL,Swing,4543.585,4549.140,55.6,140.7,51.3,2.53,0.92,1,0,1,1,0,1,1,23,82,1,39,82,1,46,82,1,55,82,0,,,0,,,0,,,SL,-55.55,90
2026.08.21 06:20,2026.08.21 06:33,SELL,LienKe,4556.101,4559.801,37.0,59.2,35.5,1.60,0.96,1,0,7,1,1,7,1,1,7,1,3,7,0,,,0,,,0,,,0,,,0,,,SL,-37.00,13
2026.08.21 06:18,2026.08.21 06:33,SELL,LienKe,4554.827,4559.801,49.7,46.5,48.2,0.93,0.97,1,1,1,1,4,8,1,5,8,0,,,0,,,0,,,0,,,0,,,0,,,SL,-49.74,15
2026.08.21 07:47,2026.08.21 08:19,SELL,LienKe,4566.583,4570.963,43.8,73.2,42.6,1.67,0.97,1,1,2,1,1,2,1,5,13,1,7,13,0,,,0,,,0,,,0,,,0,,,SL,-43.80,32
2026.08.21 07:23,2026.08.21 08:19,SELL,LienKe,4564.976,4570.963,59.9,57.1,58.7,0.95,0.98,1,0,0,1,2,8,1,3,8,1,43,49,0,,,0,,,0,,,0,,,0,,,SL,-59.87,56
2026.08.21 15:28,2026.08.21 15:42,SELL,LienKe,4605.066,4610.729,56.6,54.2,40.2,0.96,0.71,1,1,5,1,1,5,1,2,5,1,2,5,0,,,0,,,0,,,0,,,0,,,SL,-56.63,14
2026.08.21 15:28,2026.08.21 15:42,SELL,Swing,4605.066,4610.729,56.6,54.2,40.2,0.96,0.71,1,1,5,1,1,5,1,2,5,1,2,5,0,,,0,,,0,,,0,,,0,,,SL,-56.63,14
2026.08.21 15:26,2026.08.21 15:42,SELL,LienKe,4601.613,4610.729,91.2,19.7,74.7,0.22,0.82,1,0,1,0,,,0,,,0,,,0,,,0,,,0,,,0,,,0,,,SL,-91.16,16
2026.08.21 15:26,2026.08.21 15:42,SELL,Swing,4601.613,4610.729,91.2,19.7,74.7,0.22,0.82,1,0,1,0,,,0,,,0,,,0,,,0,,,0,,,0,,,0,,,SL,-91.16,16
2026.08.21 16:02,2026.08.21 16:21,SELL,LienKe,4615.132,4619.311,41.8,57.7,29.2,1.38,0.70,1,4,5,1,6,11,1,6,11,1,7,11,0,,,0,,,0,,,0,,,0,,,SL,-41.79,19
2026.08.21 16:02,2026.08.21 16:21,SELL,LienKe,4613.708,4619.311,56.0,43.5,43.5,0.78,0.78,1,6,8,1,6,8,1,6,8,0,,,0,,,0,,,0,,,0,,,0,,,SL,-56.03,19
2026.08.24 00:03,2026.08.24 00:05,SELL,LienKe,4624.946,4628.693,37.5,0.0,33.6,0.00,0.90,0,,,0,,,0,,,0,,,0,,,0,,,0,,,0,,,0,,,SL,-37.47,2
2026.08.24 00:02,2026.08.24 00:05,SELL,LienKe,4621.158,4628.693,75.3,2.7,71.5,0.04,0.95,0,,,0,,,0,,,0,,,0,,,0,,,0,,,0,,,0,,,SL,-75.35,3
2026.08.21 17:04,2026.08.24 00:05,SELL,LienKe,4629.611,4634.076,44.7,269.1,27.8,6.03,0.62,1,0,3,1,0,3,1,1,3,1,9,-,1,18,-,1,18,-,1,193,-,1,214,-,0,,,SL,-44.65,3301
2026.08.21 17:04,2026.08.24 00:05,SELL,LienKe,4628.801,4634.076,52.7,261.0,35.9,4.95,0.68,1,0,1,1,1,2,1,8,-,1,9,-,1,18,-,1,19,-,1,194,-,1,214,-,0,,,SL,-52.75,3301
2026.08.24 00:26,2026.08.24 00:26,BUY,LienKe,4610.046,4600.694,93.5,17.2,2.6,0.18,0.03,1,0,-,0,,,0,,,0,,,0,,,0,,,0,,,0,,,0,,,SL,-93.52,0
2026.08.24 00:26,2026.08.24 00:26,BUY,LienKe,4606.709,4600.694,60.1,0.0,107.3,0.00,1.78,0,,,0,,,0,,,0,,,0,,,0,,,0,,,0,,,0,,,SL,-60.15,0
2026.08.24 05:31,2026.08.24 11:36,BUY,LienKe,4633.404,4627.747,56.6,280.8,47.5,4.96,0.84,1,4,6,1,4,6,1,4,6,1,5,6,1,20,134,1,31,134,1,35,134,1,44,134,0,,,TP,300.00,365
2026.08.24 11:36,2026.08.24 11:37,SELL,Swing,4656.925,4664.485,75.6,0.0,74.1,0.00,0.98,0,,,0,,,0,,,0,,,0,,,0,,,0,,,0,,,0,,,SL,-75.60,1
2026.08.24 11:36,2026.08.24 11:37,SELL,Swing,4652.293,4664.485,121.9,7.0,120.5,0.06,0.99,0,,,0,,,0,,,0,,,0,,,0,,,0,,,0,,,0,,,SL,-121.92,1
2026.08.24 05:31,2026.08.24 11:38,BUY,LienKe,4637.002,4627.747,92.6,297.1,83.5,3.21,0.90,1,0,0,1,0,0,1,20,132,1,20,132,1,31,132,1,35,132,1,43,132,1,44,132,0,,,TP,300.00,367
2026.08.24 15:30,2026.08.24 15:49,SELL,LienKe,4676.052,4682.756,67.0,253.8,18.7,3.79,0.28,1,0,1,1,0,1,1,0,1,1,2,-,1,9,-,1,10,-,1,13,-,1,15,-,0,,,TP,300.00,19
2026.08.24 22:03,2026.08.24 22:08,SELL,Swing,4654.674,4659.738,50.6,0.0,45.5,0.00,0.90,0,,,0,,,0,,,0,,,0,,,0,,,0,,,0,,,0,,,SL,-50.64,5
2026.08.24 22:03,2026.08.24 22:08,SELL,Swing,4652.521,4659.738,72.2,0.0,67.0,0.00,0.93,0,,,0,,,0,,,0,,,0,,,0,,,0,,,0,,,0,,,SL,-72.17,5
2026.08.25 02:02,2026.08.25 02:03,BUY,LienKe,4657.076,4653.099,39.8,0.0,17.8,0.00,0.45,0,,,0,,,0,,,0,,,0,,,0,,,0,,,0,,,0,,,SL,-39.77,1
2026.08.25 02:01,2026.08.25 02:03,BUY,LienKe,4659.029,4653.099,59.3,25.0,37.4,0.42,0.63,1,0,1,1,0,1,0,,,0,,,0,,,0,,,0,,,0,,,0,,,SL,-59.30,2
2026.08.25 05:08,2026.08.25 05:17,SELL,LienKe,4637.907,4642.078,41.7,29.8,39.7,0.71,0.95,1,0,3,1,0,3,0,,,0,,,0,,,0,,,0,,,0,,,0,,,SL,-41.71,9
2026.08.25 05:08,2026.08.25 05:17,SELL,LienKe,4636.696,4642.078,53.8,17.7,51.8,0.33,0.96,1,0,1,0,,,0,,,0,,,0,,,0,,,0,,,0,,,0,,,SL,-53.82,9
2026.08.25 13:06,2026.08.25 13:14,BUY,LienKe,4631.127,4626.952,41.8,28.9,31.0,0.69,0.74,1,3,3,1,5,6,0,,,0,,,0,,,0,,,0,,,0,,,0,,,SL,-41.75,8
2026.08.25 13:03,2026.08.25 13:14,BUY,LienKe,4632.607,4626.952,56.5,36.6,45.8,0.65,0.81,1,1,2,1,1,2,1,2,2,0,,,0,,,0,,,0,,,0,,,0,,,SL,-56.55,11
2026.08.25 22:36,2026.08.25 22:49,SELL,LienKe,4668.355,4672.562,42.1,0.0,40.3,0.00,0.96,0,,,0,,,0,,,0,,,0,,,0,,,0,,,0,,,0,,,SL,-42.07,13
2026.08.25 22:36,2026.08.25 22:49,SELL,LienKe,4667.814,4672.562,47.5,1.9,45.7,0.04,0.96,0,,,0,,,0,,,0,,,0,,,0,,,0,,,0,,,0,,,SL,-47.48,13
2026.08.26 01:01,2026.08.26 02:43,BUY,LienKe,4639.320,4626.273,130.5,290.5,35.6,2.23,0.27,1,0,0,1,1,2,1,2,2,1,3,32,1,5,32,1,15,32,1,55,-,1,57,-,0,,,TP,300.00,102
2026.08.26 01:01,2026.08.26 02:43,BUY,Swing,4639.320,4626.273,130.5,290.5,35.6,2.23,0.27,1,0,0,1,1,2,1,2,2,1,3,32,1,5,32,1,15,32,1,55,-,1,57,-,0,,,TP,300.00,102
2026.08.26 08:11,2026.08.26 08:15,BUY,LienKe,4626.914,4622.729,41.8,15.7,12.9,0.38,0.31,1,1,3,0,,,0,,,0,,,0,,,0,,,0,,,0,,,0,,,SL,-41.85,4
2026.08.26 08:09,2026.08.26 08:15,BUY,LienKe,4628.576,4622.729,58.5,11.8,29.5,0.20,0.51,1,0,0,0,,,0,,,0,,,0,,,0,,,0,,,0,,,0,,,SL,-58.47,6
2026.08.26 08:23,2026.08.26 09:21,BUY,Swing,4623.810,4619.639,41.7,72.6,39.3,1.74,0.94,1,1,53,1,1,53,1,2,53,1,5,53,0,,,0,,,0,,,0,,,0,,,SL,-41.71,57
2026.08.26 08:16,2026.08.26 09:21,BUY,Swing,4624.916,4619.639,52.8,61.5,50.3,1.17,0.95,1,0,2,1,0,2,1,0,2,1,17,52,0,,,0,,,0,,,0,,,0,,,SL,-52.77,65
2026.08.26 13:05,2026.08.26 13:16,BUY,LienKe,4611.434,4605.693,57.4,60.3,32.3,1.05,0.56,1,0,2,1,1,2,1,1,2,1,1,2,0,,,0,,,0,,,0,,,0,,,SL,-57.41,11
2026.08.26 13:01,2026.08.26 13:16,BUY,LienKe,4614.971,4605.693,92.8,63.3,67.6,0.68,0.73,1,0,2,1,0,2,1,0,2,1,1,2,0,,,0,,,0,,,0,,,0,,,SL,-92.78,15
2026.08.26 12:58,2026.08.26 13:16,BUY,Swing,4613.216,4607.206,60.1,80.9,50.1,1.35,0.83,1,1,1,1,1,1,1,1,1,1,3,5,1,4,5,0,,,0,,,0,,,0,,,SL,-60.10,18
2026.08.26 12:55,2026.08.26 13:16,BUY,Swing,4616.359,4607.206,91.5,49.4,81.5,0.54,0.89,1,0,0,1,2,3,1,7,8,0,,,0,,,0,,,0,,,0,,,0,,,SL,-91.53,21
2026.08.26 09:03,2026.08.26 13:16,SELL,LienKe,4629.808,4634.071,42.6,213.4,38.9,5.01,0.91,1,0,183,1,1,183,1,1,183,1,5,183,1,16,183,1,18,183,1,83,183,1,237,-,0,,,TP,300.00,253
2026.08.27 04:19,2026.08.27 04:28,BUY,LienKe,4624.632,4621.258,33.7,1.6,32.8,0.05,0.97,0,,,0,,,0,,,0,,,0,,,0,,,0,,,0,,,0,,,SL,-33.74,9
2026.08.27 04:13,2026.08.27 04:28,BUY,LienKe,4625.600,4621.258,43.4,15.0,42.5,0.34,0.98,1,4,6,0,,,0,,,0,,,0,,,0,,,0,,,0,,,0,,,SL,-43.42,15
2026.08.27 05:02,2026.08.27 05:30,BUY,LienKe,4617.262,4612.963,43.0,44.6,10.7,1.04,0.25,1,2,27,1,2,27,1,2,27,0,,,0,,,0,,,0,,,0,,,0,,,SL,-42.99,28
2026.08.27 06:57,2026.08.27 07:19,BUY,Swing,4599.957,4596.378,35.8,57.9,29.1,1.62,0.81,1,3,5,1,3,5,1,7,18,1,8,18,0,,,0,,,0,,,0,,,0,,,SL,-35.79,22
2026.08.27 06:04,2026.08.27 07:19,BUY,Swing,4604.434,4596.378,80.6,73.0,73.9,0.91,0.92,1,0,0,1,10,12,1,15,44,1,17,44,0,,,0,,,0,,,0,,,0,,,SL,-80.56,75
2026.08.27 12:41,2026.08.27 12:49,BUY,LienKe,4587.677,4584.050,36.3,27.5,34.2,0.76,0.94,1,0,2,1,1,2,0,,,0,,,0,,,0,,,0,,,0,,,0,,,SL,-36.27,8
2026.08.27 12:41,2026.08.27 12:49,BUY,LienKe,4588.314,4584.050,42.6,21.1,40.6,0.50,0.95,1,0,2,1,1,2,0,,,0,,,0,,,0,,,0,,,0,,,0,,,SL,-42.64,8
2026.08.27 13:32,2026.08.27 13:34,BUY,LienKe,4581.955,4576.467,54.9,31.7,6.4,0.58,0.12,1,0,0,1,1,-,1,1,-,0,,,0,,,0,,,0,,,0,,,0,,,SL,-54.88,2
2026.08.27 13:01,2026.08.27 13:34,BUY,LienKe,4584.510,4576.467,80.4,89.0,32.0,1.11,0.40,1,0,1,1,0,1,1,0,1,1,3,13,1,25,31,0,,,0,,,0,,,0,,,SL,-80.43,33
2026.08.27 13:49,2026.08.27 15:40,BUY,Swing,4570.216,4561.795,84.2,292.6,20.0,3.47,0.24,1,0,11,1,0,11,1,0,11,1,0,11,1,1,11,1,1,11,1,41,-,1,47,-,0,,,TP,300.00,111
2026.08.27 15:41,2026.08.27 15:42,SELL,Swing,4601.257,4605.320,40.6,0.0,32.9,0.00,0.81,0,,,0,,,0,,,0,,,0,,,0,,,0,,,0,,,0,,,SL,-40.63,1
2026.08.27 15:41,2026.08.27 15:42,SELL,Swing,4600.139,4605.320,51.8,0.3,44.0,0.01,0.85,0,,,0,,,0,,,0,,,0,,,0,,,0,,,0,,,0,,,SL,-51.81,1
2026.08.27 20:06,2026.08.27 20:54,BUY,LienKe,4604.366,4600.883,34.8,19.0,31.6,0.54,0.91,1,4,7,0,,,0,,,0,,,0,,,0,,,0,,,0,,,0,,,SL,-34.83,48
2026.08.27 20:06,2026.08.27 20:54,BUY,LienKe,4605.039,4600.883,41.6,12.3,38.4,0.29,0.92,1,5,5,0,,,0,,,0,,,0,,,0,,,0,,,0,,,0,,,SL,-41.56,48
2026.08.27 20:56,2026.08.27 23:47,BUY,Swing,4600.302,4596.940,33.6,112.4,22.2,3.34,0.66,1,63,144,1,63,144,1,63,144,1,63,144,1,86,144,1,120,144,0,,,0,,,0,,,SL,-33.62,171
2026.08.27 20:56,2026.08.27 23:47,BUY,Swing,4600.870,4596.940,39.3,106.7,27.9,2.72,0.71,1,64,144,1,64,144,1,64,144,1,64,144,1,97,144,1,123,144,0,,,0,,,0,,,SL,-39.30,171
2026.08.27 23:28,2026.08.27 23:48,BUY,LienKe,4600.817,4596.693,41.2,16.2,40.3,0.39,0.98,1,8,9,0,,,0,,,0,,,0,,,0,,,0,,,0,,,0,,,SL,-41.24,20
2026.08.27 23:28,2026.08.27 23:48,BUY,Swing,4600.817,4596.693,41.2,16.2,40.3,0.39,0.98,1,8,9,0,,,0,,,0,,,0,,,0,,,0,,,0,,,0,,,SL,-41.24,20
2026.08.27 23:21,2026.08.27 23:48,BUY,LienKe,4602.220,4596.693,55.3,11.9,54.4,0.22,0.98,1,2,5,0,,,0,,,0,,,0,,,0,,,0,,,0,,,0,,,SL,-55.27,27
2026.08.27 23:21,2026.08.27 23:48,BUY,Swing,4602.220,4596.693,55.3,11.9,54.4,0.22,0.98,1,2,5,0,,,0,,,0,,,0,,,0,,,0,,,0,,,0,,,SL,-55.27,27
2026.08.28 05:26,2026.08.28 06:36,SELL,LienKe,4584.839,4588.330,34.9,132.9,23.5,3.81,0.67,1,1,3,1,2,3,1,4,51,1,4,51,1,10,51,1,13,51,0,,,0,,,0,,,SL,-34.91,69
2026.08.28 05:02,2026.08.28 06:36,SELL,LienKe,4583.978,4588.330,43.5,124.3,32.1,2.86,0.74,1,1,21,1,3,21,1,5,21,1,8,21,1,34,74,1,40,74,0,,,0,,,0,,,SL,-43.52,94
2026.08.28 06:35,2026.08.28 06:45,SELL,LienKe,4585.396,4589.931,45.3,8.2,32.9,0.18,0.73,0,,,0,,,0,,,0,,,0,,,0,,,0,,,0,,,0,,,SL,-45.35,10
2026.08.28 06:35,2026.08.28 06:45,SELL,LienKe,4583.862,4589.931,60.7,0.0,48.3,0.00,0.80,0,,,0,,,0,,,0,,,0,,,0,,,0,,,0,,,0,,,SL,-60.69,10
2026.08.28 10:50,2026.08.28 11:06,BUY,LienKe,4600.509,4596.787,37.2,8.8,33.1,0.24,0.89,0,,,0,,,0,,,0,,,0,,,0,,,0,,,0,,,0,,,SL,-37.22,16
2026.08.28 10:50,2026.08.28 11:06,BUY,LienKe,4601.547,4596.787,47.6,0.0,43.4,0.00,0.91,0,,,0,,,0,,,0,,,0,,,0,,,0,,,0,,,0,,,SL,-47.60,16
2026.08.28 14:03,2026.08.28 14:04,BUY,Swing,4587.107,4577.586,95.2,0.0,68.0,0.00,0.71,0,,,0,,,0,,,0,,,0,,,0,,,0,,,0,,,0,,,SL,-95.21,1
2026.08.28 14:03,2026.08.28 14:04,BUY,Swing,4596.170,4577.586,185.8,24.9,158.6,0.13,0.85,1,0,0,1,0,0,0,,,0,,,0,,,0,,,0,,,0,,,0,,,SL,-185.84,1
2026.08.28 17:43,2026.08.28 18:17,BUY,LienKe,4465.961,4457.304,86.6,97.2,65.0,1.12,0.75,1,0,0,1,1,18,1,2,18,1,3,18,1,3,18,0,,,0,,,0,,,0,,,SL,-86.57,34
2026.08.30 22:21,2026.08.30 23:08,SELL,LienKe,4462.385,4466.743,43.6,92.3,42.1,2.12,0.97,1,0,1,1,6,20,1,7,20,1,10,20,1,13,20,0,,,0,,,0,,,0,,,SL,-43.58,47
2026.08.30 22:21,2026.08.30 23:08,SELL,LienKe,4462.105,4466.743,46.4,89.5,44.9,1.93,0.97,1,0,1,1,6,19,1,7,19,1,10,19,1,13,19,0,,,0,,,0,,,0,,,SL,-46.38,47
2026.08.30 23:50,2026.08.31 00:38,BUY,LienKe,4439.987,4432.620,73.7,291.9,4.0,3.96,0.05,1,0,-,1,0,-,1,0,-,1,0,-,1,4,-,1,5,-,1,7,-,1,9,-,0,,,TP,300.00,48
2026.08.31 05:02,2026.08.31 05:20,SELL,LienKe,4424.700,4428.619,39.2,54.3,37.1,1.39,0.95,1,2,11,1,3,11,1,3,11,1,7,11,0,,,0,,,0,,,0,,,0,,,SL,-39.19,18
2026.08.31 05:02,2026.08.31 05:20,SELL,LienKe,4423.721,4428.619,49.0,44.5,46.9,0.91,0.96,1,3,4,1,4,4,1,7,10,0,,,0,,,0,,,0,,,0,,,0,,,SL,-48.98,18
2026.08.31 10:02,2026.08.31 10:06,SELL,LienKe,4445.954,4450.398,44.4,9.6,28.6,0.22,0.64,0,,,0,,,0,,,0,,,0,,,0,,,0,,,0,,,0,,,SL,-44.44,4
2026.08.31 10:02,2026.08.31 10:06,SELL,LienKe,4445.279,4450.398,51.2,3.7,35.3,0.07,0.69,0,,,0,,,0,,,0,,,0,,,0,,,0,,,0,,,0,,,SL,-51.19,4
2026.08.31 12:21,2026.08.31 12:25,BUY,LienKe,4453.573,4447.072,65.0,10.2,34.0,0.16,0.52,1,3,-,0,,,0,,,0,,,0,,,0,,,0,,,0,,,0,,,SL,-65.01,4
2026.08.31 12:10,2026.08.31 12:25,BUY,LienKe,4457.360,4447.072,102.9,25.3,71.9,0.25,0.70,1,2,4,1,3,4,0,,,0,,,0,,,0,,,0,,,0,,,0,,,SL,-102.88,15
2026.09.01 01:12,2026.09.01 01:22,BUY,LienKe,4445.976,4442.389,35.9,30.1,31.0,0.84,0.87,1,0,2,1,0,2,1,1,2,0,,,0,,,0,,,0,,,0,,,0,,,SL,-35.87,10
2026.09.01 01:11,2026.09.01 01:22,BUY,LienKe,4446.822,4442.389,44.3,21.7,39.5,0.49,0.89,1,1,2,1,2,2,0,,,0,,,0,,,0,,,0,,,0,,,0,,,SL,-44.33,11
2026.09.01 02:35,2026.09.01 02:37,BUY,LienKe,4436.721,4432.241,44.8,0.0,34.1,0.00,0.76,0,,,0,,,0,,,0,,,0,,,0,,,0,,,0,,,0,,,SL,-44.80,2
2026.09.01 02:32,2026.09.01 02:37,BUY,LienKe,4439.374,4432.241,71.3,10.6,60.7,0.15,0.85,1,0,0,0,,,0,,,0,,,0,,,0,,,0,,,0,,,0,,,SL,-71.33,5
2026.09.01 09:02,2026.09.01 09:59,BUY,LienKe,4369.180,4364.601,45.8,88.8,37.8,1.94,0.83,1,1,4,1,1,4,1,2,4,1,2,4,1,15,28,0,,,0,,,0,,,0,,,SL,-45.79,57
2026.09.01 09:02,2026.09.01 09:59,BUY,LienKe,4371.074,4364.601,64.7,69.8,56.7,1.08,0.88,1,2,4,1,2,4,1,2,4,1,12,25,0,,,0,,,0,,,0,,,0,,,SL,-64.73,57
2026.09.01 14:09,2026.09.01 14:18,SELL,LienKe,4368.116,4373.813,57.0,55.8,48.0,0.98,0.84,1,0,5,1,0,5,1,0,5,1,3,5,0,,,0,,,0,,,0,,,0,,,SL,-56.97,8
2026.09.01 14:02,2026.09.01 14:18,SELL,LienKe,4362.062,4373.813,117.5,86.2,108.6,0.73,0.92,1,0,5,1,0,5,1,0,5,1,1,5,1,1,5,0,,,0,,,0,,,0,,,SL,-117.51,16
2026.09.01 19:39,2026.09.01 19:39,BUY,LienKe,4329.494,4324.794,47.0,0.0,2.6,0.00,0.06,0,,,0,,,0,,,0,,,0,,,0,,,0,,,0,,,0,,,SL,-47.00,0
2026.09.01 19:39,2026.09.01 19:39,BUY,LienKe,4328.342,4324.794,35.5,0.0,56.7,0.00,1.60,0,,,0,,,0,,,0,,,0,,,0,,,0,,,0,,,0,,,SL,-35.48,0
2026.09.02 00:02,2026.09.02 00:02,BUY,LienKe,4325.497,4317.376,81.2,0.0,2.6,0.00,0.03,0,,,0,,,0,,,0,,,0,,,0,,,0,,,0,,,0,,,SL,-81.21,0
2026.09.02 00:02,2026.09.02 00:02,BUY,Swing,4325.497,4317.376,81.2,0.0,2.6,0.00,0.03,0,,,0,,,0,,,0,,,0,,,0,,,0,,,0,,,0,,,SL,-81.21,0
2026.09.02 00:02,2026.09.02 00:54,BUY,LienKe,4322.848,4317.376,54.7,116.4,72.8,2.13,1.33,1,1,4,1,1,4,1,1,4,1,1,4,1,15,25,1,15,25,0,,,0,,,0,,,SL,-54.72,52
2026.09.02 00:02,2026.09.02 00:54,BUY,Swing,4322.848,4317.376,54.7,116.4,72.8,2.13,1.33,1,1,4,1,1,4,1,1,4,1,1,4,1,15,25,1,15,25,0,,,0,,,0,,,SL,-54.72,52
2026.09.02 13:17,2026.09.02 13:23,SELL,LienKe,4343.491,4347.704,42.1,17.7,23.9,0.42,0.57,1,0,1,0,,,0,,,0,,,0,,,0,,,0,,,0,,,0,,,SL,-42.13,6
2026.09.02 13:12,2026.09.02 13:23,SELL,LienKe,4341.360,4347.704,63.4,45.9,45.2,0.72,0.71,1,0,5,1,1,5,1,1,5,0,,,0,,,0,,,0,,,0,,,0,,,SL,-63.44,11
2026.09.02 19:15,2026.09.02 19:26,SELL,LienKe,4379.610,4383.265,36.6,12.8,30.7,0.35,0.84,1,1,3,0,,,0,,,0,,,0,,,0,,,0,,,0,,,0,,,SL,-36.55,10
2026.09.02 19:14,2026.09.02 19:26,SELL,LienKe,4378.713,4383.265,45.5,3.8,39.7,0.08,0.87,0,,,0,,,0,,,0,,,0,,,0,,,0,,,0,,,0,,,SL,-45.52,12
2026.09.02 19:25,2026.09.02 19:34,SELL,Swing,4380.295,4383.987,36.9,0.0,31.6,0.00,0.86,0,,,0,,,0,,,0,,,0,,,0,,,0,,,0,,,0,,,SL,-36.92,9
2026.09.02 19:25,2026.09.02 19:34,SELL,Swing,4380.037,4383.987,39.5,0.7,34.2,0.02,0.87,0,,,0,,,0,,,0,,,0,,,0,,,0,,,0,,,0,,,SL,-39.50,9
2026.09.02 22:06,2026.09.03 00:59,SELL,LienKe,4391.584,4396.218,46.3,103.9,33.8,2.24,0.73,1,3,5,1,9,125,1,12,125,1,36,125,1,70,125,1,89,125,0,,,0,,,0,,,SL,-46.34,173
2026.09.02 22:04,2026.09.03 00:59,SELL,LienKe,4391.343,4396.218,48.8,101.5,36.2,2.08,0.74,1,10,127,1,13,127,1,14,127,1,38,127,1,72,127,1,92,127,0,,,0,,,0,,,SL,-48.75,175
2026.09.03 03:03,2026.09.03 03:04,SELL,LienKe,4420.586,4424.922,43.4,0.0,27.9,0.00,0.64,0,,,0,,,0,,,0,,,0,,,0,,,0,,,0,,,0,,,SL,-43.36,1
2026.09.03 03:02,2026.09.03 03:04,SELL,LienKe,4419.785,4424.922,51.4,3.5,35.9,0.07,0.70,0,,,0,,,0,,,0,,,0,,,0,,,0,,,0,,,0,,,SL,-51.37,2
2026.09.04 06:13,2026.09.04 06:37,BUY,LienKe,4467.229,4463.652,35.8,44.8,30.7,1.25,0.86,1,1,3,1,2,3,1,7,11,0,,,0,,,0,,,0,,,0,,,0,,,SL,-35.77,24
2026.09.04 06:13,2026.09.04 06:37,BUY,LienKe,4468.564,4463.652,49.1,31.4,44.0,0.64,0.90,1,7,9,1,7,9,1,14,16,0,,,0,,,0,,,0,,,0,,,0,,,SL,-49.12,24
2026.09.04 09:08,2026.09.04 09:13,BUY,LienKe,4474.402,4470.723,36.8,9.4,33.7,0.26,0.92,0,,,0,,,0,,,0,,,0,,,0,,,0,,,0,,,0,,,SL,-36.79,5
2026.09.04 09:08,2026.09.04 09:13,BUY,LienKe,4474.466,4470.723,37.4,8.8,34.4,0.24,0.92,0,,,0,,,0,,,0,,,0,,,0,,,0,,,0,,,0,,,SL,-37.43,5
2026.09.04 14:16,2026.09.04 14:34,SELL,LienKe,4434.520,4440.149,56.3,75.8,51.9,1.35,0.92,1,0,1,1,0,1,1,0,1,1,2,3,0,,,0,,,0,,,0,,,0,,,SL,-56.29,18
2026.09.04 14:16,2026.09.04 14:34,SELL,LienKe,4433.690,4440.149,64.6,67.5,60.2,1.04,0.93,1,0,0,1,0,0,1,1,2,1,8,9,0,,,0,,,0,,,0,,,0,,,SL,-64.59,18
2026.09.07 01:03,2026.09.07 01:07,BUY,LienKe,4409.242,4403.792,54.5,39.1,29.8,0.72,0.55,1,0,3,1,1,3,1,1,3,0,,,0,,,0,,,0,,,0,,,0,,,SL,-54.50,4
2026.09.07 01:01,2026.09.07 01:07,BUY,LienKe,4411.896,4403.792,81.0,41.4,56.3,0.51,0.69,1,0,2,1,0,2,1,0,2,0,,,0,,,0,,,0,,,0,,,0,,,SL,-81.04,6
2026.09.07 04:23,2026.09.07 04:34,BUY,LienKe,4401.109,4397.553,35.6,14.8,18.9,0.42,0.53,1,4,7,0,,,0,,,0,,,0,,,0,,,0,,,0,,,0,,,SL,-35.56,11
2026.09.07 04:22,2026.09.07 04:34,BUY,LienKe,4402.009,4397.553,44.6,5.8,27.9,0.13,0.63,0,,,0,,,0,,,0,,,0,,,0,,,0,,,0,,,0,,,SL,-44.56,12
2026.09.07 03:44,2026.09.07 04:34,BUY,LienKe,4402.694,4398.841,38.5,45.8,34.8,1.19,0.90,1,2,7,1,3,7,1,27,33,0,,,0,,,0,,,0,,,0,,,0,,,SL,-38.53,50
2026.09.07 03:44,2026.09.07 04:34,BUY,LienKe,4403.279,4398.841,44.4,39.9,40.6,0.90,0.92,1,2,5,1,25,34,1,28,34,0,,,0,,,0,,,0,,,0,,,0,,,SL,-44.38,50
2026.09.07 05:59,2026.09.07 06:01,BUY,LienKe,4394.456,4390.488,39.7,3.4,29.7,0.09,0.75,0,,,0,,,0,,,0,,,0,,,0,,,0,,,0,,,0,,,SL,-39.68,2
2026.09.07 05:57,2026.09.07 06:01,BUY,LienKe,4395.280,4390.488,47.9,26.2,37.9,0.55,0.79,1,0,2,1,0,2,0,,,0,,,0,,,0,,,0,,,0,,,0,,,SL,-47.92,4
2026.09.07 11:30,2026.09.07 11:32,BUY,LienKe,4388.163,4384.242,39.2,18.6,14.8,0.47,0.38,1,1,1,0,,,0,,,0,,,0,,,0,,,0,,,0,,,0,,,SL,-39.21,2
2026.09.07 11:26,2026.09.07 11:32,BUY,LienKe,4389.423,4384.242,51.8,15.4,27.4,0.30,0.53,1,1,2,0,,,0,,,0,,,0,,,0,,,0,,,0,,,0,,,SL,-51.81,6
2026.09.07 14:03,2026.09.07 14:43,SELL,LienKe,4407.460,4411.060,36.0,24.7,19.1,0.69,0.53,1,1,3,1,21,22,0,,,0,,,0,,,0,,,0,,,0,,,0,,,SL,-36.00,40
2026.09.07 14:03,2026.09.07 14:43,SELL,LienKe,4406.918,4411.060,41.4,19.3,24.5,0.47,0.59,1,1,2,0,,,0,,,0,,,0,,,0,,,0,,,0,,,0,,,SL,-41.42,40
2026.09.07 18:01,2026.09.07 18:25,BUY,LienKe,4406.831,4403.449,33.8,24.6,33.8,0.73,1.00,1,2,3,1,6,11,0,,,0,,,0,,,0,,,0,,,0,,,0,,,SL,-33.82,24
2026.09.07 18:01,2026.09.07 18:25,BUY,LienKe,4407.663,4403.449,42.1,16.3,42.1,0.39,1.00,1,2,3,0,,,0,,,0,,,0,,,0,,,0,,,0,,,0,,,SL,-42.14,24
2026.09.07 16:13,2026.09.07 23:35,SELL,LienKe,4416.672,4420.331,36.6,132.2,15.7,3.61,0.43,1,1,441,1,3,441,1,5,441,1,77,441,1,102,441,1,108,441,0,,,0,,,0,,,SL,-36.59,442
2026.09.07 16:13,2026.09.07 23:35,SELL,LienKe,4416.474,4420.331,38.6,130.3,17.6,3.38,0.46,1,1,441,1,4,441,1,5,441,1,78,441,1,102,441,1,108,441,0,,,0,,,0,,,SL,-38.57,442
2026.09.08 01:14,2026.09.08 01:23,SELL,LienKe,4430.085,4434.015,39.3,29.7,22.3,0.76,0.57,1,0,1,1,0,1,0,,,0,,,0,,,0,,,0,,,0,,,0,,,SL,-39.30,9
2026.09.08 01:14,2026.09.08 01:23,SELL,LienKe,4429.172,4434.015,48.4,20.6,31.4,0.43,0.65,1,0,1,1,3,3,0,,,0,,,0,,,0,,,0,,,0,,,0,,,SL,-48.43,9
2026.09.08 14:53,2026.09.08 16:09,BUY,LienKe,4391.704,4385.886,58.2,177.5,21.2,3.05,0.37,1,0,69,1,0,69,1,1,69,1,6,69,1,8,69,1,9,69,1,10,69,0,,,0,,,SL,-58.18,76
2026.09.09 02:51,2026.09.09 02:52,SELL,LienKe,4376.636,4381.676,50.4,4.2,11.6,0.08,0.23,0,,,0,,,0,,,0,,,0,,,0,,,0,,,0,,,0,,,SL,-50.40,1
2026.09.09 02:52,2026.09.09 02:52,SELL,LienKe,4378.135,4381.676,35.4,0.0,50.6,0.00,1.43,0,,,0,,,0,,,0,,,0,,,0,,,0,,,0,,,0,,,SL,-35.41,0
2026.09.09 05:08,2026.09.09 05:15,SELL,Swing,4384.319,4388.146,38.3,2.3,38.1,0.06,1.00,0,,,0,,,0,,,0,,,0,,,0,,,0,,,0,,,0,,,SL,-38.27,6
2026.09.09 05:08,2026.09.09 05:15,SELL,Swing,4383.487,4388.146,46.6,0.0,46.4,0.00,1.00,0,,,0,,,0,,,0,,,0,,,0,,,0,,,0,,,0,,,SL,-46.59,7
2026.09.09 13:09,2026.09.09 13:11,SELL,LienKe,4409.583,4413.407,38.2,0.0,16.7,0.00,0.44,0,,,0,,,0,,,0,,,0,,,0,,,0,,,0,,,0,,,SL,-38.24,1
2026.09.09 13:09,2026.09.09 13:11,SELL,LienKe,4408.152,4413.407,52.6,0.0,31.0,0.00,0.59,0,,,0,,,0,,,0,,,0,,,0,,,0,,,0,,,0,,,SL,-52.55,2
2026.09.10 02:40,2026.09.10 05:32,SELL,LienKe,4419.484,4423.421,39.4,137.4,38.2,3.49,0.97,1,1,2,1,5,7,1,9,11,1,28,156,1,46,156,1,47,156,0,,,0,,,0,,,SL,-39.37,172
2026.09.10 02:40,2026.09.10 05:32,SELL,LienKe,4418.475,4423.421,49.5,127.3,48.3,2.57,0.98,1,6,7,1,10,10,1,26,153,1,28,153,1,46,153,1,59,153,0,,,0,,,0,,,SL,-49.46,172
2026.09.10 06:01,2026.09.10 08:38,SELL,LienKe,4429.572,4438.004,84.3,297.6,18.7,3.53,0.22,1,1,-,1,1,-,1,4,-,1,5,-,1,11,-,1,11,-,1,14,-,1,85,-,0,,,TP,300.00,157
2026.09.10 14:26,2026.09.10 18:10,SELL,LienKe,4371.742,4379.517,77.7,295.3,8.7,3.80,0.11,1,0,71,1,0,71,1,0,71,1,0,71,1,3,71,1,4,71,1,18,71,1,211,-,0,,,TP,300.00,224
2026.09.10 22:42,2026.09.10 23:59,BUY,LienKe,4315.767,4310.616,51.5,49.1,46.8,0.95,0.91,1,0,1,1,0,1,1,9,55,0,,,0,,,0,,,0,,,0,,,0,,,CON_MO,0.00,77
2026.09.10 22:04,2026.09.10 23:59,SELL,LienKe,4322.817,4327.882,50.6,114.9,10.0,2.27,0.20,1,0,2,1,12,-,1,16,-,1,27,-,1,37,-,1,110,-,0,,,0,,,0,,,CON_MO,0.00,115
