time_vao,time_dong,chieu,nguon,gia_vao,sl_goc,R_pip,mfe_pip,mae_pip,mfe_R,mae_R,cham10,phut10,phut_ve_entry_10,cham20,phut20,phut_ve_entry_20,cham30,phut30,phut_ve_entry_30,cham50,phut50,phut_ve_entry_50,cham80,phut80,phut_ve_entry_80,cham100,phut100,phut_ve_entry_100,cham150,phut150,phut_ve_entry_150,cham200,phut200,phut_ve_entry_200,cham300,phut300,phut_ve_entry_300,ket_cuc,lai_usd,phut_giu
2025.01.02 00:50,2025.01.02 01:11,SELL,Swing,2627.189,2630.937,37.5,32.2,36.3,0.86,0.97,1,7,14,1,10,14,1,10,14,0,,,0,,,0,,,0,,,0,,,0,,,SL,-37.48,20
2025.01.02 00:50,2025.01.02 01:11,SELL,Swing,2626.886,2630.937,40.5,29.1,39.3,0.72,0.97,1,9,14,1,10,14,0,,,0,,,0,,,0,,,0,,,0,,,0,,,SL,-40.51,21
2025.01.02 07:58,2025.01.02 09:01,SELL,LienKe,2635.131,2638.935,38.0,38.8,28.7,1.02,0.75,1,13,14,1,25,43,1,29,43,0,,,0,,,0,,,0,,,0,,,0,,,SL,-38.04,63
2025.01.02 07:30,2025.01.02 09:01,SELL,LienKe,2634.357,2638.935,45.8,31.0,36.4,0.68,0.80,1,4,8,1,55,67,1,62,67,0,,,0,,,0,,,0,,,0,,,0,,,SL,-45.78,91
2025.01.02 08:42,2025.01.02 09:28,SELL,Swing,2636.501,2640.121,36.2,9.7,35.5,0.27,0.98,0,,,0,,,0,,,0,,,0,,,0,,,0,,,0,,,0,,,SL,-36.20,45
2025.01.02 08:10,2025.01.02 09:28,SELL,LienKe,2635.250,2640.121,48.7,40.0,48.0,0.82,0.99,1,1,3,1,13,31,1,17,31,0,,,0,,,0,,,0,,,0,,,0,,,SL,-48.71,78
2025.01.02 08:10,2025.01.02 09:28,SELL,Swing,2635.250,2640.121,48.7,40.0,48.0,0.82,0.99,1,1,3,1,13,31,1,17,31,0,,,0,,,0,,,0,,,0,,,0,,,SL,-48.71,78
2025.01.02 14:20,2025.01.02 15:34,SELL,LienKe,2648.010,2652.069,40.6,26.6,32.2,0.66,0.79,1,1,10,1,43,45,0,,,0,,,0,,,0,,,0,,,0,,,0,,,SL,-40.59,74
2025.01.02 14:20,2025.01.02 15:34,SELL,LienKe,2646.971,2652.069,51.0,16.2,42.6,0.32,0.83,1,43,44,0,,,0,,,0,,,0,,,0,,,0,,,0,,,0,,,SL,-50.98,74
2025.01.01 23:50,2025.01.02 15:37,BUY,Swing,2623.302,2618.668,46.3,295.9,5.5,6.39,0.12,1,8,10,1,19,-,1,32,-,1,75,-,1,87,-,1,100,-,1,551,-,1,629,-,0,,,TP,283.95,947
2025.01.02 04:15,2025.01.03 01:00,BUY,LienKe,2632.435,2629.101,33.3,287.2,13.8,8.62,0.42,1,39,107,1,70,107,1,75,107,1,270,-,1,363,-,1,364,-,1,600,-,1,679,-,0,,,TP,294.65,1245
2025.01.02 04:10,2025.01.03 02:18,BUY,LienKe,2632.953,2629.101,38.5,296.3,19.0,7.69,0.49,1,45,112,1,79,112,1,89,112,1,291,358,1,368,-,1,369,-,1,605,-,1,687,-,0,,,TP,294.65,1328
2025.01.02 20:35,2025.01.03 02:19,SELL,Swing,2659.806,2663.463,36.6,35.4,35.6,0.97,0.97,1,44,207,1,57,207,1,59,207,0,,,0,,,0,,,0,,,0,,,0,,,SL,-36.57,344
2025.01.03 01:30,2025.01.03 02:29,BUY,LienKe,2659.019,2655.109,39.1,50.3,29.1,1.29,0.74,1,27,30,1,46,-,1,48,-,1,49,-,0,,,0,,,0,,,0,,,0,,,SL,0.00,59
2025.01.03 01:30,2025.01.03 05:45,BUY,LienKe,2658.456,2655.109,33.5,68.0,23.5,2.03,0.70,1,26,32,1,46,-,1,46,-,1,48,-,0,,,0,,,0,,,0,,,0,,,SL,0.00,255
2025.01.06 01:08,2025.01.06 01:16,SELL,Swing,2642.239,2646.498,42.6,3.1,40.2,0.07,0.94,0,,,0,,,0,,,0,,,0,,,0,,,0,,,0,,,0,,,SL,-42.59,8
2025.01.06 01:05,2025.01.06 01:16,SELL,Swing,2641.032,2646.498,54.7,1.2,52.3,0.02,0.96,0,,,0,,,0,,,0,,,0,,,0,,,0,,,0,,,0,,,SL,-54.66,11
2025.01.06 03:56,2025.01.06 04:22,BUY,LienKe,2639.931,2636.137,37.9,8.9,34.4,0.24,0.91,0,,,0,,,0,,,0,,,0,,,0,,,0,,,0,,,0,,,SL,-37.94,26
2025.01.06 03:50,2025.01.06 04:22,BUY,LienKe,2641.028,2636.137,48.9,2.0,45.4,0.04,0.93,0,,,0,,,0,,,0,,,0,,,0,,,0,,,0,,,0,,,SL,-48.91,32
2025.01.03 01:05,2025.01.06 07:31,SELL,LienKe,2660.128,2665.583,54.5,298.7,52.8,5.48,0.97,1,18,52,1,33,52,1,39,52,1,374,-,1,378,-,1,464,-,1,754,-,1,945,-,0,,,TP,300.00,4706
2025.01.06 07:31,2025.01.06 07:37,BUY,LienKe,2630.444,2627.094,33.5,0.0,28.8,0.00,0.86,0,,,0,,,0,,,0,,,0,,,0,,,0,,,0,,,0,,,SL,-33.50,6
2025.01.06 07:30,2025.01.06 07:37,BUY,LienKe,2631.153,2627.094,40.6,0.2,35.8,0.01,0.88,0,,,0,,,0,,,0,,,0,,,0,,,0,,,0,,,0,,,SL,-40.59,7
2025.01.03 10:10,2025.01.06 07:38,SELL,LienKe,2655.937,2659.863,39.3,299.5,34.8,7.63,0.89,1,21,42,1,24,42,1,188,-,1,193,-,1,208,-,1,208,-,1,377,-,1,3972,-,0,,,TP,300.00,4168
2025.01.06 16:36,2025.01.07 05:22,SELL,LienKe,2639.427,2643.352,39.2,64.1,21.1,1.63,0.54,1,41,543,1,50,543,1,59,543,1,78,543,0,,,0,,,0,,,0,,,0,,,SL,-39.25,766
2025.01.06 16:35,2025.01.07 05:22,SELL,LienKe,2638.403,2643.352,49.5,53.8,31.4,1.09,0.63,1,51,109,1,60,109,1,70,109,1,146,527,0,,,0,,,0,,,0,,,0,,,SL,-49.49,767
2025.01.08 09:32,2025.01.08 13:11,SELL,Swing,2654.303,2658.001,37.0,83.0,33.9,2.24,0.92,1,16,28,1,90,209,1,101,209,1,116,209,1,172,209,0,,,0,,,0,,,0,,,SL,-36.98,219
2025.01.08 09:15,2025.01.08 13:11,SELL,LienKe,2653.711,2658.001,42.9,77.0,39.8,1.80,0.93,1,34,37,1,109,225,1,131,225,1,134,225,0,,,0,,,0,,,0,,,0,,,SL,-42.90,236
2025.01.08 09:15,2025.01.08 13:11,SELL,LienKe,2653.562,2658.001,44.4,75.5,41.3,1.70,0.93,1,106,225,1,110,225,1,131,225,1,135,225,0,,,0,,,0,,,0,,,0,,,SL,-44.39,236
2025.01.08 09:15,2025.01.08 13:11,SELL,Swing,2653.562,2658.001,44.4,75.5,41.3,1.70,0.93,1,106,225,1,110,225,1,131,225,1,135,225,0,,,0,,,0,,,0,,,0,,,SL,-44.39,236
2025.01.07 04:30,2025.01.08 16:42,BUY,LienKe,2638.167,2634.267,39.0,298.7,11.5,7.66,0.29,1,20,26,1,46,204,1,52,204,1,52,204,1,98,204,1,443,-,1,512,-,1,530,-,0,,,TP,294.65,2172
2025.01.08 15:40,2025.01.09 11:27,SELL,LienKe,2667.186,2670.835,36.5,176.4,30.3,4.83,0.83,1,1,44,1,7,44,1,12,44,1,110,1137,1,116,1137,1,116,1137,1,119,1137,0,,,0,,,SL,-36.49,1187
2025.01.08 15:40,2025.01.09 11:27,SELL,LienKe,2666.597,2670.835,42.4,170.5,36.1,4.02,0.85,1,6,9,1,7,9,1,31,41,1,110,918,1,116,918,1,116,918,1,119,918,0,,,0,,,SL,-42.38,1187
2025.01.08 03:45,2025.01.09 13:28,BUY,LienKe,2646.727,2642.569,41.6,299.8,15.2,7.21,0.37,1,23,50,1,98,517,1,101,517,1,152,517,1,326,517,1,558,-,1,616,-,1,652,-,0,,,TP,283.95,2023
2025.01.09 16:30,2025.01.09 17:07,BUY,Swing,2667.581,2663.905,36.8,26.1,32.8,0.71,0.89,1,3,6,1,13,27,0,,,0,,,0,,,0,,,0,,,0,,,0,,,SL,-36.76,37
2025.01.09 16:28,2025.01.09 17:07,BUY,LienKe,2668.063,2663.905,41.6,21.3,37.6,0.51,0.90,1,6,7,1,19,29,0,,,0,,,0,,,0,,,0,,,0,,,0,,,SL,-41.58,39
2025.01.09 16:10,2025.01.09 17:07,BUY,LienKe,2668.419,2663.905,45.1,25.7,41.2,0.57,0.91,1,3,17,1,5,17,0,,,0,,,0,,,0,,,0,,,0,,,0,,,SL,-45.14,57
2025.01.09 16:10,2025.01.09 17:07,BUY,Swing,2668.419,2663.905,45.1,25.7,41.2,0.57,0.91,1,3,17,1,5,17,0,,,0,,,0,,,0,,,0,,,0,,,0,,,SL,-45.14,57
2025.01.10 02:06,2025.01.10 05:39,SELL,LienKe,2671.779,2675.178,34.0,11.0,31.5,0.32,0.93,1,1,9,0,,,0,,,0,,,0,,,0,,,0,,,0,,,0,,,SL,-33.99,213
2025.01.10 02:05,2025.01.10 05:39,SELL,LienKe,2671.386,2675.178,37.9,7.1,35.5,0.19,0.93,0,,,0,,,0,,,0,,,0,,,0,,,0,,,0,,,0,,,SL,-37.92,214
2025.01.10 03:35,2025.01.10 06:45,SELL,LienKe,2674.393,2677.771,33.8,26.5,28.3,0.78,0.84,1,11,114,1,63,114,0,,,0,,,0,,,0,,,0,,,0,,,0,,,SL,-33.78,190
2025.01.10 06:25,2025.01.10 08:09,SELL,LienKe,2675.564,2678.938,33.7,19.3,33.5,0.57,0.99,1,76,85,0,,,0,,,0,,,0,,,0,,,0,,,0,,,0,,,SL,-33.74,104
2025.01.10 06:25,2025.01.10 08:09,SELL,LienKe,2675.071,2678.938,38.7,14.4,38.4,0.37,0.99,1,82,84,0,,,0,,,0,,,0,,,0,,,0,,,0,,,0,,,SL,-38.67,104
2025.01.10 07:50,2025.01.10 13:30,BUY,LienKe,2675.417,2670.469,49.5,76.7,6.7,1.55,0.14,1,5,289,1,16,289,1,19,289,1,48,289,0,,,0,,,0,,,0,,,0,,,SL,-49.48,340
2025.01.10 09:20,2025.01.10 13:59,SELL,LienKe,2680.190,2683.698,35.1,160.4,34.4,4.57,0.98,1,17,26,1,171,230,1,187,230,1,199,230,1,250,268,1,250,268,1,250,268,0,,,0,,,SL,-35.08,278
2025.01.10 09:20,2025.01.10 13:59,SELL,LienKe,2679.646,2683.698,40.5,154.9,39.8,3.82,0.98,1,39,41,1,177,209,1,187,209,1,250,268,1,250,268,1,250,268,1,253,268,0,,,0,,,SL,-40.52,279
2025.01.10 11:25,2025.01.10 14:03,SELL,LienKe,2682.197,2685.785,35.9,180.4,31.9,5.03,0.89,1,22,26,1,35,150,1,38,150,1,62,150,1,125,150,1,125,150,1,125,150,0,,,0,,,SL,-35.88,158
2025.01.10 11:10,2025.01.10 14:03,SELL,LienKe,2681.648,2685.785,41.4,175.0,37.4,4.23,0.90,1,6,6,1,51,159,1,55,159,1,77,159,1,140,159,1,140,159,1,140,159,0,,,0,,,SL,-41.37,173
2025.01.09 02:25,2025.01.10 14:18,BUY,LienKe,2657.109,2653.646,34.6,296.8,16.7,8.57,0.48,1,30,118,1,35,118,1,42,118,1,73,118,1,262,-,1,492,-,1,544,-,1,669,-,0,,,TP,294.65,2153
2025.01.09 02:20,2025.01.10 14:24,BUY,LienKe,2657.734,2653.646,40.9,299.2,23.0,7.32,0.56,1,36,119,1,45,119,1,51,119,1,257,-,1,277,-,1,498,-,1,569,-,1,677,-,0,,,TP,294.65,2164
2025.01.09 04:15,2025.01.10 14:25,BUY,LienKe,2658.467,2654.969,35.0,296.5,30.3,8.48,0.87,1,46,81,1,52,81,1,137,-,1,145,-,1,163,-,1,389,-,1,499,-,1,1603,-,0,,,TP,294.65,2050
2025.01.09 04:15,2025.01.10 14:25,BUY,LienKe,2659.077,2654.969,41.1,290.4,36.4,7.07,0.89,1,48,69,1,136,-,1,139,-,1,147,-,1,382,-,1,432,-,1,499,-,1,1686,-,0,,,TP,294.65,2050
2025.01.12 23:22,2025.01.13 01:07,BUY,LienKe,2689.159,2685.549,36.1,42.1,35.2,1.17,0.98,1,21,59,1,37,59,1,41,59,0,,,0,,,0,,,0,,,0,,,0,,,SL,-36.10,105
2025.01.12 23:10,2025.01.13 01:07,BUY,LienKe,2690.280,2685.549,47.3,30.9,46.4,0.65,0.98,1,1,2,1,53,71,1,62,71,0,,,0,,,0,,,0,,,0,,,0,,,SL,-47.31,117
2025.01.10 17:42,2025.01.13 12:31,SELL,LienKe,2697.081,2700.733,36.5,294.7,10.3,8.07,0.28,1,8,20,1,22,-,1,22,-,1,34,-,1,39,-,1,48,-,1,3330,-,1,3958,-,0,,,TP,300.00,4009
2025.01.10 17:40,2025.01.13 12:31,SELL,LienKe,2696.757,2700.733,39.8,291.5,13.6,7.33,0.34,1,12,16,1,24,-,1,25,-,1,36,-,1,45,-,1,50,-,1,3333,-,1,3961,-,0,,,TP,300.00,4011
2025.01.13 13:40,2025.01.13 15:59,BUY,LienKe,2665.300,2661.224,40.8,89.4,40.3,2.19,0.99,1,3,3,1,8,60,1,12,60,1,21,60,1,70,106,0,,,0,,,0,,,0,,,SL,-40.76,139
2025.01.13 13:40,2025.01.13 15:59,BUY,LienKe,2666.480,2661.224,52.6,77.6,52.1,1.48,0.99,1,11,59,1,13,59,1,14,59,1,69,104,0,,,0,,,0,,,0,,,0,,,SL,-52.56,139
2025.01.13 02:31,2025.01.13 17:36,SELL,LienKe,2689.979,2693.565,35.9,299.2,15.0,8.34,0.42,1,4,25,1,4,25,1,37,93,1,128,228,1,452,-,1,453,-,1,569,-,1,598,-,0,,,TP,300.00,905
2025.01.13 02:20,2025.01.13 18:25,SELL,LienKe,2689.049,2693.565,45.2,297.1,24.3,6.58,0.54,1,16,17,1,48,101,1,61,101,1,193,236,1,463,-,1,485,-,1,580,-,1,609,-,0,,,TP,300.00,965
2025.01.14 04:20,2025.01.14 09:41,BUY,LienKe,2668.911,2665.406,35.1,64.6,31.4,1.84,0.90,1,6,85,1,20,85,1,22,85,1,35,85,0,,,0,,,0,,,0,,,0,,,SL,-35.05,321
2025.01.14 04:15,2025.01.14 09:41,BUY,LienKe,2669.739,2665.406,43.3,56.3,39.7,1.30,0.92,1,25,76,1,26,76,1,33,76,1,47,76,0,,,0,,,0,,,0,,,0,,,SL,-43.33,326
2025.01.14 19:33,2025.01.14 23:01,SELL,Swing,2673.753,2677.017,32.6,17.7,46.8,0.54,1.44,1,38,44,0,,,0,,,0,,,0,,,0,,,0,,,0,,,0,,,SL,-32.64,207
2025.01.14 19:25,2025.01.14 23:01,SELL,Swing,2673.343,2677.017,36.7,13.6,50.9,0.37,1.39,1,48,50,0,,,0,,,0,,,0,,,0,,,0,,,0,,,0,,,SL,-36.74,216
2025.01.15 05:40,2025.01.15 06:11,SELL,LienKe,2677.117,2680.661,35.4,0.7,33.8,0.02,0.95,0,,,0,,,0,,,0,,,0,,,0,,,0,,,0,,,0,,,SL,-35.44,31
2025.01.15 05:40,2025.01.15 06:11,SELL,LienKe,2676.599,2680.661,40.6,0.0,39.0,0.00,0.96,0,,,0,,,0,,,0,,,0,,,0,,,0,,,0,,,0,,,SL,-40.62,31
2025.01.15 07:40,2025.01.15 09:35,SELL,LienKe,2683.084,2686.443,33.6,28.8,33.0,0.86,0.98,1,8,21,1,14,21,0,,,0,,,0,,,0,,,0,,,0,,,0,,,SL,-33.59,115
2025.01.15 07:40,2025.01.15 09:35,SELL,LienKe,2682.476,2686.443,39.7,22.7,39.0,0.57,0.98,1,13,20,1,16,20,0,,,0,,,0,,,0,,,0,,,0,,,0,,,SL,-39.67,115
2025.01.15 10:40,2025.01.15 13:30,SELL,LienKe,2688.447,2691.886,34.4,61.6,7.8,1.79,0.23,1,2,9,1,34,-,1,59,-,1,140,-,0,,,0,,,0,,,0,,,0,,,SL,-34.39,170
2025.01.15 10:40,2025.01.15 13:30,SELL,LienKe,2687.975,2691.886,39.1,56.9,12.5,1.45,0.32,1,3,6,1,40,62,1,100,-,1,144,-,0,,,0,,,0,,,0,,,0,,,SL,-39.11,170
2025.01.14 14:24,2025.01.15 13:30,BUY,LienKe,2660.922,2656.802,41.2,281.4,10.5,6.83,0.25,1,6,12,1,7,12,1,29,-,1,31,-,1,40,-,1,49,-,1,312,-,1,947,-,0,,,TP,294.65,1386
2025.01.14 14:15,2025.01.15 13:30,BUY,LienKe,2661.492,2656.802,46.9,275.7,16.2,5.88,0.34,1,0,6,1,2,6,1,38,-,1,45,-,1,51,-,1,64,-,1,404,-,1,956,-,0,,,TP,294.65,1395
2025.01.13 17:25,2025.01.15 13:30,BUY,LienKe,2661.148,2656.903,42.5,279.2,43.8,6.58,1.03,1,48,58,1,248,1213,1,338,1213,1,365,1213,1,385,1213,1,455,1213,1,1573,-,1,2206,-,0,,,TP,289.30,2645
2025.01.13 17:10,2025.01.15 13:30,BUY,LienKe,2662.214,2656.903,53.1,268.5,54.5,5.06,1.03,1,5,10,1,353,1228,1,362,1228,1,384,1228,1,453,1228,1,479,1228,1,1690,-,1,2233,-,0,,,TP,289.30,2660
2025.01.15 12:10,2025.01.15 13:37,BUY,LienKe,2686.295,2681.919,43.8,71.4,41.7,1.63,0.95,1,80,-,1,80,-,1,80,-,1,80,-,0,,,0,,,0,,,0,,,0,,,SL,0.00,87
2025.01.15 12:20,2025.01.15 13:38,BUY,LienKe,2685.374,2681.919,34.5,80.6,32.5,2.33,0.94,1,7,14,1,70,-,1,70,-,1,70,-,1,72,-,0,,,0,,,0,,,0,,,SL,0.00,78
2025.01.15 19:48,2025.01.15 23:02,SELL,LienKe,2694.601,2698.127,35.3,12.0,31.0,0.34,0.88,1,14,17,0,,,0,,,0,,,0,,,0,,,0,,,0,,,0,,,SL,-35.26,193
2025.01.15 19:45,2025.01.15 23:02,SELL,LienKe,2694.037,2698.127,40.9,6.4,36.6,0.16,0.90,0,,,0,,,0,,,0,,,0,,,0,,,0,,,0,,,0,,,SL,-40.90,197
2025.01.15 14:05,2025.01.16 01:06,SELL,LienKe,2693.797,2699.056,52.6,170.0,51.3,3.23,0.98,1,0,243,1,1,243,1,2,243,1,6,243,1,28,243,1,29,243,1,31,243,0,,,0,,,SL,-52.59,661
2025.01.16 12:08,2025.01.16 12:34,BUY,LienKe,2705.412,2701.407,40.0,14.4,39.6,0.36,0.99,1,7,10,0,,,0,,,0,,,0,,,0,,,0,,,0,,,0,,,SL,-40.05,26
2025.01.16 12:05,2025.01.16 12:34,BUY,LienKe,2706.660,2701.407,52.5,6.4,52.1,0.12,0.99,0,,,0,,,0,,,0,,,0,,,0,,,0,,,0,,,0,,,SL,-52.53,29
2025.01.16 13:30,2025.01.16 13:30,SELL,Swing,2710.098,2714.727,46.3,0.0,1.6,0.00,0.03,0,,,0,,,0,,,0,,,0,,,0,,,0,,,0,,,0,,,SL,-46.29,0
2025.01.16 11:18,2025.01.16 13:30,SELL,LienKe,2708.434,2712.114,36.8,82.3,34.5,2.24,0.94,1,23,25,1,41,122,1,43,122,1,65,122,1,86,122,0,,,0,,,0,,,0,,,SL,-36.80,132
2025.01.16 11:15,2025.01.16 13:30,SELL,LienKe,2707.228,2712.114,48.9,70.2,46.6,1.44,0.95,1,45,50,1,46,50,1,67,122,1,75,122,0,,,0,,,0,,,0,,,0,,,SL,-48.86,135
2025.01.16 13:30,2025.01.16 13:43,SELL,Swing,2710.946,2714.727,37.8,12.7,39.5,0.34,1.04,1,9,10,0,,,0,,,0,,,0,,,0,,,0,,,0,,,0,,,SL,-37.81,13
2025.01.16 23:35,2025.01.17 07:53,BUY,LienKe,2713.956,2709.401,45.6,33.9,45.4,0.74,1.00,1,27,53,1,67,85,1,192,333,0,,,0,,,0,,,0,,,0,,,0,,,SL,-50.90,498
2025.01.17 19:51,2025.01.17 20:01,BUY,LienKe,2705.065,2701.510,35.5,0.0,29.3,0.00,0.82,0,,,0,,,0,,,0,,,0,,,0,,,0,,,0,,,0,,,SL,-35.55,10
2025.01.17 19:05,2025.01.17 20:01,BUY,LienKe,2705.969,2701.510,44.6,11.7,38.4,0.26,0.86,1,11,18,0,,,0,,,0,,,0,,,0,,,0,,,0,,,0,,,SL,-44.59,56
2025.01.17 14:35,2025.01.19 23:16,BUY,Swing,2706.869,2699.757,71.1,103.9,76.3,1.46,1.07,1,0,1,1,6,257,1,7,257,1,14,257,1,30,257,1,130,257,0,,,0,,,0,,,SL,-76.47,3401
2025.01.16 17:10,2025.01.19 23:28,SELL,LienKe,2722.178,2725.598,34.2,298.6,27.2,8.73,0.80,1,6,8,1,66,-,1,73,-,1,91,-,1,235,-,1,472,-,1,975,-,1,1611,-,0,,,TP,300.00,4698
2025.01.16 17:10,2025.01.20 01:02,SELL,LienKe,2721.556,2725.598,40.4,298.7,33.4,7.39,0.83,1,66,-,1,73,-,1,78,-,1,91,-,1,248,-,1,472,-,1,976,-,1,1611,-,0,,,TP,300.00,4792
2025.01.20 07:20,2025.01.20 07:58,BUY,LienKe,2706.516,2703.215,33.0,1.2,27.0,0.04,0.82,0,,,0,,,0,,,0,,,0,,,0,,,0,,,0,,,0,,,SL,-33.01,38
2025.01.20 07:20,2025.01.20 07:58,BUY,LienKe,2706.998,2703.215,37.8,0.0,31.9,0.00,0.84,0,,,0,,,0,,,0,,,0,,,0,,,0,,,0,,,0,,,SL,-37.83,38
2025.01.20 17:09,2025.01.21 01:27,SELL,LienKe,2708.765,2712.662,39.0,58.1,29.8,1.49,0.76,1,3,16,1,5,16,1,9,16,1,464,476,0,,,0,,,0,,,0,,,0,,,SL,-38.97,498
2025.01.20 17:05,2025.01.21 01:27,SELL,LienKe,2707.885,2712.662,47.8,49.3,38.6,1.03,0.81,1,9,20,1,12,20,1,19,20,0,,,0,,,0,,,0,,,0,,,0,,,SL,-47.77,502
2025.01.17 00:19,2025.01.21 01:42,SELL,LienKe,2715.308,2718.569,32.6,257.9,22.0,7.91,0.67,1,4,13,1,41,101,1,43,101,1,68,101,1,546,943,1,575,943,1,1185,-,1,4264,-,0,,,SL,0.00,5843
2025.01.17 00:10,2025.01.21 01:42,SELL,LienKe,2714.987,2718.569,35.8,254.7,25.2,7.11,0.70,1,18,21,1,50,110,1,52,110,1,458,895,1,555,895,1,584,895,1,1261,-,1,4273,-,0,,,SL,0.00,5852
2025.01.21 15:50,2025.01.21 16:19,SELL,LienKe,2738.922,2742.732,38.1,9.5,36.8,0.25,0.97,0,,,0,,,0,,,0,,,0,,,0,,,0,,,0,,,0,,,SL,-38.10,29
2025.01.21 15:10,2025.01.21 16:19,SELL,LienKe,2737.317,2742.732,54.1,25.6,52.9,0.47,0.98,1,3,6,1,20,31,0,,,0,,,0,,,0,,,0,,,0,,,0,,,SL,-54.15,69
2025.01.22 03:55,2025.01.22 05:29,SELL,Swing,2749.902,2754.084,41.8,4.3,38.2,0.10,0.91,0,,,0,,,0,,,0,,,0,,,0,,,0,,,0,,,0,,,SL,-41.82,94
2025.01.22 03:45,2025.01.22 05:29,SELL,Swing,2749.052,2754.084,50.3,3.0,46.7,0.06,0.93,0,,,0,,,0,,,0,,,0,,,0,,,0,,,0,,,0,,,SL,-50.32,104
2025.01.22 04:20,2025.01.22 05:35,SELL,LienKe,2751.186,2754.453,32.7,8.2,30.6,0.25,0.94,0,,,0,,,0,,,0,,,0,,,0,,,0,,,0,,,0,,,SL,-32.67,75
2025.01.22 04:20,2025.01.22 05:35,SELL,LienKe,2750.906,2754.453,35.5,5.4,33.4,0.15,0.94,0,,,0,,,0,,,0,,,0,,,0,,,0,,,0,,,0,,,SL,-35.47,75
2025.01.22 20:36,2025.01.23 01:47,BUY,LienKe,2755.108,2751.955,31.5,20.2,23.6,0.64,0.75,1,12,48,1,22,48,0,,,0,,,0,,,0,,,0,,,0,,,0,,,SL,-47.58,311
2025.01.22 20:05,2025.01.23 01:47,BUY,LienKe,2755.415,2751.955,34.6,17.1,26.6,0.49,0.77,1,53,73,0,,,0,,,0,,,0,,,0,,,0,,,0,,,0,,,SL,-50.65,342
2025.01.23 01:32,2025.01.23 03:25,BUY,LienKe,2753.694,2749.825,38.7,14.2,35.6,0.37,0.92,1,5,9,0,,,0,,,0,,,0,,,0,,,0,,,0,,,0,,,SL,-38.69,113
2025.01.22 14:40,2025.01.23 09:21,BUY,LienKe,2752.299,2747.329,49.7,80.1,36.2,1.61,0.73,1,0,21,1,5,21,1,6,21,1,9,21,1,72,667,0,,,0,,,0,,,0,,,SL,-65.75,1121
2025.01.22 13:40,2025.01.23 09:21,BUY,LienKe,2753.553,2747.854,57.0,67.6,48.7,1.19,0.85,1,3,6,1,11,40,1,13,40,1,127,624,0,,,0,,,0,,,0,,,0,,,SL,-73.04,1181
2025.01.23 04:30,2025.01.23 16:45,SELL,LienKe,2753.174,2756.444,32.7,172.4,25.5,5.27,0.78,1,10,44,1,290,392,1,290,392,1,291,392,1,295,392,1,297,392,1,536,729,0,,,0,,,SL,-32.70,735
2025.01.23 04:30,2025.01.23 16:45,SELL,LienKe,2753.043,2756.444,34.0,171.1,26.8,5.03,0.79,1,12,44,1,290,392,1,290,392,1,291,392,1,295,392,1,297,392,1,536,726,0,,,0,,,SL,-34.01,735
2025.01.24 08:10,2025.01.26 23:05,BUY,LienKe,2771.567,2767.836,37.3,144.5,16.7,3.87,0.45,1,19,20,1,37,87,1,38,87,1,71,87,1,205,522,1,303,522,0,,,0,,,0,,,SL,-42.66,3774
2025.01.24 08:05,2025.01.26 23:05,BUY,LienKe,2772.479,2767.836,46.4,135.3,25.9,2.91,0.56,1,42,91,1,43,91,1,64,91,1,85,91,1,303,525,1,310,525,0,,,0,,,0,,,SL,-51.78,3780
2025.01.24 04:43,2025.01.26 23:05,BUY,LienKe,2771.487,2767.527,39.6,145.3,15.9,3.67,0.40,1,3,198,1,21,198,1,37,198,1,60,198,1,412,729,1,510,729,0,,,0,,,0,,,SL,-44.95,3981
2025.01.24 04:30,2025.01.26 23:05,BUY,LienKe,2772.411,2767.527,48.8,136.0,25.2,2.79,0.52,1,2,12,1,7,12,1,63,162,1,98,162,1,518,740,1,525,740,0,,,0,,,0,,,SL,-54.19,3995
2025.01.27 06:09,2025.01.27 07:28,BUY,LienKe,2752.505,2748.795,37.1,25.8,22.2,0.70,0.60,1,31,35,1,44,67,0,,,0,,,0,,,0,,,0,,,0,,,0,,,SL,-37.10,79
2025.01.27 06:05,2025.01.27 07:28,BUY,LienKe,2753.492,2748.795,47.0,15.9,32.0,0.34,0.68,1,48,60,0,,,0,,,0,,,0,,,0,,,0,,,0,,,0,,,SL,-46.97,83
2025.01.27 15:01,2025.01.27 15:05,BUY,Swing,2746.880,2741.983,49.0,1.9,42.8,0.04,0.87,0,,,0,,,0,,,0,,,0,,,0,,,0,,,0,,,0,,,SL,-48.97,4
2025.01.27 14:35,2025.01.27 15:05,BUY,Swing,2748.891,2741.983,69.1,65.7,62.9,0.95,0.91,1,0,25,1,0,25,1,3,25,1,6,25,0,,,0,,,0,,,0,,,0,,,SL,-69.08,30
2025.01.27 16:20,2025.01.27 16:51,BUY,LienKe,2739.566,2735.500,40.7,36.1,36.9,0.89,0.91,1,7,14,1,7,14,1,16,22,0,,,0,,,0,,,0,,,0,,,0,,,SL,-40.66,31
2025.01.27 16:15,2025.01.27 16:51,BUY,LienKe,2741.041,2735.500,55.4,21.3,51.6,0.38,0.93,1,21,25,1,22,25,0,,,0,,,0,,,0,,,0,,,0,,,0,,,SL,-55.41,36
2025.01.28 03:46,2025.01.28 08:33,BUY,LienKe,2738.498,2735.076,34.2,64.0,33.9,1.87,0.99,1,5,252,1,27,252,1,72,252,1,75,252,0,,,0,,,0,,,0,,,0,,,SL,-34.22,287
2025.01.28 03:40,2025.01.28 08:33,BUY,LienKe,2738.989,2735.076,39.1,59.0,38.8,1.51,0.99,1,12,16,1,43,253,1,79,253,1,81,253,0,,,0,,,0,,,0,,,0,,,SL,-39.13,293
2025.01.28 09:35,2025.01.28 13:31,SELL,Swing,2743.486,2748.151,46.6,24.0,44.5,0.52,0.95,1,7,9,1,75,84,0,,,0,,,0,,,0,,,0,,,0,,,0,,,SL,-46.65,236
2025.01.30 06:05,2025.01.30 06:56,SELL,LienKe,2760.930,2764.340,34.1,2.1,19.6,0.06,0.58,0,,,0,,,0,,,0,,,0,,,0,,,0,,,0,,,0,,,SL,-34.10,51
2025.01.30 06:05,2025.01.30 06:56,SELL,LienKe,2760.290,2764.340,40.5,0.0,26.0,0.00,0.64,0,,,0,,,0,,,0,,,0,,,0,,,0,,,0,,,0,,,SL,-40.50,51
2025.01.30 04:03,2025.01.30 06:58,SELL,Swing,2762.299,2765.577,32.8,35.1,29.2,1.07,0.89,1,34,139,1,46,139,1,96,139,0,,,0,,,0,,,0,,,0,,,0,,,SL,-32.78,175
2025.01.30 03:55,2025.01.30 06:58,SELL,Swing,2761.783,2765.577,37.9,29.9,34.4,0.79,0.91,1,45,133,1,93,133,0,,,0,,,0,,,0,,,0,,,0,,,0,,,SL,-37.94,183
2025.01.31 00:10,2025.01.31 12:05,SELL,Swing,2797.767,2802.658,48.9,65.8,48.8,1.35,1.00,1,24,125,1,43,125,1,47,125,1,407,430,0,,,0,,,0,,,0,,,0,,,SL,-48.91,715
2025.01.31 17:15,2025.01.31 18:22,BUY,LienKe,2804.667,2799.916,47.5,116.3,43.9,2.45,0.92,1,1,60,1,1,60,1,3,60,1,3,60,1,3,60,1,26,60,0,,,0,,,0,,,SL,-47.51,67
2025.01.31 17:15,2025.01.31 18:22,BUY,LienKe,2806.496,2799.916,65.8,98.0,62.2,1.49,0.94,1,3,13,1,3,13,1,3,13,1,3,13,1,26,49,0,,,0,,,0,,,0,,,SL,-65.80,67
2025.01.31 05:44,2025.02.02 23:24,BUY,LienKe,2794.954,2790.870,40.8,222.9,39.3,5.46,0.96,1,23,26,1,93,158,1,99,158,1,106,158,1,392,857,1,395,857,1,552,857,1,563,857,0,,,SL,-46.19,3940
2025.01.31 09:00,2025.02.02 23:32,BUY,LienKe,2793.477,2788.651,48.3,237.7,41.8,4.92,0.87,1,0,2,1,33,60,1,147,3742,1,169,3742,1,181,3742,1,196,3742,1,280,3742,1,360,3742,0,,,SL,-53.61,3752
2025.01.31 09:00,2025.02.02 23:32,BUY,Swing,2793.477,2788.651,48.3,237.7,41.8,4.92,0.87,1,0,2,1,33,60,1,147,3742,1,169,3742,1,181,3742,1,196,3742,1,280,3742,1,360,3742,0,,,SL,-53.61,3752
2025.02.03 01:16,2025.02.03 01:56,BUY,Swing,2783.760,2779.599,41.6,9.0,30.1,0.22,0.72,0,,,0,,,0,,,0,,,0,,,0,,,0,,,0,,,0,,,SL,-41.61,40
2025.02.03 01:15,2025.02.03 01:56,BUY,Swing,2785.899,2779.599,63.0,0.0,51.5,0.00,0.82,0,,,0,,,0,,,0,,,0,,,0,,,0,,,0,,,0,,,SL,-63.00,41
2025.02.03 09:40,2025.02.03 11:12,SELL,LienKe,2799.644,2803.880,42.4,64.9,37.4,1.53,0.88,1,2,3,1,6,71,1,8,71,1,23,71,0,,,0,,,0,,,0,,,0,,,SL,-42.36,92
2025.02.03 13:05,2025.02.03 14:11,SELL,LienKe,2811.034,2814.610,35.8,33.2,33.8,0.93,0.95,1,1,15,1,2,15,1,2,15,0,,,0,,,0,,,0,,,0,,,0,,,SL,-35.76,66
2025.02.03 13:05,2025.02.03 14:11,SELL,LienKe,2809.736,2814.610,48.7,20.2,46.8,0.41,0.96,1,2,6,1,5,6,0,,,0,,,0,,,0,,,0,,,0,,,0,,,SL,-48.74,66
2025.02.03 10:13,2025.02.03 14:49,BUY,LienKe,2794.958,2790.412,45.5,296.9,19.6,6.53,0.43,1,7,9,1,32,-,1,37,-,1,38,-,1,57,-,1,139,-,1,155,-,1,241,-,0,,,TP,300.00,276
2025.02.03 10:10,2025.02.03 14:49,BUY,LienKe,2796.211,2790.412,58.0,284.4,32.2,4.90,0.55,1,38,-,1,40,-,1,41,-,1,53,-,1,63,-,1,148,-,1,170,-,1,265,-,0,,,TP,300.00,279
2025.02.04 06:15,2025.02.04 07:24,BUY,LienKe,2813.894,2810.274,36.2,5.4,35.9,0.15,0.99,0,,,0,,,0,,,0,,,0,,,0,,,0,,,0,,,0,,,SL,-36.20,69
2025.02.04 06:15,2025.02.04 07:24,BUY,LienKe,2814.695,2810.274,44.2,0.0,43.9,0.00,0.99,0,,,0,,,0,,,0,,,0,,,0,,,0,,,0,,,0,,,SL,-44.21,69
2025.02.04 06:30,2025.02.04 07:27,BUY,Swing,2812.129,2807.868,42.6,23.0,37.0,0.54,0.87,1,16,30,1,38,52,0,,,0,,,0,,,0,,,0,,,0,,,0,,,SL,-42.61,57
2025.02.04 06:30,2025.02.04 07:27,BUY,Swing,2812.296,2807.868,44.3,21.4,38.7,0.48,0.87,1,21,30,1,43,51,0,,,0,,,0,,,0,,,0,,,0,,,0,,,SL,-44.28,57
2025.02.04 15:05,2025.02.05 00:34,SELL,LienKe,2842.223,2846.641,44.2,96.0,43.0,2.17,0.97,1,0,2,1,0,2,1,34,80,1,34,80,1,38,80,0,,,0,,,0,,,0,,,SL,-44.18,569
2025.02.04 15:05,2025.02.05 00:34,SELL,LienKe,2840.845,2846.641,58.0,82.3,56.8,1.42,0.98,1,34,75,1,34,75,1,34,75,1,35,75,1,56,75,0,,,0,,,0,,,0,,,SL,-57.96,569
2025.02.04 16:08,2025.02.05 07:59,BUY,LienKe,2834.157,2829.459,47.0,294.2,3.3,6.26,0.07,1,0,-,1,1,-,1,3,-,1,5,-,1,19,-,1,84,-,1,598,-,1,683,-,0,,,TP,294.65,951
2025.02.04 16:05,2025.02.05 08:41,BUY,LienKe,2836.879,2829.459,74.2,298.2,30.5,4.02,0.41,1,6,9,1,8,9,1,13,-,1,20,-,1,155,-,1,509,-,1,606,-,1,729,-,0,,,TP,294.65,996
2025.02.05 11:15,2025.02.05 13:35,BUY,LienKe,2867.286,2861.744,55.4,35.8,50.3,0.65,0.91,1,2,2,1,10,87,1,22,87,0,,,0,,,0,,,0,,,0,,,0,,,SL,-55.42,140
2025.02.05 14:55,2025.02.05 15:00,SELL,Swing,2871.019,2875.622,46.0,7.1,12.6,0.15,0.27,0,,,0,,,0,,,0,,,0,,,0,,,0,,,0,,,0,,,SL,-46.03,5
2025.02.05 14:55,2025.02.05 15:00,SELL,Swing,2870.279,2875.622,53.4,0.0,20.0,0.00,0.37,0,,,0,,,0,,,0,,,0,,,0,,,0,,,0,,,0,,,SL,-53.43,5
2025.02.05 20:01,2025.02.06 06:50,BUY,Swing,2863.082,2859.681,34.0,102.5,32.0,3.01,0.94,1,10,14,1,28,40,1,33,40,1,202,647,1,354,647,1,361,647,0,,,0,,,0,,,SL,-50.06,649
2025.02.05 19:15,2025.02.06 06:50,BUY,Swing,2865.726,2859.681,60.5,76.0,58.4,1.26,0.97,1,1,35,1,3,35,1,8,35,1,275,353,0,,,0,,,0,,,0,,,0,,,SL,-76.50,695
2025.02.06 08:12,2025.02.06 08:22,BUY,LienKe,2854.501,2850.590,39.1,21.0,25.8,0.54,0.66,1,2,7,1,5,7,0,,,0,,,0,,,0,,,0,,,0,,,0,,,SL,-39.11,10
2025.02.06 08:10,2025.02.06 08:22,BUY,LienKe,2855.664,2850.590,50.7,9.4,37.5,0.18,0.74,0,,,0,,,0,,,0,,,0,,,0,,,0,,,0,,,0,,,SL,-50.74,12
2025.02.06 13:05,2025.02.06 13:45,BUY,LienKe,2862.679,2858.721,39.6,22.9,34.1,0.58,0.86,1,15,17,1,15,17,0,,,0,,,0,,,0,,,0,,,0,,,0,,,SL,-39.58,40
2025.02.06 13:05,2025.02.06 13:45,BUY,LienKe,2863.834,2858.721,51.1,11.4,45.7,0.22,0.89,1,16,16,0,,,0,,,0,,,0,,,0,,,0,,,0,,,0,,,SL,-51.13,40
2025.02.06 02:32,2025.02.06 14:59,SELL,LienKe,2872.425,2876.327,39.0,295.6,4.3,7.57,0.11,1,2,19,1,11,19,1,36,91,1,49,91,1,256,-,1,257,-,1,314,-,1,349,-,0,,,TP,300.00,747
2025.02.06 02:05,2025.02.06 14:59,SELL,LienKe,2871.348,2876.327,49.8,284.8,15.1,5.72,0.30,1,8,25,1,17,25,1,73,117,1,79,117,1,283,-,1,285,-,1,341,-,1,377,-,0,,,TP,300.00,774
2025.02.06 16:42,2025.02.06 23:22,SELL,LienKe,2853.589,2857.743,41.5,53.8,38.6,1.30,0.93,1,5,127,1,7,127,1,8,127,1,18,127,0,,,0,,,0,,,0,,,0,,,SL,-41.54,400
2025.02.06 16:20,2025.02.06 23:22,SELL,LienKe,2851.805,2857.743,59.4,36.0,56.4,0.61,0.95,1,9,17,1,14,17,1,40,45,0,,,0,,,0,,,0,,,0,,,0,,,SL,-59.38,422
2025.02.07 05:08,2025.02.07 05:57,BUY,LienKe,2865.805,2862.243,35.6,12.2,32.2,0.34,0.91,1,5,13,0,,,0,,,0,,,0,,,0,,,0,,,0,,,0,,,SL,-35.62,49
2025.02.07 05:05,2025.02.07 05:57,BUY,LienKe,2866.495,2862.243,42.5,5.3,39.1,0.12,0.92,0,,,0,,,0,,,0,,,0,,,0,,,0,,,0,,,0,,,SL,-42.52,52
2025.02.07 13:10,2025.02.07 13:31,BUY,LienKe,2863.297,2859.851,34.5,76.8,30.2,2.23,0.88,1,19,20,1,19,20,1,19,20,1,19,20,0,,,0,,,0,,,0,,,0,,,SL,-34.46,21
2025.02.07 13:10,2025.02.07 13:31,BUY,Swing,2863.297,2859.851,34.5,76.8,30.2,2.23,0.88,1,19,20,1,19,20,1,19,20,1,19,20,0,,,0,,,0,,,0,,,0,,,SL,-34.46,21
2025.02.07 13:10,2025.02.07 13:31,BUY,LienKe,2864.055,2859.851,42.0,69.2,37.8,1.65,0.90,1,20,20,1,20,20,1,20,20,1,20,20,0,,,0,,,0,,,0,,,0,,,SL,-42.04,21
2025.02.07 13:10,2025.02.07 13:31,BUY,Swing,2864.055,2859.851,42.0,69.2,37.8,1.65,0.90,1,20,20,1,20,20,1,20,20,1,20,20,0,,,0,,,0,,,0,,,0,,,SL,-42.04,21
2025.02.10 05:10,2025.02.10 06:10,SELL,LienKe,2879.393,2883.055,36.6,31.9,35.0,0.87,0.96,1,6,9,1,41,50,1,46,50,0,,,0,,,0,,,0,,,0,,,0,,,SL,-36.62,60
2025.02.10 05:10,2025.02.10 06:10,SELL,LienKe,2878.945,2883.055,41.1,27.4,39.5,0.67,0.96,1,11,12,1,46,49,0,,,0,,,0,,,0,,,0,,,0,,,0,,,SL,-41.10,60
2025.02.07 19:40,2025.02.10 06:48,BUY,LienKe,2860.238,2856.101,41.4,289.3,8.7,6.99,0.21,1,6,17,1,7,17,1,26,46,1,3097,-,1,3109,-,1,3122,-,1,3206,-,1,3502,-,0,,,TP,294.65,3548
2025.02.10 16:31,2025.02.10 16:49,BUY,LienKe,2905.126,2901.412,37.1,1.4,31.6,0.04,0.85,0,,,0,,,0,,,0,,,0,,,0,,,0,,,0,,,0,,,SL,-37.14,18
2025.02.10 16:30,2025.02.10 16:49,BUY,LienKe,2906.038,2901.412,46.3,7.2,40.7,0.15,0.88,0,,,0,,,0,,,0,,,0,,,0,,,0,,,0,,,0,,,SL,-46.26,19
2025.02.11 09:39,2025.02.11 12:08,BUY,LienKe,2906.117,2901.792,43.3,10.6,42.5,0.25,0.98,1,28,28,0,,,0,,,0,,,0,,,0,,,0,,,0,,,0,,,SL,-43.25,149
2025.02.11 09:39,2025.02.11 12:08,BUY,Swing,2906.117,2901.792,43.3,10.6,42.5,0.25,0.98,1,28,28,0,,,0,,,0,,,0,,,0,,,0,,,0,,,0,,,SL,-43.25,149
2025.02.11 09:10,2025.02.11 12:08,BUY,Swing,2911.461,2901.792,96.7,3.8,96.0,0.04,0.99,0,,,0,,,0,,,0,,,0,,,0,,,0,,,0,,,0,,,SL,-96.69,178
2025.02.11 15:50,2025.02.11 16:22,SELL,LienKe,2904.412,2908.691,42.8,10.9,37.3,0.26,0.87,1,15,16,0,,,0,,,0,,,0,,,0,,,0,,,0,,,0,,,SL,-42.79,32
2025.02.11 15:50,2025.02.11 16:22,SELL,LienKe,2903.791,2908.691,49.0,4.7,43.5,0.10,0.89,0,,,0,,,0,,,0,,,0,,,0,,,0,,,0,,,0,,,SL,-49.00,32
2025.02.12 08:08,2025.02.12 09:49,BUY,LienKe,2891.463,2887.219,42.4,26.8,36.5,0.63,0.86,1,22,37,1,26,37,0,,,0,,,0,,,0,,,0,,,0,,,0,,,SL,-42.44,101
2025.02.12 08:05,2025.02.12 09:49,BUY,LienKe,2892.880,2887.219,56.6,12.6,50.7,0.22,0.90,1,2,2,0,,,0,,,0,,,0,,,0,,,0,,,0,,,0,,,SL,-56.61,104
2025.02.12 05:11,2025.02.12 10:43,BUY,LienKe,2884.655,2880.980,36.8,111.9,27.7,3.05,0.75,1,11,12,1,21,321,1,32,321,1,59,321,1,64,321,1,69,321,0,,,0,,,0,,,SL,-36.75,332
2025.02.12 05:05,2025.02.12 10:43,BUY,LienKe,2885.563,2880.980,45.8,102.8,36.8,2.24,0.80,1,27,31,1,38,55,1,64,327,1,66,327,1,73,327,1,141,327,0,,,0,,,0,,,SL,-45.83,338
2025.02.12 01:35,2025.02.12 10:43,BUY,LienKe,2891.380,2880.760,106.2,64.1,95.0,0.60,0.89,1,1,2,1,4,85,1,6,85,1,55,85,0,,,0,,,0,,,0,,,0,,,SL,-106.20,548
2025.02.12 07:14,2025.02.12 13:31,SELL,LienKe,2894.466,2898.407,39.4,291.3,15.4,7.39,0.39,1,1,2,1,2,2,1,20,-,1,56,-,1,166,-,1,198,-,1,286,-,1,365,-,0,,,TP,300.00,377
2025.02.12 07:10,2025.02.12 14:14,SELL,LienKe,2893.498,2898.407,49.1,291.9,25.1,5.95,0.51,1,2,3,1,24,34,1,52,54,1,71,84,1,202,-,1,202,-,1,364,-,1,372,-,0,,,SL,0.00,424
2025.02.12 17:06,2025.02.12 17:14,SELL,LienKe,2904.221,2908.223,40.0,9.3,28.1,0.23,0.70,0,,,0,,,0,,,0,,,0,,,0,,,0,,,0,,,0,,,SL,-40.02,8
2025.02.12 17:05,2025.02.12 17:14,SELL,LienKe,2903.215,2908.223,50.1,0.8,38.1,0.01,0.76,0,,,0,,,0,,,0,,,0,,,0,,,0,,,0,,,0,,,SL,-50.08,9
2025.02.13 03:15,2025.02.13 03:20,SELL,LienKe,2908.952,2912.096,31.4,0.0,21.7,0.00,0.69,0,,,0,,,0,,,0,,,0,,,0,,,0,,,0,,,0,,,SL,-31.44,5
2025.02.13 03:10,2025.02.13 03:20,SELL,LienKe,2908.213,2912.096,38.8,0.0,29.1,0.00,0.75,0,,,0,,,0,,,0,,,0,,,0,,,0,,,0,,,0,,,SL,-38.83,10
2025.02.13 04:14,2025.02.13 05:23,SELL,LienKe,2917.924,2921.461,35.4,15.9,33.9,0.45,0.96,1,7,11,0,,,0,,,0,,,0,,,0,,,0,,,0,,,0,,,SL,-35.37,69
2025.02.13 04:10,2025.02.13 05:23,SELL,LienKe,2917.469,2921.461,39.9,11.4,38.4,0.29,0.96,1,12,14,0,,,0,,,0,,,0,,,0,,,0,,,0,,,0,,,SL,-39.92,73
2025.02.13 07:35,2025.02.13 18:57,SELL,LienKe,2917.645,2923.674,60.3,117.2,54.9,1.94,0.91,1,0,2,1,0,2,1,5,10,1,38,134,1,65,134,1,377,446,0,,,0,,,0,,,SL,-60.29,682
2025.02.14 02:15,2025.02.14 03:43,BUY,Swing,2927.316,2923.597,37.2,31.1,21.2,0.84,0.57,1,9,11,1,47,81,1,66,81,0,,,0,,,0,,,0,,,0,,,0,,,SL,-37.19,88
2025.02.14 02:15,2025.02.14 03:43,BUY,Swing,2928.196,2923.597,46.0,22.3,30.0,0.49,0.65,1,47,76,1,65,76,0,,,0,,,0,,,0,,,0,,,0,,,0,,,SL,-45.99,88
2025.02.14 11:18,2025.02.14 11:48,BUY,LienKe,2934.382,2930.461,39.2,19.4,35.3,0.49,0.90,1,2,11,0,,,0,,,0,,,0,,,0,,,0,,,0,,,0,,,SL,-39.21,30
2025.02.14 11:15,2025.02.14 11:48,BUY,LienKe,2935.458,2930.461,50.0,8.6,46.1,0.17,0.92,0,,,0,,,0,,,0,,,0,,,0,,,0,,,0,,,0,,,SL,-49.97,33
2025.02.14 14:09,2025.02.14 15:17,BUY,LienKe,2917.397,2912.166,52.3,111.3,37.4,2.13,0.71,1,3,53,1,4,53,1,5,53,1,5,53,1,11,53,1,16,53,0,,,0,,,0,,,SL,-52.31,68
2025.02.14 14:05,2025.02.14 15:17,BUY,LienKe,2919.811,2912.166,76.4,87.2,61.5,1.14,0.80,1,9,43,1,9,43,1,9,43,1,13,43,1,21,43,0,,,0,,,0,,,0,,,SL,-76.45,72
2025.02.14 19:34,2025.02.14 19:56,BUY,LienKe,2882.474,2878.842,36.3,4.7,33.8,0.13,0.93,0,,,0,,,0,,,0,,,0,,,0,,,0,,,0,,,0,,,SL,-36.32,22
2025.02.14 19:30,2025.02.14 19:56,BUY,LienKe,2883.304,2878.842,44.6,0.6,42.0,0.01,0.94,0,,,0,,,0,,,0,,,0,,,0,,,0,,,0,,,0,,,SL,-44.62,26
2025.02.17 23:32,2025.02.18 01:33,BUY,LienKe,2897.434,2894.321,31.1,29.6,25.7,0.95,0.83,1,13,94,1,18,94,0,,,0,,,0,,,0,,,0,,,0,,,0,,,SL,-36.48,121
2025.02.17 23:30,2025.02.18 01:33,BUY,LienKe,2897.662,2894.321,33.4,27.3,28.0,0.82,0.84,1,17,93,1,30,93,0,,,0,,,0,,,0,,,0,,,0,,,0,,,SL,-38.76,123
2025.02.17 08:40,2025.02.18 01:35,BUY,LienKe,2897.435,2892.044,53.9,90.2,53.4,1.67,0.99,1,4,113,1,6,113,1,7,113,1,22,113,1,37,113,0,,,0,,,0,,,0,,,SL,-59.26,1015
2025.02.17 11:10,2025.02.18 03:02,SELL,LienKe,2900.786,2907.007,62.2,86.2,45.1,1.39,0.73,1,2,12,1,9,12,1,55,219,1,69,219,1,864,929,0,,,0,,,0,,,0,,,SL,-62.21,952
2025.02.17 05:30,2025.02.18 03:05,SELL,LienKe,2903.231,2908.407,51.8,148.6,38.2,2.87,0.74,1,1,148,1,5,148,1,7,148,1,26,148,1,30,148,1,33,148,0,,,0,,,0,,,SL,-51.76,1295
2025.02.18 09:57,2025.02.18 12:41,SELL,LienKe,2912.594,2916.397,38.0,53.7,34.2,1.41,0.90,1,17,101,1,26,101,1,33,101,1,48,101,0,,,0,,,0,,,0,,,0,,,SL,-38.03,164
2025.02.18 09:40,2025.02.18 12:41,SELL,LienKe,2911.913,2916.397,44.8,46.8,41.0,1.04,0.91,1,6,10,1,47,80,1,54,80,0,,,0,,,0,,,0,,,0,,,0,,,SL,-44.84,181
2025.02.18 05:09,2025.02.18 12:41,SELL,LienKe,2912.161,2916.500,43.4,49.3,38.5,1.14,0.89,1,42,54,1,157,169,1,157,169,0,,,0,,,0,,,0,,,0,,,0,,,SL,-43.39,452
2025.02.18 05:05,2025.02.18 12:41,SELL,LienKe,2910.761,2916.500,57.4,35.3,52.5,0.62,0.92,1,161,168,1,162,168,1,340,349,0,,,0,,,0,,,0,,,0,,,0,,,SL,-57.39,456
2025.02.18 23:35,2025.02.19 00:56,BUY,LienKe,2933.832,2930.124,37.1,6.5,35.2,0.17,0.95,0,,,0,,,0,,,0,,,0,,,0,,,0,,,0,,,0,,,SL,-42.43,81
2025.02.18 18:27,2025.02.19 02:49,BUY,LienKe,2929.544,2925.657,38.9,101.1,16.4,2.60,0.42,1,3,389,1,6,389,1,21,389,1,68,389,1,441,500,1,450,500,0,,,0,,,0,,,SL,-44.22,502
2025.02.18 18:25,2025.02.19 02:49,BUY,LienKe,2930.197,2925.657,45.4,94.5,22.9,2.08,0.51,1,6,391,1,12,391,1,23,391,1,71,391,1,445,502,0,,,0,,,0,,,0,,,SL,-50.75,504
2025.02.19 08:45,2025.02.19 09:15,SELL,Swing,2938.165,2943.041,48.8,15.9,17.0,0.33,0.35,1,3,8,0,,,0,,,0,,,0,,,0,,,0,,,0,,,0,,,SL,-48.76,30
2025.02.19 14:34,2025.02.19 15:59,BUY,LienKe,2933.353,2927.193,61.6,72.9,47.3,1.18,0.77,1,0,1,1,6,46,1,8,46,1,15,46,0,,,0,,,0,,,0,,,0,,,SL,-61.60,85
2025.02.19 14:34,2025.02.19 15:59,BUY,Swing,2931.924,2927.193,47.3,87.2,33.0,1.84,0.70,1,0,3,1,0,3,1,5,83,1,8,83,1,18,83,0,,,0,,,0,,,0,,,SL,-47.31,85
2025.02.19 14:30,2025.02.19 15:59,BUY,LienKe,2933.835,2927.193,66.4,68.1,52.1,1.02,0.78,1,0,3,1,1,3,1,12,49,1,20,49,0,,,0,,,0,,,0,,,0,,,SL,-66.42,89
2025.02.19 14:30,2025.02.19 15:59,BUY,Swing,2933.835,2927.193,66.4,68.1,52.1,1.02,0.78,1,0,3,1,1,3,1,12,49,1,20,49,0,,,0,,,0,,,0,,,0,,,SL,-66.42,89
2025.02.19 12:06,2025.02.19 15:59,BUY,LienKe,2933.040,2928.202,48.4,85.7,44.1,1.77,0.91,1,3,13,1,9,13,1,9,13,1,57,107,1,62,107,0,,,0,,,0,,,0,,,SL,-48.38,233
2025.02.19 12:05,2025.02.19 15:59,BUY,LienKe,2935.061,2928.202,68.6,65.5,64.3,0.95,0.94,1,10,11,1,57,106,1,58,106,1,60,106,0,,,0,,,0,,,0,,,0,,,SL,-68.59,234
2025.02.19 19:14,2025.02.19 19:18,SELL,LienKe,2926.005,2929.919,39.1,0.0,30.6,0.00,0.78,0,,,0,,,0,,,0,,,0,,,0,,,0,,,0,,,0,,,SL,-39.14,4
2025.02.19 19:10,2025.02.19 19:18,SELL,LienKe,2924.613,2929.919,53.1,2.6,44.5,0.05,0.84,0,,,0,,,0,,,0,,,0,,,0,,,0,,,0,,,0,,,SL,-53.06,8
2025.02.20 01:41,2025.02.20 14:01,BUY,LienKe,2935.390,2931.594,38.0,195.9,25.3,5.16,0.67,1,2,10,1,2,10,1,44,726,1,69,726,1,92,726,1,235,726,1,352,726,0,,,0,,,SL,-37.96,740
2025.02.20 01:40,2025.02.20 14:01,BUY,LienKe,2936.326,2931.594,47.3,186.5,34.7,3.94,0.73,1,4,7,1,42,61,1,46,61,1,73,726,1,220,726,1,258,726,1,356,726,0,,,0,,,SL,-47.32,741
2025.02.20 18:13,2025.02.20 19:37,BUY,LienKe,2939.253,2935.513,37.4,32.4,33.7,0.87,0.90,1,9,13,1,23,62,1,44,62,0,,,0,,,0,,,0,,,0,,,0,,,SL,-37.40,84
2025.02.20 18:05,2025.02.20 19:37,BUY,LienKe,2940.147,2935.513,46.3,23.5,42.7,0.51,0.92,1,2,6,1,52,59,0,,,0,,,0,,,0,,,0,,,0,,,0,,,SL,-46.34,92
2025.02.21 14:20,2025.02.21 14:47,SELL,LienKe,2934.807,2938.458,36.5,64.4,19.9,1.76,0.54,1,10,11,1,12,26,1,14,26,1,15,26,0,,,0,,,0,,,0,,,0,,,SL,-36.51,27
2025.02.21 14:20,2025.02.21 14:47,SELL,LienKe,2934.156,2938.458,43.0,57.9,26.4,1.35,0.61,1,12,25,1,13,25,1,14,25,1,16,25,0,,,0,,,0,,,0,,,0,,,SL,-43.02,27
2025.02.24 10:22,2025.02.24 10:37,BUY,LienKe,2942.933,2939.311,36.2,1.8,34.0,0.05,0.94,0,,,0,,,0,,,0,,,0,,,0,,,0,,,0,,,0,,,SL,-36.22,15
2025.02.24 10:20,2025.02.24 10:37,BUY,LienKe,2943.580,2939.311,42.7,0.0,40.5,0.00,0.95,0,,,0,,,0,,,0,,,0,,,0,,,0,,,0,,,0,,,SL,-42.69,17
2025.02.24 05:55,2025.02.24 15:03,BUY,LienKe,2938.380,2934.580,38.0,178.5,37.8,4.70,1.00,1,14,15,1,30,43,1,31,43,1,108,166,1,177,282,1,180,282,1,478,520,0,,,0,,,SL,-38.00,548
2025.02.24 05:45,2025.02.24 15:03,BUY,LienKe,2939.311,2934.580,47.3,169.2,47.2,3.58,1.00,1,40,49,1,41,49,1,111,174,1,119,174,1,188,292,1,377,530,1,494,530,0,,,0,,,SL,-47.31,558
2025.02.25 00:30,2025.02.25 01:42,BUY,LienKe,2949.048,2945.269,37.8,34.7,35.4,0.92,0.94,1,25,29,1,36,55,1,40,55,0,,,0,,,0,,,0,,,0,,,0,,,SL,-37.79,72
2025.02.25 06:36,2025.02.25 07:52,BUY,Swing,2934.880,2931.369,35.1,55.7,29.5,1.59,0.84,1,9,10,1,18,27,1,33,67,1,37,67,0,,,0,,,0,,,0,,,0,,,SL,-35.11,76
2025.02.25 06:35,2025.02.25 07:52,BUY,Swing,2935.511,2931.369,41.4,49.4,35.8,1.19,0.87,1,19,25,1,33,68,1,35,68,0,,,0,,,0,,,0,,,0,,,0,,,SL,-41.42,77
2025.02.24 23:05,2025.02.25 15:17,SELL,LienKe,2952.747,2956.898,41.5,285.4,9.1,6.88,0.22,1,3,31,1,8,31,1,12,31,1,151,-,1,267,-,1,274,-,1,293,-,1,524,-,0,,,TP,300.00,972
2025.02.25 14:20,2025.02.25 15:24,SELL,Swing,2941.649,2945.635,39.9,253.8,34.6,6.37,0.87,1,0,1,1,24,-,1,24,-,1,27,-,1,38,-,1,41,-,1,55,-,1,57,-,0,,,TP,300.00,64
2025.02.25 14:20,2025.02.25 15:24,SELL,Swing,2940.636,2945.635,50.0,243.7,44.7,4.87,0.89,1,24,-,1,24,-,1,26,-,1,32,-,1,39,-,1,48,-,1,56,-,1,59,-,0,,,TP,300.00,64
2025.02.25 23:52,2025.02.26 00:02,SELL,LienKe,2917.164,2920.580,34.2,0.0,27.7,0.00,0.81,0,,,0,,,0,,,0,,,0,,,0,,,0,,,0,,,0,,,SL,-34.16,10
2025.02.25 23:50,2025.02.26 00:02,SELL,LienKe,2916.786,2920.580,37.9,1.3,31.4,0.03,0.83,0,,,0,,,0,,,0,,,0,,,0,,,0,,,0,,,0,,,SL,-37.94,12
2025.02.26 15:15,2025.02.26 15:26,SELL,LienKe,2906.487,2910.554,40.7,2.8,36.5,0.07,0.90,0,,,0,,,0,,,0,,,0,,,0,,,0,,,0,,,0,,,SL,-40.67,11
2025.02.26 15:15,2025.02.26 15:26,SELL,LienKe,2905.381,2910.554,51.7,0.0,47.6,0.00,0.92,0,,,0,,,0,,,0,,,0,,,0,,,0,,,0,,,0,,,SL,-51.73,11
2025.02.26 16:38,2025.02.26 23:42,SELL,LienKe,2914.305,2919.682,53.8,37.8,51.4,0.70,0.95,1,8,16,1,11,16,1,12,16,0,,,0,,,0,,,0,,,0,,,0,,,SL,-53.77,424
2025.02.26 16:38,2025.02.26 23:42,SELL,Swing,2914.305,2919.682,53.8,37.8,51.4,0.70,0.95,1,8,16,1,11,16,1,12,16,0,,,0,,,0,,,0,,,0,,,0,,,SL,-53.77,424
2025.02.26 16:10,2025.02.26 23:42,SELL,LienKe,2911.946,2919.682,77.4,18.6,74.9,0.24,0.97,1,0,1,0,,,0,,,0,,,0,,,0,,,0,,,0,,,0,,,SL,-77.36,452
2025.02.26 16:10,2025.02.26 23:42,SELL,Swing,2911.946,2919.682,77.4,18.6,74.9,0.24,0.97,1,0,1,0,,,0,,,0,,,0,,,0,,,0,,,0,,,0,,,SL,-77.36,452
2025.02.26 07:55,2025.02.26 23:43,SELL,LienKe,2915.890,2920.438,45.5,250.6,42.0,5.51,0.92,1,5,13,1,7,13,1,24,57,1,31,57,1,360,488,1,363,488,1,372,488,1,376,488,0,,,SL,-45.48,948
2025.02.27 04:17,2025.02.27 04:33,BUY,Swing,2904.463,2901.148,33.2,20.9,21.1,0.63,0.64,1,0,11,1,7,11,0,,,0,,,0,,,0,,,0,,,0,,,0,,,SL,-33.15,16
2025.02.27 04:15,2025.02.27 04:33,BUY,Swing,2905.247,2901.148,41.0,13.1,28.9,0.32,0.71,1,4,6,0,,,0,,,0,,,0,,,0,,,0,,,0,,,0,,,SL,-40.99,18
2025.02.27 08:05,2025.02.27 08:11,BUY,Swing,2889.100,2884.924,41.8,24.3,27.4,0.58,0.65,1,0,4,1,0,4,0,,,0,,,0,,,0,,,0,,,0,,,0,,,SL,-41.76,6
2025.02.27 07:45,2025.02.27 08:11,BUY,Swing,2890.466,2884.924,55.4,36.2,41.0,0.65,0.74,1,0,16,1,0,16,1,3,16,0,,,0,,,0,,,0,,,0,,,0,,,SL,-55.42,26
2025.02.27 13:35,2025.02.27 14:46,BUY,LienKe,2884.043,2878.045,60.0,84.1,38.0,1.40,0.63,1,0,1,1,0,1,1,2,7,1,16,63,1,46,63,0,,,0,,,0,,,0,,,SL,-59.98,71
2025.02.27 10:51,2025.02.28 04:03,SELL,LienKe,2892.755,2896.815,40.6,293.3,23.9,7.22,0.59,1,14,19,1,15,19,1,15,19,1,43,-,1,61,-,1,162,-,1,235,-,1,236,-,0,,,TP,300.00,1032
2025.02.27 10:35,2025.02.28 04:03,SELL,LienKe,2891.799,2896.815,50.2,283.7,33.4,5.66,0.67,1,2,7,1,31,34,1,31,34,1,63,166,1,77,166,1,178,226,1,251,-,1,252,-,0,,,TP,300.00,1048
2025.02.27 14:25,2025.02.28 04:09,SELL,LienKe,2890.411,2895.452,50.4,294.1,12.6,5.84,0.25,1,0,0,1,7,-,1,9,-,1,13,-,1,17,-,1,18,-,1,21,-,1,22,-,0,,,TP,300.00,824
2025.02.27 19:10,2025.02.28 08:15,SELL,LienKe,2886.150,2890.717,45.7,292.8,9.4,6.41,0.21,1,14,-,1,17,-,1,19,-,1,22,-,1,24,-,1,60,-,1,414,-,1,512,-,0,,,TP,300.00,785
2025.02.28 13:31,2025.02.28 13:55,BUY,LienKe,2855.507,2851.037,44.7,28.3,41.2,0.63,0.92,1,4,5,1,4,5,0,,,0,,,0,,,0,,,0,,,0,,,0,,,SL,-44.70,24
2025.02.28 13:30,2025.02.28 13:55,BUY,LienKe,2857.601,2851.037,65.6,14.2,62.2,0.22,0.95,1,0,0,0,,,0,,,0,,,0,,,0,,,0,,,0,,,0,,,SL,-65.64,25
2025.03.03 01:54,2025.03.03 11:12,SELL,LienKe,2871.487,2874.946,34.6,125.0,34.5,3.61,1.00,1,4,13,1,38,449,1,55,449,1,67,449,1,77,449,1,88,449,0,,,0,,,0,,,SL,-34.59,558
2025.03.03 01:35,2025.03.03 11:12,SELL,LienKe,2870.732,2874.946,42.1,117.4,42.1,2.79,1.00,1,0,1,1,12,18,1,85,462,1,92,462,1,96,462,1,107,462,0,,,0,,,0,,,SL,-42.14,577
2025.03.03 08:31,2025.03.03 15:29,BUY,LienKe,2859.510,2855.830,36.8,289.8,3.5,7.87,0.10,1,2,-,1,3,-,1,4,-,1,8,-,1,21,-,1,33,-,1,160,-,1,364,-,0,,,TP,300.00,418
2025.03.03 08:30,2025.03.03 15:30,BUY,LienKe,2860.350,2855.830,45.2,293.1,11.9,6.48,0.26,1,4,-,1,5,-,1,6,-,1,9,-,1,22,-,1,47,-,1,162,-,1,365,-,0,,,TP,300.00,420
2025.03.04 10:37,2025.03.04 14:43,BUY,LienKe,2913.207,2909.108,41.0,146.8,40.0,3.58,0.97,1,1,24,1,4,24,1,28,237,1,59,237,1,74,237,1,109,237,0,,,0,,,0,,,SL,-40.99,246
2025.03.04 10:35,2025.03.04 14:43,BUY,LienKe,2914.459,2909.108,53.5,134.3,52.5,2.51,0.98,1,8,9,1,31,226,1,34,226,1,64,226,1,110,226,1,129,226,0,,,0,,,0,,,SL,-53.51,248
2025.03.04 20:08,2025.03.04 20:20,SELL,LienKe,2916.556,2920.063,35.1,0.0,34.3,0.00,0.98,0,,,0,,,0,,,0,,,0,,,0,,,0,,,0,,,0,,,SL,-35.07,11
2025.03.04 20:08,2025.03.04 20:20,SELL,Swing,2916.556,2920.063,35.1,0.0,34.3,0.00,0.98,0,,,0,,,0,,,0,,,0,,,0,,,0,,,0,,,0,,,SL,-35.07,11
2025.03.04 20:05,2025.03.04 20:20,SELL,LienKe,2915.810,2920.063,42.5,1.8,41.8,0.04,0.98,0,,,0,,,0,,,0,,,0,,,0,,,0,,,0,,,0,,,SL,-42.53,15
2025.03.04 20:05,2025.03.04 20:20,SELL,Swing,2915.810,2920.063,42.5,1.8,41.8,0.04,0.98,0,,,0,,,0,,,0,,,0,,,0,,,0,,,0,,,0,,,SL,-42.53,15
2025.03.05 11:00,2025.03.05 13:42,BUY,LienKe,2913.440,2906.010,74.3,58.0,69.1,0.78,0.93,1,1,7,1,40,52,1,40,52,1,76,127,0,,,0,,,0,,,0,,,0,,,SL,-74.30,162
2025.03.05 11:00,2025.03.05 13:42,BUY,Swing,2913.440,2906.010,74.3,58.0,69.1,0.78,0.93,1,1,7,1,40,52,1,40,52,1,76,127,0,,,0,,,0,,,0,,,0,,,SL,-74.30,162
2025.03.05 02:56,2025.03.05 13:44,BUY,LienKe,2903.811,2899.124,46.9,187.2,16.4,3.99,0.35,1,3,3,1,4,647,1,7,647,1,9,647,1,49,647,1,169,647,1,183,647,0,,,0,,,SL,-46.87,648
2025.03.05 02:40,2025.03.05 13:44,BUY,LienKe,2906.963,2899.124,78.4,155.7,47.9,1.99,0.61,1,1,4,1,35,654,1,36,654,1,67,654,1,187,654,1,192,654,1,383,654,0,,,0,,,SL,-78.39,664
2025.03.05 12:13,2025.03.05 15:07,SELL,LienKe,2916.706,2920.392,36.9,222.4,33.3,6.03,0.90,1,27,39,1,30,39,1,48,148,1,69,148,1,81,148,1,81,148,1,91,148,1,96,148,0,,,SL,-36.86,174
2025.03.05 12:10,2025.03.05 15:07,SELL,LienKe,2915.522,2920.392,48.7,210.6,45.2,4.32,0.93,1,33,34,1,57,65,1,59,65,1,84,150,1,84,150,1,93,150,1,94,150,1,100,150,0,,,SL,-48.70,177
2025.03.05 08:12,2025.03.05 16:13,SELL,LienKe,2919.972,2924.111,41.4,255.1,39.7,6.16,0.96,1,18,22,1,19,22,1,71,414,1,79,414,1,164,414,1,164,414,1,331,414,1,332,414,0,,,SL,-41.39,481
2025.03.05 08:10,2025.03.05 16:13,SELL,LienKe,2918.928,2924.111,51.8,244.6,50.1,4.72,0.97,1,22,23,1,74,102,1,75,102,1,86,102,1,166,247,1,324,415,1,333,415,1,334,415,0,,,SL,-51.83,483
2025.03.05 20:00,2025.03.06 01:52,SELL,LienKe,2920.512,2924.356,38.4,44.7,33.1,1.16,0.86,1,71,335,1,75,335,1,195,335,0,,,0,,,0,,,0,,,0,,,0,,,SL,-38.44,352
2025.03.06 05:06,2025.03.06 07:37,BUY,LienKe,2916.386,2912.514,38.7,66.8,32.7,1.73,0.84,1,24,41,1,26,41,1,28,41,1,54,137,0,,,0,,,0,,,0,,,0,,,SL,-38.72,151
2025.03.06 05:06,2025.03.06 07:37,BUY,Swing,2916.386,2912.514,38.7,66.8,32.7,1.73,0.84,1,24,41,1,26,41,1,28,41,1,54,137,0,,,0,,,0,,,0,,,0,,,SL,-38.72,151
2025.03.06 05:05,2025.03.06 07:37,BUY,LienKe,2917.407,2912.514,48.9,56.6,42.9,1.16,0.88,1,27,41,1,29,41,1,51,138,1,56,138,0,,,0,,,0,,,0,,,0,,,SL,-48.93,152
2025.03.06 05:05,2025.03.06 07:37,BUY,Swing,2917.407,2912.514,48.9,56.6,42.9,1.16,0.88,1,27,41,1,29,41,1,51,138,1,56,138,0,,,0,,,0,,,0,,,0,,,SL,-48.93,152
2025.03.05 18:00,2025.03.06 07:57,BUY,LienKe,2916.109,2910.659,54.5,104.7,48.9,1.92,0.90,1,0,4,1,1,4,1,19,30,1,116,420,1,472,661,1,484,661,0,,,0,,,0,,,SL,-70.55,837
2025.03.06 07:40,2025.03.06 08:01,BUY,Swing,2914.238,2908.472,57.7,21.8,57.1,0.38,0.99,1,2,4,1,3,4,0,,,0,,,0,,,0,,,0,,,0,,,0,,,SL,-57.66,21
2025.03.06 07:40,2025.03.06 08:01,BUY,Swing,2914.782,2908.472,63.1,16.4,62.6,0.26,0.99,1,3,5,0,,,0,,,0,,,0,,,0,,,0,,,0,,,0,,,SL,-63.10,21
2025.03.05 18:41,2025.03.06 08:01,BUY,LienKe,2913.682,2908.220,54.6,129.0,51.5,2.36,0.94,1,1,772,1,4,772,1,6,772,1,36,772,1,103,772,1,431,772,0,,,0,,,0,,,SL,-70.67,800
2025.03.05 18:10,2025.03.06 08:01,BUY,LienKe,2916.259,2908.220,80.4,103.2,77.3,1.28,0.96,1,1,3,1,6,19,1,9,19,1,106,410,1,462,651,1,475,651,0,,,0,,,0,,,SL,-96.44,831
2025.03.07 10:16,2025.03.07 13:15,BUY,LienKe,2920.208,2915.924,42.8,26.3,36.1,0.61,0.84,1,26,27,1,129,156,0,,,0,,,0,,,0,,,0,,,0,,,0,,,SL,-42.84,179
2025.03.07 10:10,2025.03.07 13:15,BUY,LienKe,2920.847,2915.924,49.2,19.9,42.5,0.41,0.86,1,65,67,0,,,0,,,0,,,0,,,0,,,0,,,0,,,0,,,SL,-49.23,185
2025.03.07 11:55,2025.03.07 13:20,BUY,LienKe,2918.399,2913.601,48.0,44.4,38.7,0.93,0.81,1,4,5,1,27,65,1,29,65,0,,,0,,,0,,,0,,,0,,,0,,,SL,-47.98,85
2025.03.07 13:40,2025.03.07 15:00,SELL,LienKe,2922.929,2929.478,65.5,192.0,60.6,2.93,0.92,1,1,1,1,6,66,1,6,66,1,13,66,1,15,66,1,20,66,1,21,66,0,,,0,,,SL,-65.49,80
2025.03.07 13:40,2025.03.07 15:00,SELL,Swing,2922.929,2929.478,65.5,192.0,60.6,2.93,0.92,1,1,1,1,6,66,1,6,66,1,13,66,1,15,66,1,20,66,1,21,66,0,,,0,,,SL,-65.49,80
2025.03.07 19:34,2025.03.09 22:05,SELL,LienKe,2907.692,2912.527,48.4,30.2,51.2,0.63,1.06,1,15,33,1,15,33,1,24,33,0,,,0,,,0,,,0,,,0,,,0,,,SL,-48.35,3031
2025.03.07 19:30,2025.03.09 22:05,SELL,LienKe,2906.109,2912.527,64.2,14.4,67.0,0.22,1.04,1,28,30,0,,,0,,,0,,,0,,,0,,,0,,,0,,,0,,,SL,-64.18,3035
2025.03.10 01:47,2025.03.10 02:25,BUY,LienKe,2913.391,2909.645,37.5,7.7,35.6,0.21,0.95,0,,,0,,,0,,,0,,,0,,,0,,,0,,,0,,,0,,,SL,-37.46,38
2025.03.10 01:35,2025.03.10 02:25,BUY,LienKe,2915.078,2909.645,54.3,12.8,52.4,0.24,0.97,1,5,6,0,,,0,,,0,,,0,,,0,,,0,,,0,,,0,,,SL,-54.33,50
2025.03.07 18:22,2025.03.10 08:43,BUY,LienKe,2904.764,2900.886,38.8,135.5,31.2,3.49,0.81,1,7,15,1,8,15,1,10,15,1,134,3693,1,3103,3693,1,3104,3693,0,,,0,,,0,,,SL,-44.13,3741
2025.03.07 18:20,2025.03.10 08:43,BUY,LienKe,2905.789,2900.886,49.0,125.2,41.5,2.55,0.85,1,10,16,1,12,16,1,64,70,1,140,3694,1,3105,3694,1,3179,3694,0,,,0,,,0,,,SL,-54.38,3743
2025.03.10 15:20,2025.03.10 16:47,BUY,LienKe,2904.313,2897.562,67.5,41.1,64.2,0.61,0.95,1,1,25,1,4,25,1,6,25,0,,,0,,,0,,,0,,,0,,,0,,,SL,-67.51,87
2025.03.10 16:57,2025.03.10 17:10,BUY,Swing,2897.549,2892.874,46.8,3.7,41.7,0.08,0.89,0,,,0,,,0,,,0,,,0,,,0,,,0,,,0,,,0,,,SL,-46.75,13
2025.03.10 16:50,2025.03.10 17:10,BUY,Swing,2899.302,2892.874,64.3,4.9,59.2,0.08,0.92,0,,,0,,,0,,,0,,,0,,,0,,,0,,,0,,,0,,,SL,-64.28,20
2025.03.10 01:15,2025.03.10 17:39,SELL,LienKe,2917.424,2921.312,38.9,292.6,6.7,7.53,0.17,1,1,-,1,4,-,1,11,-,1,40,-,1,142,-,1,254,-,1,434,-,1,465,-,0,,,TP,300.00,984
2025.03.10 01:15,2025.03.10 17:41,SELL,LienKe,2917.247,2921.312,40.7,299.5,8.5,7.37,0.21,1,1,-,1,4,-,1,11,-,1,40,-,1,142,-,1,254,-,1,437,-,1,465,-,0,,,TP,300.00,986
2025.03.10 07:28,2025.03.10 17:42,SELL,LienKe,2914.800,2918.190,33.9,277.1,8.1,8.17,0.24,1,13,130,1,19,130,1,20,130,1,21,130,1,26,130,1,27,130,1,77,130,1,572,-,0,,,TP,300.00,614
2025.03.10 07:10,2025.03.10 17:42,SELL,LienKe,2913.683,2918.190,45.1,266.0,19.2,5.90,0.43,1,7,12,1,38,140,1,39,140,1,43,140,1,45,140,1,78,140,1,97,140,1,590,-,0,,,TP,300.00,632
2025.03.10 06:26,2025.03.10 18:04,SELL,LienKe,2911.844,2916.327,44.8,298.8,37.6,6.66,0.84,1,83,172,1,83,172,1,87,172,1,88,172,1,121,172,1,127,172,1,314,-,1,644,-,0,,,TP,300.00,698
2025.03.10 06:15,2025.03.10 18:05,SELL,LienKe,2910.678,2916.327,56.5,288.5,49.3,5.11,0.87,1,5,6,1,98,103,1,99,103,1,100,103,1,134,182,1,148,182,1,645,-,1,682,-,0,,,TP,300.00,710
2025.03.11 00:08,2025.03.11 01:21,SELL,LienKe,2885.368,2889.012,36.4,50.9,34.3,1.40,0.94,1,56,57,1,56,57,1,56,57,1,56,57,0,,,0,,,0,,,0,,,0,,,SL,-36.44,73
2025.03.11 00:05,2025.03.11 01:21,SELL,LienKe,2884.602,2889.012,44.1,43.2,42.0,0.98,0.95,1,59,60,1,59,60,1,59,60,0,,,0,,,0,,,0,,,0,,,0,,,SL,-44.10,76
2025.03.11 05:17,2025.03.11 06:34,SELL,LienKe,2898.334,2901.860,35.3,54.9,29.6,1.56,0.84,1,23,72,1,23,72,1,29,72,1,39,72,0,,,0,,,0,,,0,,,0,,,SL,-35.26,76
2025.03.11 05:05,2025.03.11 06:34,SELL,LienKe,2897.833,2901.860,40.3,49.9,34.6,1.24,0.86,1,35,37,1,40,81,1,41,81,0,,,0,,,0,,,0,,,0,,,0,,,SL,-40.27,89
2025.03.11 07:10,2025.03.11 08:26,SELL,LienKe,2901.658,2906.553,48.9,39.2,48.4,0.80,0.99,1,2,37,1,5,37,1,6,37,0,,,0,,,0,,,0,,,0,,,0,,,SL,-48.95,76
2025.03.11 11:43,2025.03.11 13:38,SELL,LienKe,2914.575,2918.456,38.8,76.3,32.9,1.97,0.85,1,9,52,1,32,52,1,34,52,1,82,111,0,,,0,,,0,,,0,,,0,,,SL,-38.81,115
2025.03.11 11:35,2025.03.11 13:38,SELL,LienKe,2913.596,2918.456,48.6,66.5,42.6,1.37,0.88,1,1,3,1,42,53,1,89,118,1,91,118,0,,,0,,,0,,,0,,,0,,,SL,-48.60,123
2025.03.11 17:30,2025.03.12 01:12,BUY,LienKe,2915.880,2911.071,48.1,55.1,44.9,1.14,0.93,1,3,37,1,4,37,1,25,37,1,110,164,0,,,0,,,0,,,0,,,0,,,SL,-53.44,462
2025.03.12 14:42,2025.03.12 14:59,SELL,LienKe,2918.756,2922.632,38.8,6.8,36.0,0.18,0.93,0,,,0,,,0,,,0,,,0,,,0,,,0,,,0,,,0,,,SL,-38.76,17
2025.03.12 14:40,2025.03.12 14:59,SELL,LienKe,2917.398,2922.632,52.3,7.6,49.6,0.15,0.95,0,,,0,,,0,,,0,,,0,,,0,,,0,,,0,,,0,,,SL,-52.34,19
2025.03.12 09:05,2025.03.12 15:51,SELL,LienKe,2921.218,2928.372,71.5,150.9,69.6,2.11,0.97,1,0,1,1,6,207,1,33,207,1,38,207,1,73,207,1,253,350,1,260,350,0,,,0,,,SL,-71.54,406
2025.03.12 16:07,2025.03.12 16:09,SELL,LienKe,2929.093,2932.729,36.4,0.0,31.4,0.00,0.86,0,,,0,,,0,,,0,,,0,,,0,,,0,,,0,,,0,,,SL,-36.36,2
2025.03.12 16:05,2025.03.12 16:09,SELL,LienKe,2928.286,2932.729,44.4,2.4,39.4,0.05,0.89,0,,,0,,,0,,,0,,,0,,,0,,,0,,,0,,,0,,,SL,-44.43,4
2025.03.12 18:13,2025.03.12 19:55,BUY,LienKe,2935.824,2932.168,36.6,14.5,35.4,0.40,0.97,1,20,25,0,,,0,,,0,,,0,,,0,,,0,,,0,,,0,,,SL,-36.56,102
2025.03.12 18:10,2025.03.12 19:55,BUY,LienKe,2936.805,2932.168,46.4,4.7,45.2,0.10,0.97,0,,,0,,,0,,,0,,,0,,,0,,,0,,,0,,,0,,,SL,-46.37,105
2025.03.13 00:26,2025.03.13 02:42,SELL,LienKe,2938.926,2942.364,34.4,23.3,29.0,0.68,0.84,1,18,33,1,72,86,0,,,0,,,0,,,0,,,0,,,0,,,0,,,SL,-34.38,136
2025.03.13 00:25,2025.03.13 02:42,SELL,LienKe,2938.432,2942.364,39.3,18.3,33.9,0.47,0.86,1,71,87,0,,,0,,,0,,,0,,,0,,,0,,,0,,,0,,,SL,-39.32,137
2025.03.13 03:55,2025.03.13 13:36,SELL,LienKe,2945.936,2950.151,42.1,128.6,33.9,3.05,0.80,1,6,16,1,36,325,1,84,325,1,93,325,1,131,325,1,134,325,0,,,0,,,0,,,SL,-42.15,581
2025.03.12 20:26,2025.03.13 14:42,BUY,LienKe,2931.502,2927.831,36.7,298.3,4.1,8.12,0.11,1,0,-,1,11,-,1,96,-,1,143,-,1,274,-,1,349,-,1,447,-,1,1036,-,0,,,TP,283.95,1096
2025.03.12 20:25,2025.03.13 14:43,BUY,LienKe,2932.336,2927.831,45.0,295.8,12.4,6.57,0.28,1,12,26,1,97,-,1,101,-,1,144,-,1,276,-,1,377,-,1,779,-,1,1040,-,0,,,TP,283.95,1098
2025.03.13 07:19,2025.03.13 14:44,BUY,LienKe,2935.471,2931.820,36.5,271.4,25.5,7.43,0.70,1,44,45,1,49,-,1,50,-,1,53,-,1,73,-,1,121,-,1,379,-,1,436,-,0,,,TP,300.00,445
2025.03.12 19:23,2025.03.13 14:44,BUY,LienKe,2933.994,2930.376,36.2,286.2,31.6,7.91,0.87,1,5,8,1,203,740,1,206,740,1,220,740,1,439,740,1,449,740,1,1002,-,1,1140,-,0,,,TP,283.95,1161
2025.03.12 19:20,2025.03.13 14:44,BUY,LienKe,2935.077,2930.376,47.0,275.3,42.5,5.86,0.90,1,206,238,1,209,238,1,212,238,1,341,712,1,446,712,1,455,712,1,1097,-,1,1153,-,0,,,TP,283.95,1164
2025.03.13 07:15,2025.03.13 14:48,BUY,LienKe,2936.271,2931.820,44.5,299.6,33.5,6.73,0.75,1,53,-,1,55,-,1,57,-,1,58,-,1,81,-,1,125,-,1,387,-,1,441,-,0,,,TP,300.00,453
2025.03.13 13:05,2025.03.13 15:02,BUY,LienKe,2942.671,2935.935,67.4,295.6,6.1,4.39,0.09,1,0,9,1,0,9,1,6,9,1,30,-,1,34,-,1,58,-,1,93,-,1,99,-,0,,,TP,300.00,117
2025.03.13 16:05,2025.03.13 16:32,SELL,LienKe,2978.403,2982.008,36.1,13.1,31.2,0.36,0.86,1,10,11,0,,,0,,,0,,,0,,,0,,,0,,,0,,,0,,,SL,-36.05,27
2025.03.13 16:05,2025.03.13 16:32,SELL,LienKe,2977.504,2982.008,45.0,7.6,40.1,0.17,0.89,0,,,0,,,0,,,0,,,0,,,0,,,0,,,0,,,0,,,SL,-45.04,27
2025.03.13 19:45,2025.03.13 20:49,SELL,LienKe,2983.030,2988.474,54.4,16.1,48.6,0.30,0.89,1,31,43,0,,,0,,,0,,,0,,,0,,,0,,,0,,,0,,,SL,-54.44,64
2025.03.14 01:10,2025.03.14 03:55,SELL,LienKe,2988.573,2992.907,43.3,67.0,27.2,1.54,0.63,1,9,9,1,9,9,1,17,35,1,20,35,0,,,0,,,0,,,0,,,0,,,SL,-43.34,165
2025.03.14 01:10,2025.03.14 03:55,SELL,LienKe,2987.171,2992.907,57.4,52.9,41.2,0.92,0.72,1,17,28,1,18,28,1,18,28,1,20,28,0,,,0,,,0,,,0,,,0,,,SL,-57.36,165
2025.03.14 04:21,2025.03.14 09:20,SELL,LienKe,2993.397,2996.928,35.3,124.0,32.3,3.51,0.91,1,5,279,1,9,279,1,10,279,1,18,279,1,36,279,1,64,279,0,,,0,,,0,,,SL,-35.31,299
2025.03.14 04:05,2025.03.14 09:20,SELL,LienKe,2992.816,2996.928,41.1,118.2,38.1,2.87,0.93,1,22,263,1,26,263,1,28,263,1,45,263,1,52,263,1,81,263,0,,,0,,,0,,,SL,-41.12,315
2025.03.14 13:57,2025.03.14 15:04,BUY,Swing,2986.205,2980.157,60.5,71.8,53.8,1.19,0.89,1,4,5,1,9,32,1,9,32,1,12,32,0,,,0,,,0,,,0,,,0,,,SL,-60.48,66
2025.03.14 13:40,2025.03.14 15:04,BUY,Swing,2989.849,2980.157,96.9,35.3,90.2,0.36,0.93,1,0,0,1,10,13,1,32,36,0,,,0,,,0,,,0,,,0,,,0,,,SL,-96.92,84
2025.03.14 18:05,2025.03.14 19:19,BUY,LienKe,2986.310,2982.976,33.3,2.7,33.3,0.08,1.00,0,,,0,,,0,,,0,,,0,,,0,,,0,,,0,,,0,,,SL,-33.34,74
2025.03.14 18:05,2025.03.14 19:19,BUY,LienKe,2987.163,2982.976,41.9,0.0,41.8,0.00,1.00,0,,,0,,,0,,,0,,,0,,,0,,,0,,,0,,,0,,,SL,-41.87,74
2025.03.17 06:15,2025.03.17 06:29,SELL,LienKe,2986.490,2989.858,33.7,3.1,32.5,0.09,0.96,0,,,0,,,0,,,0,,,0,,,0,,,0,,,0,,,0,,,SL,-33.68,14
2025.03.17 06:05,2025.03.17 06:29,SELL,LienKe,2986.129,2989.858,37.3,5.9,36.1,0.16,0.97,0,,,0,,,0,,,0,,,0,,,0,,,0,,,0,,,0,,,SL,-37.29,24
2025.03.17 01:08,2025.03.17 09:47,SELL,LienKe,2991.845,2995.881,40.4,95.3,38.1,2.36,0.94,1,7,15,1,13,15,1,72,491,1,116,491,1,200,491,0,,,0,,,0,,,0,,,SL,-40.36,519
2025.03.17 01:05,2025.03.17 09:47,SELL,LienKe,2990.043,2995.881,58.4,77.2,56.2,1.32,0.96,1,0,2,1,85,324,1,119,324,1,199,324,0,,,0,,,0,,,0,,,0,,,SL,-58.38,522
2025.03.17 17:25,2025.03.17 22:01,SELL,LienKe,2997.746,3001.607,38.6,9.0,43.7,0.23,1.13,0,,,0,,,0,,,0,,,0,,,0,,,0,,,0,,,0,,,SL,-38.61,276
2025.03.17 17:25,2025.03.17 22:01,SELL,LienKe,2997.738,3001.607,38.7,8.9,43.8,0.23,1.13,0,,,0,,,0,,,0,,,0,,,0,,,0,,,0,,,0,,,SL,-38.69,276
2025.03.17 11:10,2025.03.18 00:24,SELL,LienKe,2999.693,3003.018,33.2,148.1,32.5,4.46,0.98,1,30,34,1,42,213,1,43,213,1,56,213,1,62,213,1,65,213,0,,,0,,,0,,,SL,-33.25,794
2025.03.17 11:10,2025.03.18 00:24,SELL,LienKe,2999.216,3003.018,38.0,143.4,37.3,3.77,0.98,1,31,32,1,43,48,1,53,207,1,57,207,1,62,207,1,65,207,0,,,0,,,0,,,SL,-38.02,794
2025.03.14 07:30,2025.03.18 03:15,BUY,LienKe,2983.927,2977.838,60.9,295.3,55.3,4.85,0.91,1,8,14,1,27,367,1,29,367,1,37,367,1,55,367,1,96,367,1,131,367,1,167,367,0,,,TP,289.30,5505
2025.03.18 08:11,2025.03.18 08:23,SELL,LienKe,3019.296,3022.714,34.2,6.7,30.2,0.20,0.88,0,,,0,,,0,,,0,,,0,,,0,,,0,,,0,,,0,,,SL,-34.18,12
2025.03.18 08:10,2025.03.18 08:23,SELL,LienKe,3018.875,3022.714,38.4,2.5,34.4,0.07,0.90,0,,,0,,,0,,,0,,,0,,,0,,,0,,,0,,,0,,,SL,-38.39,13
2025.03.18 01:07,2025.03.18 12:08,BUY,LienKe,3000.367,2996.490,38.8,299.5,5.2,7.73,0.13,1,6,-,1,13,-,1,15,-,1,49,-,1,50,-,1,103,-,1,223,-,1,430,-,0,,,TP,300.00,661
2025.03.18 00:20,2025.03.18 12:08,BUY,LienKe,3000.576,2996.554,40.2,297.4,10.9,7.40,0.27,1,1,28,1,4,28,1,62,-,1,96,-,1,147,-,1,150,-,1,271,-,1,477,-,0,,,TP,300.00,708
2025.03.18 01:05,2025.03.18 12:34,BUY,LienKe,3001.432,2996.490,49.4,299.6,15.8,6.06,0.32,1,15,16,1,17,-,1,20,-,1,51,-,1,102,-,1,109,-,1,227,-,1,437,-,0,,,TP,300.00,689
2025.03.18 12:03,2025.03.18 12:39,SELL,Swing,3028.670,3032.533,38.6,17.3,33.3,0.45,0.86,1,20,22,0,,,0,,,0,,,0,,,0,,,0,,,0,,,0,,,SL,-38.63,36
2025.03.18 11:45,2025.03.18 12:39,SELL,Swing,3027.769,3032.533,47.6,35.4,42.4,0.74,0.89,1,3,15,1,6,15,1,10,15,0,,,0,,,0,,,0,,,0,,,0,,,SL,-47.64,54
2025.03.18 23:10,2025.03.19 03:54,SELL,LienKe,3034.577,3038.171,35.9,71.0,31.3,1.97,0.87,1,5,238,1,9,238,1,50,238,1,123,238,0,,,0,,,0,,,0,,,0,,,SL,-35.94,284
2025.03.18 19:10,2025.03.19 05:34,SELL,LienKe,3036.453,3039.852,34.0,89.7,30.0,2.64,0.88,1,48,516,1,67,516,1,178,516,1,290,516,1,367,516,0,,,0,,,0,,,0,,,SL,-33.99,624
2025.03.18 19:10,2025.03.19 05:34,SELL,LienKe,3036.298,3039.852,35.5,88.2,31.6,2.48,0.89,1,56,514,1,67,514,1,181,514,1,290,514,1,371,514,0,,,0,,,0,,,0,,,SL,-35.54,624
2025.03.19 05:34,2025.03.19 05:37,SELL,Swing,3038.875,3042.293,34.2,0.0,30.1,0.00,0.88,0,,,0,,,0,,,0,,,0,,,0,,,0,,,0,,,0,,,SL,-34.18,3
2025.03.19 05:20,2025.03.19 05:37,SELL,Swing,3038.291,3042.293,40.0,9.8,35.9,0.24,0.90,0,,,0,,,0,,,0,,,0,,,0,,,0,,,0,,,0,,,SL,-40.02,17
2025.03.19 06:30,2025.03.19 08:34,BUY,LienKe,3036.036,3031.506,45.3,80.0,45.1,1.77,0.99,1,5,78,1,5,78,1,14,78,1,15,78,1,26,78,0,,,0,,,0,,,0,,,SL,-45.30,124
2025.03.19 06:25,2025.03.19 08:34,BUY,LienKe,3037.731,3031.506,62.3,63.1,62.0,1.01,1.00,1,2,2,1,19,81,1,20,81,1,28,81,0,,,0,,,0,,,0,,,0,,,SL,-62.25,129
2025.03.19 23:55,2025.03.20 00:07,SELL,LienKe,3050.093,3054.335,42.4,0.8,40.1,0.02,0.94,0,,,0,,,0,,,0,,,0,,,0,,,0,,,0,,,0,,,SL,-42.42,12
2025.03.20 05:31,2025.03.20 07:46,BUY,LienKe,3047.832,3043.807,40.3,36.9,37.8,0.92,0.94,1,35,64,1,50,64,1,51,64,0,,,0,,,0,,,0,,,0,,,0,,,SL,-40.25,135
2025.03.20 05:30,2025.03.20 07:46,BUY,LienKe,3049.028,3043.807,52.2,24.9,49.8,0.48,0.95,1,52,57,1,52,57,0,,,0,,,0,,,0,,,0,,,0,,,0,,,SL,-52.21,136
2025.03.21 04:51,2025.03.21 05:32,BUY,LienKe,3029.793,3026.180,36.1,7.7,33.4,0.21,0.92,0,,,0,,,0,,,0,,,0,,,0,,,0,,,0,,,0,,,SL,-36.13,41
2025.03.21 04:05,2025.03.21 05:32,BUY,LienKe,3030.565,3026.180,43.9,14.4,41.1,0.33,0.94,1,3,10,0,,,0,,,0,,,0,,,0,,,0,,,0,,,0,,,SL,-43.85,87
2025.03.20 23:00,2025.03.21 13:39,SELL,LienKe,3045.687,3049.058,33.7,285.4,19.1,8.47,0.57,1,30,42,1,76,-,1,81,-,1,162,-,1,165,-,1,180,-,1,269,-,1,402,-,0,,,TP,300.00,879
2025.03.20 19:31,2025.03.21 13:39,SELL,LienKe,3045.298,3048.780,34.8,281.5,23.0,8.09,0.66,1,159,199,1,285,-,1,338,-,1,371,-,1,374,-,1,391,-,1,486,-,1,611,-,0,,,TP,300.00,1088
2025.03.20 19:30,2025.03.21 13:39,SELL,LienKe,3044.986,3048.780,37.9,278.4,26.1,7.34,0.69,1,170,177,1,289,-,1,347,-,1,374,-,1,375,-,1,392,-,1,510,-,1,612,-,0,,,TP,300.00,1089
2025.03.20 09:20,2025.03.21 13:39,SELL,LienKe,3043.685,3047.670,39.9,265.4,39.1,6.66,0.98,1,27,28,1,31,534,1,40,534,1,47,534,1,50,534,1,56,534,1,71,534,1,1222,-,0,,,TP,300.00,1699
2025.03.20 09:20,2025.03.21 13:45,SELL,LienKe,3043.437,3047.670,42.3,297.8,41.6,7.03,0.98,1,31,534,1,31,534,1,41,534,1,47,534,1,50,534,1,56,534,1,71,534,1,1222,-,0,,,TP,300.00,1705
2025.03.21 18:20,2025.03.21 18:42,SELL,Swing,3017.547,3021.224,36.8,5.8,36.1,0.16,0.98,0,,,0,,,0,,,0,,,0,,,0,,,0,,,0,,,0,,,SL,-36.77,21
2025.03.21 17:20,2025.03.21 18:42,SELL,LienKe,3016.377,3021.224,48.5,33.7,47.8,0.70,0.99,1,4,56,1,25,56,1,28,56,0,,,0,,,0,,,0,,,0,,,0,,,SL,-48.47,82
2025.03.21 17:20,2025.03.21 18:42,SELL,Swing,3016.377,3021.224,48.5,33.7,47.8,0.70,0.99,1,4,56,1,25,56,1,28,56,0,,,0,,,0,,,0,,,0,,,0,,,SL,-48.47,82
2025.03.24 00:14,2025.03.24 00:47,BUY,LienKe,3023.898,3020.087,38.1,2.5,33.5,0.07,0.88,0,,,0,,,0,,,0,,,0,,,0,,,0,,,0,,,0,,,SL,-38.11,33
2025.03.24 06:36,2025.03.24 07:08,SELL,LienKe,3022.829,3026.313,34.8,0.9,33.8,0.03,0.97,0,,,0,,,0,,,0,,,0,,,0,,,0,,,0,,,0,,,SL,-34.84,32
2025.03.24 06:35,2025.03.24 07:08,SELL,LienKe,3022.111,3026.313,42.0,3.0,41.0,0.07,0.97,0,,,0,,,0,,,0,,,0,,,0,,,0,,,0,,,0,,,SL,-42.02,33
2025.03.24 13:45,2025.03.24 14:24,BUY,LienKe,3022.026,3017.914,41.1,39.7,28.8,0.97,0.70,1,6,12,1,6,12,1,9,12,0,,,0,,,0,,,0,,,0,,,0,,,SL,-41.12,38
2025.03.24 13:40,2025.03.24 14:24,BUY,LienKe,3023.341,3017.914,54.3,26.6,41.9,0.49,0.77,1,13,17,1,15,17,0,,,0,,,0,,,0,,,0,,,0,,,0,,,SL,-54.27,44
2025.03.24 02:50,2025.03.24 14:34,BUY,Swing,3017.527,3010.646,68.8,156.8,57.1,2.28,0.83,1,1,1,1,32,40,1,137,205,1,140,205,1,241,697,1,271,697,1,459,697,0,,,0,,,SL,-68.81,704
2025.03.24 17:13,2025.03.24 18:07,BUY,LienKe,3008.249,3004.087,41.6,16.7,31.4,0.40,0.75,1,10,11,0,,,0,,,0,,,0,,,0,,,0,,,0,,,0,,,SL,-41.62,54
2025.03.24 17:05,2025.03.24 18:07,BUY,LienKe,3009.538,3004.087,54.5,3.8,44.3,0.07,0.81,0,,,0,,,0,,,0,,,0,,,0,,,0,,,0,,,0,,,SL,-54.51,62
2025.03.25 11:20,2025.03.25 13:36,SELL,LienKe,3024.823,3028.149,33.3,105.5,23.2,3.17,0.70,1,4,8,1,27,113,1,32,113,1,43,113,1,50,113,1,62,113,0,,,0,,,0,,,SL,-33.26,136
2025.03.25 11:20,2025.03.25 13:36,SELL,LienKe,3024.505,3028.149,36.4,102.4,26.3,2.81,0.72,1,22,112,1,28,112,1,35,112,1,44,112,1,51,112,1,62,112,0,,,0,,,0,,,SL,-36.44,136
2025.03.26 00:25,2025.03.26 01:57,SELL,LienKe,3021.742,3025.232,34.9,51.9,31.8,1.49,0.91,1,4,77,1,11,77,1,12,77,1,37,77,0,,,0,,,0,,,0,,,0,,,SL,-34.90,92
2025.03.26 02:12,2025.03.26 07:45,SELL,LienKe,3025.559,3029.328,37.7,121.8,36.0,3.23,0.96,1,31,256,1,33,256,1,53,256,1,65,256,1,88,256,1,138,256,0,,,0,,,0,,,SL,-37.69,333
2025.03.26 02:10,2025.03.26 07:45,SELL,LienKe,3024.952,3029.328,43.8,115.7,42.1,2.64,0.96,1,33,237,1,52,237,1,62,237,1,74,237,1,91,237,1,153,237,0,,,0,,,0,,,SL,-43.76,335
2025.03.26 09:06,2025.03.26 09:30,BUY,LienKe,3023.131,3019.626,35.0,4.4,34.8,0.13,0.99,0,,,0,,,0,,,0,,,0,,,0,,,0,,,0,,,0,,,SL,-35.05,24
2025.03.26 09:05,2025.03.26 09:30,BUY,LienKe,3023.810,3019.626,41.8,0.8,41.6,0.02,0.99,0,,,0,,,0,,,0,,,0,,,0,,,0,,,0,,,0,,,SL,-41.84,25
2025.03.26 11:00,2025.03.26 11:23,SELL,LienKe,3023.285,3027.990,47.0,0.0,46.6,0.00,0.99,0,,,0,,,0,,,0,,,0,,,0,,,0,,,0,,,0,,,SL,-47.05,23
2025.03.26 10:15,2025.03.26 15:01,BUY,LienKe,3018.474,3013.886,45.9,118.9,36.5,2.59,0.80,1,1,215,1,3,215,1,5,215,1,12,215,1,61,215,1,68,215,0,,,0,,,0,,,SL,-45.88,286
2025.03.26 08:06,2025.03.27 04:07,SELL,LienKe,3031.330,3035.042,37.1,188.4,31.9,5.08,0.86,1,7,1116,1,8,1116,1,11,1116,1,33,1116,1,54,1116,1,69,1116,1,350,1116,0,,,0,,,SL,-37.12,1201
2025.03.26 08:05,2025.03.27 04:07,SELL,LienKe,3030.584,3035.042,44.6,181.0,39.4,4.06,0.88,1,9,1117,1,11,1117,1,16,1117,1,45,1117,1,64,1117,1,74,1117,1,358,1117,0,,,0,,,SL,-44.58,1202
2025.03.27 03:45,2025.03.27 04:27,SELL,LienKe,3033.054,3036.596,35.4,7.2,31.1,0.20,0.88,0,,,0,,,0,,,0,,,0,,,0,,,0,,,0,,,0,,,SL,-35.42,42
2025.03.27 03:45,2025.03.27 04:27,SELL,LienKe,3032.545,3036.596,40.5,2.1,36.2,0.05,0.89,0,,,0,,,0,,,0,,,0,,,0,,,0,,,0,,,0,,,SL,-40.51,42
2025.03.25 02:48,2025.03.27 09:56,BUY,Swing,3009.399,3005.716,36.8,297.8,18.9,8.08,0.51,1,16,-,1,20,-,1,24,-,1,33,-,1,140,-,1,155,-,1,445,-,1,653,-,0,,,TP,278.60,3308
2025.03.25 02:10,2025.03.27 09:57,BUY,Swing,3010.714,3005.716,50.0,298.4,32.1,5.97,0.64,1,5,14,1,65,349,1,70,349,1,91,349,1,182,349,1,196,349,1,561,-,1,712,-,0,,,TP,278.60,3347
2025.03.27 12:36,2025.03.27 13:11,BUY,LienKe,3049.674,3045.376,43.0,24.7,27.7,0.58,0.64,1,10,15,1,29,31,0,,,0,,,0,,,0,,,0,,,0,,,0,,,SL,-42.98,35
2025.03.27 12:35,2025.03.27 13:11,BUY,LienKe,3051.227,3045.376,58.5,9.2,43.2,0.16,0.74,0,,,0,,,0,,,0,,,0,,,0,,,0,,,0,,,0,,,SL,-58.51,36
2025.03.27 12:05,2025.03.27 14:49,SELL,LienKe,3054.736,3058.976,42.4,211.7,38.3,4.99,0.90,1,6,154,1,8,154,1,13,154,1,20,154,1,66,154,1,71,154,1,77,154,1,95,154,0,,,SL,-42.40,164
2025.03.27 12:05,2025.03.27 14:49,SELL,Swing,3054.736,3058.976,42.4,211.7,38.3,4.99,0.90,1,6,154,1,8,154,1,13,154,1,20,154,1,66,154,1,71,154,1,77,154,1,95,154,0,,,SL,-42.40,164
2025.03.27 22:41,2025.03.28 00:10,SELL,LienKe,3057.060,3060.637,35.8,27.7,29.5,0.77,0.82,1,3,83,1,16,83,0,,,0,,,0,,,0,,,0,,,0,,,0,,,SL,-35.77,89
2025.03.27 22:40,2025.03.28 00:10,SELL,LienKe,3056.486,3060.637,41.5,21.9,35.2,0.53,0.85,1,17,82,1,25,82,0,,,0,,,0,,,0,,,0,,,0,,,0,,,SL,-41.51,90
2025.03.27 19:43,2025.03.28 00:10,SELL,LienKe,3057.452,3060.703,32.5,31.6,25.6,0.97,0.79,1,24,173,1,34,173,1,203,262,0,,,0,,,0,,,0,,,0,,,0,,,SL,-32.51,267
2025.03.27 19:31,2025.03.28 00:10,SELL,LienKe,3056.442,3060.703,42.6,21.5,35.7,0.50,0.84,1,47,53,1,215,271,0,,,0,,,0,,,0,,,0,,,0,,,0,,,SL,-42.61,279
2025.03.27 16:19,2025.03.28 05:55,BUY,LienKe,3051.035,3047.362,36.7,289.3,32.3,7.88,0.88,1,2,15,1,4,15,1,6,15,1,135,-,1,470,-,1,471,-,1,535,-,1,569,-,0,,,TP,294.65,816
2025.03.27 16:05,2025.03.28 05:56,BUY,LienKe,3051.896,3047.362,45.3,296.0,41.0,6.53,0.90,1,1,5,1,20,26,1,128,-,1,157,-,1,485,-,1,485,-,1,565,-,1,583,-,0,,,TP,294.65,831
2025.03.28 13:23,2025.03.28 15:01,BUY,LienKe,3072.522,3067.730,47.9,142.4,47.2,2.97,0.99,1,1,14,1,2,14,1,2,14,1,7,14,1,28,70,1,30,70,0,,,0,,,0,,,SL,-47.92,97
2025.03.28 13:20,2025.03.28 15:01,BUY,LienKe,3074.514,3067.730,67.8,122.4,67.2,1.80,0.99,1,5,6,1,8,13,1,10,13,1,30,70,1,33,70,1,40,70,0,,,0,,,0,,,SL,-67.84,101
2025.03.28 14:10,2025.03.30 22:05,SELL,LienKe,3083.944,3089.759,58.2,165.3,29.6,2.84,0.51,1,1,13,1,2,13,1,3,13,1,6,13,1,19,95,1,21,95,1,27,95,0,,,0,,,SL,-58.15,3354
2025.03.28 14:10,2025.03.30 22:05,SELL,LienKe,3082.055,3089.759,77.0,146.4,48.5,1.90,0.63,1,0,0,1,5,10,1,6,10,1,19,86,1,20,86,1,23,86,0,,,0,,,0,,,SL,-77.04,3355
2025.03.28 07:22,2025.03.30 22:05,SELL,LienKe,3085.192,3088.992,38.0,188.8,17.3,4.97,0.45,1,3,400,1,6,400,1,8,400,1,25,400,1,44,400,1,49,400,1,63,400,0,,,0,,,SL,-38.00,3762
2025.03.28 07:10,2025.03.30 22:05,SELL,LienKe,3083.721,3088.992,52.7,174.1,32.0,3.30,0.61,1,5,6,1,21,407,1,25,407,1,40,407,1,61,407,1,68,407,1,75,407,0,,,0,,,SL,-52.71,3775
2025.03.30 23:35,2025.03.31 00:05,BUY,LienKe,3088.549,3084.934,36.1,11.8,30.2,0.33,0.83,1,0,2,0,,,0,,,0,,,0,,,0,,,0,,,0,,,0,,,SL,-36.15,30
2025.03.30 23:10,2025.03.31 00:05,BUY,LienKe,3088.778,3084.934,38.4,19.4,32.5,0.50,0.84,1,1,22,0,,,0,,,0,,,0,,,0,,,0,,,0,,,0,,,SL,-38.44,55
2025.03.31 01:05,2025.03.31 03:06,BUY,LienKe,3080.029,3073.841,61.9,278.1,12.3,4.49,0.20,1,0,5,1,1,5,1,2,5,1,16,-,1,18,-,1,21,-,1,29,-,1,76,-,0,,,TP,300.00,121
2025.03.31 10:55,2025.03.31 12:57,SELL,LienKe,3118.973,3126.663,76.9,54.2,75.5,0.70,0.98,1,5,7,1,17,22,1,31,47,1,38,47,0,,,0,,,0,,,0,,,0,,,SL,-76.90,122
2025.03.31 16:15,2025.03.31 23:59,BUY,LienKe,3112.745,3108.565,41.8,137.2,5.6,3.28,0.13,1,3,3,1,7,-,1,12,-,1,20,-,1,125,-,1,128,-,0,,,0,,,0,,,CON_MO,0.00,464
2025.03.31 16:15,2025.03.31 23:59,BUY,LienKe,3114.114,3108.565,55.5,123.5,19.3,2.23,0.35,1,8,9,1,13,-,1,18,-,1,23,-,1,127,-,1,223,-,0,,,0,,,0,,,CON_MO,0.00,464
2025.04.01 06:08,2025.04.01 15:42,BUY,LienKe,3129.123,3123.488,56.4,98.7,54.2,1.75,0.96,1,1,2,1,3,89,1,8,89,1,9,89,1,19,89,0,,,0,,,0,,,0,,,SL,-56.35,574
2025.04.01 06:05,2025.04.01 15:42,BUY,LienKe,3131.900,3123.488,84.1,71.0,82.0,0.84,0.97,1,11,16,1,12,16,1,13,16,1,21,40,0,,,0,,,0,,,0,,,0,,,SL,-84.12,577
2025.04.01 04:15,2025.04.01 15:57,SELL,LienKe,3146.524,3150.947,44.2,299.6,27.0,6.77,0.61,1,2,75,1,7,75,1,11,75,1,95,-,1,97,-,1,98,-,1,100,-,1,208,-,0,,,TP,300.00,702
2025.04.01 22:10,2025.04.01 22:16,BUY,LienKe,3113.502,3109.851,36.5,0.0,34.3,0.00,0.94,0,,,0,,,0,,,0,,,0,,,0,,,0,,,0,,,0,,,SL,-36.51,6
2025.04.01 22:05,2025.04.01 22:16,BUY,LienKe,3114.309,3109.851,44.6,6.3,42.4,0.14,0.95,0,,,0,,,0,,,0,,,0,,,0,,,0,,,0,,,0,,,SL,-44.58,11
2025.04.03 05:07,2025.04.03 05:16,BUY,LienKe,3138.551,3133.783,47.7,24.7,44.7,0.52,0.94,1,1,4,1,1,4,0,,,0,,,0,,,0,,,0,,,0,,,0,,,SL,-47.68,9
2025.04.03 05:05,2025.04.03 05:16,BUY,LienKe,3140.525,3133.783,67.4,5.0,64.5,0.07,0.96,0,,,0,,,0,,,0,,,0,,,0,,,0,,,0,,,0,,,SL,-67.42,11
2025.04.03 08:05,2025.04.03 10:58,SELL,LienKe,3129.997,3133.983,39.9,288.9,21.8,7.25,0.55,1,5,10,1,5,10,1,40,52,1,84,-,1,114,-,1,116,-,1,123,-,1,140,-,0,,,TP,300.00,173
2025.04.03 08:05,2025.04.03 10:58,SELL,LienKe,3128.516,3133.983,54.7,274.1,36.6,5.01,0.67,1,5,6,1,43,45,1,77,86,1,114,-,1,115,-,1,122,-,1,124,-,1,141,-,0,,,TP,300.00,173
2025.04.03 11:30,2025.04.03 12:23,BUY,LienKe,3091.593,3084.566,70.3,57.0,67.3,0.81,0.96,1,5,6,1,21,30,1,21,30,1,22,30,0,,,0,,,0,,,0,,,0,,,SL,-70.27,53
2025.04.03 11:05,2025.04.03 12:23,BUY,LienKe,3096.583,3084.566,120.2,34.9,117.2,0.29,0.97,1,1,2,1,5,7,1,5,7,0,,,0,,,0,,,0,,,0,,,0,,,SL,-120.17,78
2025.04.04 02:21,2025.04.04 02:29,BUY,LienKe,3108.638,3104.447,41.9,13.8,32.7,0.33,0.78,1,0,1,0,,,0,,,0,,,0,,,0,,,0,,,0,,,0,,,SL,-41.91,8
2025.04.04 02:05,2025.04.04 02:29,BUY,LienKe,3111.173,3104.447,67.3,18.4,58.0,0.27,0.86,1,2,3,0,,,0,,,0,,,0,,,0,,,0,,,0,,,0,,,SL,-67.26,24
2025.04.04 04:12,2025.04.04 04:36,SELL,LienKe,3099.036,3102.975,39.4,14.7,35.9,0.37,0.91,1,18,19,0,,,0,,,0,,,0,,,0,,,0,,,0,,,0,,,SL,-39.39,24
2025.04.04 04:10,2025.04.04 04:36,SELL,LienKe,3098.067,3102.975,49.1,7.4,45.6,0.15,0.93,0,,,0,,,0,,,0,,,0,,,0,,,0,,,0,,,0,,,SL,-49.08,26
2025.04.04 10:10,2025.04.04 10:27,SELL,LienKe,3095.518,3103.172,76.5,21.4,76.3,0.28,1.00,1,1,1,1,2,2,0,,,0,,,0,,,0,,,0,,,0,,,0,,,SL,-76.54,17
2025.04.04 12:11,2025.04.04 12:30,BUY,LienKe,3096.889,3090.968,59.2,72.8,57.3,1.23,0.97,1,5,6,1,5,6,1,8,9,1,11,13,0,,,0,,,0,,,0,,,0,,,SL,-59.21,18
2025.04.04 12:10,2025.04.04 12:30,BUY,LienKe,3099.960,3090.968,89.9,42.1,88.0,0.47,0.98,1,9,10,1,12,13,1,12,13,0,,,0,,,0,,,0,,,0,,,0,,,SL,-89.92,20
2025.04.04 13:54,2025.04.04 14:01,BUY,LienKe,3065.195,3056.559,86.4,30.5,57.3,0.35,0.66,1,0,1,1,3,4,1,3,4,0,,,0,,,0,,,0,,,0,,,0,,,SL,-86.36,7
2025.04.04 13:40,2025.04.04 14:01,BUY,LienKe,3075.361,3056.559,188.0,40.6,158.9,0.22,0.85,1,0,1,1,0,1,1,0,1,0,,,0,,,0,,,0,,,0,,,0,,,SL,-188.02,21
2025.04.04 20:57,2025.04.06 22:22,SELL,LienKe,3039.670,3043.940,42.7,251.2,9.6,5.88,0.22,1,0,-,1,2955,-,1,2955,-,1,2955,-,1,2955,-,1,2955,-,1,2960,-,1,2963,-,0,,,TP,300.00,2965
2025.04.04 20:20,2025.04.06 22:22,SELL,LienKe,3037.932,3043.940,60.1,233.8,27.0,3.89,0.45,1,3,4,1,23,28,1,2993,-,1,2993,-,1,2993,-,1,2995,-,1,2997,-,1,3001,-,0,,,TP,300.00,3002
2025.04.07 00:15,2025.04.07 01:12,BUY,LienKe,2976.152,2967.689,84.6,217.7,40.8,2.57,0.48,1,1,31,1,1,31,1,1,31,1,1,31,1,1,31,1,2,31,1,5,31,1,55,-,0,,,TP,300.00,57
2025.04.07 00:15,2025.04.07 01:15,BUY,LienKe,2981.672,2967.689,139.8,273.9,96.0,1.96,0.69,1,1,15,1,1,15,1,2,15,1,2,15,1,2,15,1,22,27,1,55,-,1,57,-,0,,,TP,300.00,60
2025.04.07 13:05,2025.04.07 14:17,SELL,LienKe,3029.541,3037.213,76.7,272.6,74.7,3.55,0.97,1,0,3,1,0,3,1,2,3,1,11,21,1,12,21,1,28,67,1,29,67,1,30,67,0,,,SL,-76.72,72
2025.04.07 14:20,2025.04.07 14:39,SELL,LienKe,3028.114,3041.036,129.2,297.5,21.6,2.30,0.17,1,0,1,1,2,-,1,2,-,1,2,-,1,2,-,1,4,-,1,7,-,1,7,-,0,,,TP,300.00,19
2025.04.08 04:40,2025.04.08 16:41,BUY,LienKe,2994.893,2987.880,70.1,278.5,70.0,3.97,1.00,1,1,5,1,1,5,1,9,287,1,13,287,1,16,287,1,35,287,1,100,287,1,120,287,0,,,SL,-70.13,721
2025.04.09 06:15,2025.04.09 06:23,SELL,LienKe,3021.125,3028.244,71.2,0.0,65.6,0.00,0.92,0,,,0,,,0,,,0,,,0,,,0,,,0,,,0,,,0,,,SL,-71.19,8
2025.04.09 06:15,2025.04.09 06:23,SELL,LienKe,3020.436,3028.244,78.1,5.1,72.5,0.06,0.93,0,,,0,,,0,,,0,,,0,,,0,,,0,,,0,,,0,,,SL,-78.08,8
2025.04.09 04:05,2025.04.09 06:55,BUY,LienKe,3005.843,2996.507,93.4,298.9,16.4,3.20,0.18,1,1,1,1,3,59,1,7,59,1,15,59,1,53,59,1,68,-,1,121,-,1,134,-,0,,,TP,300.00,170
2025.04.09 15:10,2025.04.09 17:29,BUY,LienKe,3071.914,3062.334,95.8,271.7,43.2,2.84,0.45,1,1,135,1,1,135,1,2,135,1,5,135,1,8,135,1,9,135,1,15,135,1,100,135,0,,,SL,-95.80,139
2025.04.10 01:00,2025.04.10 02:09,SELL,Swing,3099.336,3104.463,51.3,207.4,30.9,4.05,0.60,1,0,60,1,1,60,1,1,60,1,1,60,1,1,60,1,13,60,1,19,60,1,36,60,0,,,SL,-51.27,69
2025.04.10 00:40,2025.04.10 02:09,SELL,Swing,3096.904,3104.463,75.6,183.1,55.2,2.42,0.73,1,2,4,1,3,4,1,6,15,1,21,80,1,33,80,1,33,80,1,55,80,0,,,0,,,SL,-75.59,89
2025.04.09 19:55,2025.04.10 02:09,SELL,Swing,3088.776,3102.673,139.0,171.9,136.5,1.24,0.98,1,0,1,1,0,1,1,0,1,1,41,159,1,42,159,1,55,159,1,131,159,0,,,0,,,SL,-138.97,374
2025.04.10 11:37,2025.04.10 12:09,SELL,LienKe,3123.575,3127.911,43.4,45.5,30.9,1.05,0.71,1,5,6,1,9,21,1,13,21,0,,,0,,,0,,,0,,,0,,,0,,,SL,-43.36,32
2025.04.10 11:35,2025.04.10 12:09,SELL,LienKe,3121.826,3127.911,60.9,28.0,48.4,0.46,0.80,1,12,20,1,15,20,0,,,0,,,0,,,0,,,0,,,0,,,0,,,SL,-60.85,34
2025.04.10 12:49,2025.04.10 14:05,SELL,Swing,3130.123,3136.993,68.7,139.5,66.6,2.03,0.97,1,1,30,1,1,30,1,1,30,1,5,30,1,9,30,1,45,73,0,,,0,,,0,,,SL,-68.70,76
2025.04.10 12:35,2025.04.10 14:05,SELL,Swing,3125.008,3136.993,119.9,88.4,117.8,0.74,0.98,1,0,9,1,0,9,1,0,9,1,1,9,1,1,9,0,,,0,,,0,,,0,,,SL,-119.85,90
2025.04.10 08:56,2025.04.10 14:05,BUY,LienKe,3106.965,3101.686,52.8,296.6,37.8,5.62,0.72,1,20,34,1,21,34,1,29,34,1,41,-,1,60,-,1,62,-,1,90,-,1,193,-,0,,,TP,300.00,309
2025.04.10 08:40,2025.04.10 14:07,BUY,LienKe,3108.916,3101.686,72.3,291.5,57.3,4.03,0.79,1,1,13,1,2,13,1,3,13,1,75,-,1,78,-,1,95,-,1,170,-,1,209,-,0,,,TP,300.00,327
2025.04.10 11:11,2025.04.10 14:10,BUY,LienKe,3114.307,3110.208,41.0,285.7,3.7,6.97,0.09,1,0,-,1,4,-,1,5,-,1,16,-,1,18,-,1,19,-,1,79,-,1,131,-,0,,,TP,300.00,179
2025.04.10 11:10,2025.04.10 14:20,BUY,LienKe,3115.537,3110.208,53.3,299.7,16.0,5.62,0.30,1,5,7,1,6,7,1,9,-,1,18,-,1,20,-,1,49,-,1,80,-,1,134,-,0,,,TP,300.00,190
2025.04.10 18:30,2025.04.10 18:33,SELL,LienKe,3165.859,3169.902,40.4,0.0,35.1,0.00,0.87,0,,,0,,,0,,,0,,,0,,,0,,,0,,,0,,,0,,,SL,-40.43,3
2025.04.10 18:30,2025.04.10 18:33,SELL,LienKe,3164.870,3169.902,50.3,5.3,45.0,0.11,0.89,0,,,0,,,0,,,0,,,0,,,0,,,0,,,0,,,0,,,SL,-50.32,3
2025.04.11 03:35,2025.04.11 05:45,SELL,LienKe,3218.597,3223.137,45.4,294.3,8.5,6.48,0.19,1,1,1,1,3,16,1,3,16,1,40,113,1,78,113,1,86,113,1,126,-,1,127,-,0,,,TP,300.00,130
2025.04.11 02:20,2025.04.11 05:45,SELL,LienKe,3218.442,3222.476,40.3,292.8,18.5,7.26,0.46,1,8,11,1,8,11,1,8,11,1,115,188,1,153,188,1,161,188,1,201,-,1,202,-,0,,,TP,300.00,204
2025.04.11 02:20,2025.04.11 05:45,SELL,LienKe,3217.429,3222.476,50.5,282.6,28.7,5.60,0.57,1,8,11,1,8,11,1,8,11,1,118,186,1,157,186,1,163,186,1,201,-,1,203,-,0,,,TP,300.00,205
2025.04.11 07:10,2025.04.11 08:01,SELL,LienKe,3210.140,3215.076,49.4,72.4,40.0,1.47,0.81,1,6,26,1,7,26,1,7,26,1,7,26,0,,,0,,,0,,,0,,,0,,,SL,-49.36,51
2025.04.11 07:10,2025.04.11 08:01,SELL,LienKe,3208.165,3215.076,69.1,52.7,59.8,0.76,0.86,1,7,15,1,7,15,1,7,15,1,11,15,0,,,0,,,0,,,0,,,0,,,SL,-69.11,51
2025.04.14 05:00,2025.04.14 05:17,BUY,LienKe,3227.550,3223.162,43.9,3.1,36.4,0.07,0.83,0,,,0,,,0,,,0,,,0,,,0,,,0,,,0,,,0,,,SL,-43.88,17
2025.04.11 16:11,2025.04.14 10:20,SELL,LienKe,3243.579,3248.436,48.6,298.3,23.4,6.14,0.48,1,2,3,1,4,10,1,7,10,1,15,3464,1,17,3464,1,17,3464,1,38,3464,1,42,3464,0,,,TP,300.00,3969
2025.04.11 16:11,2025.04.14 10:20,SELL,Swing,3243.579,3248.436,48.6,298.3,23.4,6.14,0.48,1,2,3,1,4,10,1,7,10,1,15,3464,1,17,3464,1,17,3464,1,38,3464,1,42,3464,0,,,TP,300.00,3969
2025.04.11 16:10,2025.04.14 10:21,SELL,LienKe,3241.771,3248.436,66.6,287.7,41.5,4.32,0.62,1,8,9,1,15,3455,1,16,3455,1,17,3455,1,19,3455,1,29,3455,1,40,3455,1,44,3455,0,,,TP,300.00,3971
2025.04.11 16:10,2025.04.14 10:21,SELL,Swing,3241.771,3248.436,66.6,287.7,41.5,4.32,0.62,1,8,9,1,15,3455,1,16,3455,1,17,3455,1,19,3455,1,29,3455,1,40,3455,1,44,3455,0,,,TP,300.00,3971
2025.04.14 13:09,2025.04.14 13:13,BUY,Swing,3203.606,3197.468,61.4,0.0,49.2,0.00,0.80,0,,,0,,,0,,,0,,,0,,,0,,,0,,,0,,,0,,,SL,-61.38,4
2025.04.14 12:45,2025.04.14 13:13,BUY,Swing,3206.908,3197.468,94.4,50.3,82.2,0.53,0.87,1,0,1,1,0,1,1,0,1,1,4,7,0,,,0,,,0,,,0,,,0,,,SL,-94.40,28
2025.04.15 07:26,2025.04.15 07:47,BUY,Swing,3221.286,3217.450,38.4,0.0,38.2,0.00,1.00,0,,,0,,,0,,,0,,,0,,,0,,,0,,,0,,,0,,,SL,-38.36,21
2025.04.15 07:25,2025.04.15 07:47,BUY,Swing,3222.331,3217.450,48.8,0.0,48.7,0.00,1.00,0,,,0,,,0,,,0,,,0,,,0,,,0,,,0,,,0,,,SL,-48.81,22
2025.04.15 04:30,2025.04.15 20:02,SELL,LienKe,3229.312,3233.103,37.9,176.0,35.5,4.64,0.94,1,3,12,1,46,220,1,48,220,1,57,220,1,77,220,1,180,220,1,561,793,0,,,0,,,SL,-37.91,932
2025.04.15 04:05,2025.04.15 20:02,SELL,LienKe,3228.493,3233.103,46.1,167.8,43.7,3.64,0.95,1,5,6,1,73,148,1,77,148,1,97,148,1,201,245,1,206,245,1,588,816,0,,,0,,,SL,-46.10,957
2025.04.15 12:39,2025.04.15 23:37,BUY,LienKe,3216.171,3211.266,49.0,289.6,46.2,5.90,0.94,1,1,60,1,1,60,1,2,60,1,4,60,1,25,60,1,29,60,1,391,-,1,599,-,0,,,TP,300.00,658
2025.04.15 12:30,2025.04.15 23:58,BUY,LienKe,3219.801,3211.266,85.3,292.1,82.5,3.42,0.97,1,1,4,1,1,4,1,16,25,1,37,53,1,311,-,1,316,-,1,599,-,1,620,-,0,,,TP,300.00,688
2025.04.16 04:54,2025.04.16 04:56,SELL,LienKe,3282.569,3286.736,41.7,2.1,34.0,0.05,0.81,0,,,0,,,0,,,0,,,0,,,0,,,0,,,0,,,0,,,SL,-41.67,1
2025.04.16 04:05,2025.04.16 04:56,SELL,LienKe,3280.891,3286.736,58.4,114.4,50.7,1.96,0.87,1,9,43,1,11,43,1,16,43,1,17,43,1,22,43,1,25,43,0,,,0,,,0,,,SL,-58.45,51
2025.04.16 05:10,2025.04.16 06:20,SELL,LienKe,3288.238,3292.118,38.8,34.6,36.8,0.89,0.95,1,1,5,1,1,5,1,2,5,0,,,0,,,0,,,0,,,0,,,0,,,SL,-38.80,70
2025.04.16 05:10,2025.04.16 06:20,SELL,LienKe,3287.375,3292.118,47.4,26.0,45.5,0.55,0.96,1,1,4,1,2,4,0,,,0,,,0,,,0,,,0,,,0,,,0,,,SL,-47.43,70
2025.04.16 06:30,2025.04.16 07:02,SELL,LienKe,3291.711,3295.726,40.2,47.9,39.5,1.19,0.98,1,9,10,1,9,10,1,11,29,0,,,0,,,0,,,0,,,0,,,0,,,SL,-40.15,32
2025.04.16 06:25,2025.04.16 07:02,SELL,LienKe,3290.478,3295.726,52.5,35.6,51.9,0.68,0.99,1,16,28,1,16,28,1,17,28,0,,,0,,,0,,,0,,,0,,,0,,,SL,-52.48,37
2025.04.16 14:00,2025.04.16 14:03,SELL,Swing,3314.045,3319.474,54.3,0.0,52.6,0.00,0.97,0,,,0,,,0,,,0,,,0,,,0,,,0,,,0,,,0,,,SL,-54.29,2
2025.04.16 14:00,2025.04.16 14:03,SELL,LienKe,3311.665,3319.474,78.1,0.0,76.4,0.00,0.98,0,,,0,,,0,,,0,,,0,,,0,,,0,,,0,,,0,,,SL,-78.09,3
2025.04.16 14:00,2025.04.16 14:03,SELL,Swing,3311.665,3319.474,78.1,0.0,76.4,0.00,0.98,0,,,0,,,0,,,0,,,0,,,0,,,0,,,0,,,0,,,SL,-78.09,3
2025.04.17 10:35,2025.04.17 12:14,SELL,LienKe,3329.942,3337.181,72.4,73.9,29.4,1.02,0.41,1,0,1,1,5,28,1,17,28,1,50,87,0,,,0,,,0,,,0,,,0,,,SL,-72.39,99
2025.04.17 10:30,2025.04.17 12:14,SELL,LienKe,3325.673,3337.181,115.1,31.2,72.1,0.27,0.63,1,55,55,1,55,55,1,74,87,0,,,0,,,0,,,0,,,0,,,0,,,SL,-115.08,104
2025.04.17 05:05,2025.04.17 14:00,SELL,LienKe,3342.093,3348.445,63.5,299.9,14.4,4.72,0.23,1,2,430,1,2,430,1,2,430,1,9,430,1,27,430,1,45,430,1,56,430,1,128,430,0,,,TP,300.00,535
2025.04.17 05:05,2025.04.17 14:00,SELL,Swing,3342.093,3348.445,63.5,299.9,14.4,4.72,0.23,1,2,430,1,2,430,1,2,430,1,9,430,1,27,430,1,45,430,1,56,430,1,128,430,0,,,TP,300.00,535
2025.04.17 19:51,2025.04.17 20:28,SELL,LienKe,3320.886,3324.654,37.7,27.3,34.9,0.72,0.93,1,5,8,1,9,18,0,,,0,,,0,,,0,,,0,,,0,,,0,,,SL,-37.68,37
2025.04.17 19:50,2025.04.17 20:28,SELL,LienKe,3319.260,3324.654,53.9,11.0,51.2,0.20,0.95,1,11,11,0,,,0,,,0,,,0,,,0,,,0,,,0,,,0,,,SL,-53.94,38
2025.04.21 01:05,2025.04.21 01:42,SELL,LienKe,3372.150,3377.154,50.0,47.3,49.8,0.95,0.99,1,1,2,1,16,19,1,16,19,0,,,0,,,0,,,0,,,0,,,0,,,SL,-50.04,37
2025.04.21 01:05,2025.04.21 01:42,SELL,LienKe,3370.174,3377.154,69.8,27.5,69.5,0.39,1.00,1,16,18,1,16,18,0,,,0,,,0,,,0,,,0,,,0,,,0,,,SL,-69.80,37
2025.04.21 09:27,2025.04.21 11:36,SELL,Swing,3395.513,3399.560,40.5,89.5,34.9,2.21,0.86,1,3,6,1,21,46,1,24,46,1,104,123,1,105,123,0,,,0,,,0,,,0,,,SL,-40.47,129
2025.04.21 09:15,2025.04.21 11:36,SELL,Swing,3394.431,3399.560,51.3,78.7,45.7,1.53,0.89,1,2,5,1,3,5,1,36,38,1,116,135,0,,,0,,,0,,,0,,,0,,,SL,-51.29,141
2025.04.21 12:05,2025.04.21 12:46,SELL,LienKe,3405.637,3409.730,40.9,75.1,32.2,1.84,0.79,1,1,1,1,4,14,1,7,14,1,19,39,0,,,0,,,0,,,0,,,0,,,SL,-40.93,41
2025.04.21 12:05,2025.04.21 12:46,SELL,LienKe,3404.511,3409.730,52.2,63.8,43.5,1.22,0.83,1,5,6,1,8,13,1,19,33,1,20,33,0,,,0,,,0,,,0,,,0,,,SL,-52.19,41
2025.04.21 07:55,2025.04.21 12:58,BUY,LienKe,3385.513,3378.842,66.7,286.3,18.4,4.29,0.28,1,5,6,1,9,11,1,27,-,1,50,-,1,54,-,1,77,-,1,227,-,1,239,-,0,,,TP,300.00,303
2025.04.21 18:22,2025.04.21 22:04,SELL,LienKe,3421.910,3427.811,59.0,43.1,88.0,0.73,1.49,1,68,69,1,80,88,1,81,88,0,,,0,,,0,,,0,,,0,,,0,,,SL,-59.01,222
2025.04.21 18:10,2025.04.21 22:04,SELL,LienKe,3419.902,3427.811,79.1,23.1,108.0,0.29,1.37,1,8,9,1,10,11,0,,,0,,,0,,,0,,,0,,,0,,,0,,,SL,-79.09,234
2025.04.21 17:10,2025.04.21 23:18,BUY,Swing,3410.590,3402.988,76.0,272.3,23.5,3.58,0.31,1,7,7,1,15,-,1,17,-,1,20,-,1,25,-,1,31,-,1,80,-,1,297,-,0,,,TP,300.00,368
2025.04.22 02:29,2025.04.22 02:34,SELL,LienKe,3455.897,3460.908,50.1,23.7,40.9,0.47,0.82,1,1,2,1,1,2,0,,,0,,,0,,,0,,,0,,,0,,,0,,,SL,-50.11,5
2025.04.22 02:25,2025.04.22 02:34,SELL,LienKe,3453.926,3460.908,69.8,10.3,60.6,0.15,0.87,1,1,2,0,,,0,,,0,,,0,,,0,,,0,,,0,,,0,,,SL,-69.82,9
2025.04.22 03:06,2025.04.22 03:16,SELL,LienKe,3475.657,3480.839,51.8,30.2,35.9,0.58,0.69,1,3,4,1,3,4,1,3,4,0,,,0,,,0,,,0,,,0,,,0,,,SL,-51.82,10
2025.04.22 03:05,2025.04.22 03:16,SELL,LienKe,3473.515,3480.839,73.2,8.7,57.3,0.12,0.78,0,,,0,,,0,,,0,,,0,,,0,,,0,,,0,,,0,,,SL,-73.24,11
2025.04.22 07:11,2025.04.22 07:13,BUY,Swing,3472.171,3467.146,50.2,4.4,27.5,0.09,0.55,0,,,0,,,0,,,0,,,0,,,0,,,0,,,0,,,0,,,SL,-50.25,2
2025.04.22 07:10,2025.04.22 07:13,BUY,Swing,3474.303,3467.146,71.6,3.7,48.8,0.05,0.68,0,,,0,,,0,,,0,,,0,,,0,,,0,,,0,,,0,,,SL,-71.57,3
2025.04.22 16:15,2025.04.22 16:17,BUY,LienKe,3410.576,3402.087,84.9,0.0,82.3,0.00,0.97,0,,,0,,,0,,,0,,,0,,,0,,,0,,,0,,,0,,,SL,-84.89,1
2025.04.22 16:15,2025.04.22 16:17,BUY,Swing,3410.576,3402.087,84.9,0.0,82.3,0.00,0.97,0,,,0,,,0,,,0,,,0,,,0,,,0,,,0,,,0,,,SL,-84.89,1
2025.04.22 16:05,2025.04.22 16:17,BUY,LienKe,3416.192,3402.087,141.1,32.1,138.5,0.23,0.98,1,2,3,1,2,3,1,4,5,0,,,0,,,0,,,0,,,0,,,0,,,SL,-141.05,12
2025.04.22 16:05,2025.04.22 16:17,BUY,Swing,3416.192,3402.087,141.1,32.1,138.5,0.23,0.98,1,2,3,1,2,3,1,4,5,0,,,0,,,0,,,0,,,0,,,0,,,SL,-141.05,12
2025.04.22 18:39,2025.04.22 18:41,BUY,LienKe,3387.370,3383.111,42.6,0.0,37.4,0.00,0.88,0,,,0,,,0,,,0,,,0,,,0,,,0,,,0,,,0,,,SL,-42.59,2
2025.04.22 18:30,2025.04.22 18:41,BUY,LienKe,3388.834,3383.111,57.2,28.5,52.1,0.50,0.91,1,1,8,1,4,8,0,,,0,,,0,,,0,,,0,,,0,,,0,,,SL,-57.23,11
2025.04.23 01:13,2025.04.23 01:43,SELL,LienKe,3374.326,3383.702,93.8,151.8,64.3,1.62,0.69,1,1,2,1,1,2,1,1,2,1,14,26,1,19,26,1,20,26,1,21,26,0,,,0,,,SL,-93.76,30
2025.04.23 01:05,2025.04.23 01:43,SELL,LienKe,3364.687,3383.702,190.2,55.4,160.7,0.29,0.84,1,0,0,1,0,0,1,3,3,1,29,30,0,,,0,,,0,,,0,,,0,,,SL,-190.15,38
2025.04.23 12:17,2025.04.23 12:59,BUY,Swing,3315.797,3310.751,50.5,175.5,40.7,3.48,0.81,1,0,33,1,1,33,1,1,33,1,1,33,1,2,33,1,3,33,1,8,33,0,,,0,,,SL,-50.46,42
2025.04.23 12:15,2025.04.23 12:59,BUY,Swing,3318.027,3310.751,72.8,153.2,63.0,2.11,0.87,1,3,29,1,3,29,1,3,29,1,4,29,1,6,29,1,7,29,1,12,29,0,,,0,,,SL,-72.76,44
2025.04.23 17:40,2025.04.23 22:07,BUY,LienKe,3280.185,3274.824,53.6,295.6,22.9,5.51,0.43,1,1,18,1,1,18,1,1,18,1,33,43,1,90,-,1,90,-,1,106,-,1,262,-,0,,,TP,300.00,267
2025.04.23 17:35,2025.04.23 22:38,BUY,LienKe,3283.147,3274.824,83.2,287.6,52.6,3.46,0.63,1,0,1,1,38,47,1,38,47,1,95,-,1,95,-,1,103,-,1,266,-,1,267,-,0,,,TP,300.00,303
2025.04.24 06:16,2025.04.24 06:17,BUY,LienKe,3321.323,3315.934,53.9,0.0,15.4,0.00,0.29,0,,,0,,,0,,,0,,,0,,,0,,,0,,,0,,,0,,,SL,-53.89,1
2025.04.24 06:05,2025.04.24 06:17,BUY,LienKe,3325.783,3315.934,98.5,21.8,60.0,0.22,0.61,1,7,8,1,8,8,0,,,0,,,0,,,0,,,0,,,0,,,0,,,SL,-98.49,12
2025.04.24 05:59,2025.04.24 06:17,BUY,Swing,3322.607,3317.428,51.8,53.5,36.7,1.03,0.71,1,0,1,1,3,12,1,5,12,1,14,16,0,,,0,,,0,,,0,,,0,,,SL,-51.79,18
2025.04.24 05:35,2025.04.24 06:17,BUY,Swing,3324.964,3317.428,75.4,106.1,60.3,1.41,0.80,1,0,23,1,1,23,1,1,23,1,1,23,1,4,23,1,5,23,0,,,0,,,0,,,SL,-75.36,42
2025.04.24 09:10,2025.04.24 14:05,SELL,LienKe,3340.271,3345.926,56.5,291.3,46.1,5.15,0.81,1,2,134,1,2,134,1,2,134,1,16,134,1,20,134,1,25,134,1,250,-,1,269,-,0,,,TP,300.00,295
2025.04.24 17:26,2025.04.24 19:38,SELL,LienKe,3335.438,3340.792,53.5,24.5,50.9,0.46,0.95,1,1,2,1,18,24,0,,,0,,,0,,,0,,,0,,,0,,,0,,,SL,-53.54,131
2025.04.24 17:25,2025.04.24 19:38,SELL,LienKe,3333.329,3340.792,74.6,3.4,72.0,0.05,0.97,0,,,0,,,0,,,0,,,0,,,0,,,0,,,0,,,0,,,SL,-74.63,133
2025.04.24 20:32,2025.04.24 20:55,SELL,Swing,3344.561,3350.026,54.6,6.0,54.3,0.11,0.99,0,,,0,,,0,,,0,,,0,,,0,,,0,,,0,,,0,,,SL,-54.65,23
2025.04.24 20:00,2025.04.24 20:55,SELL,Swing,3342.266,3350.026,77.6,39.8,77.3,0.51,1.00,1,0,4,1,0,4,1,9,30,0,,,0,,,0,,,0,,,0,,,0,,,SL,-77.60,55
2025.04.25 03:25,2025.04.25 04:08,SELL,LienKe,3350.628,3357.192,65.6,298.0,17.7,4.54,0.27,1,3,-,1,5,-,1,7,-,1,10,-,1,16,-,1,20,-,1,27,-,1,32,-,0,,,TP,300.00,43
2025.04.27 23:14,2025.04.27 23:15,BUY,LienKe,3309.488,3305.267,42.2,0.0,7.1,0.00,0.17,0,,,0,,,0,,,0,,,0,,,0,,,0,,,0,,,0,,,SL,-42.21,1
2025.04.27 23:05,2025.04.27 23:15,BUY,LienKe,3312.334,3305.267,70.7,58.4,35.6,0.83,0.50,1,1,7,1,1,7,1,1,7,1,5,7,0,,,0,,,0,,,0,,,0,,,SL,-70.67,10
2025.04.28 13:05,2025.04.28 13:49,BUY,LienKe,3292.816,3287.846,49.7,84.9,42.0,1.71,0.85,1,2,37,1,2,37,1,5,37,1,11,37,1,16,37,0,,,0,,,0,,,0,,,SL,-49.70,44
2025.04.28 13:05,2025.04.28 13:49,BUY,LienKe,3294.905,3287.846,70.6,64.0,62.9,0.91,0.89,1,5,6,1,10,31,1,11,31,1,15,31,0,,,0,,,0,,,0,,,0,,,SL,-70.59,44
2025.04.28 16:35,2025.04.28 18:23,SELL,LienKe,3336.426,3340.926,45.0,36.9,39.3,0.82,0.87,1,4,5,1,13,20,1,14,20,0,,,0,,,0,,,0,,,0,,,0,,,SL,-45.00,108
2025.04.28 16:20,2025.04.28 18:23,SELL,LienKe,3334.008,3340.926,69.2,24.8,63.4,0.36,0.92,1,1,5,1,11,13,0,,,0,,,0,,,0,,,0,,,0,,,0,,,SL,-69.18,123
2025.04.29 01:40,2025.04.29 12:20,SELL,LienKe,3333.830,3343.061,92.3,285.9,15.9,3.10,0.17,1,1,39,1,1,39,1,2,39,1,3,39,1,12,39,1,13,39,1,80,-,1,90,-,0,,,TP,300.00,640
2025.04.29 12:16,2025.04.29 12:21,BUY,Swing,3307.353,3302.962,43.9,4.1,38.4,0.09,0.87,0,,,0,,,0,,,0,,,0,,,0,,,0,,,0,,,0,,,SL,-43.91,5
2025.04.29 12:15,2025.04.29 12:21,BUY,Swing,3310.152,3302.962,71.9,0.5,66.4,0.01,0.92,0,,,0,,,0,,,0,,,0,,,0,,,0,,,0,,,0,,,SL,-71.90,6
2025.04.29 20:53,2025.04.29 23:07,BUY,LienKe,3318.062,3314.417,36.4,53.7,27.3,1.47,0.75,1,72,97,1,73,97,1,73,97,1,74,97,0,,,0,,,0,,,0,,,0,,,SL,-36.45,134
2025.04.29 20:50,2025.04.29 23:07,BUY,LienKe,3318.902,3314.417,44.9,45.3,35.7,1.01,0.80,1,76,97,1,76,97,1,77,97,0,,,0,,,0,,,0,,,0,,,0,,,SL,-44.85,137
2025.04.30 06:20,2025.04.30 08:08,BUY,LienKe,3307.186,3302.985,42.0,74.6,40.5,1.78,0.96,1,4,7,1,19,34,1,61,99,1,68,99,0,,,0,,,0,,,0,,,0,,,SL,-42.01,108
2025.04.30 06:15,2025.04.30 08:08,BUY,LienKe,3308.504,3302.985,55.2,61.4,53.6,1.11,0.97,1,2,4,1,66,103,1,69,103,1,86,103,0,,,0,,,0,,,0,,,0,,,SL,-55.19,113
2025.04.30 07:10,2025.04.30 08:10,BUY,LienKe,3306.338,3300.140,62.0,83.1,52.7,1.34,0.85,1,2,51,1,4,51,1,11,51,1,12,51,1,33,51,0,,,0,,,0,,,0,,,SL,-61.98,60
2025.04.30 00:15,2025.04.30 08:11,SELL,Swing,3324.249,3330.982,67.3,248.7,3.2,3.69,0.05,1,0,-,1,0,-,1,5,-,1,9,-,1,25,-,1,29,-,1,49,-,1,207,-,0,,,TP,300.00,476
2025.04.29 14:10,2025.04.30 08:11,BUY,LienKe,3305.097,3296.649,84.5,249.2,58.8,2.95,0.70,1,0,1,1,1,767,1,2,767,1,7,767,1,16,767,1,17,767,1,140,767,1,152,767,0,,,SL,-89.83,1081
2025.04.30 15:05,2025.04.30 22:13,SELL,LienKe,3310.530,3317.697,71.7,296.8,39.1,4.14,0.55,1,0,1,1,3,10,1,3,10,1,6,10,1,39,56,1,40,56,1,273,-,1,321,-,0,,,TP,300.00,428
2025.05.01 00:17,2025.05.01 00:20,BUY,LienKe,3272.045,3266.416,56.3,0.0,43.9,0.00,0.78,0,,,0,,,0,,,0,,,0,,,0,,,0,,,0,,,0,,,SL,-56.29,3
2025.05.01 00:10,2025.05.01 00:20,BUY,LienKe,3274.833,3266.416,84.2,15.0,71.8,0.18,0.85,1,1,2,0,,,0,,,0,,,0,,,0,,,0,,,0,,,0,,,SL,-84.17,10
2025.04.30 23:57,2025.05.01 00:20,BUY,LienKe,3272.173,3266.738,54.3,41.6,45.2,0.76,0.83,1,1,3,1,1,3,1,7,9,0,,,0,,,0,,,0,,,0,,,0,,,SL,-70.40,23
2025.04.30 23:45,2025.05.01 00:20,BUY,LienKe,3274.791,3266.738,80.5,20.3,71.4,0.25,0.89,1,3,6,1,5,6,0,,,0,,,0,,,0,,,0,,,0,,,0,,,SL,-96.58,35
2025.05.01 01:48,2025.05.01 03:13,BUY,LienKe,3238.684,3232.707,59.8,129.5,42.3,2.17,0.71,1,5,10,1,5,10,1,5,10,1,28,74,1,30,74,1,36,74,0,,,0,,,0,,,SL,-59.77,85
2025.05.01 01:10,2025.05.01 03:13,BUY,LienKe,3241.822,3232.707,91.2,98.2,73.6,1.08,0.81,1,0,1,1,4,5,1,6,8,1,15,37,1,26,37,0,,,0,,,0,,,0,,,SL,-91.15,123
2025.05.01 13:45,2025.05.01 20:15,SELL,LienKe,3227.643,3236.320,86.8,224.5,82.6,2.59,0.95,1,0,28,1,0,28,1,0,28,1,2,28,1,2,28,1,15,28,1,105,357,1,110,357,0,,,SL,-86.77,390
2025.05.02 05:05,2025.05.02 06:50,BUY,LienKe,3252.688,3246.547,61.4,97.0,32.8,1.58,0.53,1,2,4,1,31,42,1,33,42,1,74,96,1,75,96,0,,,0,,,0,,,0,,,SL,-61.41,105
2025.05.02 09:05,2025.05.02 12:30,BUY,LienKe,3257.926,3252.161,57.6,113.2,13.4,1.96,0.23,1,1,90,1,2,90,1,3,90,1,5,90,1,39,90,1,154,201,0,,,0,,,0,,,SL,-57.65,205
2025.05.02 06:55,2025.05.02 13:05,BUY,LienKe,3250.137,3243.327,68.1,191.1,63.4,2.81,0.93,1,0,335,1,1,335,1,5,335,1,6,335,1,33,335,1,38,335,1,169,335,0,,,0,,,SL,-68.10,370
2025.05.02 19:39,2025.05.02 20:14,SELL,LienKe,3231.705,3235.850,41.4,2.4,38.4,0.06,0.93,0,,,0,,,0,,,0,,,0,,,0,,,0,,,0,,,0,,,SL,-41.45,35
2025.05.02 19:15,2025.05.02 20:14,SELL,LienKe,3228.958,3235.850,68.9,12.9,65.9,0.19,0.96,1,8,11,0,,,0,,,0,,,0,,,0,,,0,,,0,,,0,,,SL,-68.92,59
2025.05.04 22:10,2025.05.04 23:28,SELL,LienKe,3240.411,3244.480,40.7,26.9,40.3,0.66,0.99,1,0,3,1,1,3,0,,,0,,,0,,,0,,,0,,,0,,,0,,,SL,-40.69,78
2025.05.04 22:10,2025.05.04 23:28,SELL,LienKe,3239.325,3244.480,51.6,16.0,51.2,0.31,0.99,1,1,2,0,,,0,,,0,,,0,,,0,,,0,,,0,,,0,,,SL,-51.55,78
2025.05.05 11:20,2025.05.05 12:49,SELL,LienKe,3316.863,3321.985,51.2,53.8,44.2,1.05,0.86,1,0,45,1,1,45,1,1,45,1,25,45,0,,,0,,,0,,,0,,,0,,,SL,-51.22,89
2025.05.05 14:10,2025.05.05 22:01,SELL,LienKe,3320.550,3331.838,112.9,148.1,172.9,1.31,1.53,1,0,0,1,1,18,1,2,18,1,2,18,1,7,18,1,59,268,0,,,0,,,0,,,SL,-112.88,471
2025.05.05 14:10,2025.05.05 22:01,SELL,Swing,3320.550,3331.838,112.9,148.1,172.9,1.31,1.53,1,0,0,1,1,18,1,2,18,1,2,18,1,7,18,1,59,268,0,,,0,,,0,,,SL,-112.88,471
2025.05.06 06:12,2025.05.06 06:18,SELL,LienKe,3363.348,3367.675,43.3,17.6,41.8,0.41,0.97,1,2,3,0,,,0,,,0,,,0,,,0,,,0,,,0,,,0,,,SL,-43.27,6
2025.05.06 06:05,2025.05.06 06:18,SELL,LienKe,3360.414,3367.675,72.6,15.1,71.1,0.21,0.98,1,4,5,0,,,0,,,0,,,0,,,0,,,0,,,0,,,0,,,SL,-72.61,13
2025.05.06 13:10,2025.05.06 13:26,SELL,LienKe,3392.935,3397.642,47.1,1.4,46.8,0.03,0.99,0,,,0,,,0,,,0,,,0,,,0,,,0,,,0,,,0,,,SL,-47.07,15
2025.05.06 13:05,2025.05.06 13:26,SELL,LienKe,3391.157,3397.642,64.8,16.5,64.5,0.25,1.00,1,1,2,0,,,0,,,0,,,0,,,0,,,0,,,0,,,0,,,SL,-64.85,21
2025.05.07 00:34,2025.05.07 00:40,BUY,Swing,3379.159,3373.840,53.2,20.8,30.0,0.39,0.56,1,0,1,1,2,3,0,,,0,,,0,,,0,,,0,,,0,,,0,,,SL,-53.19,6
2025.05.06 23:10,2025.05.07 00:40,BUY,LienKe,3388.062,3373.840,142.2,167.2,119.0,1.18,0.84,1,0,2,1,0,2,1,0,2,1,0,2,1,5,67,1,42,67,1,48,67,0,,,0,,,SL,-147.57,90
2025.05.06 23:10,2025.05.07 00:40,BUY,Swing,3388.062,3373.840,142.2,167.2,119.0,1.18,0.84,1,0,2,1,0,2,1,0,2,1,0,2,1,5,67,1,42,67,1,48,67,0,,,0,,,SL,-147.57,90
2025.05.07 05:32,2025.05.07 06:00,SELL,LienKe,3386.672,3390.769,41.0,52.6,30.4,1.28,0.74,1,1,8,1,2,8,1,2,8,1,2,8,0,,,0,,,0,,,0,,,0,,,SL,-40.97,28
2025.05.07 05:25,2025.05.07 06:00,SELL,LienKe,3385.609,3390.769,51.6,42.0,41.0,0.81,0.79,1,3,3,1,9,14,1,9,14,0,,,0,,,0,,,0,,,0,,,0,,,SL,-51.60,35
2025.05.07 01:35,2025.05.07 06:11,BUY,LienKe,3365.323,3357.068,82.5,297.9,5.7,3.61,0.07,1,0,-,1,0,-,1,1,-,1,2,-,1,8,-,1,20,-,1,43,-,1,45,-,0,,,TP,300.00,276
2025.05.07 08:32,2025.05.07 08:52,BUY,LienKe,3384.021,3379.436,45.9,25.6,19.6,0.56,0.43,1,9,13,1,11,13,0,,,0,,,0,,,0,,,0,,,0,,,0,,,SL,-45.85,20
2025.05.07 08:10,2025.05.07 08:52,BUY,LienKe,3384.965,3379.436,55.3,36.3,29.0,0.66,0.53,1,1,9,1,1,9,1,6,9,0,,,0,,,0,,,0,,,0,,,0,,,SL,-55.29,42
2025.05.07 13:27,2025.05.07 14:20,BUY,LienKe,3383.550,3378.240,53.1,145.9,34.0,2.75,0.64,1,0,3,1,1,3,1,2,3,1,5,48,1,11,48,1,18,48,0,,,0,,,0,,,SL,-53.10,53
2025.05.07 13:25,2025.05.07 14:20,BUY,LienKe,3385.922,3378.240,76.8,122.2,57.8,1.59,0.75,1,6,43,1,6,43,1,7,43,1,13,43,1,20,43,1,22,43,0,,,0,,,0,,,SL,-76.82,55
2025.05.07 07:20,2025.05.08 01:51,SELL,LienKe,3393.367,3400.425,70.6,295.2,49.3,4.18,0.70,1,1,2,1,1,2,1,4,218,1,12,218,1,29,218,1,42,218,1,92,218,1,124,218,0,,,SL,-70.58,1111
2025.05.07 06:15,2025.05.08 01:51,SELL,Swing,3393.564,3398.827,52.6,297.1,47.3,5.65,0.90,1,3,7,1,3,7,1,12,54,1,15,54,1,94,357,1,107,357,1,157,357,1,189,357,0,,,SL,-52.63,1176
2025.05.07 06:15,2025.05.08 01:51,SELL,Swing,3393.010,3398.827,58.2,291.6,52.9,5.01,0.91,1,3,4,1,12,38,1,12,38,1,28,38,1,94,264,1,108,264,1,185,264,1,190,264,0,,,SL,-58.17,1176
2025.05.08 14:21,2025.05.08 15:25,BUY,LienKe,3353.796,3348.576,52.2,84.7,34.6,1.62,0.66,1,9,13,1,9,13,1,9,13,1,21,39,1,23,39,0,,,0,,,0,,,0,,,SL,-52.20,64
2025.05.08 14:05,2025.05.08 15:25,BUY,LienKe,3356.141,3348.576,75.7,68.2,58.0,0.90,0.77,1,0,11,1,1,11,1,4,11,1,5,11,0,,,0,,,0,,,0,,,0,,,SL,-75.65,80
2025.05.08 16:00,2025.05.08 16:04,BUY,Swing,3328.910,3323.803,51.1,2.8,34.1,0.06,0.67,0,,,0,,,0,,,0,,,0,,,0,,,0,,,0,,,0,,,SL,-51.07,3
2025.05.08 15:55,2025.05.08 16:04,BUY,Swing,3333.773,3323.803,99.7,0.4,82.8,0.00,0.83,0,,,0,,,0,,,0,,,0,,,0,,,0,,,0,,,0,,,SL,-99.70,9
2025.05.09 05:08,2025.05.09 07:11,SELL,LienKe,3326.783,3331.332,45.5,137.1,37.0,3.01,0.81,1,8,9,1,12,108,1,12,108,1,15,108,1,22,108,1,23,108,0,,,0,,,0,,,SL,-45.49,123
2025.05.09 05:05,2025.05.09 07:11,SELL,LienKe,3325.234,3331.332,61.0,121.6,52.5,1.99,0.86,1,15,110,1,16,110,1,17,110,1,25,110,1,26,110,1,27,110,0,,,0,,,0,,,SL,-60.98,126
2025.05.09 09:20,2025.05.09 11:26,SELL,LienKe,3327.117,3332.332,52.1,49.2,45.4,0.94,0.87,1,2,13,1,7,13,1,10,13,0,,,0,,,0,,,0,,,0,,,0,,,SL,-52.15,126
2025.05.09 07:15,2025.05.09 11:27,SELL,Swing,3327.315,3335.258,79.4,69.1,72.2,0.87,0.91,1,0,1,1,7,17,1,12,17,1,52,91,0,,,0,,,0,,,0,,,0,,,SL,-79.43,252
2025.05.09 13:15,2025.05.09 14:00,BUY,LienKe,3331.554,3325.669,58.9,88.4,11.7,1.50,0.20,1,0,1,1,3,43,1,4,43,1,8,43,1,14,43,0,,,0,,,0,,,0,,,SL,-58.85,45
2025.05.09 14:49,2025.05.09 15:37,SELL,LienKe,3339.709,3344.241,45.3,43.2,37.0,0.95,0.82,1,2,16,1,2,16,1,3,16,0,,,0,,,0,,,0,,,0,,,0,,,SL,-45.32,48
2025.05.09 14:40,2025.05.09 15:37,SELL,LienKe,3336.966,3344.241,72.8,30.4,64.4,0.42,0.89,1,0,4,1,0,4,1,1,4,0,,,0,,,0,,,0,,,0,,,0,,,SL,-72.75,57
2025.05.09 14:20,2025.05.11 22:09,BUY,Swing,3329.521,3317.298,122.2,180.3,43.8,1.48,0.36,1,0,310,1,1,310,1,6,310,1,6,310,1,7,310,1,11,310,1,78,310,0,,,0,,,SL,-127.58,3349
2025.05.12 05:15,2025.05.12 05:26,BUY,LienKe,3276.154,3272.224,39.3,0.0,25.9,0.00,0.66,0,,,0,,,0,,,0,,,0,,,0,,,0,,,0,,,0,,,SL,-39.30,11
2025.05.12 05:15,2025.05.12 05:26,BUY,LienKe,3277.210,3272.224,49.9,0.0,36.5,0.00,0.73,0,,,0,,,0,,,0,,,0,,,0,,,0,,,0,,,0,,,SL,-49.86,11
2025.05.12 15:25,2025.05.12 16:18,BUY,LienKe,3238.238,3229.744,84.9,57.6,80.7,0.68,0.95,1,0,5,1,0,5,1,1,5,1,25,30,0,,,0,,,0,,,0,,,0,,,SL,-84.94,53
2025.05.13 13:39,2025.05.13 13:40,BUY,LienKe,3238.671,3233.273,54.0,0.0,15.7,0.00,0.29,0,,,0,,,0,,,0,,,0,,,0,,,0,,,0,,,0,,,SL,-53.98,1
2025.05.13 13:20,2025.05.13 13:40,BUY,LienKe,3241.245,3233.273,79.7,51.5,41.5,0.65,0.52,1,0,1,1,5,12,1,5,12,1,8,12,0,,,0,,,0,,,0,,,0,,,SL,-79.72,20
2025.05.14 03:30,2025.05.14 04:15,BUY,LienKe,3228.807,3223.572,52.3,34.1,43.8,0.65,0.84,1,3,3,1,6,16,1,6,16,0,,,0,,,0,,,0,,,0,,,0,,,SL,-52.35,45
2025.05.14 03:20,2025.05.14 04:15,BUY,LienKe,3230.715,3223.572,71.4,15.0,62.8,0.21,0.88,1,4,4,0,,,0,,,0,,,0,,,0,,,0,,,0,,,0,,,SL,-71.43,55
2025.05.14 06:05,2025.05.14 07:39,SELL,LienKe,3234.499,3238.229,37.3,101.4,25.7,2.72,0.69,1,9,18,1,10,18,1,11,18,1,30,90,1,63,90,1,65,90,0,,,0,,,0,,,SL,-37.30,94
2025.05.14 06:05,2025.05.14 07:39,SELL,LienKe,3233.479,3238.229,47.5,91.2,35.9,1.92,0.76,1,10,15,1,11,15,1,25,40,1,54,83,1,65,83,0,,,0,,,0,,,0,,,SL,-47.50,94
2025.05.14 09:18,2025.05.14 11:49,BUY,LienKe,3231.100,3226.671,44.3,80.8,36.7,1.83,0.83,1,1,2,1,24,43,1,24,43,1,30,43,1,127,144,0,,,0,,,0,,,0,,,SL,-44.29,151
2025.05.14 09:15,2025.05.14 11:49,BUY,LienKe,3232.648,3226.671,59.8,65.3,52.2,1.09,0.87,1,1,2,1,29,43,1,29,43,1,118,147,0,,,0,,,0,,,0,,,0,,,SL,-59.77,154
2025.05.14 12:13,2025.05.14 12:14,BUY,LienKe,3218.103,3213.063,50.4,0.0,49.1,0.00,0.97,0,,,0,,,0,,,0,,,0,,,0,,,0,,,0,,,0,,,SL,-50.40,1
2025.05.14 12:05,2025.05.14 12:14,BUY,LienKe,3221.063,3213.063,80.0,14.7,78.7,0.18,0.98,1,1,2,0,,,0,,,0,,,0,,,0,,,0,,,0,,,0,,,SL,-80.00,9
2025.05.14 22:20,2025.05.14 23:44,SELL,LienKe,3182.931,3186.881,39.5,25.5,31.2,0.65,0.79,1,15,16,1,21,29,0,,,0,,,0,,,0,,,0,,,0,,,0,,,SL,-39.50,84
2025.05.14 22:10,2025.05.14 23:44,SELL,LienKe,3181.945,3186.881,49.4,15.6,41.1,0.32,0.83,1,1,2,0,,,0,,,0,,,0,,,0,,,0,,,0,,,0,,,SL,-49.36,94
2025.05.15 02:21,2025.05.15 02:24,BUY,LienKe,3171.196,3166.577,46.2,1.3,22.1,0.03,0.48,0,,,0,,,0,,,0,,,0,,,0,,,0,,,0,,,0,,,SL,-46.19,3
2025.05.15 02:10,2025.05.15 02:24,BUY,LienKe,3172.764,3166.577,61.9,27.8,37.7,0.45,0.61,1,0,6,1,1,6,0,,,0,,,0,,,0,,,0,,,0,,,0,,,SL,-61.87,14
2025.05.15 04:18,2025.05.15 04:43,BUY,LienKe,3147.650,3143.209,44.4,26.7,30.1,0.60,0.68,1,4,5,1,9,11,0,,,0,,,0,,,0,,,0,,,0,,,0,,,SL,-44.41,25
2025.05.15 04:15,2025.05.15 04:43,BUY,LienKe,3149.916,3143.209,67.1,5.2,52.8,0.08,0.79,0,,,0,,,0,,,0,,,0,,,0,,,0,,,0,,,0,,,SL,-67.07,28
2025.05.15 23:57,2025.05.16 00:12,BUY,LienKe,3237.282,3233.489,37.9,51.3,9.9,1.35,0.26,1,3,6,1,3,6,1,4,6,1,8,14,0,,,0,,,0,,,0,,,0,,,SL,-43.28,15
2025.05.15 23:55,2025.05.16 00:12,BUY,LienKe,3238.550,3233.489,50.6,38.6,22.5,0.76,0.45,1,5,8,1,7,8,1,10,14,0,,,0,,,0,,,0,,,0,,,0,,,SL,-55.96,17
2025.05.16 03:00,2025.05.16 03:11,BUY,LienKe,3215.608,3209.847,57.6,18.2,49.5,0.32,0.86,1,0,1,0,,,0,,,0,,,0,,,0,,,0,,,0,,,0,,,SL,-57.61,11
2025.05.16 08:07,2025.05.16 08:12,BUY,LienKe,3206.165,3202.279,38.9,0.4,38.5,0.01,0.99,0,,,0,,,0,,,0,,,0,,,0,,,0,,,0,,,0,,,SL,-38.86,5
2025.05.16 08:05,2025.05.16 08:12,BUY,LienKe,3207.162,3202.279,48.8,14.7,48.5,0.30,0.99,1,0,1,0,,,0,,,0,,,0,,,0,,,0,,,0,,,0,,,SL,-48.83,7
2025.05.16 10:19,2025.05.16 10:36,BUY,LienKe,3203.130,3198.512,46.2,14.7,29.5,0.32,0.64,1,5,5,0,,,0,,,0,,,0,,,0,,,0,,,0,,,0,,,SL,-46.18,17
2025.05.16 10:15,2025.05.16 10:36,BUY,LienKe,3204.956,3198.512,64.4,28.6,47.8,0.44,0.74,1,0,3,1,0,3,0,,,0,,,0,,,0,,,0,,,0,,,0,,,SL,-64.44,21
2025.05.16 16:47,2025.05.16 17:06,SELL,LienKe,3185.957,3190.455,45.0,0.0,41.1,0.00,0.91,0,,,0,,,0,,,0,,,0,,,0,,,0,,,0,,,0,,,SL,-44.98,19
2025.05.16 16:05,2025.05.16 17:06,SELL,LienKe,3184.440,3190.455,60.1,38.2,56.3,0.63,0.94,1,0,8,1,0,8,1,5,8,0,,,0,,,0,,,0,,,0,,,0,,,SL,-60.15,61
2025.05.16 14:10,2025.05.16 17:06,SELL,LienKe,3183.942,3191.582,76.4,177.9,61.3,2.33,0.80,1,0,1,1,0,1,1,7,98,1,9,98,1,16,98,1,19,98,1,33,98,0,,,0,,,SL,-76.40,176
2025.05.16 17:47,2025.05.16 19:23,SELL,LienKe,3189.633,3195.142,55.1,47.1,53.7,0.85,0.98,1,1,11,1,27,40,1,27,40,0,,,0,,,0,,,0,,,0,,,0,,,SL,-55.09,96
2025.05.16 17:10,2025.05.16 19:23,SELL,LienKe,3188.683,3195.142,64.6,51.1,63.2,0.79,0.98,1,0,36,1,1,36,1,8,36,1,24,36,0,,,0,,,0,,,0,,,0,,,SL,-64.59,133
2025.05.19 04:10,2025.05.19 08:51,BUY,LienKe,3210.824,3203.584,72.4,298.9,3.2,4.13,0.04,1,0,2,1,2,-,1,6,-,1,11,-,1,51,-,1,51,-,1,116,-,1,130,-,0,,,TP,300.00,281
2025.05.19 13:07,2025.05.19 13:36,BUY,LienKe,3228.470,3224.560,39.1,131.9,24.4,3.37,0.62,1,0,26,1,2,26,1,3,26,1,6,26,1,7,26,1,8,26,0,,,0,,,0,,,SL,-39.10,29
2025.05.19 13:05,2025.05.19 13:36,BUY,LienKe,3230.537,3224.560,59.8,111.2,45.0,1.86,0.75,1,0,1,1,6,21,1,8,21,1,9,21,1,10,21,1,10,21,0,,,0,,,0,,,SL,-59.77,31
2025.05.19 09:05,2025.05.20 00:39,SELL,LienKe,3244.763,3250.571,58.1,296.6,39.4,5.11,0.68,1,2,111,1,5,111,1,6,111,1,6,111,1,12,111,1,13,111,1,234,-,1,271,-,0,,,TP,300.00,934
2025.05.20 03:05,2025.05.20 09:26,BUY,LienKe,3208.137,3201.521,66.2,295.8,10.3,4.47,0.16,1,1,30,1,3,30,1,3,30,1,11,30,1,107,237,1,115,237,1,278,-,1,335,-,0,,,TP,300.00,381
2025.05.20 13:13,2025.05.20 14:01,BUY,LienKe,3234.379,3229.804,45.7,298.9,4.2,6.53,0.09,1,1,-,1,1,-,1,2,-,1,17,-,1,22,-,1,22,-,1,38,-,1,44,-,0,,,TP,300.00,48
2025.05.20 13:10,2025.05.20 14:03,BUY,LienKe,3236.222,3229.804,64.2,283.8,22.7,4.42,0.35,1,0,2,1,5,6,1,20,-,1,24,-,1,25,-,1,39,-,1,47,-,1,48,-,0,,,TP,300.00,53
2025.05.20 12:25,2025.05.20 14:03,BUY,LienKe,3237.495,3231.380,61.1,271.0,46.9,4.43,0.77,1,0,35,1,1,35,1,4,35,1,5,35,1,8,35,1,9,35,1,92,-,1,93,-,0,,,TP,300.00,98
2025.05.20 17:16,2025.05.20 17:39,SELL,LienKe,3282.400,3286.455,40.5,19.1,29.4,0.47,0.73,1,12,13,0,,,0,,,0,,,0,,,0,,,0,,,0,,,0,,,SL,-40.55,23
2025.05.20 17:15,2025.05.20 17:39,SELL,LienKe,3281.128,3286.455,53.3,6.4,42.2,0.12,0.79,0,,,0,,,0,,,0,,,0,,,0,,,0,,,0,,,0,,,SL,-53.27,24
2025.05.21 01:05,2025.05.21 05:53,SELL,LienKe,3303.374,3317.680,143.1,177.9,130.9,1.24,0.92,1,0,1,1,0,1,1,0,1,1,9,96,1,11,96,1,15,96,1,19,96,0,,,0,,,SL,-143.06,288
2025.05.21 23:08,2025.05.21 23:34,SELL,LienKe,3320.150,3324.351,42.0,2.5,37.4,0.06,0.89,0,,,0,,,0,,,0,,,0,,,0,,,0,,,0,,,0,,,SL,-42.01,26
2025.05.21 23:05,2025.05.21 23:34,SELL,LienKe,3318.963,3324.351,53.9,6.4,49.2,0.12,0.91,0,,,0,,,0,,,0,,,0,,,0,,,0,,,0,,,0,,,SL,-53.88,29
2025.05.22 00:54,2025.05.22 01:07,SELL,Swing,3325.383,3329.302,39.2,48.7,26.6,1.24,0.68,1,3,9,1,4,9,1,5,9,0,,,0,,,0,,,0,,,0,,,0,,,SL,-39.19,13
2025.05.22 00:15,2025.05.22 01:07,SELL,Swing,3323.762,3329.302,55.4,42.1,42.8,0.76,0.77,1,0,1,1,5,29,1,7,29,0,,,0,,,0,,,0,,,0,,,0,,,SL,-55.40,52
2025.05.21 20:31,2025.05.22 02:47,BUY,LienKe,3314.647,3310.164,44.8,293.4,9.4,6.54,0.21,1,0,19,1,1,19,1,5,19,1,94,-,1,172,-,1,218,-,1,276,-,1,290,-,0,,,TP,283.95,376
2025.05.22 07:15,2025.05.22 08:25,BUY,LienKe,3325.537,3321.042,44.9,57.3,42.4,1.27,0.94,1,5,48,1,7,48,1,8,48,1,9,48,0,,,0,,,0,,,0,,,0,,,SL,-44.95,70
2025.05.22 07:10,2025.05.22 08:25,BUY,LienKe,3326.546,3321.042,55.0,47.2,52.5,0.86,0.95,1,12,25,1,13,25,1,13,25,0,,,0,,,0,,,0,,,0,,,0,,,SL,-55.04,75
2025.05.21 20:20,2025.05.22 08:30,BUY,LienKe,3316.748,3310.164,65.8,287.2,30.5,4.36,0.46,1,5,7,1,101,102,1,105,107,1,179,-,1,230,-,1,285,-,1,298,-,1,303,-,0,,,SL,-16.05,730
2025.05.22 03:20,2025.05.22 08:36,SELL,LienKe,3342.684,3348.472,57.9,299.9,7.1,5.18,0.12,1,1,3,1,9,-,1,12,-,1,31,-,1,41,-,1,147,-,1,152,-,1,296,-,0,,,TP,300.00,316
2025.05.22 08:45,2025.05.22 09:00,BUY,Swing,3313.558,3308.018,55.4,19.2,33.9,0.35,0.61,1,3,6,0,,,0,,,0,,,0,,,0,,,0,,,0,,,0,,,SL,-55.40,15
2025.05.22 08:40,2025.05.22 09:00,BUY,Swing,3315.495,3308.018,74.8,14.1,53.3,0.19,0.71,1,1,2,0,,,0,,,0,,,0,,,0,,,0,,,0,,,0,,,SL,-74.77,20
2025.05.22 09:18,2025.05.22 10:05,BUY,LienKe,3309.059,3303.845,52.1,8.1,52.1,0.16,1.00,0,,,0,,,0,,,0,,,0,,,0,,,0,,,0,,,0,,,SL,-52.14,47
2025.05.22 09:05,2025.05.22 10:05,BUY,LienKe,3313.755,3303.845,99.1,1.6,99.0,0.02,1.00,0,,,0,,,0,,,0,,,0,,,0,,,0,,,0,,,0,,,SL,-99.10,60
2025.05.22 10:16,2025.05.22 10:28,BUY,LienKe,3304.280,3298.568,57.1,0.4,39.3,0.01,0.69,0,,,0,,,0,,,0,,,0,,,0,,,0,,,0,,,0,,,SL,-57.12,12
2025.05.22 10:10,2025.05.22 10:28,BUY,LienKe,3304.881,3298.568,63.1,18.1,45.3,0.29,0.72,1,1,4,0,,,0,,,0,,,0,,,0,,,0,,,0,,,0,,,SL,-63.13,18
2025.05.22 11:05,2025.05.22 14:01,BUY,LienKe,3288.764,3279.977,87.9,270.1,86.5,3.07,0.98,1,2,2,1,6,174,1,7,174,1,9,174,1,20,174,1,33,174,1,43,174,1,49,174,0,,,SL,-87.87,176
2025.05.22 17:40,2025.05.23 00:52,BUY,LienKe,3293.962,3287.167,68.0,149.5,49.8,2.20,0.73,1,1,3,1,5,8,1,17,37,1,306,385,1,370,385,1,400,430,0,,,0,,,0,,,SL,-73.30,432
2025.05.23 00:55,2025.05.23 05:57,BUY,Swing,3295.313,3283.942,113.7,299.1,43.6,2.63,0.38,1,0,84,1,0,84,1,2,84,1,3,84,1,6,84,1,6,84,1,203,-,1,236,-,0,,,TP,300.00,302
2025.05.23 12:06,2025.05.23 12:36,SELL,LienKe,3351.583,3357.211,56.3,62.7,42.4,1.11,0.75,1,2,3,1,5,7,1,6,7,1,6,7,0,,,0,,,0,,,0,,,0,,,SL,-56.28,30
2025.05.23 12:05,2025.05.23 12:36,SELL,LienKe,3348.978,3357.211,82.3,40.1,68.4,0.49,0.83,1,0,1,1,0,1,1,0,1,0,,,0,,,0,,,0,,,0,,,0,,,SL,-82.33,31
2025.05.23 17:20,2025.05.25 22:05,BUY,LienKe,3359.564,3353.348,62.2,63.6,34.6,1.02,0.56,1,0,149,1,3,149,1,3,149,1,5,149,0,,,0,,,0,,,0,,,0,,,SL,-67.51,3165
2025.05.26 01:53,2025.05.26 02:06,SELL,LienKe,3345.969,3349.636,36.7,25.8,35.3,0.70,0.96,1,3,4,1,7,9,0,,,0,,,0,,,0,,,0,,,0,,,0,,,SL,-36.67,13
2025.05.26 01:50,2025.05.26 02:06,SELL,LienKe,3345.262,3349.636,43.7,24.7,42.4,0.56,0.97,1,0,3,1,1,3,0,,,0,,,0,,,0,,,0,,,0,,,0,,,SL,-43.74,16
2025.05.26 09:22,2025.05.26 09:25,BUY,Swing,3332.371,3328.001,43.7,5.1,20.6,0.12,0.47,0,,,0,,,0,,,0,,,0,,,0,,,0,,,0,,,0,,,SL,-43.70,3
2025.05.26 08:45,2025.05.26 09:25,BUY,LienKe,3334.465,3328.001,64.6,18.4,41.5,0.28,0.64,1,0,0,0,,,0,,,0,,,0,,,0,,,0,,,0,,,0,,,SL,-64.64,40
2025.05.26 08:45,2025.05.26 09:25,BUY,Swing,3334.465,3328.001,64.6,18.4,41.5,0.28,0.64,1,0,0,0,,,0,,,0,,,0,,,0,,,0,,,0,,,0,,,SL,-64.64,40
2025.05.26 13:07,2025.05.26 14:01,SELL,LienKe,3335.683,3339.919,42.4,42.8,40.0,1.01,0.94,1,2,10,1,2,10,1,4,10,0,,,0,,,0,,,0,,,0,,,0,,,SL,-42.36,54
2025.05.26 13:05,2025.05.26 14:01,SELL,LienKe,3334.441,3339.919,54.8,30.4,52.4,0.55,0.96,1,5,10,1,6,10,1,6,10,0,,,0,,,0,,,0,,,0,,,0,,,SL,-54.78,56
2025.05.26 08:06,2025.05.26 16:41,SELL,LienKe,3338.881,3342.651,37.7,152.4,35.0,4.04,0.93,1,0,346,1,1,346,1,5,346,1,7,346,1,76,346,1,79,346,1,80,346,0,,,0,,,SL,-37.70,515
2025.05.26 08:05,2025.05.26 16:41,SELL,LienKe,3338.200,3342.651,44.5,145.6,41.8,3.27,0.94,1,2,320,1,4,320,1,6,320,1,36,320,1,80,320,1,80,320,0,,,0,,,0,,,SL,-44.51,516
2025.05.27 00:20,2025.05.27 05:46,SELL,Swing,3346.512,3353.029,65.2,228.2,9.7,3.50,0.15,1,0,11,1,0,11,1,20,40,1,49,180,1,68,180,1,79,180,1,279,-,1,306,-,0,,,TP,300.00,326
2025.05.26 04:32,2025.05.27 05:46,SELL,LienKe,3349.870,3353.941,40.7,262.3,22.0,6.44,0.54,1,3,13,1,4,13,1,5,13,1,57,73,1,108,1182,1,114,1182,1,149,1182,1,293,1182,0,,,TP,300.00,1514
2025.05.26 04:15,2025.05.27 05:46,SELL,LienKe,3348.737,3353.941,52.0,250.9,33.3,4.82,0.64,1,1,1,1,22,27,1,74,89,1,122,1098,1,131,1098,1,158,1098,1,181,1098,1,310,1098,0,,,TP,300.00,1531
2025.05.27 07:29,2025.05.27 07:51,BUY,LienKe,3305.044,3299.213,58.3,63.3,26.7,1.08,0.46,1,2,21,1,2,21,1,3,21,1,15,21,0,,,0,,,0,,,0,,,0,,,SL,-58.31,22
2025.05.27 07:10,2025.05.27 07:51,BUY,LienKe,3307.140,3299.213,79.3,53.7,47.7,0.68,0.60,1,0,5,1,1,5,1,1,5,1,2,5,0,,,0,,,0,,,0,,,0,,,SL,-79.27,41
2025.05.27 10:33,2025.05.27 14:00,BUY,LienKe,3292.921,3287.608,53.1,120.1,52.7,2.26,0.99,1,1,2,1,1,2,1,6,23,1,31,42,1,179,203,1,181,203,0,,,0,,,0,,,SL,-53.13,207
2025.05.27 10:33,2025.05.27 14:00,BUY,Swing,3292.921,3287.608,53.1,120.1,52.7,2.26,0.99,1,1,2,1,1,2,1,6,23,1,31,42,1,179,203,1,181,203,0,,,0,,,0,,,SL,-53.13,207
2025.05.27 10:20,2025.05.27 14:00,BUY,LienKe,3295.353,3287.608,77.4,95.7,77.0,1.24,0.99,1,0,6,1,2,6,1,2,6,1,192,216,1,194,216,0,,,0,,,0,,,0,,,SL,-77.45,220
2025.05.27 10:20,2025.05.27 14:00,BUY,Swing,3295.353,3287.608,77.4,95.7,77.0,1.24,0.99,1,0,6,1,2,6,1,2,6,1,192,216,1,194,216,0,,,0,,,0,,,0,,,SL,-77.45,220
2025.05.27 20:50,2025.05.27 20:55,BUY,LienKe,3303.164,3299.773,33.9,0.0,30.9,0.00,0.91,0,,,0,,,0,,,0,,,0,,,0,,,0,,,0,,,0,,,SL,-33.91,5
2025.05.27 20:15,2025.05.27 20:55,BUY,LienKe,3303.789,3299.773,40.2,12.8,37.1,0.32,0.92,1,6,14,0,,,0,,,0,,,0,,,0,,,0,,,0,,,0,,,SL,-40.16,40
2025.05.28 07:06,2025.05.28 07:33,SELL,LienKe,3309.441,3313.567,41.3,3.7,40.9,0.09,0.99,0,,,0,,,0,,,0,,,0,,,0,,,0,,,0,,,0,,,SL,-41.26,27
2025.05.28 07:06,2025.05.28 07:33,SELL,Swing,3309.441,3313.567,41.3,3.7,40.9,0.09,0.99,0,,,0,,,0,,,0,,,0,,,0,,,0,,,0,,,0,,,SL,-41.26,27
2025.05.28 07:05,2025.05.28 07:33,SELL,LienKe,3307.623,3313.567,59.4,0.0,59.0,0.00,0.99,0,,,0,,,0,,,0,,,0,,,0,,,0,,,0,,,0,,,SL,-59.44,28
2025.05.28 07:05,2025.05.28 07:33,SELL,Swing,3307.623,3313.567,59.4,0.0,59.0,0.00,0.99,0,,,0,,,0,,,0,,,0,,,0,,,0,,,0,,,0,,,SL,-59.44,28
2025.05.28 02:27,2025.05.28 07:43,SELL,LienKe,3308.863,3316.697,78.3,170.6,66.0,2.18,0.84,1,14,179,1,16,179,1,17,179,1,21,179,1,51,179,1,52,179,1,56,179,0,,,0,,,SL,-78.34,316
2025.05.28 12:26,2025.05.28 13:40,BUY,LienKe,3307.314,3302.319,49.9,91.2,38.7,1.83,0.77,1,1,45,1,1,45,1,2,45,1,4,45,1,36,45,0,,,0,,,0,,,0,,,SL,-49.95,74
2025.05.28 12:15,2025.05.28 13:40,BUY,LienKe,3309.504,3302.319,71.8,69.3,60.6,0.97,0.84,1,0,6,1,0,6,1,16,51,1,18,51,0,,,0,,,0,,,0,,,0,,,SL,-71.85,85
2025.05.28 15:28,2025.05.28 16:37,BUY,Swing,3296.467,3292.209,42.6,27.2,39.6,0.64,0.93,1,8,9,1,48,63,0,,,0,,,0,,,0,,,0,,,0,,,0,,,SL,-42.58,69
2025.05.28 15:10,2025.05.28 16:37,BUY,Swing,3298.301,3292.209,60.9,25.7,57.9,0.42,0.95,1,0,6,1,11,16,0,,,0,,,0,,,0,,,0,,,0,,,0,,,SL,-60.92,87
2025.05.28 18:06,2025.05.28 18:24,SELL,LienKe,3298.245,3302.322,40.8,0.0,34.2,0.00,0.84,0,,,0,,,0,,,0,,,0,,,0,,,0,,,0,,,0,,,SL,-40.77,18
2025.05.28 18:05,2025.05.28 18:24,SELL,LienKe,3297.069,3302.322,52.5,0.0,46.0,0.00,0.87,0,,,0,,,0,,,0,,,0,,,0,,,0,,,0,,,0,,,SL,-52.53,19
2025.05.28 16:42,2025.05.28 20:51,BUY,LienKe,3292.363,3287.746,46.2,107.0,40.9,2.32,0.89,1,17,26,1,31,247,1,31,247,1,33,247,1,85,247,1,103,247,0,,,0,,,0,,,SL,-46.17,249
2025.05.28 16:40,2025.05.28 20:51,BUY,LienKe,3294.214,3287.746,64.7,88.5,59.4,1.37,0.92,1,33,169,1,35,169,1,35,169,1,82,169,1,105,169,0,,,0,,,0,,,0,,,SL,-64.68,251
2025.05.29 01:14,2025.05.29 01:18,BUY,LienKe,3252.308,3246.259,60.5,8.3,56.6,0.14,0.93,0,,,0,,,0,,,0,,,0,,,0,,,0,,,0,,,0,,,SL,-60.49,4
2025.05.29 01:14,2025.05.29 01:18,BUY,Swing,3252.308,3246.259,60.5,8.3,56.6,0.14,0.93,0,,,0,,,0,,,0,,,0,,,0,,,0,,,0,,,0,,,SL,-60.49,4
2025.05.29 01:10,2025.05.29 01:18,BUY,LienKe,3255.615,3246.259,93.6,4.6,89.6,0.05,0.96,0,,,0,,,0,,,0,,,0,,,0,,,0,,,0,,,0,,,SL,-93.56,8
2025.05.29 01:10,2025.05.29 01:18,BUY,Swing,3255.615,3246.259,93.6,4.6,89.6,0.05,0.96,0,,,0,,,0,,,0,,,0,,,0,,,0,,,0,,,0,,,SL,-93.56,8
2025.05.29 07:22,2025.05.29 07:57,SELL,Swing,3280.776,3285.825,50.5,40.3,48.0,0.80,0.95,1,0,2,1,0,2,1,12,25,0,,,0,,,0,,,0,,,0,,,0,,,SL,-50.49,35
2025.05.29 07:20,2025.05.29 07:57,SELL,Swing,3278.694,3285.825,71.3,19.5,68.8,0.27,0.96,1,14,17,0,,,0,,,0,,,0,,,0,,,0,,,0,,,0,,,SL,-71.31,37
2025.05.29 23:17,2025.05.30 00:37,BUY,LienKe,3314.111,3310.531,35.8,47.6,27.1,1.33,0.76,1,6,23,1,11,23,1,11,23,0,,,0,,,0,,,0,,,0,,,0,,,SL,-41.15,80
2025.05.29 23:15,2025.05.30 00:37,BUY,LienKe,3314.895,3310.531,43.6,39.8,35.0,0.91,0.80,1,12,15,1,13,15,1,47,56,0,,,0,,,0,,,0,,,0,,,0,,,SL,-48.99,82
2025.05.30 02:21,2025.05.30 02:28,BUY,Swing,3304.034,3299.513,45.2,0.0,40.8,0.00,0.90,0,,,0,,,0,,,0,,,0,,,0,,,0,,,0,,,0,,,SL,-45.21,7
2025.05.30 02:20,2025.05.30 02:28,BUY,Swing,3305.803,3299.513,62.9,0.0,58.5,0.00,0.93,0,,,0,,,0,,,0,,,0,,,0,,,0,,,0,,,0,,,SL,-62.90,8
2025.05.30 01:25,2025.05.30 07:13,SELL,Swing,3317.874,3325.742,78.7,275.3,3.6,3.50,0.05,1,0,1,1,2,-,1,6,-,1,7,-,1,21,-,1,39,-,1,48,-,1,84,-,0,,,TP,300.00,348
2025.05.30 07:15,2025.05.30 12:10,BUY,LienKe,3292.313,3284.370,79.4,83.6,39.3,1.05,0.50,1,1,57,1,4,57,1,5,57,1,12,57,1,172,244,0,,,0,,,0,,,0,,,SL,-79.43,295
2025.05.30 07:15,2025.05.30 12:10,BUY,Swing,3292.313,3284.370,79.4,83.6,39.3,1.05,0.50,1,1,57,1,4,57,1,5,57,1,12,57,1,172,244,0,,,0,,,0,,,0,,,SL,-79.43,295
2025.05.30 14:40,2025.06.01 22:05,BUY,LienKe,3274.133,3268.526,56.1,289.8,7.9,5.17,0.14,1,1,2,1,1,2,1,4,-,1,5,-,1,17,-,1,31,-,1,52,-,1,135,-,0,,,TP,294.65,3325
2025.05.30 14:05,2025.06.01 22:07,BUY,LienKe,3277.236,3268.526,87.1,293.7,39.0,3.37,0.45,1,0,34,1,0,34,1,1,34,1,3,34,1,5,34,1,17,34,1,96,-,1,3360,-,0,,,TP,294.65,3362
2025.06.02 05:02,2025.06.02 05:41,SELL,Swing,3316.616,3321.296,46.8,15.6,34.7,0.33,0.74,1,3,5,0,,,0,,,0,,,0,,,0,,,0,,,0,,,0,,,SL,-46.80,39
2025.06.02 05:00,2025.06.02 05:41,SELL,Swing,3313.883,3321.296,74.1,0.0,62.0,0.00,0.84,0,,,0,,,0,,,0,,,0,,,0,,,0,,,0,,,0,,,SL,-74.13,41
2025.06.02 02:00,2025.06.02 06:19,BUY,LienKe,3303.721,3298.409,53.1,283.9,4.5,5.35,0.09,1,0,95,1,1,95,1,5,95,1,7,95,1,132,-,1,143,-,1,194,-,1,225,-,0,,,TP,300.00,259
2025.06.02 14:14,2025.06.02 16:06,SELL,LienKe,3374.185,3379.352,51.7,42.3,50.4,0.82,0.98,1,2,3,1,12,13,1,72,86,0,,,0,,,0,,,0,,,0,,,0,,,SL,-51.67,112
2025.06.02 14:05,2025.06.02 16:06,SELL,LienKe,3372.043,3379.352,73.1,42.6,71.8,0.58,0.98,1,2,5,1,3,5,1,6,6,0,,,0,,,0,,,0,,,0,,,0,,,SL,-73.09,121
2025.06.03 00:12,2025.06.03 00:18,BUY,LienKe,3382.230,3378.171,40.6,0.0,26.1,0.00,0.64,0,,,0,,,0,,,0,,,0,,,0,,,0,,,0,,,0,,,SL,-40.59,6
2025.06.03 00:10,2025.06.03 00:18,BUY,LienKe,3383.329,3378.171,51.6,6.2,37.1,0.12,0.72,0,,,0,,,0,,,0,,,0,,,0,,,0,,,0,,,0,,,SL,-51.58,8
2025.06.03 12:11,2025.06.03 13:46,BUY,LienKe,3352.383,3347.040,53.4,107.4,37.5,2.01,0.70,1,1,4,1,2,4,1,14,80,1,27,80,1,30,80,1,31,80,0,,,0,,,0,,,SL,-53.43,95
2025.06.03 12:11,2025.06.03 13:46,BUY,Swing,3352.383,3347.040,53.4,107.4,37.5,2.01,0.70,1,1,4,1,2,4,1,14,80,1,27,80,1,30,80,1,31,80,0,,,0,,,0,,,SL,-53.43,95
2025.06.03 12:10,2025.06.03 13:46,BUY,LienKe,3354.865,3347.040,78.2,82.6,62.3,1.06,0.80,1,20,21,1,27,80,1,29,80,1,30,80,1,33,80,0,,,0,,,0,,,0,,,SL,-78.25,96
2025.06.03 12:10,2025.06.03 13:46,BUY,Swing,3354.865,3347.040,78.2,82.6,62.3,1.06,0.80,1,20,21,1,27,80,1,29,80,1,30,80,1,33,80,0,,,0,,,0,,,0,,,SL,-78.25,96
2025.06.04 04:18,2025.06.04 04:45,BUY,LienKe,3358.029,3353.822,42.1,34.9,35.5,0.83,0.84,1,4,22,1,6,22,1,7,22,0,,,0,,,0,,,0,,,0,,,0,,,SL,-42.07,27
2025.06.04 04:05,2025.06.04 04:45,BUY,LienKe,3359.896,3353.822,60.7,16.2,54.2,0.27,0.89,1,6,7,0,,,0,,,0,,,0,,,0,,,0,,,0,,,0,,,SL,-60.74,40
2025.06.04 06:40,2025.06.04 07:06,SELL,LienKe,3356.510,3360.515,40.0,18.3,39.4,0.46,0.98,1,15,20,0,,,0,,,0,,,0,,,0,,,0,,,0,,,0,,,SL,-40.05,26
2025.06.04 06:40,2025.06.04 07:06,SELL,LienKe,3356.379,3360.515,41.4,17.0,40.8,0.41,0.99,1,16,20,0,,,0,,,0,,,0,,,0,,,0,,,0,,,0,,,SL,-41.36,26
2025.06.04 08:10,2025.06.04 10:51,BUY,LienKe,3355.525,3348.703,68.2,94.5,57.6,1.38,0.84,1,1,4,1,30,152,1,32,152,1,35,152,1,45,152,0,,,0,,,0,,,0,,,SL,-68.22,161
2025.06.04 13:11,2025.06.04 14:09,SELL,LienKe,3361.721,3365.827,41.1,107.2,39.0,2.61,0.95,1,2,56,1,2,56,1,3,56,1,11,56,1,22,56,1,31,56,0,,,0,,,0,,,SL,-41.06,57
2025.06.04 13:10,2025.06.04 14:09,SELL,LienKe,3360.585,3365.827,52.4,95.8,50.4,1.83,0.96,1,0,1,1,5,57,1,5,57,1,12,57,1,24,57,0,,,0,,,0,,,0,,,SL,-52.42,59
2025.06.04 09:26,2025.06.04 14:14,SELL,LienKe,3364.050,3367.348,33.0,201.7,25.0,6.12,0.76,1,4,7,1,12,30,1,14,30,1,46,281,1,75,281,1,79,281,1,85,281,1,121,281,0,,,SL,-32.98,288
2025.06.04 09:20,2025.06.04 14:14,SELL,LienKe,3361.546,3367.348,58.0,176.7,50.1,3.04,0.86,1,20,24,1,28,32,1,65,226,1,80,226,1,86,226,1,86,226,1,127,226,0,,,0,,,SL,-58.02,294
2025.06.04 22:35,2025.06.04 23:26,SELL,LienKe,3373.022,3379.038,60.2,5.5,58.6,0.09,0.97,0,,,0,,,0,,,0,,,0,,,0,,,0,,,0,,,0,,,SL,-60.16,51
2025.06.05 01:47,2025.06.05 02:18,BUY,LienKe,3373.035,3369.001,40.3,21.3,36.5,0.53,0.91,1,10,11,1,19,21,0,,,0,,,0,,,0,,,0,,,0,,,0,,,SL,-40.34,31
2025.06.05 01:45,2025.06.05 02:18,BUY,LienKe,3373.998,3369.001,50.0,20.4,46.2,0.41,0.92,1,0,1,1,0,1,0,,,0,,,0,,,0,,,0,,,0,,,0,,,SL,-49.97,33
2025.06.05 09:11,2025.06.05 09:20,SELL,LienKe,3376.774,3381.075,43.0,0.0,32.2,0.00,0.75,0,,,0,,,0,,,0,,,0,,,0,,,0,,,0,,,0,,,SL,-43.01,9
2025.06.05 09:11,2025.06.05 09:20,SELL,Swing,3376.774,3381.075,43.0,0.0,32.2,0.00,0.75,0,,,0,,,0,,,0,,,0,,,0,,,0,,,0,,,0,,,SL,-43.01,9
2025.06.05 09:05,2025.06.05 09:20,SELL,LienKe,3375.577,3381.075,55.0,14.0,44.2,0.25,0.80,1,0,1,0,,,0,,,0,,,0,,,0,,,0,,,0,,,0,,,SL,-54.98,15
2025.06.05 09:05,2025.06.05 09:20,SELL,Swing,3375.577,3381.075,55.0,14.0,44.2,0.25,0.80,1,0,1,0,,,0,,,0,,,0,,,0,,,0,,,0,,,0,,,SL,-54.98,15
2025.06.04 18:11,2025.06.05 09:25,SELL,LienKe,3381.357,3385.217,38.6,200.2,34.3,5.19,0.89,1,12,17,1,26,371,1,30,371,1,32,371,1,66,371,1,110,371,1,605,909,1,703,909,0,,,SL,-38.60,914
2025.06.04 18:10,2025.06.05 09:25,SELL,LienKe,3380.479,3385.217,47.4,191.4,43.0,4.04,0.91,1,27,370,1,31,370,1,32,370,1,38,370,1,70,370,1,484,910,1,606,910,0,,,0,,,SL,-47.38,915
2025.06.05 04:33,2025.06.05 10:30,BUY,Swing,3366.252,3360.916,53.4,297.3,50.7,5.57,0.95,1,1,51,1,5,51,1,30,51,1,156,-,1,168,-,1,260,-,1,287,-,1,295,-,0,,,TP,300.00,356
2025.06.05 04:20,2025.06.05 10:45,BUY,Swing,3368.714,3360.916,78.0,299.7,75.3,3.84,0.97,1,1,4,1,168,-,1,170,-,1,177,-,1,276,-,1,294,-,1,303,-,1,310,-,0,,,TP,300.00,385
2025.06.05 12:39,2025.06.05 12:49,BUY,LienKe,3391.799,3386.531,52.7,37.6,14.1,0.71,0.27,1,0,1,1,1,8,1,4,8,0,,,0,,,0,,,0,,,0,,,0,,,SL,-52.68,10
2025.06.05 12:25,2025.06.05 12:49,BUY,LienKe,3394.275,3386.531,77.4,59.2,38.8,0.76,0.50,1,5,11,1,5,11,1,5,11,1,6,11,0,,,0,,,0,,,0,,,0,,,SL,-77.44,24
2025.06.05 14:42,2025.06.05 14:58,BUY,LienKe,3371.035,3364.589,64.5,60.9,63.9,0.94,0.99,1,0,4,1,0,4,1,0,4,1,1,4,0,,,0,,,0,,,0,,,0,,,SL,-64.46,16
2025.06.05 14:10,2025.06.05 14:58,BUY,LienKe,3376.477,3364.589,118.9,67.8,118.3,0.57,1.00,1,0,0,1,7,12,1,7,12,1,23,31,0,,,0,,,0,,,0,,,0,,,SL,-118.88,48
2025.06.05 15:29,2025.06.05 15:32,BUY,LienKe,3362.727,3357.639,50.9,3.7,43.5,0.07,0.85,0,,,0,,,0,,,0,,,0,,,0,,,0,,,0,,,0,,,SL,-50.88,3
2025.06.05 15:29,2025.06.05 15:32,BUY,Swing,3362.727,3357.639,50.9,3.7,43.5,0.07,0.85,0,,,0,,,0,,,0,,,0,,,0,,,0,,,0,,,0,,,SL,-50.88,3
2025.06.05 15:25,2025.06.05 15:32,BUY,LienKe,3364.162,3357.639,65.2,32.9,57.8,0.50,0.89,1,0,3,1,0,3,1,1,3,0,,,0,,,0,,,0,,,0,,,0,,,SL,-65.23,7
2025.06.05 15:25,2025.06.05 15:32,BUY,Swing,3364.162,3357.639,65.2,32.9,57.8,0.50,0.89,1,0,3,1,0,3,1,1,3,0,,,0,,,0,,,0,,,0,,,0,,,SL,-65.23,7
2025.06.06 06:23,2025.06.06 06:44,BUY,LienKe,3362.150,3358.470,36.8,48.2,27.7,1.31,0.75,1,1,10,1,1,10,1,3,10,0,,,0,,,0,,,0,,,0,,,0,,,SL,-36.80,21
2025.06.06 06:15,2025.06.06 06:44,BUY,LienKe,3363.027,3358.470,45.6,39.4,36.4,0.86,0.80,1,0,8,1,2,8,1,12,17,0,,,0,,,0,,,0,,,0,,,0,,,SL,-45.57,29
2025.06.06 01:05,2025.06.06 07:51,BUY,LienKe,3359.645,3353.133,65.1,160.4,63.5,2.46,0.98,1,1,125,1,4,125,1,9,125,1,19,125,1,20,125,1,156,338,1,238,338,0,,,0,,,SL,-65.12,406
2025.06.09 04:18,2025.06.09 05:44,SELL,LienKe,3311.755,3315.149,33.9,20.1,27.5,0.59,0.81,1,16,20,1,46,54,0,,,0,,,0,,,0,,,0,,,0,,,0,,,SL,-33.94,86
2025.06.09 04:10,2025.06.09 05:44,SELL,LienKe,3311.403,3315.149,37.5,16.5,31.0,0.44,0.83,1,1,2,0,,,0,,,0,,,0,,,0,,,0,,,0,,,0,,,SL,-37.46,94
2025.06.09 08:57,2025.06.09 09:24,BUY,LienKe,3321.366,3317.750,36.2,21.1,34.3,0.58,0.95,1,7,22,1,15,22,0,,,0,,,0,,,0,,,0,,,0,,,0,,,SL,-36.16,27
2025.06.09 08:55,2025.06.09 09:24,BUY,LienKe,3322.126,3317.750,43.8,13.5,41.9,0.31,0.96,1,9,10,0,,,0,,,0,,,0,,,0,,,0,,,0,,,0,,,SL,-43.76,29
2025.06.10 03:31,2025.06.10 05:24,SELL,LienKe,3309.256,3313.430,41.7,63.1,39.3,1.51,0.94,1,12,26,1,23,26,1,39,92,1,58,92,0,,,0,,,0,,,0,,,0,,,SL,-41.74,113
2025.06.10 03:10,2025.06.10 05:24,SELL,LienKe,3308.108,3313.430,53.2,51.6,50.8,0.97,0.95,1,0,16,1,1,16,1,78,105,1,79,105,0,,,0,,,0,,,0,,,0,,,SL,-53.22,134
2025.06.10 23:56,2025.06.11 00:16,SELL,LienKe,3327.242,3331.006,37.6,20.7,32.6,0.55,0.87,1,8,9,1,8,9,0,,,0,,,0,,,0,,,0,,,0,,,0,,,SL,-37.64,20
2025.06.10 23:55,2025.06.11 00:16,SELL,LienKe,3326.468,3331.006,45.4,13.0,40.3,0.29,0.89,1,9,10,0,,,0,,,0,,,0,,,0,,,0,,,0,,,0,,,SL,-45.38,21
2025.06.11 07:30,2025.06.11 07:50,SELL,LienKe,3339.893,3343.581,36.9,36.1,26.0,0.98,0.70,1,5,14,1,7,14,1,7,14,0,,,0,,,0,,,0,,,0,,,0,,,SL,-36.88,20
2025.06.11 07:25,2025.06.11 07:50,SELL,LienKe,3339.284,3343.581,43.0,30.0,32.0,0.70,0.75,1,0,1,1,12,17,0,,,0,,,0,,,0,,,0,,,0,,,0,,,SL,-42.97,25
2025.06.11 09:59,2025.06.11 11:02,BUY,Swing,3332.563,3328.238,43.3,42.3,41.1,0.98,0.95,1,0,29,1,0,29,1,4,29,0,,,0,,,0,,,0,,,0,,,0,,,SL,-43.25,63
2025.06.11 09:55,2025.06.11 11:02,BUY,Swing,3334.033,3328.238,58.0,27.6,55.8,0.48,0.96,1,7,15,1,8,15,0,,,0,,,0,,,0,,,0,,,0,,,0,,,SL,-57.95,67
2025.06.11 10:44,2025.06.11 11:04,BUY,LienKe,3331.245,3327.492,37.5,18.7,30.7,0.50,0.82,1,1,5,0,,,0,,,0,,,0,,,0,,,0,,,0,,,0,,,SL,-37.53,20
2025.06.11 10:40,2025.06.11 11:04,BUY,LienKe,3333.134,3327.492,56.4,5.3,49.5,0.09,0.88,0,,,0,,,0,,,0,,,0,,,0,,,0,,,0,,,0,,,SL,-56.42,24
2025.06.10 23:25,2025.06.11 12:30,BUY,LienKe,3320.920,3312.517,84.0,276.1,18.6,3.29,0.22,1,2,7,1,4,7,1,11,-,1,14,-,1,45,-,1,51,-,1,113,-,1,247,-,0,,,TP,294.65,785
2025.06.10 23:25,2025.06.11 12:30,BUY,Swing,3320.920,3312.517,84.0,276.1,18.6,3.29,0.22,1,2,7,1,4,7,1,11,-,1,14,-,1,45,-,1,51,-,1,113,-,1,247,-,0,,,TP,294.65,785
2025.06.11 17:20,2025.06.11 17:28,BUY,Swing,3325.877,3321.671,42.1,10.9,36.4,0.26,0.87,1,3,4,0,,,0,,,0,,,0,,,0,,,0,,,0,,,0,,,SL,-42.06,8
2025.06.11 17:15,2025.06.11 17:28,BUY,Swing,3327.218,3321.671,55.5,12.3,49.8,0.22,0.90,1,2,4,0,,,0,,,0,,,0,,,0,,,0,,,0,,,0,,,SL,-55.47,13
2025.06.11 18:25,2025.06.11 19:33,SELL,Swing,3342.631,3348.034,54.0,39.9,48.7,0.74,0.90,1,6,10,1,6,10,1,6,10,0,,,0,,,0,,,0,,,0,,,0,,,SL,-54.03,68
2025.06.11 18:25,2025.06.11 19:33,SELL,Swing,3341.838,3348.034,62.0,32.0,56.6,0.52,0.91,1,6,7,1,6,7,1,6,7,0,,,0,,,0,,,0,,,0,,,0,,,SL,-61.96,68
2025.06.12 05:05,2025.06.12 07:32,BUY,LienKe,3370.404,3364.772,56.3,53.8,51.5,0.96,0.91,1,3,70,1,12,70,1,13,70,1,29,70,0,,,0,,,0,,,0,,,0,,,SL,-56.32,147
2025.06.12 02:38,2025.06.12 07:42,SELL,LienKe,3376.093,3380.251,41.6,273.6,18.7,6.58,0.45,1,12,18,1,13,18,1,72,-,1,89,-,1,142,-,1,220,-,1,297,-,1,299,-,0,,,TP,300.00,304
2025.06.12 02:35,2025.06.12 07:42,SELL,LienKe,3374.909,3380.251,53.4,261.7,30.5,4.90,0.57,1,1,2,1,75,169,1,80,169,1,98,169,1,222,257,1,297,-,1,300,-,1,302,-,0,,,TP,300.00,307
2025.06.12 18:46,2025.06.12 19:43,SELL,LienKe,3384.688,3388.190,35.0,10.4,34.5,0.30,0.99,1,7,8,0,,,0,,,0,,,0,,,0,,,0,,,0,,,0,,,SL,-35.02,57
2025.06.12 18:40,2025.06.12 19:43,SELL,LienKe,3383.801,3388.190,43.9,9.4,43.4,0.21,0.99,0,,,0,,,0,,,0,,,0,,,0,,,0,,,0,,,0,,,SL,-43.89,63
2025.06.13 05:23,2025.06.13 05:26,BUY,LienKe,3423.795,3419.504,42.9,0.0,40.4,0.00,0.94,0,,,0,,,0,,,0,,,0,,,0,,,0,,,0,,,0,,,SL,-42.91,3
2025.06.13 05:05,2025.06.13 05:26,BUY,LienKe,3425.322,3419.504,58.2,35.1,55.7,0.60,0.96,1,1,9,1,1,9,1,2,9,0,,,0,,,0,,,0,,,0,,,0,,,SL,-58.18,21
2025.06.13 03:05,2025.06.13 06:48,SELL,LienKe,3441.220,3447.400,61.8,289.3,17.7,4.68,0.29,1,1,-,1,1,-,1,2,-,1,3,-,1,9,-,1,9,-,1,12,-,1,139,-,0,,,TP,300.00,223
2025.06.13 15:12,2025.06.13 16:11,BUY,LienKe,3425.207,3419.766,54.4,43.8,49.0,0.80,0.90,1,0,1,1,6,18,1,6,18,0,,,0,,,0,,,0,,,0,,,0,,,SL,-54.41,59
2025.06.13 15:10,2025.06.13 16:11,BUY,LienKe,3427.849,3419.766,80.8,17.4,75.4,0.21,0.93,1,9,10,0,,,0,,,0,,,0,,,0,,,0,,,0,,,0,,,SL,-80.83,61
2025.06.16 03:15,2025.06.16 03:44,BUY,LienKe,3436.955,3432.542,44.1,7.8,41.5,0.18,0.94,0,,,0,,,0,,,0,,,0,,,0,,,0,,,0,,,0,,,SL,-44.13,29
2025.06.16 03:05,2025.06.16 03:44,BUY,LienKe,3438.474,3432.542,59.3,11.8,56.7,0.20,0.96,1,0,1,0,,,0,,,0,,,0,,,0,,,0,,,0,,,0,,,SL,-59.32,39
2025.06.16 01:27,2025.06.16 03:56,BUY,LienKe,3434.672,3430.208,44.6,117.3,44.2,2.63,0.99,1,1,111,1,3,111,1,3,111,1,18,111,1,34,111,1,40,111,0,,,0,,,0,,,SL,-44.64,149
2025.06.16 01:10,2025.06.16 03:56,BUY,LienKe,3439.340,3430.208,91.3,70.6,90.9,0.77,1.00,1,3,5,1,4,5,1,7,8,1,52,102,0,,,0,,,0,,,0,,,0,,,SL,-91.32,166
2025.06.16 00:30,2025.06.16 05:42,SELL,LienKe,3448.869,3454.224,53.6,292.1,12.7,5.45,0.24,1,1,-,1,2,-,1,3,-,1,8,-,1,15,-,1,18,-,1,30,-,1,256,-,0,,,TP,300.00,312
2025.06.16 10:21,2025.06.16 13:16,BUY,LienKe,3412.947,3408.364,45.8,97.5,23.4,2.13,0.51,1,3,4,1,11,86,1,13,86,1,18,86,1,38,86,0,,,0,,,0,,,0,,,SL,-45.83,175
2025.06.16 10:20,2025.06.16 13:16,BUY,LienKe,3413.491,3408.364,51.3,92.1,28.8,1.80,0.56,1,10,86,1,12,86,1,15,86,1,22,86,1,40,86,0,,,0,,,0,,,0,,,SL,-51.27,176
2025.06.16 13:39,2025.06.16 13:54,BUY,LienKe,3410.263,3402.914,73.5,22.9,72.9,0.31,0.99,1,0,1,1,1,1,0,,,0,,,0,,,0,,,0,,,0,,,0,,,SL,-73.49,15
2025.06.16 13:39,2025.06.16 13:54,BUY,Swing,3410.263,3402.914,73.5,22.9,72.9,0.31,0.99,1,0,1,1,1,1,0,,,0,,,0,,,0,,,0,,,0,,,0,,,SL,-73.49,15
2025.06.16 13:20,2025.06.16 13:54,BUY,Swing,3416.017,3402.914,131.0,14.2,130.4,0.11,1.00,1,14,14,0,,,0,,,0,,,0,,,0,,,0,,,0,,,0,,,SL,-131.03,34
2025.06.16 11:20,2025.06.16 13:54,SELL,LienKe,3420.464,3425.151,46.9,173.3,23.9,3.70,0.51,1,10,-,1,10,-,1,12,-,1,24,-,1,28,-,1,116,-,1,142,-,0,,,0,,,TP,300.00,154
2025.06.16 11:10,2025.06.16 13:55,SELL,LienKe,3418.974,3425.151,61.8,295.0,38.8,4.78,0.63,1,21,25,1,22,25,1,33,-,1,36,-,1,126,-,1,126,-,1,152,-,1,164,-,0,,,TP,300.00,165
2025.06.16 13:10,2025.06.16 13:56,SELL,LienKe,3415.167,3421.128,59.6,277.3,24.3,4.65,0.41,1,0,1,1,5,9,1,6,9,1,6,9,1,6,9,1,32,-,1,44,-,1,44,-,0,,,TP,300.00,46
2025.06.17 01:00,2025.06.17 02:59,BUY,LienKe,3394.379,3388.455,59.2,80.9,42.8,1.37,0.72,1,0,51,1,0,51,1,3,51,1,5,51,1,12,51,0,,,0,,,0,,,0,,,SL,-59.24,119
2025.06.17 02:55,2025.06.17 03:05,BUY,LienKe,3392.240,3387.118,51.2,27.8,39.3,0.54,0.77,1,0,3,1,0,3,0,,,0,,,0,,,0,,,0,,,0,,,0,,,SL,-51.22,10
2025.06.17 02:55,2025.06.17 03:05,BUY,Swing,3392.240,3387.118,51.2,27.8,39.3,0.54,0.77,1,0,3,1,0,3,0,,,0,,,0,,,0,,,0,,,0,,,0,,,SL,-51.22,10
2025.06.17 02:10,2025.06.17 03:05,BUY,LienKe,3395.228,3387.118,81.1,52.2,69.2,0.64,0.85,1,3,4,1,4,4,1,21,43,1,34,43,0,,,0,,,0,,,0,,,0,,,SL,-81.10,55
2025.06.17 02:10,2025.06.17 03:05,BUY,Swing,3395.228,3387.118,81.1,52.2,69.2,0.64,0.85,1,3,4,1,4,4,1,21,43,1,34,43,0,,,0,,,0,,,0,,,0,,,SL,-81.10,55
2025.06.17 14:14,2025.06.17 14:27,BUY,LienKe,3386.326,3381.501,48.2,15.8,46.6,0.33,0.96,1,5,8,0,,,0,,,0,,,0,,,0,,,0,,,0,,,0,,,SL,-48.25,12
2025.06.17 14:10,2025.06.17 14:27,BUY,LienKe,3389.078,3381.501,75.8,16.2,74.1,0.21,0.98,1,0,1,0,,,0,,,0,,,0,,,0,,,0,,,0,,,0,,,SL,-75.77,17
2025.06.17 18:36,2025.06.17 22:03,SELL,LienKe,3390.596,3395.499,49.0,81.4,30.4,1.66,0.62,1,7,205,1,9,205,1,13,205,1,14,205,1,23,205,0,,,0,,,0,,,0,,,SL,-49.03,207
2025.06.17 18:30,2025.06.17 22:03,SELL,LienKe,3389.112,3395.499,63.9,66.6,45.3,1.04,0.71,1,19,137,1,19,137,1,19,137,1,25,137,0,,,0,,,0,,,0,,,0,,,SL,-63.87,213
2025.06.17 23:34,2025.06.17 23:41,BUY,LienKe,3388.878,3385.599,32.8,4.7,7.6,0.14,0.23,0,,,0,,,0,,,0,,,0,,,0,,,0,,,0,,,0,,,SL,-32.79,7
2025.06.17 23:15,2025.06.17 23:41,BUY,LienKe,3390.013,3385.599,44.1,2.4,18.9,0.05,0.43,0,,,0,,,0,,,0,,,0,,,0,,,0,,,0,,,0,,,SL,-44.14,26
2025.06.18 04:35,2025.06.18 04:46,SELL,Swing,3395.857,3399.685,38.3,0.0,34.7,0.00,0.91,0,,,0,,,0,,,0,,,0,,,0,,,0,,,0,,,0,,,SL,-38.28,10
2025.06.18 04:35,2025.06.18 04:46,SELL,Swing,3394.918,3399.685,47.7,2.4,44.0,0.05,0.92,0,,,0,,,0,,,0,,,0,,,0,,,0,,,0,,,0,,,SL,-47.67,11
2025.06.18 10:00,2025.06.18 19:13,BUY,Swing,3378.234,3372.433,58.0,186.2,50.3,3.21,0.87,1,3,5,1,34,44,1,35,44,1,80,260,1,92,260,1,154,260,1,206,260,0,,,0,,,SL,-58.01,553
2025.06.18 16:05,2025.06.18 20:13,SELL,LienKe,3392.880,3397.683,48.0,298.5,31.1,6.22,0.65,1,3,25,1,3,25,1,59,115,1,90,115,1,113,115,1,163,-,1,175,-,1,188,-,0,,,TP,300.00,248
2025.06.19 02:10,2025.06.19 03:26,BUY,LienKe,3377.612,3370.998,66.1,18.7,65.5,0.28,0.99,1,1,5,0,,,0,,,0,,,0,,,0,,,0,,,0,,,0,,,SL,-66.14,76
2025.06.19 05:43,2025.06.19 05:45,BUY,LienKe,3371.265,3367.153,41.1,0.0,27.8,0.00,0.68,0,,,0,,,0,,,0,,,0,,,0,,,0,,,0,,,0,,,SL,-41.12,2
2025.06.19 05:15,2025.06.19 05:45,BUY,LienKe,3372.995,3367.153,58.4,17.9,45.1,0.31,0.77,1,2,7,0,,,0,,,0,,,0,,,0,,,0,,,0,,,0,,,SL,-58.42,30
2025.06.18 18:06,2025.06.19 05:54,SELL,LienKe,3390.567,3396.744,61.8,298.5,54.2,4.83,0.88,1,18,22,1,18,22,1,20,22,1,39,-,1,42,-,1,47,-,1,54,-,1,68,-,0,,,TP,300.00,707
2025.06.19 01:10,2025.06.19 06:11,SELL,LienKe,3381.506,3390.968,94.6,294.6,20.4,3.11,0.22,1,3,5,1,3,5,1,8,21,1,47,-,1,129,-,1,135,-,1,277,-,1,282,-,0,,,TP,300.00,301
2025.06.20 06:32,2025.06.20 13:58,BUY,LienKe,3343.400,3339.027,43.7,299.1,30.6,6.84,0.70,1,8,9,1,19,28,1,32,360,1,33,360,1,37,360,1,39,360,1,189,360,1,425,-,0,,,TP,300.00,445
2025.06.20 06:32,2025.06.20 13:58,BUY,Swing,3343.400,3339.027,43.7,299.1,30.6,6.84,0.70,1,8,9,1,19,28,1,32,360,1,33,360,1,37,360,1,39,360,1,189,360,1,425,-,0,,,TP,300.00,445
2025.06.20 06:05,2025.06.22 22:05,BUY,LienKe,3346.071,3339.027,70.4,284.1,57.3,4.03,0.81,1,1,3,1,8,17,1,60,364,1,61,364,1,66,364,1,203,364,1,446,-,1,460,-,0,,,TP,294.65,3840
2025.06.20 06:05,2025.06.22 22:05,BUY,Swing,3346.071,3339.027,70.4,284.1,57.3,4.03,0.81,1,1,3,1,8,17,1,60,364,1,61,364,1,66,364,1,203,364,1,446,-,1,460,-,0,,,TP,294.65,3840
2025.06.20 18:15,2025.06.23 00:16,BUY,LienKe,3366.820,3362.890,39.3,221.4,22.1,5.63,0.56,1,48,84,1,50,84,1,54,84,1,3110,-,1,3110,-,1,3110,-,1,3110,-,1,3110,-,0,,,SL,-5.35,3241
2025.06.20 18:17,2025.06.23 00:18,BUY,LienKe,3366.312,3362.890,34.2,226.5,17.1,6.62,0.50,1,41,86,1,48,86,1,51,86,1,3107,-,1,3107,-,1,3107,-,1,3107,-,1,3108,-,0,,,SL,-5.35,3241
2025.06.23 15:14,2025.06.23 16:21,SELL,LienKe,3387.478,3391.554,40.8,14.0,37.2,0.34,0.91,1,18,19,0,,,0,,,0,,,0,,,0,,,0,,,0,,,0,,,SL,-40.76,67
2025.06.23 15:14,2025.06.23 16:21,SELL,Swing,3387.478,3391.554,40.8,14.0,37.2,0.34,0.91,1,18,19,0,,,0,,,0,,,0,,,0,,,0,,,0,,,0,,,SL,-40.76,67
2025.06.23 15:05,2025.06.23 16:21,SELL,LienKe,3385.845,3391.554,57.1,11.9,53.5,0.21,0.94,1,1,2,0,,,0,,,0,,,0,,,0,,,0,,,0,,,0,,,SL,-57.09,76
2025.06.23 15:05,2025.06.23 16:21,SELL,Swing,3385.845,3391.554,57.1,11.9,53.5,0.21,0.94,1,1,2,0,,,0,,,0,,,0,,,0,,,0,,,0,,,0,,,SL,-57.09,76
2025.06.23 16:47,2025.06.23 17:27,BUY,LienKe,3383.471,3377.473,60.0,81.0,58.7,1.35,0.98,1,0,31,1,2,31,1,5,31,1,8,31,1,13,31,0,,,0,,,0,,,0,,,SL,-59.98,40
2025.06.23 16:45,2025.06.23 17:27,BUY,LienKe,3386.667,3377.473,91.9,49.1,90.6,0.53,0.99,1,7,7,1,10,18,1,11,18,0,,,0,,,0,,,0,,,0,,,0,,,SL,-91.94,42
2025.06.23 23:16,2025.06.23 23:34,BUY,LienKe,3352.431,3347.274,51.6,16.7,34.5,0.32,0.67,1,4,6,0,,,0,,,0,,,0,,,0,,,0,,,0,,,0,,,SL,-51.57,18
2025.06.23 23:10,2025.06.23 23:34,BUY,LienKe,3355.497,3347.274,82.2,4.6,65.2,0.06,0.79,0,,,0,,,0,,,0,,,0,,,0,,,0,,,0,,,0,,,SL,-82.23,24
2025.06.25 07:28,2025.06.25 07:46,SELL,Swing,3332.821,3336.966,41.4,6.4,37.1,0.16,0.90,0,,,0,,,0,,,0,,,0,,,0,,,0,,,0,,,0,,,SL,-41.45,17
2025.06.25 07:05,2025.06.25 07:46,SELL,Swing,3330.728,3336.966,62.4,38.2,58.0,0.61,0.93,1,1,3,1,2,3,1,10,20,0,,,0,,,0,,,0,,,0,,,0,,,SL,-62.38,41
2025.06.25 07:10,2025.06.25 09:05,BUY,LienKe,3329.129,3325.032,41.0,79.7,35.0,1.94,0.85,1,15,58,1,16,58,1,16,58,1,19,58,0,,,0,,,0,,,0,,,0,,,SL,-40.97,115
2025.06.25 07:10,2025.06.25 09:05,BUY,LienKe,3330.405,3325.032,53.7,66.9,47.7,1.25,0.89,1,16,44,1,17,44,1,18,44,1,34,44,0,,,0,,,0,,,0,,,0,,,SL,-53.73,115
2025.06.25 04:00,2025.06.25 09:06,BUY,LienKe,3328.444,3324.197,42.5,86.5,41.8,2.04,0.98,1,71,82,1,90,187,1,93,187,1,108,187,1,226,254,0,,,0,,,0,,,0,,,SL,-42.47,306
2025.06.25 14:15,2025.06.25 14:51,SELL,LienKe,3320.676,3325.097,44.2,18.3,41.0,0.41,0.93,1,3,4,0,,,0,,,0,,,0,,,0,,,0,,,0,,,0,,,SL,-44.21,36
2025.06.25 14:15,2025.06.25 14:51,SELL,LienKe,3319.929,3325.097,51.7,10.8,48.5,0.21,0.94,1,5,6,0,,,0,,,0,,,0,,,0,,,0,,,0,,,0,,,SL,-51.68,36
2025.06.26 06:50,2025.06.26 07:02,SELL,LienKe,3337.960,3341.457,35.0,0.1,29.4,0.00,0.84,0,,,0,,,0,,,0,,,0,,,0,,,0,,,0,,,0,,,SL,-34.97,12
2025.06.26 06:50,2025.06.26 07:02,SELL,LienKe,3337.442,3341.457,40.1,4.0,34.6,0.10,0.86,0,,,0,,,0,,,0,,,0,,,0,,,0,,,0,,,0,,,SL,-40.15,12
2025.06.26 05:40,2025.06.26 07:02,SELL,LienKe,3337.247,3341.250,40.0,61.2,36.6,1.53,0.91,1,1,48,1,3,48,1,16,48,1,25,48,0,,,0,,,0,,,0,,,0,,,SL,-40.03,82
2025.06.26 08:05,2025.06.26 08:57,SELL,LienKe,3346.703,3350.339,36.4,20.9,30.1,0.58,0.83,1,2,9,1,2,9,0,,,0,,,0,,,0,,,0,,,0,,,0,,,SL,-36.36,52
2025.06.26 08:05,2025.06.26 08:57,SELL,LienKe,3345.782,3350.339,45.6,11.7,39.3,0.26,0.86,1,3,3,0,,,0,,,0,,,0,,,0,,,0,,,0,,,0,,,SL,-45.57,52
2025.06.26 05:07,2025.06.26 12:48,BUY,LienKe,3333.601,3330.236,33.7,167.7,31.8,4.98,0.95,1,4,10,1,17,23,1,26,49,1,104,393,1,115,393,1,123,393,1,221,393,0,,,0,,,SL,-33.65,461
2025.06.26 05:05,2025.06.26 12:48,BUY,LienKe,3334.266,3330.236,40.3,161.0,38.5,4.00,0.96,1,19,23,1,28,51,1,30,51,1,109,395,1,122,395,1,131,395,1,231,395,0,,,0,,,SL,-40.30,463
2025.06.26 12:47,2025.06.26 12:53,BUY,LienKe,3332.248,3327.417,48.3,0.0,43.1,0.00,0.89,0,,,0,,,0,,,0,,,0,,,0,,,0,,,0,,,0,,,SL,-48.31,6
2025.06.26 12:47,2025.06.26 12:53,BUY,Swing,3332.248,3327.417,48.3,0.0,43.1,0.00,0.89,0,,,0,,,0,,,0,,,0,,,0,,,0,,,0,,,0,,,SL,-48.31,6
2025.06.26 12:45,2025.06.26 12:53,BUY,LienKe,3334.419,3327.417,70.0,10.4,64.8,0.15,0.93,1,0,0,0,,,0,,,0,,,0,,,0,,,0,,,0,,,0,,,SL,-70.02,8
2025.06.26 12:45,2025.06.26 12:53,BUY,Swing,3334.419,3327.417,70.0,10.4,64.8,0.15,0.93,1,0,0,0,,,0,,,0,,,0,,,0,,,0,,,0,,,0,,,SL,-70.02,8
2025.06.26 01:45,2025.06.26 12:53,BUY,Swing,3330.754,3327.055,37.0,196.2,28.1,5.30,0.76,1,1,10,1,2,10,1,6,10,1,42,655,1,53,655,1,65,655,1,341,655,0,,,0,,,SL,-36.99,668
2025.06.26 01:30,2025.06.26 12:53,BUY,Swing,3331.579,3327.055,45.2,187.9,36.4,4.15,0.80,1,11,14,1,22,24,1,53,279,1,61,279,1,70,279,1,83,279,1,365,629,0,,,0,,,SL,-45.24,683
2025.06.27 00:15,2025.06.27 02:36,BUY,LienKe,3315.956,3311.959,40.0,60.6,39.5,1.52,0.99,1,39,57,1,40,57,1,44,57,1,73,90,0,,,0,,,0,,,0,,,0,,,SL,-39.97,141
2025.06.27 00:10,2025.06.27 02:36,BUY,LienKe,3317.633,3311.959,56.7,43.8,56.3,0.77,0.99,1,49,51,1,53,56,1,78,91,0,,,0,,,0,,,0,,,0,,,0,,,SL,-56.74,146
2025.06.27 02:36,2025.06.27 02:49,BUY,Swing,3312.689,3309.002,36.9,2.6,33.9,0.07,0.92,0,,,0,,,0,,,0,,,0,,,0,,,0,,,0,,,0,,,SL,-36.87,12
2025.06.27 02:35,2025.06.27 02:49,BUY,Swing,3313.508,3309.002,45.1,0.0,42.1,0.00,0.93,0,,,0,,,0,,,0,,,0,,,0,,,0,,,0,,,0,,,SL,-45.06,14
2025.06.27 04:05,2025.06.27 06:39,BUY,LienKe,3292.329,3288.048,42.8,86.1,36.9,2.01,0.86,1,2,3,1,4,66,1,21,66,1,36,66,1,98,149,0,,,0,,,0,,,0,,,SL,-42.81,154
2025.06.27 04:05,2025.06.27 06:39,BUY,LienKe,3293.782,3288.048,57.3,71.6,51.4,1.25,0.90,1,13,14,1,33,50,1,35,50,1,74,115,0,,,0,,,0,,,0,,,0,,,SL,-57.34,154
2025.06.27 05:15,2025.06.27 07:20,BUY,LienKe,3293.942,3286.244,77.0,70.0,74.3,0.91,0.97,1,0,45,1,2,45,1,4,45,1,4,45,0,,,0,,,0,,,0,,,0,,,SL,-76.98,125
2025.06.27 14:10,2025.06.27 17:49,SELL,LienKe,3274.938,3280.296,53.6,112.0,46.3,2.09,0.86,1,0,18,1,1,18,1,1,18,1,5,18,1,8,18,1,10,18,0,,,0,,,0,,,SL,-53.58,219
2025.06.27 14:10,2025.06.27 17:49,SELL,LienKe,3274.363,3280.296,59.3,106.2,52.0,1.79,0.88,1,1,3,1,1,3,1,1,3,1,6,17,1,9,17,1,38,51,0,,,0,,,0,,,SL,-59.33,219
2025.06.30 16:05,2025.06.30 16:16,SELL,LienKe,3290.635,3294.600,39.6,1.4,38.9,0.04,0.98,0,,,0,,,0,,,0,,,0,,,0,,,0,,,0,,,0,,,SL,-39.65,11
2025.06.30 16:05,2025.06.30 16:16,SELL,LienKe,3289.430,3294.600,51.7,0.0,51.0,0.00,0.99,0,,,0,,,0,,,0,,,0,,,0,,,0,,,0,,,0,,,SL,-51.70,11
2025.07.01 22:11,2025.07.02 01:25,BUY,Swing,3337.101,3333.771,33.3,79.0,30.0,2.37,0.90,1,1,53,1,1,53,1,10,53,1,14,53,0,,,0,,,0,,,0,,,0,,,SL,-38.65,194
2025.07.01 20:20,2025.07.02 01:25,BUY,LienKe,3337.893,3333.771,41.2,71.1,38.0,1.72,0.92,1,12,102,1,21,102,1,123,164,1,125,164,0,,,0,,,0,,,0,,,0,,,SL,-46.57,305
2025.07.01 20:20,2025.07.02 01:25,BUY,Swing,3337.893,3333.771,41.2,71.1,38.0,1.72,0.92,1,12,102,1,21,102,1,123,164,1,125,164,0,,,0,,,0,,,0,,,0,,,SL,-46.57,305
2025.07.02 05:15,2025.07.02 06:16,BUY,LienKe,3340.315,3335.208,51.1,36.4,37.9,0.71,0.74,1,3,18,1,8,18,1,9,18,0,,,0,,,0,,,0,,,0,,,0,,,SL,-51.07,61
2025.07.02 00:25,2025.07.02 10:38,SELL,LienKe,3340.775,3345.061,42.9,130.3,42.5,3.04,0.99,1,2,35,1,3,35,1,5,35,1,48,204,1,60,204,1,98,204,0,,,0,,,0,,,SL,-42.86,613
2025.07.02 02:12,2025.07.02 20:07,BUY,LienKe,3330.018,3325.509,45.1,295.0,24.3,6.54,0.54,1,4,7,1,23,279,1,24,279,1,36,279,1,42,279,1,70,279,1,507,-,1,611,-,0,,,TP,300.00,1075
2025.07.02 07:19,2025.07.02 22:14,BUY,LienKe,3330.242,3324.969,52.7,299.3,26.6,5.68,0.50,1,12,13,1,27,-,1,27,-,1,29,-,1,117,-,1,133,-,1,218,-,1,304,-,0,,,TP,300.00,895
2025.07.02 07:15,2025.07.02 22:15,BUY,LienKe,3331.910,3324.969,69.4,288.4,43.2,4.16,0.62,1,31,-,1,32,-,1,33,-,1,63,-,1,137,-,1,162,-,1,228,-,1,661,-,0,,,TP,300.00,900
2025.07.02 02:10,2025.07.02 22:15,BUY,LienKe,3332.242,3325.509,67.3,285.1,46.6,4.23,0.69,1,33,270,1,35,270,1,39,270,1,44,270,1,72,270,1,189,270,1,533,-,1,972,-,0,,,TP,300.00,1205
2025.07.03 02:36,2025.07.03 05:08,SELL,LienKe,3348.391,3352.183,37.9,27.4,36.0,0.72,0.95,1,5,8,1,46,62,0,,,0,,,0,,,0,,,0,,,0,,,0,,,SL,-37.92,152
2025.07.03 02:10,2025.07.03 05:08,SELL,LienKe,3347.567,3352.183,46.2,19.2,44.3,0.42,0.96,1,1,4,0,,,0,,,0,,,0,,,0,,,0,,,0,,,0,,,SL,-46.16,178
2025.07.03 09:25,2025.07.03 09:35,BUY,LienKe,3351.607,3348.118,34.9,0.0,27.5,0.00,0.79,0,,,0,,,0,,,0,,,0,,,0,,,0,,,0,,,0,,,SL,-34.89,10
2025.07.03 09:25,2025.07.03 09:35,BUY,LienKe,3352.258,3348.118,41.4,0.1,34.0,0.00,0.82,0,,,0,,,0,,,0,,,0,,,0,,,0,,,0,,,0,,,SL,-41.40,10
2025.07.03 11:47,2025.07.03 12:30,BUY,LienKe,3345.274,3341.608,36.7,70.3,23.2,1.92,0.63,1,16,17,1,27,-,1,28,-,1,31,-,0,,,0,,,0,,,0,,,0,,,SL,-36.66,43
2025.07.03 11:45,2025.07.03 12:30,BUY,LienKe,3346.131,3341.608,45.2,61.8,31.8,1.37,0.70,1,29,-,1,30,-,1,32,-,1,35,-,0,,,0,,,0,,,0,,,0,,,SL,-45.23,45
2025.07.03 03:55,2025.07.03 12:30,BUY,LienKe,3347.224,3342.487,47.4,164.5,42.7,3.47,0.90,1,7,342,1,19,342,1,25,342,1,73,342,1,115,342,1,117,342,1,128,342,0,,,0,,,SL,-47.37,515
2025.07.03 18:12,2025.07.03 20:54,BUY,LienKe,3328.811,3325.442,33.7,14.7,33.2,0.44,0.99,1,35,48,0,,,0,,,0,,,0,,,0,,,0,,,0,,,0,,,SL,-33.69,162
2025.07.03 18:10,2025.07.03 20:54,BUY,LienKe,3329.283,3325.442,38.4,10.0,38.0,0.26,0.99,1,42,45,0,,,0,,,0,,,0,,,0,,,0,,,0,,,0,,,SL,-38.41,164
2025.07.03 22:55,2025.07.04 01:19,SELL,LienKe,3329.051,3332.607,35.6,30.2,31.3,0.85,0.88,1,74,92,1,76,92,1,80,92,0,,,0,,,0,,,0,,,0,,,0,,,SL,-35.56,144
2025.07.03 22:55,2025.07.04 01:19,SELL,LienKe,3328.534,3332.607,40.7,25.1,36.5,0.62,0.90,1,75,86,1,78,86,0,,,0,,,0,,,0,,,0,,,0,,,0,,,SL,-40.73,144
2025.07.04 14:05,2025.07.06 23:19,BUY,LienKe,3332.735,3329.060,36.8,91.8,34.8,2.50,0.95,1,3,5,1,147,3406,1,154,3406,1,3359,3406,1,3359,3406,0,,,0,,,0,,,0,,,SL,-42.10,3434
2025.07.04 14:05,2025.07.06 23:19,BUY,LienKe,3333.518,3329.060,44.6,84.0,42.6,1.88,0.96,1,146,3379,1,153,3379,1,3360,3379,1,3360,3379,1,3360,3379,0,,,0,,,0,,,0,,,SL,-49.93,3434
2025.07.04 12:50,2025.07.06 23:32,BUY,Swing,3333.643,3328.328,53.2,82.8,48.5,1.56,0.91,1,1,1,1,20,24,1,51,70,1,3435,3454,1,3435,3454,0,,,0,,,0,,,0,,,SL,-58.50,3522
2025.07.04 10:45,2025.07.06 23:32,BUY,LienKe,3334.556,3328.466,60.9,73.6,57.6,1.21,0.95,1,2,73,1,3,73,1,5,73,1,3560,3577,0,,,0,,,0,,,0,,,0,,,SL,-66.25,3647
2025.07.03 15:05,2025.07.07 01:06,BUY,LienKe,3325.356,3320.022,53.3,197.7,51.4,3.71,0.96,1,3,351,1,7,351,1,8,351,1,17,351,1,100,351,1,752,4862,1,782,4862,0,,,0,,,SL,-64.04,4921
2025.07.04 08:15,2025.07.07 01:12,SELL,LienKe,3342.793,3347.086,42.9,284.3,16.3,6.62,0.38,1,37,38,1,52,-,1,55,-,1,75,-,1,76,-,1,146,-,1,3803,-,1,3850,-,0,,,TP,300.00,3897
2025.07.04 06:16,2025.07.07 01:12,SELL,LienKe,3343.235,3347.896,46.6,288.8,20.5,6.20,0.44,1,18,21,1,54,93,1,54,93,1,56,93,1,195,-,1,200,-,1,3916,-,1,3955,-,0,,,TP,300.00,4016
2025.07.04 08:10,2025.07.07 01:14,SELL,LienKe,3341.823,3347.086,52.6,294.7,26.0,5.60,0.49,1,57,68,1,60,68,1,75,3715,1,81,3715,1,85,3715,1,152,3715,1,3818,-,1,3891,-,0,,,TP,300.00,3904
2025.07.04 06:10,2025.07.07 01:14,SELL,LienKe,3341.550,3347.896,63.5,292.0,37.4,4.60,0.59,1,0,2,1,61,91,1,62,91,1,65,91,1,205,3835,1,396,3835,1,3938,-,1,4011,-,0,,,TP,300.00,4024
2025.07.07 04:43,2025.07.07 07:52,BUY,LienKe,3306.318,3302.219,41.0,89.3,40.9,2.18,1.00,1,7,144,1,12,144,1,24,144,1,26,144,1,75,144,0,,,0,,,0,,,0,,,SL,-40.99,189
2025.07.07 04:43,2025.07.07 07:52,BUY,Swing,3306.318,3302.219,41.0,89.3,40.9,2.18,1.00,1,7,144,1,12,144,1,24,144,1,26,144,1,75,144,0,,,0,,,0,,,0,,,SL,-40.99,189
2025.07.07 04:30,2025.07.07 07:52,BUY,LienKe,3307.639,3302.219,54.2,76.1,54.1,1.40,1.00,1,1,7,1,37,153,1,38,153,1,67,153,0,,,0,,,0,,,0,,,0,,,SL,-54.20,202
2025.07.07 04:30,2025.07.07 07:52,BUY,Swing,3307.639,3302.219,54.2,76.1,54.1,1.40,1.00,1,1,7,1,37,153,1,38,153,1,67,153,0,,,0,,,0,,,0,,,0,,,SL,-54.20,202
2025.07.07 05:40,2025.07.07 13:53,SELL,LienKe,3312.079,3316.135,40.6,156.2,33.3,3.85,0.82,1,4,6,1,46,49,1,57,60,1,87,93,1,126,173,1,134,173,1,305,429,0,,,0,,,SL,-40.56,493
2025.07.07 05:40,2025.07.07 13:53,SELL,LienKe,3311.039,3316.135,51.0,145.8,43.7,2.86,0.86,1,46,46,1,57,59,1,83,93,1,87,93,1,130,170,1,137,170,0,,,0,,,0,,,SL,-50.96,493
2025.07.07 15:41,2025.07.07 16:20,SELL,LienKe,3321.050,3324.439,33.9,8.1,21.0,0.24,0.62,0,,,0,,,0,,,0,,,0,,,0,,,0,,,0,,,0,,,SL,-33.89,39
2025.07.07 15:40,2025.07.07 16:20,SELL,LienKe,3320.661,3324.439,37.8,4.2,24.9,0.11,0.66,0,,,0,,,0,,,0,,,0,,,0,,,0,,,0,,,0,,,SL,-37.78,40
2025.07.08 01:19,2025.07.08 08:07,BUY,LienKe,3330.711,3326.717,39.9,87.9,34.1,2.20,0.85,1,0,123,1,2,123,1,3,123,1,17,123,1,346,380,0,,,0,,,0,,,0,,,SL,-39.94,408
2025.07.08 01:15,2025.07.08 08:07,BUY,LienKe,3331.749,3326.717,50.3,77.5,44.4,1.54,0.88,1,0,3,1,7,114,1,11,114,1,23,114,0,,,0,,,0,,,0,,,0,,,SL,-50.32,412
2025.07.08 13:47,2025.07.08 13:49,BUY,Swing,3320.456,3315.954,45.0,0.0,31.9,0.00,0.71,0,,,0,,,0,,,0,,,0,,,0,,,0,,,0,,,0,,,SL,-45.02,2
2025.07.08 13:20,2025.07.08 13:49,BUY,Swing,3322.165,3315.954,62.1,47.7,49.0,0.77,0.79,1,1,18,1,6,18,1,7,18,0,,,0,,,0,,,0,,,0,,,0,,,SL,-62.11,29
2025.07.08 20:35,2025.07.08 23:35,BUY,LienKe,3301.954,3298.366,35.9,21.2,26.3,0.59,0.73,1,86,102,1,92,102,0,,,0,,,0,,,0,,,0,,,0,,,0,,,SL,-35.88,180
2025.07.08 20:05,2025.07.08 23:35,BUY,LienKe,3302.704,3298.366,43.4,13.7,33.8,0.32,0.78,1,7,11,0,,,0,,,0,,,0,,,0,,,0,,,0,,,0,,,SL,-43.38,210
2025.07.09 02:37,2025.07.09 02:41,BUY,LienKe,3299.845,3295.659,41.9,0.0,36.9,0.00,0.88,0,,,0,,,0,,,0,,,0,,,0,,,0,,,0,,,0,,,SL,-41.86,4
2025.07.09 02:20,2025.07.09 02:41,BUY,LienKe,3301.491,3295.659,58.3,15.3,53.3,0.26,0.91,1,6,11,0,,,0,,,0,,,0,,,0,,,0,,,0,,,0,,,SL,-58.32,21
2025.07.08 23:41,2025.07.09 02:42,BUY,Swing,3299.098,3294.989,41.1,89.1,36.5,2.17,0.89,1,7,155,1,7,155,1,14,155,1,19,155,1,22,155,0,,,0,,,0,,,0,,,SL,-46.44,181
2025.07.08 23:40,2025.07.09 02:42,BUY,Swing,3300.405,3294.989,54.2,76.0,49.6,1.40,0.92,1,10,11,1,15,127,1,20,127,1,22,127,0,,,0,,,0,,,0,,,0,,,SL,-59.51,182
2025.07.09 05:39,2025.07.09 06:13,BUY,LienKe,3291.688,3288.012,36.8,18.9,36.4,0.51,0.99,1,2,6,0,,,0,,,0,,,0,,,0,,,0,,,0,,,0,,,SL,-36.76,34
2025.07.09 05:35,2025.07.09 06:13,BUY,LienKe,3293.117,3288.012,51.1,12.2,50.7,0.24,0.99,1,3,3,0,,,0,,,0,,,0,,,0,,,0,,,0,,,0,,,SL,-51.05,38
2025.07.09 11:10,2025.07.09 13:01,SELL,LienKe,3294.521,3298.989,44.7,111.9,31.9,2.51,0.71,1,2,87,1,6,87,1,11,87,1,16,87,1,24,87,1,46,87,0,,,0,,,0,,,SL,-44.68,111
2025.07.09 08:25,2025.07.09 19:04,BUY,Swing,3285.422,3281.339,40.8,291.9,27.7,7.15,0.68,1,5,10,1,20,28,1,21,28,1,73,189,1,129,189,1,131,189,1,326,-,1,343,-,0,,,TP,300.00,639
2025.07.09 08:25,2025.07.09 19:19,BUY,Swing,3286.607,3281.339,52.7,298.4,39.5,5.66,0.75,1,20,28,1,24,28,1,51,185,1,100,185,1,131,185,1,267,-,1,328,-,1,350,-,0,,,TP,300.00,654
2025.07.09 03:05,2025.07.09 22:16,BUY,LienKe,3288.442,3281.933,65.1,292.2,57.9,4.49,0.89,1,0,1,1,3,178,1,4,178,1,20,178,1,124,178,1,596,-,1,649,-,1,673,-,0,,,TP,300.00,1151
2025.07.10 01:15,2025.07.10 01:33,SELL,LienKe,3321.519,3325.475,39.6,2.3,34.9,0.06,0.88,0,,,0,,,0,,,0,,,0,,,0,,,0,,,0,,,0,,,SL,-39.56,18
2025.07.10 01:15,2025.07.10 01:33,SELL,LienKe,3320.584,3325.475,48.9,0.0,44.3,0.00,0.91,0,,,0,,,0,,,0,,,0,,,0,,,0,,,0,,,0,,,SL,-48.91,18
2025.07.10 10:17,2025.07.10 11:56,BUY,LienKe,3323.225,3319.527,37.0,70.9,28.0,1.92,0.76,1,8,93,1,9,93,1,13,93,1,33,93,0,,,0,,,0,,,0,,,0,,,SL,-36.98,99
2025.07.10 10:15,2025.07.10 11:56,BUY,LienKe,3324.067,3319.527,45.4,62.5,36.4,1.38,0.80,1,11,12,1,15,24,1,22,24,1,46,87,0,,,0,,,0,,,0,,,0,,,SL,-45.40,101
2025.07.10 12:03,2025.07.10 13:52,BUY,Swing,3319.371,3315.331,40.4,101.0,33.9,2.50,0.84,1,10,11,1,21,27,1,32,103,1,43,103,1,57,103,1,57,103,0,,,0,,,0,,,SL,-40.40,109
2025.07.10 12:00,2025.07.10 13:52,BUY,Swing,3320.584,3315.331,52.5,88.9,46.0,1.69,0.88,1,24,25,1,35,105,1,40,105,1,56,105,1,60,105,0,,,0,,,0,,,0,,,SL,-52.53,112
2025.07.10 13:50,2025.07.10 13:59,BUY,LienKe,3317.723,3312.981,47.4,2.5,45.3,0.05,0.95,0,,,0,,,0,,,0,,,0,,,0,,,0,,,0,,,0,,,SL,-47.42,9
2025.07.10 13:50,2025.07.10 13:59,BUY,LienKe,3319.662,3312.981,66.8,0.0,64.6,0.00,0.97,0,,,0,,,0,,,0,,,0,,,0,,,0,,,0,,,0,,,SL,-66.81,9
2025.07.10 04:10,2025.07.10 14:00,BUY,LienKe,3315.784,3311.773,40.1,145.3,38.5,3.62,0.96,1,13,20,1,32,582,1,35,582,1,42,582,1,60,582,1,126,582,0,,,0,,,0,,,SL,-40.11,590
2025.07.10 04:10,2025.07.10 14:00,BUY,LienKe,3316.088,3311.773,43.2,142.3,41.5,3.30,0.96,1,16,17,1,32,578,1,37,578,1,43,578,1,63,578,1,129,578,0,,,0,,,0,,,SL,-43.15,590
2025.07.10 11:06,2025.07.11 00:31,SELL,LienKe,3328.025,3332.253,42.3,178.5,24.5,4.22,0.58,1,26,28,1,31,114,1,35,114,1,45,114,1,50,114,1,161,799,1,173,799,0,,,0,,,SL,-42.28,805
2025.07.10 11:05,2025.07.11 00:31,SELL,LienKe,3326.895,3332.253,53.6,167.2,35.8,3.12,0.67,1,33,115,1,36,115,1,45,115,1,47,115,1,52,115,1,162,787,1,175,787,0,,,0,,,SL,-53.58,806
2025.07.10 09:00,2025.07.11 00:31,SELL,LienKe,3328.602,3333.155,45.5,184.2,18.8,4.05,0.41,1,13,15,1,29,110,1,35,110,1,40,110,1,173,240,1,177,240,1,298,930,0,,,0,,,SL,-45.53,931
2025.07.11 02:27,2025.07.11 03:11,SELL,LienKe,3331.759,3335.639,38.8,14.9,36.6,0.38,0.94,1,3,11,0,,,0,,,0,,,0,,,0,,,0,,,0,,,0,,,SL,-38.80,43
2025.07.11 02:20,2025.07.11 03:11,SELL,LienKe,3330.872,3335.639,47.7,13.4,45.5,0.28,0.95,1,5,5,0,,,0,,,0,,,0,,,0,,,0,,,0,,,0,,,SL,-47.67,51
2025.07.11 03:15,2025.07.11 05:24,SELL,LienKe,3335.011,3338.595,35.8,53.6,32.4,1.50,0.91,1,20,28,1,22,28,1,72,125,1,94,125,0,,,0,,,0,,,0,,,0,,,SL,-35.84,129
2025.07.11 03:15,2025.07.11 05:24,SELL,LienKe,3334.879,3338.595,37.2,52.3,33.8,1.41,0.91,1,20,27,1,22,27,1,72,125,1,94,125,0,,,0,,,0,,,0,,,0,,,SL,-37.16,129
2025.07.10 14:05,2025.07.11 10:26,BUY,LienKe,3314.458,3307.017,74.4,295.0,23.5,3.96,0.32,1,1,1,1,5,23,1,6,23,1,10,23,1,295,-,1,306,-,1,625,-,1,627,-,0,,,TP,294.65,1221
2025.07.11 12:11,2025.07.11 12:35,SELL,LienKe,3349.203,3353.288,40.9,46.9,22.9,1.15,0.56,1,1,10,1,2,10,1,2,10,0,,,0,,,0,,,0,,,0,,,0,,,SL,-40.85,24
2025.07.11 12:05,2025.07.11 12:35,SELL,LienKe,3348.053,3353.288,52.4,35.4,34.4,0.68,0.66,1,8,15,1,9,15,1,9,15,0,,,0,,,0,,,0,,,0,,,0,,,SL,-52.35,30
2025.07.11 07:09,2025.07.11 14:53,BUY,LienKe,3331.803,3328.086,37.2,294.6,3.5,7.93,0.09,1,1,-,1,3,-,1,13,-,1,30,-,1,38,-,1,50,-,1,209,-,1,326,-,0,,,TP,300.00,464
2025.07.11 07:05,2025.07.11 14:54,BUY,LienKe,3332.999,3328.086,49.1,289.1,15.4,5.88,0.31,1,7,9,1,18,109,1,34,109,1,39,109,1,53,109,1,59,109,1,217,-,1,330,-,0,,,TP,300.00,469
2025.07.11 15:11,2025.07.11 15:19,SELL,LienKe,3364.130,3367.961,38.3,7.9,16.8,0.21,0.44,0,,,0,,,0,,,0,,,0,,,0,,,0,,,0,,,0,,,SL,-38.31,8
2025.07.11 15:10,2025.07.11 15:19,SELL,LienKe,3363.279,3367.961,46.8,3.4,25.3,0.07,0.54,0,,,0,,,0,,,0,,,0,,,0,,,0,,,0,,,0,,,SL,-46.82,9
2025.07.11 16:13,2025.07.11 17:01,BUY,LienKe,3356.723,3352.381,43.4,0.0,39.2,0.00,0.90,0,,,0,,,0,,,0,,,0,,,0,,,0,,,0,,,0,,,SL,-43.42,48
2025.07.11 16:10,2025.07.11 17:01,BUY,LienKe,3358.251,3352.381,58.7,1.1,54.5,0.02,0.93,0,,,0,,,0,,,0,,,0,,,0,,,0,,,0,,,0,,,SL,-58.70,51
2025.07.11 19:27,2025.07.13 22:08,SELL,LienKe,3358.100,3362.355,42.6,43.6,38.9,1.02,0.91,1,29,77,1,33,77,1,59,77,0,,,0,,,0,,,0,,,0,,,0,,,SL,-42.55,3041
2025.07.11 19:10,2025.07.13 22:08,SELL,LienKe,3356.727,3362.355,56.3,29.8,52.6,0.53,0.93,1,73,89,1,77,89,0,,,0,,,0,,,0,,,0,,,0,,,0,,,SL,-56.28,3058
2025.07.14 03:15,2025.07.14 06:44,SELL,LienKe,3358.446,3362.663,42.2,45.8,41.4,1.09,0.98,1,0,15,1,4,15,1,47,80,0,,,0,,,0,,,0,,,0,,,0,,,SL,-42.17,209
2025.07.14 05:30,2025.07.14 12:41,BUY,LienKe,3355.989,3350.706,52.8,190.9,50.9,3.61,0.96,1,0,1,1,9,26,1,10,26,1,49,421,1,76,421,1,81,421,1,98,421,0,,,0,,,SL,-52.83,431
2025.07.15 03:00,2025.07.15 03:16,SELL,Swing,3351.522,3355.064,35.4,0.1,33.0,0.00,0.93,0,,,0,,,0,,,0,,,0,,,0,,,0,,,0,,,0,,,SL,-35.42,15
2025.07.15 02:25,2025.07.15 03:16,SELL,Swing,3351.025,3355.064,40.4,32.9,38.0,0.81,0.94,1,0,32,1,5,32,1,25,32,0,,,0,,,0,,,0,,,0,,,0,,,SL,-40.39,51
2025.07.15 04:05,2025.07.15 05:05,SELL,LienKe,3358.332,3361.742,34.1,5.9,32.5,0.17,0.95,0,,,0,,,0,,,0,,,0,,,0,,,0,,,0,,,0,,,SL,-34.10,60
2025.07.15 04:05,2025.07.15 05:05,SELL,LienKe,3357.882,3361.742,38.6,1.4,37.0,0.04,0.96,0,,,0,,,0,,,0,,,0,,,0,,,0,,,0,,,0,,,SL,-38.60,60
2025.07.15 06:20,2025.07.15 08:23,BUY,LienKe,3360.948,3356.539,44.1,46.8,34.8,1.06,0.79,1,18,21,1,63,116,1,85,116,0,,,0,,,0,,,0,,,0,,,0,,,SL,-44.09,122
2025.07.15 06:10,2025.07.15 08:23,BUY,LienKe,3362.324,3356.539,57.8,33.0,48.5,0.57,0.84,1,2,5,1,95,112,1,96,112,0,,,0,,,0,,,0,,,0,,,0,,,SL,-57.85,133
2025.07.15 07:54,2025.07.15 13:35,SELL,LienKe,3364.693,3368.422,37.3,277.9,18.2,7.45,0.49,1,6,6,1,8,14,1,22,73,1,23,73,1,29,73,1,231,-,1,266,-,1,322,-,0,,,TP,300.00,341
2025.07.15 07:54,2025.07.15 13:35,SELL,Swing,3364.693,3368.422,37.3,277.9,18.2,7.45,0.49,1,6,6,1,8,14,1,22,73,1,23,73,1,29,73,1,231,-,1,266,-,1,322,-,0,,,TP,300.00,341
2025.07.15 08:15,2025.07.15 15:29,SELL,LienKe,3363.281,3368.629,53.5,287.5,32.4,5.38,0.60,1,0,24,1,1,24,1,2,24,1,5,24,1,210,-,1,231,-,1,264,-,1,304,-,0,,,TP,300.00,434
2025.07.15 07:50,2025.07.15 15:29,SELL,LienKe,3363.892,3368.422,45.3,293.6,26.2,6.48,0.58,1,12,14,1,26,53,1,26,53,1,30,53,1,235,-,1,250,-,1,289,-,1,329,-,0,,,TP,300.00,459
2025.07.15 07:50,2025.07.15 15:29,SELL,Swing,3363.892,3368.422,45.3,293.6,26.2,6.48,0.58,1,12,14,1,26,53,1,26,53,1,30,53,1,235,-,1,250,-,1,289,-,1,329,-,0,,,TP,300.00,459
2025.07.15 16:10,2025.07.15 16:17,BUY,LienKe,3325.009,3320.889,41.2,12.7,35.7,0.31,0.87,1,1,3,0,,,0,,,0,,,0,,,0,,,0,,,0,,,0,,,SL,-41.20,7
2025.07.15 16:10,2025.07.15 16:17,BUY,LienKe,3326.352,3320.889,54.6,2.8,49.2,0.05,0.90,0,,,0,,,0,,,0,,,0,,,0,,,0,,,0,,,0,,,SL,-54.63,7
2025.07.15 18:50,2025.07.16 01:37,SELL,LienKe,3330.521,3334.936,44.1,55.7,44.0,1.26,1.00,1,6,63,1,15,63,1,24,63,1,120,285,0,,,0,,,0,,,0,,,0,,,SL,-44.15,407
2025.07.16 00:38,2025.07.16 04:30,SELL,LienKe,3331.981,3335.562,35.8,67.7,33.6,1.89,0.94,1,9,14,1,22,34,1,26,34,1,132,164,0,,,0,,,0,,,0,,,0,,,SL,-35.81,232
2025.07.16 00:38,2025.07.16 04:30,SELL,Swing,3331.981,3335.562,35.8,67.7,33.6,1.89,0.94,1,9,14,1,22,34,1,26,34,1,132,164,0,,,0,,,0,,,0,,,0,,,SL,-35.81,232
2025.07.16 00:35,2025.07.16 04:30,SELL,LienKe,3331.397,3335.562,41.6,61.8,39.5,1.48,0.95,1,13,17,1,25,26,1,94,167,1,139,167,0,,,0,,,0,,,0,,,0,,,SL,-41.65,235
2025.07.16 00:35,2025.07.16 04:30,SELL,Swing,3331.397,3335.562,41.6,61.8,39.5,1.48,0.95,1,13,17,1,25,26,1,94,167,1,139,167,0,,,0,,,0,,,0,,,0,,,SL,-41.65,235
2025.07.16 03:52,2025.07.16 04:31,SELL,Swing,3334.627,3338.117,34.9,16.5,14.1,0.47,0.40,1,16,25,0,,,0,,,0,,,0,,,0,,,0,,,0,,,0,,,SL,-34.90,39
2025.07.16 03:50,2025.07.16 04:31,SELL,Swing,3333.766,3338.117,43.5,7.9,22.7,0.18,0.52,0,,,0,,,0,,,0,,,0,,,0,,,0,,,0,,,0,,,SL,-43.51,41
2025.07.16 05:08,2025.07.16 08:11,SELL,LienKe,3338.739,3342.287,35.5,29.8,34.2,0.84,0.96,1,30,46,1,32,46,0,,,0,,,0,,,0,,,0,,,0,,,0,,,SL,-35.48,183
2025.07.16 05:05,2025.07.16 08:11,SELL,LienKe,3337.981,3342.287,43.1,22.2,41.8,0.52,0.97,1,35,45,1,43,45,0,,,0,,,0,,,0,,,0,,,0,,,0,,,SL,-43.06,186
2025.07.16 11:18,2025.07.16 12:48,BUY,Swing,3335.253,3331.549,37.0,57.8,31.8,1.56,0.86,1,12,20,1,12,20,1,27,59,1,35,59,0,,,0,,,0,,,0,,,0,,,SL,-37.04,90
2025.07.16 11:15,2025.07.16 12:48,BUY,Swing,3336.232,3331.549,46.8,48.0,41.6,1.02,0.89,1,2,2,1,29,30,1,32,60,0,,,0,,,0,,,0,,,0,,,0,,,SL,-46.83,93
2025.07.16 12:10,2025.07.16 15:03,SELL,LienKe,3338.744,3344.031,52.9,190.6,50.8,3.60,0.96,1,5,23,1,5,23,1,6,23,1,17,23,1,84,166,1,86,166,1,98,166,0,,,0,,,SL,-52.87,173
2025.07.16 08:44,2025.07.16 15:04,SELL,Swing,3341.351,3345.492,41.4,216.6,39.1,5.23,0.94,1,28,40,1,44,54,1,81,372,1,134,372,1,223,372,1,244,372,1,301,372,1,349,372,0,,,SL,-41.41,380
2025.07.16 08:15,2025.07.16 15:04,SELL,Swing,3340.121,3345.492,53.7,204.3,51.4,3.80,0.96,1,110,113,1,111,113,1,154,218,1,163,218,1,273,401,1,320,401,1,333,401,1,378,401,0,,,SL,-53.71,409
2025.07.17 03:20,2025.07.17 06:13,BUY,LienKe,3338.579,3333.241,53.4,61.5,37.2,1.15,0.70,1,10,50,1,15,50,1,22,50,1,79,134,0,,,0,,,0,,,0,,,0,,,SL,-53.38,173
2025.07.17 03:20,2025.07.17 06:13,BUY,Swing,3338.579,3333.241,53.4,61.5,37.2,1.15,0.70,1,10,50,1,15,50,1,22,50,1,79,134,0,,,0,,,0,,,0,,,0,,,SL,-53.38,173
2025.07.17 11:41,2025.07.17 12:30,BUY,LienKe,3324.334,3319.926,44.1,43.0,22.2,0.98,0.50,1,3,7,1,41,-,1,41,-,0,,,0,,,0,,,0,,,0,,,0,,,SL,-44.08,49
2025.07.17 11:41,2025.07.17 12:30,BUY,Swing,3324.334,3319.926,44.1,43.0,22.2,0.98,0.50,1,3,7,1,41,-,1,41,-,0,,,0,,,0,,,0,,,0,,,0,,,SL,-44.08,49
2025.07.17 11:05,2025.07.17 12:30,BUY,LienKe,3326.328,3319.926,64.0,23.1,42.2,0.36,0.66,1,0,2,1,4,15,0,,,0,,,0,,,0,,,0,,,0,,,0,,,SL,-64.02,85
2025.07.17 11:05,2025.07.17 12:30,BUY,Swing,3326.328,3319.926,64.0,23.1,42.2,0.36,0.66,1,0,2,1,4,15,0,,,0,,,0,,,0,,,0,,,0,,,0,,,SL,-64.02,85
2025.07.17 15:25,2025.07.17 16:29,SELL,LienKe,3335.369,3339.102,37.3,6.7,37.0,0.18,0.99,0,,,0,,,0,,,0,,,0,,,0,,,0,,,0,,,0,,,SL,-37.33,63
2025.07.17 15:05,2025.07.17 16:29,SELL,LienKe,3334.676,3339.102,44.3,32.1,43.9,0.73,0.99,1,1,7,1,2,7,1,11,19,0,,,0,,,0,,,0,,,0,,,0,,,SL,-44.26,84
2025.07.18 06:46,2025.07.18 07:08,SELL,LienKe,3340.109,3343.910,38.0,0.0,36.2,0.00,0.95,0,,,0,,,0,,,0,,,0,,,0,,,0,,,0,,,0,,,SL,-38.01,22
2025.07.18 06:40,2025.07.18 07:08,SELL,LienKe,3339.317,3343.910,45.9,12.8,44.1,0.28,0.96,1,0,5,0,,,0,,,0,,,0,,,0,,,0,,,0,,,0,,,SL,-45.93,28
2025.07.18 11:10,2025.07.18 11:46,SELL,LienKe,3352.690,3356.639,39.5,10.7,38.3,0.27,0.97,1,3,4,0,,,0,,,0,,,0,,,0,,,0,,,0,,,0,,,SL,-39.49,36
2025.07.18 17:28,2025.07.20 22:08,BUY,LienKe,3351.266,3347.508,37.6,21.0,36.0,0.56,0.96,1,3,9,1,34,41,0,,,0,,,0,,,0,,,0,,,0,,,0,,,SL,-42.93,3160
2025.07.18 17:28,2025.07.20 22:08,BUY,Swing,3351.266,3347.508,37.6,21.0,36.0,0.56,0.96,1,3,9,1,34,41,0,,,0,,,0,,,0,,,0,,,0,,,0,,,SL,-42.93,3160
2025.07.18 17:25,2025.07.20 22:08,BUY,LienKe,3352.150,3347.508,46.4,12.2,44.8,0.26,0.97,1,35,41,0,,,0,,,0,,,0,,,0,,,0,,,0,,,0,,,SL,-51.77,3163
2025.07.18 17:25,2025.07.20 22:08,BUY,Swing,3352.150,3347.508,46.4,12.2,44.8,0.26,0.97,1,35,41,0,,,0,,,0,,,0,,,0,,,0,,,0,,,0,,,SL,-51.77,3163
2025.07.21 08:17,2025.07.21 13:46,BUY,LienKe,3363.669,3360.126,35.4,276.1,9.9,7.79,0.28,1,3,4,1,8,75,1,17,75,1,173,-,1,187,-,1,192,-,1,241,-,1,254,-,0,,,TP,300.00,329
2025.07.21 08:05,2025.07.21 13:46,BUY,LienKe,3364.335,3360.126,42.1,269.4,16.6,6.40,0.39,1,20,37,1,29,37,1,117,147,1,188,-,1,202,-,1,221,-,1,255,-,1,269,-,0,,,TP,300.00,341
2025.07.21 16:50,2025.07.22 00:04,BUY,LienKe,3394.985,3391.348,36.4,78.0,35.2,2.14,0.97,1,130,406,1,140,406,1,147,406,1,331,406,0,,,0,,,0,,,0,,,0,,,SL,-41.72,434
2025.07.21 16:50,2025.07.22 00:04,BUY,LienKe,3395.741,3391.348,43.9,70.4,42.7,1.60,0.97,1,140,406,1,146,406,1,150,406,1,345,406,0,,,0,,,0,,,0,,,0,,,SL,-49.28,434
2025.07.22 01:21,2025.07.22 01:43,BUY,LienKe,3391.057,3386.865,41.9,18.2,34.9,0.43,0.83,1,1,3,0,,,0,,,0,,,0,,,0,,,0,,,0,,,0,,,SL,-41.92,22
2025.07.22 01:15,2025.07.22 01:43,BUY,LienKe,3392.446,3386.865,55.8,14.1,48.8,0.25,0.88,1,0,1,0,,,0,,,0,,,0,,,0,,,0,,,0,,,0,,,SL,-55.81,28
2025.07.22 00:10,2025.07.22 01:43,BUY,Swing,3391.525,3387.448,40.8,61.4,39.6,1.51,0.97,1,1,4,1,6,62,1,16,62,1,22,62,0,,,0,,,0,,,0,,,0,,,SL,-40.77,93
2025.07.22 00:10,2025.07.22 01:43,BUY,Swing,3392.222,3387.448,47.7,54.4,46.6,1.14,0.98,1,2,2,1,13,59,1,16,59,1,22,59,0,,,0,,,0,,,0,,,0,,,SL,-47.74,93
2025.07.22 05:51,2025.07.22 13:27,BUY,Swing,3385.734,3382.005,37.3,291.1,24.9,7.81,0.67,1,12,12,1,16,23,1,149,214,1,360,-,1,375,-,1,389,-,1,397,-,1,412,-,0,,,TP,300.00,456
2025.07.22 05:50,2025.07.22 13:32,BUY,Swing,3386.941,3382.005,49.4,298.1,37.0,6.04,0.75,1,21,22,1,152,207,1,170,207,1,370,-,1,386,-,1,390,-,1,412,-,1,429,-,0,,,TP,300.00,462
2025.07.23 03:17,2025.07.23 03:30,SELL,LienKe,3425.190,3428.659,34.7,9.9,30.2,0.29,0.87,0,,,0,,,0,,,0,,,0,,,0,,,0,,,0,,,0,,,SL,-34.69,12
2025.07.23 03:15,2025.07.23 03:30,SELL,LienKe,3424.627,3428.659,40.3,10.5,35.8,0.26,0.89,1,1,2,0,,,0,,,0,,,0,,,0,,,0,,,0,,,0,,,SL,-40.32,15
2025.07.23 09:06,2025.07.23 09:20,SELL,LienKe,3429.217,3432.950,37.3,4.1,35.9,0.11,0.96,0,,,0,,,0,,,0,,,0,,,0,,,0,,,0,,,0,,,SL,-37.33,14
2025.07.23 09:06,2025.07.23 09:20,SELL,Swing,3429.217,3432.950,37.3,4.1,35.9,0.11,0.96,0,,,0,,,0,,,0,,,0,,,0,,,0,,,0,,,0,,,SL,-37.33,14
2025.07.23 09:05,2025.07.23 09:20,SELL,LienKe,3428.471,3432.950,44.8,0.0,43.3,0.00,0.97,0,,,0,,,0,,,0,,,0,,,0,,,0,,,0,,,0,,,SL,-44.79,15
2025.07.23 09:05,2025.07.23 09:20,SELL,Swing,3428.471,3432.950,44.8,0.0,43.3,0.00,0.97,0,,,0,,,0,,,0,,,0,,,0,,,0,,,0,,,0,,,SL,-44.79,15
2025.07.23 11:07,2025.07.23 13:00,BUY,LienKe,3421.841,3418.006,38.4,81.6,19.7,2.13,0.51,1,15,105,1,19,105,1,21,105,1,27,105,1,58,105,0,,,0,,,0,,,0,,,SL,-38.35,113
2025.07.23 11:05,2025.07.23 13:00,BUY,LienKe,3423.000,3418.006,49.9,70.0,31.3,1.40,0.63,1,21,89,1,23,89,1,26,89,1,35,89,0,,,0,,,0,,,0,,,0,,,SL,-49.94,115
2025.07.22 14:05,2025.07.23 15:56,BUY,LienKe,3411.078,3402.025,90.5,279.0,71.6,3.08,0.79,1,3,4,1,5,1398,1,6,1398,1,8,1398,1,16,1398,1,22,1398,1,27,1398,1,165,1398,0,,,SL,-95.88,1551
2025.07.24 05:46,2025.07.24 06:30,BUY,Swing,3376.158,3371.582,45.8,38.0,45.3,0.83,0.99,1,2,21,1,3,21,1,9,21,0,,,0,,,0,,,0,,,0,,,0,,,SL,-45.76,44
2025.07.24 05:45,2025.07.24 06:30,BUY,Swing,3377.848,3371.582,62.7,21.1,62.2,0.34,0.99,1,4,5,1,12,15,0,,,0,,,0,,,0,,,0,,,0,,,0,,,SL,-62.66,45
2025.07.24 08:09,2025.07.24 09:29,BUY,LienKe,3366.632,3362.820,38.1,80.9,36.4,2.12,0.96,1,2,64,1,4,64,1,5,64,1,7,64,1,29,64,0,,,0,,,0,,,0,,,SL,-38.12,80
2025.07.24 08:05,2025.07.24 09:29,BUY,LienKe,3367.646,3362.820,48.3,70.8,46.6,1.47,0.97,1,0,3,1,9,58,1,10,58,1,22,58,0,,,0,,,0,,,0,,,0,,,SL,-48.26,84
2025.07.24 00:45,2025.07.24 12:00,SELL,LienKe,3391.197,3396.259,50.6,297.8,24.0,5.88,0.47,1,21,30,1,21,30,1,22,30,1,23,30,1,86,-,1,88,-,1,143,-,1,345,-,0,,,TP,300.00,675
2025.07.24 00:10,2025.07.24 12:01,SELL,LienKe,3389.589,3396.259,66.7,289.6,40.1,4.34,0.60,1,57,60,1,57,60,1,58,60,1,58,60,1,123,-,1,175,-,1,337,-,1,461,-,0,,,TP,300.00,711
2025.07.24 11:43,2025.07.24 12:02,BUY,LienKe,3362.264,3358.253,40.1,20.1,39.7,0.50,0.99,1,4,9,1,13,16,0,,,0,,,0,,,0,,,0,,,0,,,0,,,SL,-40.11,18
2025.07.24 11:43,2025.07.24 12:02,BUY,Swing,3362.264,3358.253,40.1,20.1,39.7,0.50,0.99,1,4,9,1,13,16,0,,,0,,,0,,,0,,,0,,,0,,,0,,,SL,-40.11,18
2025.07.24 11:35,2025.07.24 12:02,BUY,LienKe,3363.996,3358.253,57.4,21.2,57.0,0.37,0.99,1,0,5,1,1,5,0,,,0,,,0,,,0,,,0,,,0,,,0,,,SL,-57.43,27
2025.07.24 11:35,2025.07.24 12:02,BUY,Swing,3363.996,3358.253,57.4,21.2,57.0,0.37,0.99,1,0,5,1,1,5,0,,,0,,,0,,,0,,,0,,,0,,,0,,,SL,-57.43,27
2025.07.24 12:30,2025.07.24 12:49,BUY,LienKe,3360.079,3355.072,50.1,54.3,29.8,1.09,0.60,1,0,1,1,3,11,1,3,11,1,7,11,0,,,0,,,0,,,0,,,0,,,SL,-50.07,19
2025.07.24 12:05,2025.07.24 12:49,BUY,LienKe,3362.349,3355.072,72.8,31.6,52.5,0.43,0.72,1,1,2,1,21,22,1,32,33,0,,,0,,,0,,,0,,,0,,,0,,,SL,-72.77,44
2025.07.24 16:28,2025.07.24 17:00,BUY,LienKe,3370.584,3366.910,36.7,8.0,36.6,0.22,1.00,0,,,0,,,0,,,0,,,0,,,0,,,0,,,0,,,0,,,SL,-36.74,31
2025.07.24 16:15,2025.07.24 17:00,BUY,LienKe,3371.413,3366.910,45.0,15.4,44.9,0.34,1.00,1,9,10,0,,,0,,,0,,,0,,,0,,,0,,,0,,,0,,,SL,-45.03,45
2025.07.24 23:07,2025.07.25 00:46,SELL,LienKe,3369.556,3373.371,38.2,27.2,36.3,0.71,0.95,1,20,32,1,23,32,0,,,0,,,0,,,0,,,0,,,0,,,0,,,SL,-38.15,99
2025.07.24 23:05,2025.07.25 00:46,SELL,LienKe,3368.541,3373.371,48.3,17.1,46.4,0.35,0.96,1,25,26,0,,,0,,,0,,,0,,,0,,,0,,,0,,,0,,,SL,-48.30,101
2025.07.24 17:10,2025.07.25 02:47,BUY,LienKe,3368.485,3363.267,52.2,50.9,50.4,0.98,0.97,1,3,9,1,17,55,1,19,55,1,457,489,0,,,0,,,0,,,0,,,0,,,SL,-57.53,577
2025.07.25 03:05,2025.07.25 04:42,BUY,LienKe,3362.041,3358.214,38.3,14.6,36.1,0.38,0.94,1,14,15,0,,,0,,,0,,,0,,,0,,,0,,,0,,,0,,,SL,-38.27,97
2025.07.25 03:05,2025.07.25 04:42,BUY,LienKe,3363.019,3358.214,48.0,4.8,45.8,0.10,0.95,0,,,0,,,0,,,0,,,0,,,0,,,0,,,0,,,0,,,SL,-48.05,97
2025.07.25 00:50,2025.07.25 10:56,SELL,Swing,3371.674,3376.578,49.0,293.2,12.7,5.98,0.26,1,17,68,1,18,68,1,29,68,1,36,68,1,105,-,1,130,-,1,292,-,1,449,-,0,,,TP,300.00,606
2025.07.28 01:10,2025.07.28 03:57,SELL,Swing,3337.595,3341.761,41.7,68.6,39.1,1.65,0.94,1,0,1,1,4,10,1,5,10,1,47,119,0,,,0,,,0,,,0,,,0,,,SL,-41.66,167
2025.07.28 01:10,2025.07.28 03:57,SELL,Swing,3336.470,3341.761,52.9,57.4,50.4,1.08,0.95,1,4,8,1,5,8,1,45,81,1,49,81,0,,,0,,,0,,,0,,,0,,,SL,-52.91,167
2025.07.28 05:11,2025.07.28 07:39,BUY,LienKe,3339.522,3335.548,39.7,58.3,37.7,1.47,0.95,1,20,23,1,36,76,1,38,76,1,49,76,0,,,0,,,0,,,0,,,0,,,SL,-39.74,148
2025.07.28 05:10,2025.07.28 07:39,BUY,LienKe,3339.822,3335.548,42.7,55.3,40.7,1.29,0.95,1,22,24,1,38,74,1,40,74,1,50,74,0,,,0,,,0,,,0,,,0,,,SL,-42.74,149
2025.07.28 10:35,2025.07.28 12:15,BUY,LienKe,3336.361,3332.394,39.7,20.1,33.0,0.51,0.83,1,1,1,1,88,94,0,,,0,,,0,,,0,,,0,,,0,,,0,,,SL,-39.67,100
2025.07.28 10:20,2025.07.28 12:15,BUY,LienKe,3337.539,3332.394,51.5,11.9,44.8,0.23,0.87,1,0,1,0,,,0,,,0,,,0,,,0,,,0,,,0,,,0,,,SL,-51.45,115
2025.07.30 10:09,2025.07.30 11:06,BUY,LienKe,3330.026,3325.807,42.2,11.3,34.0,0.27,0.81,1,0,1,0,,,0,,,0,,,0,,,0,,,0,,,0,,,0,,,SL,-42.19,57
2025.07.30 05:00,2025.07.30 12:32,BUY,LienKe,3327.332,3322.772,45.6,66.9,42.7,1.47,0.94,1,16,29,1,20,29,1,26,29,1,198,345,0,,,0,,,0,,,0,,,0,,,SL,-45.60,452
2025.07.30 12:44,2025.07.30 12:48,BUY,Swing,3323.207,3319.633,35.7,14.0,9.3,0.39,0.26,1,0,1,0,,,0,,,0,,,0,,,0,,,0,,,0,,,0,,,SL,-35.74,4
2025.07.30 12:40,2025.07.30 12:48,BUY,Swing,3324.380,3319.633,47.5,15.7,21.0,0.33,0.44,1,2,3,0,,,0,,,0,,,0,,,0,,,0,,,0,,,0,,,SL,-47.47,8
2025.07.30 06:11,2025.07.30 12:48,BUY,LienKe,3324.329,3320.839,34.9,97.0,20.5,2.78,0.59,1,32,335,1,40,335,1,42,335,1,53,335,1,127,335,0,,,0,,,0,,,0,,,SL,-34.90,397
2025.07.30 06:05,2025.07.30 12:48,BUY,LienKe,3325.052,3320.839,42.1,89.7,27.7,2.13,0.66,1,5,5,1,48,301,1,58,301,1,60,301,1,167,301,0,,,0,,,0,,,0,,,SL,-42.13,403
2025.07.30 09:26,2025.07.30 13:31,SELL,LienKe,3332.962,3336.439,34.8,286.2,12.2,8.23,0.35,1,3,26,1,7,26,1,10,26,1,51,-,1,140,-,1,186,-,1,205,-,1,209,-,0,,,TP,300.00,245
2025.07.30 09:10,2025.07.30 13:31,SELL,LienKe,3332.482,3336.439,39.6,281.4,17.0,7.11,0.43,1,20,41,1,24,41,1,51,53,1,95,-,1,156,-,1,217,-,1,221,-,1,225,-,0,,,TP,300.00,261
2025.07.30 17:05,2025.07.30 17:52,SELL,LienKe,3298.330,3301.669,33.4,5.2,33.0,0.15,0.99,0,,,0,,,0,,,0,,,0,,,0,,,0,,,0,,,0,,,SL,-33.39,47
2025.07.30 17:05,2025.07.30 17:52,SELL,LienKe,3297.965,3301.669,37.0,1.5,36.6,0.04,0.99,0,,,0,,,0,,,0,,,0,,,0,,,0,,,0,,,0,,,SL,-37.04,47
2025.07.30 19:13,2025.07.30 19:20,BUY,LienKe,3277.917,3272.614,53.0,17.5,37.6,0.33,0.71,1,0,1,0,,,0,,,0,,,0,,,0,,,0,,,0,,,0,,,SL,-53.03,7
2025.07.30 19:10,2025.07.30 19:20,BUY,LienKe,3279.693,3272.614,70.8,29.6,55.4,0.42,0.78,1,0,1,1,1,2,0,,,0,,,0,,,0,,,0,,,0,,,0,,,SL,-70.79,10
2025.07.31 03:22,2025.07.31 05:58,SELL,LienKe,3297.913,3301.574,36.6,41.1,31.8,1.12,0.87,1,4,28,1,7,28,1,17,28,0,,,0,,,0,,,0,,,0,,,0,,,SL,-36.61,156
2025.07.31 03:05,2025.07.31 05:58,SELL,LienKe,3296.839,3301.574,47.4,32.4,42.5,0.69,0.90,1,3,15,1,7,15,1,9,15,0,,,0,,,0,,,0,,,0,,,0,,,SL,-47.35,173
2025.07.31 22:02,2025.08.01 00:07,BUY,LienKe,3290.033,3286.830,32.0,51.4,28.8,1.60,0.90,1,0,73,1,2,73,1,19,73,1,44,73,0,,,0,,,0,,,0,,,0,,,SL,-37.38,125
2025.08.01 01:48,2025.08.01 01:52,BUY,LienKe,3286.974,3283.002,39.7,3.3,31.9,0.08,0.80,0,,,0,,,0,,,0,,,0,,,0,,,0,,,0,,,0,,,SL,-39.72,4
2025.08.01 01:45,2025.08.01 01:52,BUY,LienKe,3288.111,3283.002,51.1,2.9,43.2,0.06,0.85,0,,,0,,,0,,,0,,,0,,,0,,,0,,,0,,,0,,,SL,-51.09,7
2025.08.01 18:27,2025.08.01 19:30,SELL,LienKe,3349.083,3352.935,38.5,14.5,24.5,0.38,0.64,1,27,41,0,,,0,,,0,,,0,,,0,,,0,,,0,,,0,,,SL,-38.52,63
2025.08.01 18:15,2025.08.01 19:30,SELL,LienKe,3348.275,3352.935,46.6,16.8,32.6,0.36,0.70,1,3,10,0,,,0,,,0,,,0,,,0,,,0,,,0,,,0,,,SL,-46.60,75
2025.08.04 05:30,2025.08.04 06:27,BUY,LienKe,3358.753,3355.077,36.8,21.5,33.1,0.59,0.90,1,43,45,1,43,45,0,,,0,,,0,,,0,,,0,,,0,,,0,,,SL,-36.76,57
2025.08.04 05:25,2025.08.04 06:27,BUY,LienKe,3359.614,3355.077,45.4,12.9,41.7,0.28,0.92,1,2,3,0,,,0,,,0,,,0,,,0,,,0,,,0,,,0,,,SL,-45.37,62
2025.08.04 18:15,2025.08.04 23:10,SELL,LienKe,3374.350,3378.232,38.8,7.8,33.7,0.20,0.87,0,,,0,,,0,,,0,,,0,,,0,,,0,,,0,,,0,,,SL,-38.82,295
2025.08.05 03:24,2025.08.05 05:03,BUY,LienKe,3373.699,3369.768,39.3,11.9,38.8,0.30,0.99,1,31,31,0,,,0,,,0,,,0,,,0,,,0,,,0,,,0,,,SL,-39.31,99
2025.08.05 03:20,2025.08.05 05:03,BUY,LienKe,3374.707,3369.768,49.4,7.4,48.9,0.15,0.99,0,,,0,,,0,,,0,,,0,,,0,,,0,,,0,,,0,,,SL,-49.39,103
2025.08.05 04:31,2025.08.05 05:14,BUY,LienKe,3372.042,3368.594,34.5,6.3,30.6,0.18,0.89,0,,,0,,,0,,,0,,,0,,,0,,,0,,,0,,,0,,,SL,-34.48,43
2025.08.05 04:30,2025.08.05 05:14,BUY,LienKe,3372.651,3368.594,40.6,0.2,36.7,0.01,0.90,0,,,0,,,0,,,0,,,0,,,0,,,0,,,0,,,0,,,SL,-40.57,44
2025.08.05 01:06,2025.08.05 11:34,SELL,LienKe,3380.813,3384.637,38.2,294.8,17.4,7.71,0.46,1,6,24,1,19,24,1,74,-,1,82,-,1,153,-,1,235,-,1,474,-,1,529,-,0,,,TP,300.00,628
2025.08.05 01:05,2025.08.05 11:39,SELL,LienKe,3380.022,3384.637,46.2,297.9,25.4,6.45,0.55,1,20,24,1,21,24,1,77,-,1,85,-,1,175,-,1,237,-,1,475,-,1,530,-,0,,,TP,300.00,634
2025.08.05 19:22,2025.08.06 00:22,SELL,LienKe,3380.944,3384.388,34.4,26.9,33.3,0.78,0.97,1,3,14,1,37,92,0,,,0,,,0,,,0,,,0,,,0,,,0,,,SL,-34.44,300
2025.08.05 19:20,2025.08.06 00:22,SELL,LienKe,3380.513,3384.388,38.8,22.6,37.6,0.58,0.97,1,23,33,1,194,209,0,,,0,,,0,,,0,,,0,,,0,,,0,,,SL,-38.75,302
2025.08.06 03:25,2025.08.07 01:44,SELL,LienKe,3378.034,3381.372,33.4,197.8,31.2,5.93,0.94,1,5,179,1,6,179,1,8,179,1,87,179,1,237,680,1,293,680,1,365,680,0,,,0,,,SL,-33.38,1339
2025.08.06 03:25,2025.08.07 01:44,SELL,LienKe,3377.700,3381.372,36.7,194.5,34.6,5.30,0.94,1,5,179,1,7,179,1,12,179,1,87,179,1,238,680,1,293,680,1,379,680,0,,,0,,,SL,-36.72,1339
2025.08.07 20:14,2025.08.07 22:03,SELL,LienKe,3400.439,3404.288,38.5,77.5,21.2,2.01,0.55,1,16,25,1,17,25,1,22,25,1,36,107,0,,,0,,,0,,,0,,,0,,,SL,-38.49,109
2025.08.07 20:10,2025.08.07 22:03,SELL,LienKe,3399.131,3404.288,51.6,64.4,34.3,1.25,0.66,1,1,1,1,34,34,1,39,112,1,43,112,0,,,0,,,0,,,0,,,0,,,SL,-51.57,113
2025.08.07 11:01,2025.08.07 22:03,BUY,Swing,3372.649,3368.765,38.8,297.5,9.2,7.66,0.24,1,7,-,1,8,-,1,9,-,1,10,-,1,15,-,1,27,-,1,93,-,1,166,-,0,,,TP,300.00,662
2025.08.07 11:00,2025.08.07 22:03,BUY,Swing,3373.109,3368.765,43.4,292.9,13.8,6.74,0.32,1,8,-,1,10,-,1,10,-,1,11,-,1,17,-,1,29,-,1,94,-,1,167,-,0,,,TP,300.00,663
2025.08.07 19:05,2025.08.08 01:08,BUY,LienKe,3388.272,3384.276,40.0,207.2,29.4,5.18,0.74,1,3,354,1,25,354,1,25,354,1,25,354,1,27,354,1,33,354,1,178,354,1,178,354,0,,,SL,-45.31,363
2025.08.08 05:17,2025.08.08 06:49,BUY,LienKe,3393.317,3389.323,39.9,43.6,39.5,1.09,0.99,1,2,9,1,3,9,1,49,63,0,,,0,,,0,,,0,,,0,,,0,,,SL,-39.94,92
2025.08.08 05:05,2025.08.08 06:49,BUY,LienKe,3395.080,3389.323,57.6,26.0,57.1,0.45,0.99,1,61,64,1,61,64,0,,,0,,,0,,,0,,,0,,,0,,,0,,,SL,-57.57,104
2025.08.08 06:10,2025.08.08 07:44,SELL,LienKe,3395.672,3400.676,50.0,67.7,49.1,1.35,0.98,1,1,50,1,10,50,1,12,50,1,27,50,0,,,0,,,0,,,0,,,0,,,SL,-50.04,94
2025.08.08 07:43,2025.08.08 07:51,SELL,Swing,3399.287,3403.421,41.3,12.5,38.2,0.30,0.92,1,1,2,0,,,0,,,0,,,0,,,0,,,0,,,0,,,0,,,SL,-41.34,8
2025.08.08 07:10,2025.08.08 07:51,SELL,Swing,3397.739,3403.421,56.8,53.9,53.6,0.95,0.94,1,0,22,1,4,22,1,12,22,1,30,32,0,,,0,,,0,,,0,,,0,,,SL,-56.82,41
2025.08.08 12:10,2025.08.08 12:23,SELL,LienKe,3388.090,3392.974,48.8,21.8,37.3,0.45,0.76,1,6,9,1,6,9,0,,,0,,,0,,,0,,,0,,,0,,,0,,,SL,-48.84,13
2025.08.08 12:05,2025.08.08 12:23,SELL,LienKe,3386.140,3392.974,68.3,2.3,56.8,0.03,0.83,0,,,0,,,0,,,0,,,0,,,0,,,0,,,0,,,0,,,SL,-68.34,18
2025.08.11 06:13,2025.08.11 06:28,BUY,LienKe,3372.981,3368.974,40.1,11.4,37.1,0.29,0.93,1,5,6,0,,,0,,,0,,,0,,,0,,,0,,,0,,,0,,,SL,-40.07,15
2025.08.11 06:10,2025.08.11 06:28,BUY,LienKe,3374.107,3368.974,51.3,6.2,48.4,0.12,0.94,0,,,0,,,0,,,0,,,0,,,0,,,0,,,0,,,0,,,SL,-51.33,18
2025.08.12 01:40,2025.08.12 06:22,BUY,LienKe,3350.178,3343.212,69.7,55.9,62.7,0.80,0.90,1,4,4,1,7,14,1,51,65,1,89,112,0,,,0,,,0,,,0,,,0,,,SL,-69.66,282
2025.08.11 17:17,2025.08.12 11:35,BUY,LienKe,3342.649,3339.143,35.1,161.8,32.7,4.62,0.93,1,4,5,1,11,15,1,12,15,1,14,15,1,19,210,1,20,210,1,26,210,0,,,0,,,SL,-40.41,1098
2025.08.11 17:15,2025.08.12 11:35,BUY,LienKe,3343.274,3339.143,41.3,155.6,39.0,3.77,0.94,1,11,17,1,14,17,1,16,17,1,20,212,1,21,212,1,22,212,1,29,212,0,,,0,,,SL,-46.66,1100
2025.08.13 01:55,2025.08.13 06:16,SELL,LienKe,3351.000,3355.017,40.2,51.6,38.9,1.29,0.97,1,1,2,1,7,28,1,10,28,1,229,246,0,,,0,,,0,,,0,,,0,,,SL,-40.17,261
2025.08.13 01:50,2025.08.13 06:16,SELL,LienKe,3350.070,3355.017,49.5,42.3,48.2,0.86,0.97,1,12,27,1,14,27,1,19,27,0,,,0,,,0,,,0,,,0,,,0,,,SL,-49.47,266
2025.08.13 02:52,2025.08.13 06:56,SELL,Swing,3353.876,3357.457,35.8,80.4,34.3,2.24,0.96,1,3,194,1,5,194,1,10,194,1,24,194,1,172,194,0,,,0,,,0,,,0,,,SL,-35.81,244
2025.08.13 02:50,2025.08.13 06:56,SELL,Swing,3353.253,3357.457,42.0,74.2,40.6,1.76,0.97,1,6,196,1,11,196,1,13,196,1,164,196,0,,,0,,,0,,,0,,,0,,,SL,-42.04,246
2025.08.13 04:05,2025.08.14 07:58,BUY,LienKe,3350.530,3345.147,53.8,243.3,53.6,4.52,1.00,1,9,20,1,121,861,1,121,861,1,131,861,1,187,861,1,200,861,1,337,861,1,603,861,0,,,SL,-69.88,1673
2025.08.14 08:09,2025.08.14 14:05,BUY,LienKe,3343.255,3338.447,48.1,159.0,15.6,3.31,0.32,1,0,8,1,2,8,1,3,8,1,17,261,1,59,261,1,60,261,1,79,261,0,,,0,,,SL,-48.08,356
2025.08.14 08:05,2025.08.14 14:05,BUY,LienKe,3345.246,3338.447,68.0,139.1,35.5,2.05,0.52,1,0,2,1,1,2,1,21,34,1,25,34,1,64,265,1,69,265,0,,,0,,,0,,,SL,-67.99,360
2025.08.15 19:10,2025.08.17 23:12,BUY,LienKe,3336.010,3331.387,46.2,35.9,36.3,0.78,0.79,1,17,99,1,26,99,1,47,99,0,,,0,,,0,,,0,,,0,,,0,,,SL,-51.58,3122
2025.08.15 12:35,2025.08.17 23:12,BUY,LienKe,3339.042,3330.592,84.5,69.3,66.6,0.82,0.79,1,4,42,1,4,42,1,5,42,1,25,42,0,,,0,,,0,,,0,,,0,,,SL,-89.85,3517
2025.08.15 12:35,2025.08.17 23:12,BUY,Swing,3339.042,3330.592,84.5,69.3,66.6,0.82,0.79,1,4,42,1,4,42,1,5,42,1,25,42,0,,,0,,,0,,,0,,,0,,,SL,-89.85,3517
2025.08.18 01:08,2025.08.18 01:51,SELL,LienKe,3342.167,3346.611,44.4,24.6,40.8,0.55,0.92,1,13,14,1,17,27,0,,,0,,,0,,,0,,,0,,,0,,,0,,,SL,-44.44,43
2025.08.18 01:05,2025.08.18 01:51,SELL,LienKe,3340.820,3346.611,57.9,11.1,54.2,0.19,0.94,1,25,26,0,,,0,,,0,,,0,,,0,,,0,,,0,,,0,,,SL,-57.91,46
2025.08.15 13:05,2025.08.18 03:45,SELL,LienKe,3341.816,3348.969,71.5,181.5,68.9,2.54,0.96,1,6,7,1,11,74,1,12,74,1,13,74,1,46,74,1,3487,3557,1,3492,3557,0,,,0,,,SL,-71.53,3760
2025.08.15 13:05,2025.08.18 03:45,SELL,Swing,3341.816,3348.969,71.5,181.5,68.9,2.54,0.96,1,6,7,1,11,74,1,12,74,1,13,74,1,46,74,1,3487,3557,1,3492,3557,0,,,0,,,SL,-71.53,3760
2025.08.15 08:05,2025.08.18 03:49,SELL,LienKe,3346.475,3351.268,47.9,228.1,26.6,4.76,0.56,1,0,3946,1,2,3946,1,5,3946,1,10,3946,1,143,3946,1,172,3946,1,3787,3946,1,3792,3946,0,,,SL,-47.93,4064
2025.08.18 04:28,2025.08.18 04:42,SELL,LienKe,3351.608,3355.736,41.3,0.0,36.6,0.00,0.89,0,,,0,,,0,,,0,,,0,,,0,,,0,,,0,,,0,,,SL,-41.28,14
2025.08.18 04:25,2025.08.18 04:42,SELL,LienKe,3351.254,3355.736,44.8,4.5,40.1,0.10,0.90,0,,,0,,,0,,,0,,,0,,,0,,,0,,,0,,,0,,,SL,-44.82,17
2025.08.18 07:12,2025.08.18 07:22,SELL,LienKe,3351.744,3355.652,39.1,0.0,38.6,0.00,0.99,0,,,0,,,0,,,0,,,0,,,0,,,0,,,0,,,0,,,SL,-39.08,9
2025.08.18 07:10,2025.08.18 07:22,SELL,LienKe,3350.918,3355.652,47.3,6.8,46.9,0.14,0.99,0,,,0,,,0,,,0,,,0,,,0,,,0,,,0,,,0,,,SL,-47.34,12
2025.08.18 11:50,2025.08.18 12:57,BUY,LienKe,3346.595,3343.317,32.8,22.4,24.9,0.68,0.76,1,21,27,1,51,55,0,,,0,,,0,,,0,,,0,,,0,,,0,,,SL,-32.78,67
2025.08.18 11:50,2025.08.18 12:57,BUY,LienKe,3347.021,3343.317,37.0,18.2,29.1,0.49,0.79,1,47,48,0,,,0,,,0,,,0,,,0,,,0,,,0,,,0,,,SL,-37.04,67
2025.08.18 16:10,2025.08.19 00:00,BUY,LienKe,3332.531,3328.927,36.0,23.0,23.5,0.64,0.65,1,2,6,1,29,35,0,,,0,,,0,,,0,,,0,,,0,,,0,,,SL,-41.39,470
2025.08.18 16:10,2025.08.19 00:00,BUY,LienKe,3333.298,3328.927,43.7,15.3,31.2,0.35,0.71,1,29,31,0,,,0,,,0,,,0,,,0,,,0,,,0,,,0,,,SL,-49.06,470
2025.08.18 14:11,2025.08.19 00:00,BUY,LienKe,3334.551,3329.341,52.1,41.3,43.7,0.79,0.84,1,2,36,1,7,36,1,19,36,0,,,0,,,0,,,0,,,0,,,0,,,SL,-57.45,589
2025.08.18 14:05,2025.08.19 00:00,BUY,LienKe,3336.898,3329.341,75.6,17.9,67.2,0.24,0.89,1,0,1,0,,,0,,,0,,,0,,,0,,,0,,,0,,,0,,,SL,-80.92,595
2025.08.18 22:31,2025.08.19 00:12,SELL,LienKe,3334.285,3337.647,33.6,81.0,17.3,2.41,0.51,1,14,24,1,55,100,1,82,100,1,89,100,1,90,100,0,,,0,,,0,,,0,,,SL,-33.62,101
2025.08.18 22:31,2025.08.19 00:12,SELL,Swing,3334.285,3337.647,33.6,81.0,17.3,2.41,0.51,1,14,24,1,55,100,1,82,100,1,89,100,1,90,100,0,,,0,,,0,,,0,,,SL,-33.62,101
2025.08.18 22:30,2025.08.19 00:12,SELL,LienKe,3333.865,3337.647,37.8,76.8,21.5,2.03,0.57,1,46,100,1,57,100,1,84,100,1,90,100,0,,,0,,,0,,,0,,,0,,,SL,-37.82,102
2025.08.18 22:30,2025.08.19 00:12,SELL,Swing,3333.865,3337.647,37.8,76.8,21.5,2.03,0.57,1,46,100,1,57,100,1,84,100,1,90,100,0,,,0,,,0,,,0,,,0,,,SL,-37.82,102
2025.08.19 04:10,2025.08.19 13:07,BUY,LienKe,3337.175,3333.050,41.3,81.5,36.2,1.98,0.88,1,24,25,1,75,101,1,75,101,1,357,484,1,373,484,0,,,0,,,0,,,0,,,SL,-41.25,537
2025.08.19 04:10,2025.08.19 13:07,BUY,LienKe,3337.448,3333.050,44.0,78.8,39.0,1.79,0.89,1,52,63,1,75,101,1,76,101,1,357,482,0,,,0,,,0,,,0,,,0,,,SL,-43.98,537
2025.08.19 22:16,2025.08.20 04:35,SELL,LienKe,3317.054,3320.637,35.8,54.2,29.0,1.51,0.81,1,34,38,1,95,154,1,95,154,1,190,208,0,,,0,,,0,,,0,,,0,,,SL,-35.83,379
2025.08.19 22:10,2025.08.20 04:35,SELL,LienKe,3316.440,3320.637,42.0,48.0,35.2,1.14,0.84,1,53,55,1,101,160,1,103,160,0,,,0,,,0,,,0,,,0,,,0,,,SL,-41.97,385
2025.08.20 01:50,2025.08.20 04:37,SELL,Swing,3316.864,3320.776,39.1,43.2,38.1,1.10,0.97,1,0,1,1,10,32,1,16,32,0,,,0,,,0,,,0,,,0,,,0,,,SL,-39.12,167
2025.08.20 03:38,2025.08.20 05:35,SELL,Swing,3317.730,3321.256,35.3,5.3,34.3,0.15,0.97,0,,,0,,,0,,,0,,,0,,,0,,,0,,,0,,,0,,,SL,-35.26,117
2025.08.20 03:25,2025.08.20 05:35,SELL,Swing,3316.979,3321.256,42.8,2.8,41.8,0.07,0.98,0,,,0,,,0,,,0,,,0,,,0,,,0,,,0,,,0,,,SL,-42.77,130
2025.08.20 11:05,2025.08.20 11:28,SELL,Swing,3327.527,3330.913,33.9,4.1,33.8,0.12,1.00,0,,,0,,,0,,,0,,,0,,,0,,,0,,,0,,,0,,,SL,-33.86,23
2025.08.20 10:35,2025.08.20 11:28,SELL,LienKe,3327.081,3330.913,38.3,14.9,38.2,0.39,1.00,1,17,25,0,,,0,,,0,,,0,,,0,,,0,,,0,,,0,,,SL,-38.32,53
2025.08.20 10:35,2025.08.20 11:28,SELL,Swing,3327.081,3330.913,38.3,14.9,38.2,0.39,1.00,1,17,25,0,,,0,,,0,,,0,,,0,,,0,,,0,,,0,,,SL,-38.32,53
2025.08.20 01:13,2025.08.20 12:53,BUY,LienKe,3312.884,3309.011,38.7,299.5,14.1,7.73,0.36,1,4,12,1,5,12,1,28,90,1,127,-,1,212,-,1,285,-,1,560,-,1,645,-,0,,,TP,300.00,700
2025.08.20 01:13,2025.08.20 12:53,BUY,Swing,3312.884,3309.011,38.7,299.5,14.1,7.73,0.36,1,4,12,1,5,12,1,28,90,1,127,-,1,212,-,1,285,-,1,560,-,1,645,-,0,,,TP,300.00,700
2025.08.20 01:10,2025.08.20 12:58,BUY,LienKe,3313.989,3309.011,49.8,294.5,25.1,5.92,0.50,1,1,2,1,31,56,1,34,56,1,186,-,1,284,-,1,289,-,1,603,-,1,654,-,0,,,TP,300.00,708
2025.08.20 01:10,2025.08.20 12:58,BUY,Swing,3313.989,3309.011,49.8,294.5,25.1,5.92,0.50,1,1,2,1,31,56,1,34,56,1,186,-,1,284,-,1,289,-,1,603,-,1,654,-,0,,,TP,300.00,708
2025.08.21 01:05,2025.08.21 05:01,BUY,LienKe,3341.502,3337.835,36.7,48.5,35.9,1.32,0.98,1,6,75,1,9,75,1,11,75,0,,,0,,,0,,,0,,,0,,,0,,,SL,-36.67,236
2025.08.21 01:05,2025.08.21 05:01,BUY,LienKe,3342.281,3337.835,44.5,40.7,43.7,0.91,0.98,1,7,16,1,10,16,1,32,55,0,,,0,,,0,,,0,,,0,,,0,,,SL,-44.46,236
2025.08.21 04:39,2025.08.21 06:22,BUY,Swing,3339.143,3335.644,35.0,14.9,22.9,0.43,0.65,1,54,59,0,,,0,,,0,,,0,,,0,,,0,,,0,,,0,,,SL,-34.99,103
2025.08.21 04:30,2025.08.21 06:22,BUY,Swing,3340.177,3335.644,45.3,8.7,33.2,0.19,0.73,0,,,0,,,0,,,0,,,0,,,0,,,0,,,0,,,0,,,SL,-45.33,112
2025.08.21 05:07,2025.08.21 06:29,BUY,LienKe,3337.836,3334.407,34.3,28.0,33.3,0.82,0.97,1,11,18,1,12,18,0,,,0,,,0,,,0,,,0,,,0,,,0,,,SL,-34.29,82
2025.08.21 05:05,2025.08.21 06:29,BUY,LienKe,3338.640,3334.407,42.3,20.0,41.3,0.47,0.98,1,15,18,0,,,0,,,0,,,0,,,0,,,0,,,0,,,0,,,SL,-42.33,84
2025.08.21 10:00,2025.08.21 12:35,SELL,Swing,3341.496,3345.191,36.9,162.1,33.4,4.39,0.90,1,2,130,1,9,130,1,30,130,1,35,130,1,39,130,1,41,130,1,62,130,0,,,0,,,SL,-36.95,154
2025.08.21 09:55,2025.08.21 12:35,SELL,LienKe,3340.268,3345.191,49.2,149.8,45.7,3.04,0.93,1,26,132,1,38,132,1,39,132,1,41,132,1,45,132,1,47,132,0,,,0,,,0,,,SL,-49.23,160
2025.08.21 09:55,2025.08.21 12:35,SELL,Swing,3340.268,3345.191,49.2,149.8,45.7,3.04,0.93,1,26,132,1,38,132,1,39,132,1,41,132,1,45,132,1,47,132,0,,,0,,,0,,,SL,-49.23,160
2025.08.21 12:16,2025.08.21 13:30,SELL,Swing,3342.117,3345.806,36.9,55.6,35.7,1.51,0.97,1,2,17,1,3,17,1,7,17,1,9,17,0,,,0,,,0,,,0,,,0,,,SL,-36.89,74
2025.08.21 12:15,2025.08.21 13:30,SELL,Swing,3341.555,3345.806,42.5,50.0,41.3,1.18,0.97,1,0,1,1,5,18,1,9,18,0,,,0,,,0,,,0,,,0,,,0,,,SL,-42.51,75
2025.08.21 23:33,2025.08.22 01:53,BUY,Swing,3337.657,3334.356,33.0,25.7,32.0,0.78,0.97,1,3,29,1,84,109,0,,,0,,,0,,,0,,,0,,,0,,,0,,,SL,-38.36,140
2025.08.21 23:20,2025.08.22 01:53,BUY,Swing,3338.121,3334.356,37.6,21.0,36.6,0.56,0.97,1,17,33,1,100,118,0,,,0,,,0,,,0,,,0,,,0,,,0,,,SL,-43.00,153
2025.08.22 08:25,2025.08.22 12:32,BUY,LienKe,3328.293,3322.332,59.6,34.6,32.9,0.58,0.55,1,1,16,1,2,16,1,42,63,0,,,0,,,0,,,0,,,0,,,0,,,SL,-59.61,247
2025.08.22 08:25,2025.08.22 12:32,BUY,Swing,3328.293,3322.332,59.6,34.6,32.9,0.58,0.55,1,1,16,1,2,16,1,42,63,0,,,0,,,0,,,0,,,0,,,0,,,SL,-59.61,247
2025.08.22 01:10,2025.08.22 14:00,SELL,LienKe,3339.268,3343.225,39.6,176.6,4.8,4.46,0.12,1,8,-,1,12,-,1,40,-,1,43,-,1,188,-,1,202,-,1,682,-,0,,,0,,,SL,-39.57,770
2025.08.25 22:10,2025.08.26 00:14,SELL,LienKe,3365.313,3370.153,48.4,139.0,23.0,2.87,0.47,1,21,38,1,55,122,1,61,122,1,62,122,1,66,122,1,71,122,0,,,0,,,0,,,SL,-48.40,124
2025.08.25 15:06,2025.08.26 00:23,SELL,LienKe,3375.056,3378.721,36.6,236.4,36.4,6.45,0.99,1,14,16,1,24,550,1,34,550,1,230,550,1,284,550,1,313,550,1,486,550,1,494,550,0,,,SL,-36.65,556
2025.08.25 15:05,2025.08.26 00:23,SELL,LienKe,3374.349,3378.721,43.7,229.4,43.5,5.25,0.99,1,25,42,1,35,42,1,171,551,1,239,551,1,289,551,1,446,551,1,488,551,1,496,551,0,,,SL,-43.72,558
2025.08.26 07:50,2025.08.26 15:13,SELL,Swing,3378.391,3382.121,37.3,109.7,33.3,2.94,0.89,1,3,12,1,5,12,1,70,88,1,100,218,1,119,218,1,165,218,0,,,0,,,0,,,SL,-37.30,443
2025.08.26 07:50,2025.08.26 15:13,SELL,LienKe,3377.702,3382.121,44.2,102.8,40.2,2.33,0.91,1,3,7,1,70,78,1,99,209,1,100,209,1,119,209,1,167,209,0,,,0,,,0,,,SL,-44.19,443
2025.08.26 07:50,2025.08.26 15:13,SELL,Swing,3377.702,3382.121,44.2,102.8,40.2,2.33,0.91,1,3,7,1,70,78,1,99,209,1,100,209,1,119,209,1,167,209,0,,,0,,,0,,,SL,-44.19,443
2025.08.26 11:50,2025.08.26 15:25,SELL,Swing,3379.011,3383.360,43.5,84.8,40.7,1.95,0.94,1,0,7,1,9,15,1,40,51,1,66,183,1,73,183,0,,,0,,,0,,,0,,,SL,-43.49,215
2025.08.26 22:25,2025.08.27 01:19,BUY,LienKe,3390.334,3385.738,46.0,32.2,45.3,0.70,0.99,1,7,21,1,57,75,1,114,128,0,,,0,,,0,,,0,,,0,,,0,,,SL,-51.31,174
2025.08.27 03:28,2025.08.27 04:20,BUY,LienKe,3382.137,3378.758,33.8,11.6,32.5,0.34,0.96,1,23,24,0,,,0,,,0,,,0,,,0,,,0,,,0,,,0,,,SL,-33.79,52
2025.08.27 03:25,2025.08.27 04:20,BUY,LienKe,3382.674,3378.758,39.2,6.2,37.9,0.16,0.97,0,,,0,,,0,,,0,,,0,,,0,,,0,,,0,,,0,,,SL,-39.16,55
2025.08.28 01:05,2025.08.28 01:35,BUY,LienKe,3390.772,3386.993,37.8,21.5,33.5,0.57,0.89,1,5,8,1,6,8,0,,,0,,,0,,,0,,,0,,,0,,,0,,,SL,-37.79,30
2025.08.28 01:05,2025.08.28 01:35,BUY,LienKe,3391.678,3386.993,46.8,12.5,42.5,0.27,0.91,1,6,7,0,,,0,,,0,,,0,,,0,,,0,,,0,,,0,,,SL,-46.85,30
2025.08.27 23:29,2025.08.28 11:25,SELL,LienKe,3398.575,3402.073,35.0,138.1,33.0,3.95,0.94,1,20,548,1,20,548,1,28,548,1,85,548,1,91,548,1,112,548,0,,,0,,,0,,,SL,-34.98,716
2025.08.27 23:29,2025.08.28 11:25,SELL,Swing,3398.575,3402.073,35.0,138.1,33.0,3.95,0.94,1,20,548,1,20,548,1,28,548,1,85,548,1,91,548,1,112,548,0,,,0,,,0,,,SL,-34.98,716
2025.08.27 23:10,2025.08.28 11:25,SELL,LienKe,3397.415,3402.073,46.6,126.5,44.5,2.72,0.96,1,39,56,1,47,56,1,102,485,1,105,485,1,131,485,1,145,485,0,,,0,,,0,,,SL,-46.58,735
2025.08.27 23:10,2025.08.28 11:25,SELL,Swing,3397.415,3402.073,46.6,126.5,44.5,2.72,0.96,1,39,56,1,47,56,1,102,485,1,105,485,1,131,485,1,145,485,0,,,0,,,0,,,SL,-46.58,735
2025.08.28 14:00,2025.08.28 14:40,SELL,LienKe,3407.277,3413.415,61.4,6.6,48.9,0.11,0.80,0,,,0,,,0,,,0,,,0,,,0,,,0,,,0,,,0,,,SL,-61.38,40
2025.08.29 05:14,2025.08.29 11:11,BUY,Swing,3407.987,3404.483,35.0,68.9,34.9,1.97,0.99,1,17,28,1,22,28,1,46,89,1,168,257,0,,,0,,,0,,,0,,,0,,,SL,-35.04,357
2025.08.29 04:25,2025.08.29 11:11,BUY,Swing,3408.715,3404.483,42.3,61.6,42.1,1.46,1.00,1,70,76,1,90,138,1,96,138,1,227,304,0,,,0,,,0,,,0,,,0,,,SL,-42.32,406
2025.08.29 11:15,2025.08.29 14:13,BUY,LienKe,3405.209,3401.313,39.0,298.4,3.7,7.66,0.09,1,2,9,1,14,-,1,17,-,1,36,-,1,80,-,1,91,-,1,123,-,1,146,-,0,,,TP,300.00,178
2025.08.28 15:28,2025.08.29 14:14,BUY,LienKe,3406.658,3402.501,41.6,299.2,23.4,7.20,0.56,1,6,8,1,22,961,1,23,961,1,32,961,1,49,961,1,63,961,1,265,961,1,1343,-,0,,,TP,294.65,1365
2025.08.28 15:25,2025.08.29 14:31,BUY,LienKe,3408.012,3402.501,55.1,298.1,37.0,5.41,0.67,1,25,614,1,26,614,1,35,614,1,46,614,1,65,614,1,147,614,1,272,614,1,1353,-,0,,,TP,294.65,1386
2025.08.29 19:33,2025.08.29 19:45,SELL,LienKe,3445.091,3448.792,37.0,0.0,30.8,0.00,0.83,0,,,0,,,0,,,0,,,0,,,0,,,0,,,0,,,0,,,SL,-37.01,12
2025.08.29 19:20,2025.08.29 19:45,SELL,LienKe,3444.310,3448.792,44.8,4.7,38.6,0.11,0.86,0,,,0,,,0,,,0,,,0,,,0,,,0,,,0,,,0,,,SL,-44.82,25
2025.08.29 16:34,2025.08.29 19:50,SELL,LienKe,3447.330,3451.429,41.0,61.8,35.3,1.51,0.86,1,6,9,1,66,190,1,66,190,1,75,190,0,,,0,,,0,,,0,,,0,,,SL,-40.99,196
2025.08.29 16:10,2025.08.29 19:50,SELL,LienKe,3446.169,3451.429,52.6,50.2,46.9,0.95,0.89,1,0,0,1,4,14,1,5,14,1,100,204,0,,,0,,,0,,,0,,,0,,,SL,-52.60,220
2025.09.01 05:47,2025.09.01 06:23,SELL,LienKe,3479.720,3485.790,60.7,28.2,53.0,0.46,0.87,1,12,14,1,12,14,0,,,0,,,0,,,0,,,0,,,0,,,0,,,SL,-60.70,36
2025.09.01 05:40,2025.09.01 06:23,SELL,LienKe,3476.947,3485.790,88.4,21.7,80.8,0.25,0.91,1,0,5,1,4,5,0,,,0,,,0,,,0,,,0,,,0,,,0,,,SL,-88.43,43
2025.09.01 22:34,2025.09.02 00:28,SELL,Swing,3478.896,3483.401,45.0,42.1,44.6,0.93,0.99,1,7,47,1,17,47,1,20,47,0,,,0,,,0,,,0,,,0,,,0,,,SL,-45.05,114
2025.09.01 22:10,2025.09.02 00:28,SELL,Swing,3477.389,3483.401,60.1,27.0,59.7,0.45,0.99,1,42,53,1,50,53,0,,,0,,,0,,,0,,,0,,,0,,,0,,,SL,-60.12,138
2025.09.01 10:16,2025.09.02 01:29,BUY,LienKe,3467.545,3463.276,42.7,291.3,4.7,6.82,0.11,1,0,112,1,1,112,1,2,112,1,7,112,1,170,-,1,173,-,1,827,-,1,897,-,0,,,TP,294.65,913
2025.09.01 10:15,2025.09.02 01:33,BUY,Swing,3467.865,3463.276,45.9,299.8,7.9,6.53,0.17,1,1,94,1,2,94,1,3,94,1,16,94,1,172,-,1,174,-,1,833,-,1,899,-,0,,,TP,294.65,917
2025.09.01 10:05,2025.09.02 01:37,BUY,LienKe,3468.937,3463.276,56.6,293.3,18.6,5.18,0.33,1,2,10,1,4,10,1,5,10,1,181,-,1,183,-,1,228,-,1,868,-,1,909,-,0,,,TP,294.65,932
2025.09.01 10:05,2025.09.02 01:37,BUY,Swing,3468.937,3463.276,56.6,293.3,18.6,5.18,0.33,1,2,10,1,4,10,1,5,10,1,181,-,1,183,-,1,228,-,1,868,-,1,909,-,0,,,TP,294.65,932
2025.09.01 15:55,2025.09.02 01:46,BUY,LienKe,3474.745,3470.423,43.2,296.4,24.2,6.86,0.56,1,45,426,1,52,426,1,92,426,1,372,426,1,493,-,1,521,-,1,561,-,1,565,-,0,,,TP,294.65,591
2025.09.02 04:16,2025.09.02 14:08,SELL,LienKe,3495.752,3499.290,35.4,254.0,27.3,7.18,0.77,1,3,16,1,10,16,1,73,79,1,118,591,1,128,591,1,130,591,1,187,591,1,217,591,0,,,SL,-35.38,592
2025.09.02 04:15,2025.09.02 14:08,SELL,LienKe,3495.296,3499.290,39.9,249.4,31.9,6.24,0.80,1,5,17,1,71,80,1,76,80,1,120,592,1,129,592,1,131,592,1,214,592,1,218,592,0,,,SL,-39.94,593
2025.09.02 08:10,2025.09.02 14:25,BUY,LienKe,3472.548,3467.194,53.5,295.3,2.8,5.51,0.05,1,0,-,1,1,-,1,2,-,1,4,-,1,36,-,1,120,-,1,221,-,1,233,-,0,,,TP,300.00,375
2025.09.03 08:20,2025.09.03 11:03,SELL,Swing,3538.164,3542.920,47.6,57.1,42.7,1.20,0.90,1,14,17,1,75,77,1,93,131,1,103,131,0,,,0,,,0,,,0,,,0,,,SL,-47.56,163
2025.09.03 08:15,2025.09.03 11:03,SELL,Swing,3536.606,3542.920,63.1,41.5,58.3,0.66,0.92,1,96,100,1,102,131,1,108,131,0,,,0,,,0,,,0,,,0,,,0,,,SL,-63.14,168
2025.09.03 06:00,2025.09.03 13:28,BUY,Swing,3530.118,3523.781,63.4,280.6,8.3,4.43,0.13,1,0,80,1,4,80,1,5,80,1,33,80,1,125,-,1,145,-,1,312,-,1,416,-,0,,,TP,300.00,448
2025.09.03 10:10,2025.09.03 14:24,BUY,LienKe,3533.675,3529.975,37.0,287.7,13.8,7.77,0.37,1,8,-,1,10,-,1,17,-,1,21,-,1,45,-,1,55,-,1,83,-,1,171,-,0,,,TP,300.00,254
2025.09.03 10:05,2025.09.03 14:24,BUY,LienKe,3534.775,3529.975,48.0,276.7,24.8,5.76,0.52,1,2,2,1,22,-,1,26,-,1,46,-,1,58,-,1,67,-,1,170,-,1,177,-,0,,,TP,300.00,259
2025.09.04 05:50,2025.09.04 05:52,BUY,LienKe,3529.251,3525.672,35.8,0.0,26.6,0.00,0.74,0,,,0,,,0,,,0,,,0,,,0,,,0,,,0,,,0,,,SL,-35.79,2
2025.09.04 05:25,2025.09.04 05:52,BUY,LienKe,3530.159,3525.672,44.9,39.8,35.7,0.89,0.80,1,4,9,1,5,9,1,17,24,0,,,0,,,0,,,0,,,0,,,0,,,SL,-44.87,27
2025.09.04 12:20,2025.09.04 13:37,SELL,LienKe,3547.523,3556.912,93.9,76.5,89.0,0.82,0.95,1,4,10,1,6,10,1,8,10,1,16,23,0,,,0,,,0,,,0,,,0,,,SL,-93.89,77
2025.09.04 06:05,2025.09.04 13:37,BUY,LienKe,3527.404,3521.440,59.6,288.6,3.9,4.84,0.07,1,0,2,1,4,-,1,5,-,1,8,-,1,21,-,1,23,-,1,115,-,1,345,-,0,,,TP,300.00,452
2025.09.04 16:14,2025.09.05 03:32,SELL,LienKe,3553.790,3557.742,39.5,137.2,28.7,3.47,0.73,1,9,11,1,9,11,1,34,47,1,73,453,1,81,453,1,93,453,0,,,0,,,0,,,SL,-39.52,678
2025.09.04 16:05,2025.09.05 03:32,SELL,LienKe,3552.728,3557.742,50.1,126.6,39.4,2.52,0.79,1,19,19,1,43,50,1,44,50,1,82,462,1,101,462,1,113,462,0,,,0,,,0,,,SL,-50.14,687
2025.09.05 09:10,2025.09.05 09:49,SELL,LienKe,3549.579,3553.303,37.2,15.4,37.1,0.41,1.00,1,16,22,0,,,0,,,0,,,0,,,0,,,0,,,0,,,0,,,SL,-37.24,38
2025.09.05 09:10,2025.09.05 09:49,SELL,LienKe,3548.846,3553.303,44.6,8.0,44.5,0.18,1.00,0,,,0,,,0,,,0,,,0,,,0,,,0,,,0,,,0,,,SL,-44.57,39
2025.09.05 04:56,2025.09.05 12:30,SELL,LienKe,3558.890,3562.244,33.5,140.1,24.2,4.18,0.72,1,15,36,1,27,36,1,67,-,1,71,-,1,81,-,1,88,-,0,,,0,,,0,,,SL,-33.54,454
2025.09.05 04:45,2025.09.05 12:30,SELL,LienKe,3558.520,3562.244,37.2,136.4,27.9,3.66,0.75,1,6,8,1,39,47,1,80,-,1,82,-,1,92,-,1,102,-,0,,,0,,,0,,,SL,-37.24,465
2025.09.04 11:21,2025.09.05 12:30,BUY,Swing,3537.410,3533.558,38.5,237.4,23.6,6.16,0.61,1,2,162,1,3,162,1,5,162,1,16,162,1,22,162,1,29,162,1,54,162,1,136,162,0,,,TP,294.65,1509
2025.09.04 11:15,2025.09.05 12:30,BUY,Swing,3540.165,3533.558,66.1,209.9,51.2,3.18,0.77,1,18,20,1,22,113,1,23,113,1,24,113,1,35,113,1,60,113,1,137,165,1,1072,-,0,,,TP,294.65,1515
2025.09.05 07:35,2025.09.05 12:32,BUY,LienKe,3548.343,3544.535,38.1,287.0,36.2,7.54,0.95,1,9,15,1,11,15,1,128,257,1,138,257,1,295,-,1,295,-,1,295,-,1,295,-,0,,,TP,300.00,297
2025.09.05 07:35,2025.09.05 12:33,BUY,LienKe,3549.513,3544.535,49.8,299.0,47.9,6.01,0.96,1,12,13,1,129,185,1,133,185,1,216,228,1,295,-,1,295,-,1,295,-,1,295,-,0,,,TP,300.00,298
2025.09.05 17:13,2025.09.05 20:02,BUY,LienKe,3591.560,3587.504,40.6,58.8,24.0,1.45,0.59,1,1,168,1,2,168,1,8,168,1,16,168,0,,,0,,,0,,,0,,,0,,,SL,-40.56,169
2025.09.05 17:10,2025.09.05 20:02,BUY,LienKe,3592.818,3587.504,53.1,46.2,36.6,0.87,0.69,1,6,7,1,11,64,1,13,64,0,,,0,,,0,,,0,,,0,,,0,,,SL,-53.14,172
2025.09.08 00:32,2025.09.08 03:47,BUY,LienKe,3587.553,3583.886,36.7,96.6,36.6,2.63,1.00,1,0,3,1,7,38,1,21,38,1,22,38,1,28,38,0,,,0,,,0,,,0,,,SL,-36.67,195
2025.09.08 00:15,2025.09.08 03:47,BUY,LienKe,3589.432,3583.886,55.5,77.8,55.4,1.40,1.00,1,0,3,1,10,15,1,39,54,1,45,54,0,,,0,,,0,,,0,,,0,,,SL,-55.46,212
2025.09.08 04:40,2025.09.08 07:34,BUY,LienKe,3581.501,3576.577,49.2,298.5,6.5,6.06,0.13,1,9,16,1,29,-,1,55,-,1,59,-,1,74,-,1,75,-,1,123,-,1,150,-,0,,,TP,300.00,174
2025.09.08 04:05,2025.09.08 07:44,BUY,LienKe,3583.565,3576.577,69.9,299.3,27.2,4.28,0.39,1,17,18,1,91,-,1,94,-,1,104,-,1,115,-,1,128,-,1,160,-,1,186,-,0,,,TP,300.00,219
2025.09.08 13:07,2025.09.08 13:45,SELL,LienKe,3627.642,3632.299,46.6,71.6,46.5,1.54,1.00,1,0,1,1,10,36,1,14,36,1,24,36,0,,,0,,,0,,,0,,,0,,,SL,-46.57,38
2025.09.08 13:05,2025.09.08 13:45,SELL,LienKe,3625.934,3632.299,63.6,54.5,63.6,0.86,1.00,1,0,2,1,1,2,1,26,30,1,27,30,0,,,0,,,0,,,0,,,0,,,SL,-63.65,40
2025.09.08 23:16,2025.09.09 05:51,BUY,LienKe,3629.149,3625.795,33.5,298.7,9.6,8.91,0.29,1,4,-,1,11,-,1,33,-,1,35,-,1,56,-,1,62,-,1,124,-,1,172,-,0,,,TP,294.65,394
2025.09.09 03:32,2025.09.09 06:05,BUY,LienKe,3645.432,3640.762,46.7,138.7,27.7,2.97,0.59,1,2,3,1,31,-,1,36,-,1,51,-,1,67,-,1,73,-,0,,,0,,,0,,,SL,0.00,153
2025.09.09 03:20,2025.09.09 06:05,BUY,LienKe,3647.894,3640.762,71.3,114.1,52.3,1.60,0.73,1,6,8,1,61,-,1,63,-,1,71,-,1,85,-,1,140,-,0,,,0,,,0,,,SL,0.00,165
2025.09.08 23:05,2025.09.09 13:27,BUY,LienKe,3630.036,3625.795,42.4,292.6,18.4,6.90,0.43,1,4,10,1,44,-,1,46,-,1,46,-,1,72,-,1,77,-,1,136,-,1,183,-,0,,,TP,294.65,862
2025.09.09 17:12,2025.09.09 18:46,BUY,LienKe,3644.183,3640.030,41.5,18.3,34.9,0.44,0.84,1,9,16,0,,,0,,,0,,,0,,,0,,,0,,,0,,,0,,,SL,-41.53,94
2025.09.09 17:10,2025.09.09 18:46,BUY,LienKe,3645.600,3640.030,55.7,6.0,49.0,0.11,0.88,0,,,0,,,0,,,0,,,0,,,0,,,0,,,0,,,0,,,SL,-55.70,96
2025.09.09 20:55,2025.09.09 22:29,BUY,Swing,3627.588,3623.667,39.2,26.7,24.6,0.68,0.63,1,71,80,1,71,80,0,,,0,,,0,,,0,,,0,,,0,,,0,,,SL,-39.21,94
2025.09.09 20:50,2025.09.09 22:29,BUY,Swing,3629.590,3623.667,59.2,6.7,44.6,0.11,0.75,0,,,0,,,0,,,0,,,0,,,0,,,0,,,0,,,0,,,SL,-59.23,99
2025.09.09 23:05,2025.09.09 23:22,SELL,LienKe,3636.775,3640.829,40.5,20.5,34.8,0.51,0.86,1,2,6,1,3,6,0,,,0,,,0,,,0,,,0,,,0,,,0,,,SL,-40.54,17
2025.09.09 23:05,2025.09.09 23:22,SELL,LienKe,3635.784,3640.829,50.5,10.6,44.7,0.21,0.89,1,4,5,0,,,0,,,0,,,0,,,0,,,0,,,0,,,0,,,SL,-50.45,17
2025.09.10 12:20,2025.09.10 12:38,BUY,LienKe,3648.653,3644.163,44.9,87.6,27.4,1.95,0.61,1,1,4,1,10,16,1,10,16,1,10,16,1,10,16,0,,,0,,,0,,,0,,,SL,-44.90,18
2025.09.10 12:20,2025.09.10 12:38,BUY,LienKe,3650.045,3644.163,58.8,73.7,41.3,1.25,0.70,1,10,13,1,10,13,1,10,13,1,10,13,0,,,0,,,0,,,0,,,0,,,SL,-58.82,18
2025.09.11 06:26,2025.09.11 06:44,SELL,LienKe,3633.447,3637.250,38.0,15.0,33.6,0.39,0.88,1,6,7,0,,,0,,,0,,,0,,,0,,,0,,,0,,,0,,,SL,-38.03,17
2025.09.11 06:25,2025.09.11 06:44,SELL,LienKe,3632.046,3637.250,52.0,5.0,47.6,0.10,0.91,0,,,0,,,0,,,0,,,0,,,0,,,0,,,0,,,0,,,SL,-52.04,19
2025.09.11 01:24,2025.09.11 09:15,SELL,LienKe,3646.934,3650.649,37.1,282.7,23.6,7.61,0.64,1,4,5,1,11,-,1,12,-,1,23,-,1,60,-,1,66,-,1,129,-,1,248,-,0,,,TP,300.00,471
2025.09.11 01:15,2025.09.11 09:15,SELL,LienKe,3646.212,3650.649,44.4,275.5,30.8,6.21,0.69,1,5,7,1,21,-,1,26,-,1,34,-,1,70,-,1,75,-,1,149,-,1,257,-,0,,,TP,300.00,480
2025.09.11 22:25,2025.09.12 01:02,SELL,LienKe,3637.246,3641.275,40.3,65.6,16.6,1.63,0.41,1,7,147,1,19,147,1,22,147,1,88,147,0,,,0,,,0,,,0,,,0,,,SL,-40.29,157
2025.09.11 20:10,2025.09.12 01:02,SELL,LienKe,3636.630,3640.634,40.0,59.4,22.8,1.48,0.57,1,2,122,1,23,122,1,31,122,1,248,279,0,,,0,,,0,,,0,,,0,,,SL,-40.04,292
2025.09.12 03:21,2025.09.12 04:31,SELL,LienKe,3651.207,3655.427,42.2,8.4,40.5,0.20,0.96,0,,,0,,,0,,,0,,,0,,,0,,,0,,,0,,,0,,,SL,-42.20,70
2025.09.12 03:20,2025.09.12 04:31,SELL,LienKe,3649.715,3655.427,57.1,2.8,55.4,0.05,0.97,0,,,0,,,0,,,0,,,0,,,0,,,0,,,0,,,0,,,SL,-57.12,71
2025.09.12 06:06,2025.09.12 06:43,BUY,LienKe,3652.373,3648.666,37.1,17.4,35.8,0.47,0.97,1,8,12,0,,,0,,,0,,,0,,,0,,,0,,,0,,,0,,,SL,-37.07,37
2025.09.12 06:05,2025.09.12 06:43,BUY,LienKe,3653.529,3648.666,48.6,5.8,47.4,0.12,0.97,0,,,0,,,0,,,0,,,0,,,0,,,0,,,0,,,0,,,SL,-48.63,38
2025.09.15 05:20,2025.09.15 06:42,BUY,LienKe,3644.505,3639.318,51.9,17.1,46.5,0.33,0.90,1,1,11,0,,,0,,,0,,,0,,,0,,,0,,,0,,,0,,,SL,-51.87,82
2025.09.14 22:10,2025.09.15 12:50,SELL,LienKe,3644.505,3649.044,45.4,178.0,44.8,3.92,0.99,1,5,256,1,10,256,1,10,256,1,56,256,1,113,256,1,149,256,1,171,256,0,,,0,,,SL,-45.39,880
2025.09.12 04:08,2025.09.15 13:37,SELL,LienKe,3653.735,3657.226,34.9,270.3,34.0,7.74,0.97,1,2,9,1,122,129,1,137,185,1,154,185,1,243,608,1,245,608,1,297,608,1,4111,4872,0,,,SL,-34.91,4889
2025.09.12 04:05,2025.09.15 13:37,SELL,LienKe,3653.321,3657.226,39.1,266.2,38.1,6.82,0.98,1,2,3,1,135,185,1,140,185,1,219,596,1,246,596,1,249,596,1,300,596,1,4120,4875,0,,,SL,-39.05,4892
2025.09.15 12:26,2025.09.15 15:45,BUY,LienKe,3639.065,3633.946,51.2,299.4,17.9,5.85,0.35,1,5,-,1,6,-,1,9,-,1,12,-,1,21,-,1,24,-,1,65,-,1,71,-,0,,,TP,300.00,199
2025.09.15 12:25,2025.09.15 15:47,BUY,LienKe,3639.852,3633.946,59.1,294.5,25.8,4.99,0.44,1,7,-,1,10,-,1,12,-,1,19,-,1,22,-,1,25,-,1,67,-,1,73,-,0,,,TP,300.00,202
2025.09.16 03:36,2025.09.16 06:18,SELL,LienKe,3682.302,3685.865,35.6,19.8,33.9,0.56,0.95,1,4,31,0,,,0,,,0,,,0,,,0,,,0,,,0,,,0,,,SL,-35.63,162
2025.09.16 03:35,2025.09.16 06:18,SELL,LienKe,3681.753,3685.865,41.1,14.3,39.3,0.35,0.96,1,23,30,0,,,0,,,0,,,0,,,0,,,0,,,0,,,0,,,SL,-41.12,163
2025.09.16 06:11,2025.09.16 06:37,SELL,LienKe,3684.126,3687.771,36.4,13.9,35.4,0.38,0.97,1,2,5,0,,,0,,,0,,,0,,,0,,,0,,,0,,,0,,,SL,-36.45,26
2025.09.16 06:05,2025.09.16 06:37,SELL,LienKe,3683.508,3687.771,42.6,16.1,41.6,0.38,0.98,1,4,5,0,,,0,,,0,,,0,,,0,,,0,,,0,,,0,,,SL,-42.63,32
2025.09.16 06:25,2025.09.16 06:44,SELL,Swing,3685.467,3689.967,45.0,10.8,40.2,0.24,0.89,1,6,7,0,,,0,,,0,,,0,,,0,,,0,,,0,,,0,,,SL,-45.00,19
2025.09.16 06:25,2025.09.16 06:44,SELL,Swing,3685.444,3689.967,45.2,10.6,40.4,0.23,0.89,1,6,7,0,,,0,,,0,,,0,,,0,,,0,,,0,,,0,,,SL,-45.23,19
2025.09.16 12:38,2025.09.16 15:05,BUY,LienKe,3689.524,3684.739,47.8,135.6,44.0,2.83,0.92,1,11,12,1,46,115,1,48,115,1,51,115,1,60,115,1,96,115,0,,,0,,,0,,,SL,-47.85,147
2025.09.16 12:35,2025.09.16 15:05,BUY,LienKe,3691.577,3684.739,68.4,115.1,64.6,1.68,0.94,1,0,2,1,53,117,1,55,117,1,61,117,1,100,117,1,102,117,0,,,0,,,0,,,SL,-68.38,150
2025.09.15 18:20,2025.09.17 02:38,BUY,LienKe,3678.921,3674.551,43.7,241.7,42.1,5.53,0.96,1,1,16,1,75,156,1,84,156,1,370,415,1,400,415,1,400,415,1,759,1275,1,1051,1275,0,,,SL,-54.40,1938
2025.09.17 01:42,2025.09.17 06:40,BUY,Swing,3678.695,3673.464,52.3,71.6,49.3,1.37,0.94,1,4,5,1,14,18,1,32,40,1,69,231,0,,,0,,,0,,,0,,,0,,,SL,-52.31,298
2025.09.17 01:40,2025.09.17 06:40,BUY,Swing,3681.065,3673.464,76.0,47.9,73.0,0.63,0.96,1,0,0,1,69,85,1,204,221,0,,,0,,,0,,,0,,,0,,,0,,,SL,-76.01,300
2025.09.16 02:40,2025.09.17 06:40,BUY,LienKe,3677.403,3673.289,41.1,256.9,36.4,6.24,0.88,1,9,19,1,12,19,1,34,1377,1,50,1377,1,134,1377,1,236,1377,1,247,1377,1,403,1377,0,,,SL,-46.49,1680
2025.09.16 02:40,2025.09.17 06:40,BUY,LienKe,3679.352,3673.289,60.6,237.4,55.9,3.91,0.92,1,34,775,1,38,775,1,50,775,1,132,775,1,236,775,1,244,775,1,333,775,1,551,775,0,,,SL,-65.98,1680
2025.09.15 23:51,2025.09.17 06:40,BUY,LienKe,3676.952,3673.131,38.2,261.4,31.9,6.84,0.83,1,9,13,1,10,13,1,24,167,1,31,167,1,41,167,1,69,167,1,416,1546,1,504,1546,0,,,SL,-48.91,1849
2025.09.15 23:50,2025.09.17 06:40,BUY,LienKe,3677.948,3673.131,48.2,251.4,41.8,5.22,0.87,1,11,12,1,25,87,1,27,87,1,39,87,1,67,87,1,70,87,1,427,1547,1,601,1547,0,,,SL,-58.87,1850
2025.09.17 02:40,2025.09.17 06:44,BUY,LienKe,3677.654,3671.218,64.4,82.0,54.5,1.27,0.85,1,0,180,1,2,180,1,3,180,1,9,180,1,148,180,0,,,0,,,0,,,0,,,SL,-64.36,244
2025.09.16 02:50,2025.09.17 06:44,BUY,Swing,3678.709,3671.711,70.0,243.8,65.0,3.48,0.93,1,2,8,1,25,1367,1,31,1367,1,121,1367,1,212,1367,1,233,1367,1,248,1367,1,422,1367,0,,,SL,-75.33,1674
2025.09.17 15:17,2025.09.17 18:00,SELL,LienKe,3686.274,3690.155,38.8,74.9,24.3,1.93,0.63,1,2,4,1,32,48,1,37,48,1,123,150,0,,,0,,,0,,,0,,,0,,,SL,-38.81,162
2025.09.17 15:15,2025.09.17 18:00,SELL,LienKe,3685.346,3690.155,48.1,65.7,33.6,1.37,0.70,1,34,45,1,39,45,1,108,142,1,125,142,0,,,0,,,0,,,0,,,0,,,SL,-48.09,165
2025.09.17 11:05,2025.09.17 18:00,BUY,LienKe,3662.046,3656.843,52.0,265.0,13.6,5.09,0.26,1,4,6,1,7,-,1,8,-,1,17,-,1,62,-,1,75,-,1,103,-,1,152,-,0,,,TP,300.00,415
2025.09.17 10:50,2025.09.17 18:00,BUY,LienKe,3662.316,3657.560,47.6,262.3,24.7,5.52,0.52,1,2,4,1,22,-,1,31,-,1,33,-,1,78,-,1,108,-,1,118,-,1,167,-,0,,,TP,300.00,429
2025.09.17 10:50,2025.09.17 18:00,BUY,Swing,3662.316,3657.560,47.6,262.3,24.7,5.52,0.52,1,2,4,1,22,-,1,31,-,1,33,-,1,78,-,1,108,-,1,118,-,1,167,-,0,,,TP,300.00,429
2025.09.17 10:15,2025.09.17 18:00,BUY,LienKe,3665.444,3657.560,78.8,231.0,56.0,2.93,0.71,1,0,1,1,0,1,1,79,98,1,113,-,1,144,-,1,151,-,1,199,-,1,265,-,0,,,TP,300.00,465
2025.09.17 10:15,2025.09.17 18:00,BUY,Swing,3665.444,3657.560,78.8,231.0,56.0,2.93,0.71,1,0,1,1,0,1,1,79,98,1,113,-,1,144,-,1,151,-,1,199,-,1,265,-,0,,,TP,300.00,465
2025.09.17 22:10,2025.09.18 01:32,BUY,LienKe,3658.727,3652.582,61.4,132.9,59.8,2.16,0.97,1,1,149,1,1,149,1,1,149,1,3,149,1,61,149,1,65,149,0,,,0,,,0,,,SL,-77.50,202
2025.09.18 01:15,2025.09.18 01:38,BUY,LienKe,3658.520,3652.150,63.7,0.0,62.1,0.00,0.98,0,,,0,,,0,,,0,,,0,,,0,,,0,,,0,,,0,,,SL,-63.70,22
2025.09.18 01:15,2025.09.18 01:38,BUY,Swing,3657.439,3652.150,52.9,4.0,51.3,0.08,0.97,0,,,0,,,0,,,0,,,0,,,0,,,0,,,0,,,0,,,SL,-52.89,22
2025.09.18 01:15,2025.09.18 01:38,BUY,LienKe,3661.228,3652.150,90.8,0.0,89.2,0.00,0.98,0,,,0,,,0,,,0,,,0,,,0,,,0,,,0,,,0,,,SL,-90.78,23
2025.09.18 01:15,2025.09.18 01:38,BUY,Swing,3661.228,3652.150,90.8,0.0,89.2,0.00,0.98,0,,,0,,,0,,,0,,,0,,,0,,,0,,,0,,,0,,,SL,-90.78,23
2025.09.18 05:06,2025.09.18 05:54,BUY,LienKe,3653.349,3649.980,33.7,58.4,15.2,1.73,0.45,1,7,33,1,7,33,1,12,33,1,21,33,0,,,0,,,0,,,0,,,0,,,SL,-33.69,48
2025.09.18 05:05,2025.09.18 05:54,BUY,LienKe,3654.228,3649.980,42.5,49.6,24.0,1.17,0.57,1,8,9,1,13,34,1,15,34,0,,,0,,,0,,,0,,,0,,,0,,,SL,-42.48,49
2025.09.18 16:05,2025.09.18 16:18,SELL,LienKe,3642.195,3645.895,37.0,9.3,34.8,0.25,0.94,0,,,0,,,0,,,0,,,0,,,0,,,0,,,0,,,0,,,SL,-37.00,13
2025.09.18 16:05,2025.09.18 16:18,SELL,LienKe,3641.466,3645.895,44.3,2.0,42.1,0.05,0.95,0,,,0,,,0,,,0,,,0,,,0,,,0,,,0,,,0,,,SL,-44.29,13
2025.09.18 23:25,2025.09.19 01:51,BUY,LienKe,3639.417,3636.180,32.4,118.0,31.8,3.65,0.98,1,28,29,1,35,47,1,36,47,1,99,145,1,102,145,1,103,145,0,,,0,,,0,,,SL,-37.72,146
2025.09.18 23:25,2025.09.19 01:51,BUY,LienKe,3639.799,3636.180,36.2,114.2,35.6,3.16,0.98,1,35,42,1,35,42,1,99,145,1,101,145,1,102,145,1,103,145,0,,,0,,,0,,,SL,-41.54,146
2025.09.19 06:13,2025.09.19 06:20,BUY,LienKe,3651.653,3647.894,37.6,6.9,30.7,0.18,0.82,0,,,0,,,0,,,0,,,0,,,0,,,0,,,0,,,0,,,SL,-37.59,7
2025.09.19 06:05,2025.09.19 06:20,BUY,LienKe,3652.650,3647.894,47.6,16.1,40.7,0.34,0.86,1,5,7,0,,,0,,,0,,,0,,,0,,,0,,,0,,,0,,,SL,-47.56,15
2025.09.19 13:07,2025.09.19 15:23,BUY,LienKe,3645.598,3640.763,48.4,296.2,4.2,6.13,0.09,1,1,-,1,4,-,1,4,-,1,5,-,1,7,-,1,22,-,1,49,-,1,91,-,0,,,TP,300.00,136
2025.09.19 13:05,2025.09.19 17:46,BUY,LienKe,3647.630,3640.763,68.7,287.1,24.5,4.18,0.36,1,6,-,1,6,-,1,7,-,1,9,-,1,24,-,1,30,-,1,52,-,1,109,-,0,,,TP,300.00,281
2025.09.22 03:55,2025.09.22 05:50,SELL,Swing,3696.368,3700.484,41.2,61.0,32.6,1.48,0.79,1,1,82,1,8,82,1,12,82,1,27,82,0,,,0,,,0,,,0,,,0,,,SL,-41.16,115
2025.09.22 02:59,2025.09.22 06:44,BUY,LienKe,3686.618,3682.466,41.5,293.4,7.3,7.07,0.18,1,1,-,1,3,-,1,6,-,1,23,-,1,44,-,1,49,-,1,201,-,1,215,-,0,,,TP,300.00,225
2025.09.22 02:50,2025.09.22 06:46,BUY,LienKe,3687.806,3682.466,53.4,294.7,19.2,5.52,0.36,1,2,4,1,15,-,1,26,-,1,48,-,1,57,-,1,155,-,1,215,-,1,224,-,0,,,TP,300.00,236
2025.09.22 02:50,2025.09.22 06:46,BUY,Swing,3687.806,3682.466,53.4,294.7,19.2,5.52,0.36,1,2,4,1,15,-,1,26,-,1,48,-,1,57,-,1,155,-,1,215,-,1,224,-,0,,,TP,300.00,236
2025.09.22 08:31,2025.09.22 09:18,SELL,Swing,3719.066,3722.962,39.0,5.8,36.7,0.15,0.94,0,,,0,,,0,,,0,,,0,,,0,,,0,,,0,,,0,,,SL,-38.96,47
2025.09.22 08:30,2025.09.22 09:18,SELL,Swing,3717.694,3722.962,52.7,0.0,50.4,0.00,0.96,0,,,0,,,0,,,0,,,0,,,0,,,0,,,0,,,0,,,SL,-52.68,48
2025.09.23 04:40,2025.09.23 05:29,SELL,LienKe,3747.011,3750.519,35.1,36.2,33.1,1.03,0.94,1,7,32,1,10,32,1,14,32,0,,,0,,,0,,,0,,,0,,,0,,,SL,-35.08,49
2025.09.23 04:05,2025.09.23 05:29,SELL,LienKe,3746.512,3750.519,40.1,32.9,38.0,0.82,0.95,1,1,24,1,1,24,1,13,24,0,,,0,,,0,,,0,,,0,,,0,,,SL,-40.07,84
2025.09.23 13:55,2025.09.23 14:18,BUY,LienKe,3778.797,3771.265,75.3,61.8,74.0,0.82,0.98,1,1,8,1,1,8,1,1,8,1,2,8,0,,,0,,,0,,,0,,,0,,,SL,-75.32,23
2025.09.23 14:16,2025.09.23 14:20,BUY,LienKe,3775.665,3770.911,47.5,0.0,44.6,0.00,0.94,0,,,0,,,0,,,0,,,0,,,0,,,0,,,0,,,0,,,SL,-47.54,4
2025.09.23 14:10,2025.09.23 14:20,BUY,LienKe,3777.609,3770.911,67.0,26.6,64.0,0.40,0.96,1,0,1,1,0,1,0,,,0,,,0,,,0,,,0,,,0,,,0,,,SL,-66.98,10
2025.09.23 22:10,2025.09.24 01:10,SELL,LienKe,3765.198,3770.597,54.0,61.9,51.4,1.15,0.95,1,4,25,1,14,25,1,18,25,1,115,134,0,,,0,,,0,,,0,,,0,,,SL,-53.99,180
2025.09.24 07:32,2025.09.24 15:34,SELL,LienKe,3776.259,3779.987,37.3,284.3,31.6,7.62,0.85,1,31,33,1,38,-,1,39,-,1,54,-,1,77,-,1,128,-,1,173,-,1,396,-,0,,,TP,300.00,482
2025.09.24 07:25,2025.09.24 15:35,SELL,LienKe,3775.525,3779.987,44.6,296.1,38.9,6.63,0.87,1,1,3,1,46,-,1,49,-,1,64,-,1,84,-,1,135,-,1,180,-,1,404,-,0,,,TP,300.00,490
2025.09.24 12:19,2025.09.24 15:58,SELL,LienKe,3770.140,3773.973,38.3,278.9,30.4,7.28,0.79,1,2,38,1,3,38,1,3,38,1,4,38,1,78,-,1,86,-,1,125,-,1,154,-,0,,,TP,300.00,219
2025.09.24 12:05,2025.09.24 16:16,SELL,LienKe,3769.285,3773.973,46.9,297.5,38.9,6.35,0.83,1,1,13,1,9,13,1,9,13,1,32,45,1,99,-,1,101,-,1,139,-,1,206,-,0,,,TP,300.00,251
2025.09.25 04:45,2025.09.25 06:10,SELL,LienKe,3740.008,3743.726,37.2,57.4,14.7,1.54,0.39,1,1,51,1,5,51,1,16,51,1,28,51,0,,,0,,,0,,,0,,,0,,,SL,-37.18,85
2025.09.25 04:40,2025.09.25 06:10,SELL,LienKe,3738.492,3743.726,52.3,42.2,29.8,0.81,0.57,1,11,14,1,26,55,1,32,55,0,,,0,,,0,,,0,,,0,,,0,,,SL,-52.34,90
2025.09.25 05:41,2025.09.25 06:11,SELL,LienKe,3739.682,3744.316,46.3,32.9,45.8,0.71,0.99,1,0,13,1,1,13,1,11,13,0,,,0,,,0,,,0,,,0,,,0,,,SL,-46.34,30
2025.09.25 05:40,2025.09.25 06:11,SELL,LienKe,3738.037,3744.316,62.8,16.5,62.3,0.26,0.99,1,3,3,0,,,0,,,0,,,0,,,0,,,0,,,0,,,0,,,SL,-62.79,31
2025.09.25 12:46,2025.09.25 12:50,BUY,LienKe,3738.333,3732.329,60.0,9.0,31.6,0.15,0.53,0,,,0,,,0,,,0,,,0,,,0,,,0,,,0,,,0,,,SL,-60.04,4
2025.09.25 12:45,2025.09.25 12:50,BUY,LienKe,3741.903,3732.329,95.7,7.2,67.3,0.07,0.70,0,,,0,,,0,,,0,,,0,,,0,,,0,,,0,,,0,,,SL,-95.74,5
2025.09.25 15:42,2025.09.25 16:11,SELL,LienKe,3735.911,3741.799,58.9,28.3,55.5,0.48,0.94,1,3,3,1,6,17,0,,,0,,,0,,,0,,,0,,,0,,,0,,,SL,-58.88,29
2025.09.25 15:25,2025.09.25 16:11,SELL,LienKe,3733.258,3741.799,85.4,40.2,82.0,0.47,0.96,1,2,8,1,2,8,1,5,8,0,,,0,,,0,,,0,,,0,,,0,,,SL,-85.41,46
2025.09.25 17:24,2025.09.25 18:25,SELL,LienKe,3741.878,3746.190,43.1,52.0,37.6,1.21,0.87,1,0,6,1,0,6,1,2,6,1,47,56,0,,,0,,,0,,,0,,,0,,,SL,-43.12,61
2025.09.25 17:20,2025.09.25 18:25,SELL,LienKe,3739.610,3746.190,65.8,29.3,60.2,0.45,0.92,1,2,3,1,2,3,0,,,0,,,0,,,0,,,0,,,0,,,0,,,SL,-65.80,65
2025.09.25 18:21,2025.09.25 18:28,SELL,LienKe,3744.013,3748.474,44.6,2.4,33.9,0.05,0.76,0,,,0,,,0,,,0,,,0,,,0,,,0,,,0,,,0,,,SL,-44.61,7
2025.09.25 18:05,2025.09.25 18:28,SELL,LienKe,3742.564,3748.474,59.1,58.9,48.4,1.00,0.82,1,3,15,1,4,15,1,5,15,1,6,15,0,,,0,,,0,,,0,,,0,,,SL,-59.10,23
2025.09.26 08:45,2025.09.26 13:07,SELL,Swing,3753.410,3758.206,48.0,103.5,42.3,2.16,0.88,1,4,7,1,29,76,1,31,76,1,38,76,1,120,215,1,123,215,0,,,0,,,0,,,SL,-47.96,262
2025.09.26 03:09,2025.09.26 14:02,BUY,LienKe,3736.449,3732.167,42.8,299.1,19.9,6.99,0.46,1,9,-,1,15,-,1,16,-,1,19,-,1,24,-,1,60,-,1,185,-,1,562,-,0,,,TP,300.00,653
2025.09.26 03:05,2025.09.26 14:02,BUY,LienKe,3737.845,3732.167,56.8,285.2,33.8,5.02,0.60,1,20,-,1,21,-,1,23,-,1,25,-,1,50,-,1,153,-,1,193,-,1,602,-,0,,,TP,300.00,657
2025.09.28 22:28,2025.09.29 00:10,SELL,LienKe,3768.668,3773.994,53.3,45.7,45.8,0.86,0.86,1,1,6,1,3,6,1,93,96,0,,,0,,,0,,,0,,,0,,,0,,,SL,-53.26,102
2025.09.28 22:25,2025.09.29 00:10,SELL,LienKe,3766.940,3773.994,70.5,28.5,63.1,0.40,0.89,1,7,8,1,97,98,0,,,0,,,0,,,0,,,0,,,0,,,0,,,SL,-70.54,105
2025.09.28 23:50,2025.09.29 00:25,SELL,LienKe,3770.557,3775.495,49.4,64.6,48.2,1.31,0.98,1,2,15,1,3,15,1,6,15,1,12,15,0,,,0,,,0,,,0,,,0,,,SL,-49.38,35
2025.09.29 09:10,2025.09.29 11:17,SELL,LienKe,3817.432,3822.751,53.2,107.7,51.5,2.03,0.97,1,14,77,1,20,77,1,21,77,1,24,77,1,33,77,1,44,77,0,,,0,,,0,,,SL,-53.19,127
2025.09.29 16:25,2025.09.30 00:05,SELL,LienKe,3832.324,3836.585,42.6,95.6,36.7,2.24,0.86,1,4,9,1,12,41,1,16,41,1,50,262,1,63,262,0,,,0,,,0,,,0,,,SL,-42.61,460
2025.09.29 16:20,2025.09.30 00:05,SELL,LienKe,3830.498,3836.585,60.9,77.3,55.0,1.27,0.90,1,21,37,1,25,37,1,55,92,1,60,92,0,,,0,,,0,,,0,,,0,,,SL,-60.87,465
2025.09.29 22:29,2025.09.30 03:26,BUY,LienKe,3827.132,3822.626,45.1,298.9,4.5,6.63,0.10,1,1,-,1,5,-,1,25,-,1,84,-,1,95,-,1,96,-,1,152,-,1,175,-,0,,,TP,294.65,297
2025.09.29 22:25,2025.09.30 03:27,BUY,LienKe,3828.844,3822.626,62.2,293.6,21.7,4.72,0.35,1,29,54,1,30,54,1,82,-,1,96,-,1,100,-,1,100,-,1,179,-,1,189,-,0,,,TP,294.65,302
2025.09.30 08:29,2025.09.30 08:31,BUY,Swing,3824.889,3816.948,79.4,0.0,62.6,0.00,0.79,0,,,0,,,0,,,0,,,0,,,0,,,0,,,0,,,0,,,SL,-79.41,2
2025.09.30 08:25,2025.09.30 08:31,BUY,Swing,3829.962,3816.948,130.1,33.6,113.3,0.26,0.87,1,0,2,1,1,2,1,1,2,0,,,0,,,0,,,0,,,0,,,0,,,SL,-130.14,6
2025.10.01 07:29,2025.10.01 07:37,SELL,Swing,3869.400,3873.393,39.9,0.0,39.2,0.00,0.98,0,,,0,,,0,,,0,,,0,,,0,,,0,,,0,,,0,,,SL,-39.93,8
2025.10.01 07:25,2025.10.01 07:37,SELL,Swing,3868.119,3873.393,52.7,5.9,52.0,0.11,0.99,0,,,0,,,0,,,0,,,0,,,0,,,0,,,0,,,0,,,SL,-52.74,12
2025.10.01 06:25,2025.10.01 08:11,BUY,Swing,3857.365,3850.334,70.3,280.4,2.9,3.99,0.04,1,0,-,1,0,-,1,3,-,1,11,-,1,47,-,1,51,-,1,71,-,1,87,-,0,,,TP,300.00,106
2025.10.01 03:40,2025.10.01 08:17,BUY,LienKe,3859.727,3852.514,72.1,297.9,63.9,4.13,0.89,1,1,28,1,2,28,1,3,28,1,5,28,1,83,149,1,84,149,1,248,-,1,252,-,0,,,TP,300.00,277
2025.10.02 00:26,2025.10.02 01:00,BUY,LienKe,3858.201,3853.373,48.3,31.2,22.8,0.65,0.47,1,6,9,1,23,24,1,23,24,0,,,0,,,0,,,0,,,0,,,0,,,SL,-48.28,34
2025.10.02 00:25,2025.10.02 01:00,BUY,LienKe,3860.255,3853.373,68.8,10.6,43.3,0.15,0.63,1,24,25,0,,,0,,,0,,,0,,,0,,,0,,,0,,,0,,,SL,-68.82,35
2025.10.01 23:45,2025.10.02 01:00,BUY,LienKe,3861.099,3854.474,66.3,41.6,51.7,0.63,0.78,1,1,15,1,1,15,1,7,15,0,,,0,,,0,,,0,,,0,,,0,,,SL,-82.30,75
2025.10.02 05:30,2025.10.02 06:17,SELL,Swing,3869.448,3874.354,49.1,31.2,39.7,0.64,0.81,1,1,34,1,4,34,1,6,34,0,,,0,,,0,,,0,,,0,,,0,,,SL,-49.06,47
2025.10.02 09:52,2025.10.02 10:21,SELL,LienKe,3878.564,3882.796,42.3,26.7,19.4,0.63,0.46,1,18,23,1,20,23,0,,,0,,,0,,,0,,,0,,,0,,,0,,,SL,-42.32,29
2025.10.02 09:50,2025.10.02 10:21,SELL,LienKe,3877.201,3882.796,55.9,14.4,33.0,0.26,0.59,1,0,1,0,,,0,,,0,,,0,,,0,,,0,,,0,,,0,,,SL,-55.95,31
2025.10.02 10:20,2025.10.02 10:22,SELL,LienKe,3879.818,3883.336,35.2,0.0,32.3,0.00,0.92,0,,,0,,,0,,,0,,,0,,,0,,,0,,,0,,,0,,,SL,-35.18,1
2025.10.02 10:10,2025.10.02 10:22,SELL,LienKe,3879.293,3883.336,40.4,34.0,37.6,0.84,0.93,1,0,7,1,2,7,1,4,7,0,,,0,,,0,,,0,,,0,,,0,,,SL,-40.43,12
2025.10.02 01:05,2025.10.02 11:59,BUY,LienKe,3856.484,3849.832,66.5,299.9,18.2,4.51,0.27,1,0,0,1,5,-,1,7,-,1,16,-,1,19,-,1,55,-,1,305,-,1,464,-,0,,,TP,300.00,654
2025.10.02 01:05,2025.10.02 11:59,BUY,Swing,3856.484,3849.832,66.5,299.9,18.2,4.51,0.27,1,0,0,1,5,-,1,7,-,1,16,-,1,19,-,1,55,-,1,305,-,1,464,-,0,,,TP,300.00,654
2025.10.02 07:45,2025.10.02 13:31,BUY,LienKe,3866.065,3858.697,73.7,281.1,16.9,3.82,0.23,1,4,11,1,4,11,1,13,16,1,46,-,1,58,-,1,64,-,1,156,-,1,251,-,0,,,TP,300.00,346
2025.10.02 14:33,2025.10.02 14:35,BUY,Swing,3860.754,3854.669,60.9,0.0,43.9,0.00,0.72,0,,,0,,,0,,,0,,,0,,,0,,,0,,,0,,,0,,,SL,-60.85,2
2025.10.02 14:30,2025.10.02 14:35,BUY,Swing,3863.973,3854.669,93.0,20.7,76.1,0.22,0.82,1,0,1,1,0,1,0,,,0,,,0,,,0,,,0,,,0,,,0,,,SL,-93.04,5
2025.10.03 08:56,2025.10.03 12:34,SELL,LienKe,3864.771,3868.705,39.3,99.2,38.9,2.52,0.99,1,6,63,1,8,63,1,8,63,1,20,63,1,158,198,0,,,0,,,0,,,0,,,SL,-39.34,217
2025.10.03 08:10,2025.10.03 12:34,SELL,LienKe,3863.452,3868.705,52.5,86.0,52.1,1.64,0.99,1,0,19,1,7,19,1,12,19,1,71,106,1,204,222,0,,,0,,,0,,,0,,,SL,-52.53,264
2025.10.03 16:00,2025.10.05 22:47,SELL,Swing,3889.474,3894.669,51.9,124.3,50.9,2.39,0.98,1,0,4,1,2,4,1,10,3245,1,12,3245,1,19,3245,1,111,3245,0,,,0,,,0,,,SL,-51.95,3287
2025.10.03 20:35,2025.10.05 23:04,BUY,LienKe,3884.234,3879.845,43.9,290.6,7.1,6.62,0.16,1,12,2975,1,15,2975,1,2970,2975,1,2970,2975,1,2981,-,1,3008,-,1,3024,-,1,3027,-,0,,,TP,294.65,3029
2025.10.06 04:22,2025.10.06 04:40,SELL,LienKe,3932.148,3936.386,42.4,25.7,42.3,0.61,1.00,1,0,2,1,0,2,0,,,0,,,0,,,0,,,0,,,0,,,0,,,SL,-42.38,17
2025.10.06 04:10,2025.10.06 04:40,SELL,LienKe,3930.108,3936.386,62.8,12.2,62.7,0.19,1.00,1,4,6,0,,,0,,,0,,,0,,,0,,,0,,,0,,,0,,,SL,-62.78,30
2025.10.06 05:55,2025.10.06 06:06,BUY,LienKe,3928.826,3924.364,44.6,45.4,12.0,1.02,0.27,1,0,1,1,2,9,1,2,9,0,,,0,,,0,,,0,,,0,,,0,,,SL,-44.62,11
2025.10.06 05:45,2025.10.06 06:06,BUY,LienKe,3930.484,3924.364,61.2,28.8,28.6,0.47,0.47,1,0,8,1,2,8,0,,,0,,,0,,,0,,,0,,,0,,,0,,,SL,-61.20,21
2025.10.06 07:10,2025.10.06 07:49,SELL,LienKe,3934.747,3939.353,46.1,53.2,38.0,1.15,0.83,1,2,3,1,10,28,1,11,28,1,12,28,0,,,0,,,0,,,0,,,0,,,SL,-46.06,39
2025.10.06 11:55,2025.10.06 12:34,BUY,LienKe,3935.919,3927.997,79.2,54.4,74.4,0.69,0.94,1,0,5,1,0,5,1,1,5,1,19,25,0,,,0,,,0,,,0,,,0,,,SL,-79.22,39
2025.10.06 13:58,2025.10.06 14:03,SELL,Swing,3945.420,3950.225,48.0,33.7,27.7,0.70,0.58,1,1,2,1,1,2,1,1,2,0,,,0,,,0,,,0,,,0,,,0,,,SL,-48.05,4
2025.10.06 13:55,2025.10.06 14:03,SELL,Swing,3943.619,3950.225,66.1,15.6,45.7,0.24,0.69,1,0,0,0,,,0,,,0,,,0,,,0,,,0,,,0,,,0,,,SL,-66.06,8
2025.10.07 00:55,2025.10.07 01:06,BUY,LienKe,3962.588,3958.443,41.4,16.7,41.1,0.40,0.99,1,0,4,0,,,0,,,0,,,0,,,0,,,0,,,0,,,0,,,SL,-41.45,11
2025.10.07 00:55,2025.10.07 01:06,BUY,LienKe,3964.359,3958.443,59.2,6.2,58.8,0.10,0.99,0,,,0,,,0,,,0,,,0,,,0,,,0,,,0,,,0,,,SL,-59.16,11
2025.10.07 01:34,2025.10.07 07:00,BUY,Swing,3957.864,3952.804,50.6,190.6,40.4,3.77,0.80,1,7,14,1,8,14,1,38,308,1,44,308,1,61,308,1,101,308,1,130,308,0,,,0,,,SL,-50.60,326
2025.10.07 01:15,2025.10.07 07:00,BUY,Swing,3961.884,3952.804,90.8,150.4,80.6,1.66,0.89,1,1,2,1,64,131,1,65,131,1,80,131,1,144,237,1,148,237,1,213,237,0,,,0,,,SL,-90.80,345
2025.10.07 07:06,2025.10.07 07:20,BUY,LienKe,3952.782,3948.174,46.1,27.0,31.4,0.59,0.68,1,1,3,1,1,3,0,,,0,,,0,,,0,,,0,,,0,,,0,,,SL,-46.08,14
2025.10.07 07:05,2025.10.07 07:20,BUY,LienKe,3954.583,3948.174,64.1,9.0,49.4,0.14,0.77,0,,,0,,,0,,,0,,,0,,,0,,,0,,,0,,,0,,,SL,-64.09,15
2025.10.08 02:10,2025.10.08 02:14,SELL,LienKe,4000.764,4003.993,32.3,0.0,31.9,0.00,0.99,0,,,0,,,0,,,0,,,0,,,0,,,0,,,0,,,0,,,SL,-32.29,4
2025.10.08 02:10,2025.10.08 02:14,SELL,LienKe,3999.395,4003.993,46.0,3.5,45.6,0.08,0.99,0,,,0,,,0,,,0,,,0,,,0,,,0,,,0,,,0,,,SL,-45.98,4
2025.10.08 07:27,2025.10.08 09:46,SELL,Swing,4037.983,4042.023,40.4,69.9,31.1,1.73,0.77,1,1,5,1,3,5,1,13,14,1,28,38,0,,,0,,,0,,,0,,,0,,,SL,-40.40,139
2025.10.08 07:15,2025.10.08 09:46,SELL,Swing,4036.896,4042.023,51.3,59.1,42.0,1.15,0.82,1,0,9,1,0,9,1,0,9,1,43,46,0,,,0,,,0,,,0,,,0,,,SL,-51.27,151
2025.10.08 11:05,2025.10.08 13:36,BUY,LienKe,4034.454,4029.870,45.8,149.6,35.0,3.26,0.76,1,3,12,1,6,12,1,37,43,1,57,91,1,59,91,1,62,91,0,,,0,,,0,,,SL,-45.84,151
2025.10.08 11:05,2025.10.08 13:36,BUY,LienKe,4036.224,4029.870,63.5,131.9,52.7,2.08,0.83,1,7,7,1,56,80,1,57,80,1,59,80,1,62,80,1,64,80,0,,,0,,,0,,,SL,-63.54,151
2025.10.08 13:15,2025.10.08 16:11,SELL,LienKe,4046.194,4052.416,62.2,196.9,46.8,3.16,0.75,1,0,1,1,4,72,1,5,72,1,6,72,1,15,72,1,15,72,1,21,72,0,,,0,,,SL,-62.22,176
2025.10.08 13:15,2025.10.08 16:11,SELL,LienKe,4045.907,4052.416,65.1,194.1,49.7,2.98,0.76,1,1,1,1,4,72,1,5,72,1,6,72,1,15,72,1,15,72,1,21,72,0,,,0,,,SL,-65.09,176
2025.10.08 19:36,2025.10.08 22:08,BUY,LienKe,4038.392,4032.764,56.3,83.3,51.5,1.48,0.92,1,1,2,1,11,145,1,12,145,1,15,145,1,29,145,0,,,0,,,0,,,0,,,SL,-56.28,152
2025.10.08 19:20,2025.10.08 22:08,BUY,LienKe,4041.248,4032.764,84.8,71.3,80.1,0.84,0.94,1,1,11,1,1,11,1,3,11,1,4,11,0,,,0,,,0,,,0,,,0,,,SL,-84.84,168
2025.10.09 11:44,2025.10.09 12:54,SELL,Swing,4043.127,4049.757,66.3,56.0,54.9,0.84,0.83,1,16,19,1,17,19,1,26,33,1,36,53,0,,,0,,,0,,,0,,,0,,,SL,-66.30,70
2025.10.09 11:05,2025.10.09 12:54,SELL,Swing,4040.639,4049.757,91.2,70.2,79.8,0.77,0.88,1,4,30,1,6,30,1,7,30,1,12,30,0,,,0,,,0,,,0,,,0,,,SL,-91.18,109
2025.10.09 17:11,2025.10.09 17:13,BUY,LienKe,3963.924,3957.372,65.5,2.0,48.1,0.03,0.73,0,,,0,,,0,,,0,,,0,,,0,,,0,,,0,,,0,,,SL,-65.52,2
2025.10.09 17:10,2025.10.09 17:13,BUY,LienKe,3967.681,3957.372,103.1,17.9,85.7,0.17,0.83,1,0,0,0,,,0,,,0,,,0,,,0,,,0,,,0,,,0,,,SL,-103.09,3
2025.10.10 08:00,2025.10.10 08:04,SELL,LienKe,3971.998,3979.279,72.8,16.8,51.6,0.23,0.71,1,0,1,0,,,0,,,0,,,0,,,0,,,0,,,0,,,0,,,SL,-72.81,4
2025.10.10 09:07,2025.10.10 09:12,SELL,LienKe,3993.833,3998.238,44.0,0.0,43.8,0.00,0.99,0,,,0,,,0,,,0,,,0,,,0,,,0,,,0,,,0,,,SL,-44.05,5
2025.10.10 09:05,2025.10.10 09:12,SELL,LienKe,3992.385,3998.238,58.5,20.3,58.2,0.35,1.00,1,0,2,1,0,2,0,,,0,,,0,,,0,,,0,,,0,,,0,,,SL,-58.53,7
2025.10.10 11:58,2025.10.10 13:02,BUY,LienKe,3987.728,3980.165,75.6,58.1,75.0,0.77,0.99,1,2,4,1,9,10,1,15,17,1,20,23,0,,,0,,,0,,,0,,,0,,,SL,-75.63,64
2025.10.10 11:50,2025.10.10 13:02,BUY,LienKe,3994.849,3980.165,146.8,4.0,146.2,0.03,1.00,0,,,0,,,0,,,0,,,0,,,0,,,0,,,0,,,0,,,SL,-146.84,72
2025.10.13 10:45,2025.10.13 10:51,SELL,LienKe,4078.878,4083.021,41.4,7.6,39.1,0.18,0.94,0,,,0,,,0,,,0,,,0,,,0,,,0,,,0,,,0,,,SL,-41.43,6
2025.10.13 10:45,2025.10.13 10:51,SELL,LienKe,4077.763,4083.021,52.6,0.0,50.2,0.00,0.96,0,,,0,,,0,,,0,,,0,,,0,,,0,,,0,,,0,,,SL,-52.58,6
2025.10.13 17:50,2025.10.14 01:11,BUY,LienKe,4104.334,4098.747,55.9,282.3,136.3,5.05,2.44,1,27,28,1,34,38,1,36,38,1,124,-,1,178,-,1,304,-,1,343,-,1,344,-,0,,,TP,294.65,441
2025.10.13 17:15,2025.10.14 01:11,BUY,LienKe,4106.913,4098.747,81.7,256.5,162.1,3.14,1.99,1,5,31,1,6,31,1,6,31,1,8,31,1,13,31,1,357,-,1,379,-,1,380,-,0,,,TP,294.65,476
2025.10.14 13:06,2025.10.14 14:10,BUY,LienKe,4101.993,4094.762,72.3,291.7,24.0,4.03,0.33,1,1,-,1,1,-,1,1,-,1,2,-,1,8,-,1,8,-,1,9,-,1,34,-,0,,,TP,300.00,64
2025.10.14 13:05,2025.10.14 14:11,BUY,LienKe,4106.345,4094.762,115.8,284.7,67.5,2.46,0.58,1,0,0,1,8,18,1,8,18,1,9,18,1,10,18,1,10,18,1,35,-,1,36,-,0,,,TP,300.00,66
2025.10.15 23:05,2025.10.16 00:22,SELL,LienKe,4211.841,4218.901,70.6,67.3,70.6,0.95,1.00,1,1,8,1,2,8,1,34,64,1,36,64,0,,,0,,,0,,,0,,,0,,,SL,-70.60,77
2025.10.16 04:55,2025.10.16 05:14,BUY,LienKe,4231.684,4224.912,67.7,31.2,22.1,0.46,0.33,1,0,3,1,0,3,1,7,11,0,,,0,,,0,,,0,,,0,,,0,,,SL,-67.72,19
2025.10.16 10:06,2025.10.16 10:58,SELL,LienKe,4241.601,4246.184,45.8,71.5,26.5,1.56,0.58,1,1,9,1,1,9,1,3,9,1,6,9,0,,,0,,,0,,,0,,,0,,,SL,-45.83,52
2025.10.16 10:06,2025.10.16 10:58,SELL,Swing,4241.601,4246.184,45.8,71.5,26.5,1.56,0.58,1,1,9,1,1,9,1,3,9,1,6,9,0,,,0,,,0,,,0,,,0,,,SL,-45.83,52
2025.10.16 10:05,2025.10.16 10:58,SELL,LienKe,4239.963,4246.184,62.2,55.1,42.8,0.89,0.69,1,0,0,1,5,10,1,7,10,1,25,39,0,,,0,,,0,,,0,,,0,,,SL,-62.21,53
2025.10.16 10:05,2025.10.16 10:58,SELL,Swing,4239.963,4246.184,62.2,55.1,42.8,0.89,0.69,1,0,0,1,5,10,1,7,10,1,25,39,0,,,0,,,0,,,0,,,0,,,SL,-62.21,53
2025.10.16 18:20,2025.10.16 19:55,BUY,LienKe,4281.214,4270.390,108.2,279.2,9.3,2.58,0.09,1,0,-,1,0,-,1,0,-,1,0,-,1,3,-,1,4,-,1,65,-,1,93,-,0,,,TP,300.00,95
2025.10.20 02:36,2025.10.20 06:00,SELL,LienKe,4268.941,4274.045,51.0,290.0,25.1,5.68,0.49,1,1,-,1,1,-,1,3,-,1,3,-,1,9,-,1,9,-,1,19,-,1,59,-,0,,,TP,300.00,204
2025.10.20 02:35,2025.10.20 06:01,SELL,LienKe,4266.310,4274.045,77.3,286.0,51.4,3.70,0.66,1,4,86,1,4,86,1,4,86,1,9,86,1,17,86,1,19,86,1,60,86,1,198,-,0,,,TP,300.00,206
2025.10.21 01:22,2025.10.21 01:24,BUY,LienKe,4356.626,4351.247,53.8,17.5,15.4,0.33,0.29,1,0,1,0,,,0,,,0,,,0,,,0,,,0,,,0,,,0,,,SL,-53.79,2
2025.10.21 01:20,2025.10.21 01:24,BUY,LienKe,4359.218,4351.247,79.7,18.9,41.3,0.24,0.52,1,0,1,0,,,0,,,0,,,0,,,0,,,0,,,0,,,0,,,SL,-79.71,4
2025.10.21 00:16,2025.10.21 01:24,BUY,LienKe,4357.956,4353.163,47.9,143.4,37.1,2.99,0.77,1,0,59,1,0,59,1,0,59,1,3,59,1,6,59,1,6,59,0,,,0,,,0,,,SL,-47.93,68
2025.10.21 00:05,2025.10.21 01:24,BUY,LienKe,4359.796,4353.163,66.3,125.0,55.5,1.88,0.84,1,0,4,1,1,4,1,2,4,1,16,62,1,17,62,1,19,62,0,,,0,,,0,,,SL,-66.33,79
2025.10.21 12:00,2025.10.21 12:10,BUY,LienKe,4253.513,4242.513,110.0,40.0,81.6,0.36,0.74,1,0,0,1,0,0,1,1,3,0,,,0,,,0,,,0,,,0,,,0,,,SL,-110.00,10
2025.10.21 11:29,2025.10.21 12:10,SELL,LienKe,4266.249,4275.444,92.0,207.3,9.8,2.26,0.11,1,1,-,1,2,-,1,2,-,1,9,-,1,14,-,1,14,-,1,26,-,1,27,-,0,,,TP,300.00,41
2025.10.21 11:20,2025.10.21 12:10,SELL,LienKe,4260.135,4275.444,153.1,146.2,70.9,0.96,0.46,1,0,1,1,0,1,1,23,26,1,24,26,1,32,-,1,36,-,0,,,0,,,0,,,TP,300.00,50
2025.10.21 14:09,2025.10.21 14:20,BUY,LienKe,4169.662,4162.296,73.7,128.6,43.4,1.75,0.59,1,0,9,1,0,9,1,1,9,1,1,9,1,1,9,1,1,9,0,,,0,,,0,,,SL,-73.66,11
2025.10.21 14:05,2025.10.21 14:20,BUY,LienKe,4175.555,4162.296,132.6,129.2,102.3,0.97,0.77,1,0,3,1,0,3,1,0,3,1,0,3,1,1,3,1,1,3,0,,,0,,,0,,,SL,-132.59,15
2025.10.24 03:48,2025.10.24 03:56,SELL,LienKe,4118.832,4122.793,39.6,0.0,36.0,0.00,0.91,0,,,0,,,0,,,0,,,0,,,0,,,0,,,0,,,0,,,SL,-39.61,7
2025.10.24 18:11,2025.10.24 20:11,BUY,LienKe,4104.537,4100.186,43.5,128.6,37.2,2.96,0.85,1,5,5,1,6,17,1,6,17,1,8,17,1,24,31,1,53,96,0,,,0,,,0,,,SL,-43.51,120
2025.10.24 18:10,2025.10.24 20:11,BUY,LienKe,4107.281,4100.186,71.0,101.2,64.6,1.43,0.91,1,8,9,1,9,16,1,10,16,1,25,31,1,54,96,1,57,96,0,,,0,,,0,,,SL,-70.95,121
2025.10.27 08:21,2025.10.27 08:22,BUY,LienKe,4064.460,4060.421,40.4,0.0,21.8,0.00,0.54,0,,,0,,,0,,,0,,,0,,,0,,,0,,,0,,,0,,,SL,-40.39,1
2025.10.27 08:15,2025.10.27 08:22,BUY,LienKe,4066.754,4060.421,63.3,37.8,44.8,0.60,0.71,1,0,3,1,0,3,1,1,3,0,,,0,,,0,,,0,,,0,,,0,,,SL,-63.33,7
2025.10.27 10:35,2025.10.27 11:11,BUY,LienKe,4035.282,4025.795,94.9,104.9,74.6,1.11,0.79,1,0,22,1,0,22,1,1,22,1,1,22,1,2,22,1,2,22,0,,,0,,,0,,,SL,-94.87,36
2025.10.27 11:34,2025.10.27 11:38,BUY,LienKe,4025.714,4017.958,77.6,28.0,39.1,0.36,0.50,1,0,1,1,0,1,0,,,0,,,0,,,0,,,0,,,0,,,0,,,SL,-77.56,4
2025.10.27 11:34,2025.10.27 11:38,BUY,Swing,4025.714,4017.958,77.6,28.0,39.1,0.36,0.50,1,0,1,1,0,1,0,,,0,,,0,,,0,,,0,,,0,,,0,,,SL,-77.56,4
2025.10.27 11:15,2025.10.27 11:38,BUY,LienKe,4030.589,4017.958,126.3,21.3,87.9,0.17,0.70,1,0,3,1,0,3,0,,,0,,,0,,,0,,,0,,,0,,,0,,,SL,-126.31,23
2025.10.27 11:15,2025.10.27 11:38,BUY,Swing,4030.589,4017.958,126.3,21.3,87.9,0.17,0.70,1,0,3,1,0,3,0,,,0,,,0,,,0,,,0,,,0,,,0,,,SL,-126.31,23
2025.10.27 17:26,2025.10.27 17:30,SELL,LienKe,4000.760,4007.163,64.0,0.0,56.0,0.00,0.87,0,,,0,,,0,,,0,,,0,,,0,,,0,,,0,,,0,,,SL,-64.03,3
2025.10.27 17:10,2025.10.27 17:30,SELL,LienKe,3998.480,4007.163,86.8,75.5,78.8,0.87,0.91,1,6,15,1,6,15,1,7,15,1,7,15,0,,,0,,,0,,,0,,,0,,,SL,-86.83,20
2025.10.28 00:25,2025.10.28 01:05,BUY,Swing,3983.107,3970.043,130.6,293.1,27.6,2.24,0.21,1,0,1,1,5,-,1,5,-,1,6,-,1,6,-,1,7,-,1,10,-,1,25,-,0,,,TP,300.00,40
2025.10.28 07:17,2025.10.28 07:20,BUY,LienKe,3939.444,3933.267,61.8,10.6,35.8,0.17,0.58,1,0,1,0,,,0,,,0,,,0,,,0,,,0,,,0,,,0,,,SL,-61.77,3
2025.10.28 07:05,2025.10.28 07:20,BUY,LienKe,3943.070,3933.267,98.0,54.9,72.0,0.56,0.73,1,0,5,1,1,5,1,2,5,1,9,12,0,,,0,,,0,,,0,,,0,,,SL,-98.03,15
2025.10.28 22:05,2025.10.28 22:07,SELL,LienKe,3956.202,3964.198,80.0,63.0,1.6,0.79,0.02,1,0,-,1,1,-,1,1,-,1,1,-,0,,,0,,,0,,,0,,,0,,,TP,300.00,2
2025.10.29 06:50,2025.10.29 07:10,SELL,Swing,3981.814,3987.966,61.5,71.0,35.5,1.15,0.58,1,0,12,1,0,12,1,1,12,1,7,12,0,,,0,,,0,,,0,,,0,,,SL,-61.52,20
2025.10.29 10:50,2025.10.29 15:48,SELL,LienKe,4026.569,4032.706,61.4,295.8,38.5,4.82,0.63,1,0,10,1,1,10,1,7,10,1,25,83,1,39,83,1,44,83,1,143,-,1,167,-,0,,,TP,300.00,298
2025.10.29 23:12,2025.10.29 23:49,SELL,LienKe,3945.584,3951.650,60.7,43.0,58.8,0.71,0.97,1,4,6,1,33,35,1,33,35,0,,,0,,,0,,,0,,,0,,,0,,,SL,-60.66,37
2025.10.29 23:10,2025.10.29 23:49,SELL,LienKe,3942.224,3951.650,94.3,9.4,92.4,0.10,0.98,0,,,0,,,0,,,0,,,0,,,0,,,0,,,0,,,0,,,SL,-94.26,39
2025.10.29 22:21,2025.10.30 00:01,BUY,LienKe,3926.205,3914.163,120.4,290.6,11.1,2.41,0.09,1,1,1,1,1,1,1,2,-,1,3,-,1,4,-,1,4,-,1,20,-,1,25,-,0,,,TP,283.95,100
2025.10.29 22:21,2025.10.30 00:01,BUY,Swing,3926.205,3914.163,120.4,290.6,11.1,2.41,0.09,1,1,1,1,1,1,1,2,-,1,3,-,1,4,-,1,4,-,1,20,-,1,25,-,0,,,TP,283.95,100
2025.10.29 22:10,2025.10.30 00:01,BUY,LienKe,3930.508,3914.163,163.4,247.5,54.1,1.51,0.33,1,0,9,1,0,9,1,0,9,1,0,9,1,4,9,1,6,9,1,36,-,1,75,-,0,,,TP,283.95,111
2025.10.29 22:10,2025.10.30 00:01,BUY,Swing,3930.508,3914.163,163.4,247.5,54.1,1.51,0.33,1,0,9,1,0,9,1,0,9,1,0,9,1,4,9,1,6,9,1,36,-,1,75,-,0,,,TP,283.95,111
2025.10.30 04:08,2025.10.30 04:18,SELL,LienKe,3940.098,3945.175,50.8,4.7,44.2,0.09,0.87,0,,,0,,,0,,,0,,,0,,,0,,,0,,,0,,,0,,,SL,-50.77,10
2025.10.30 04:05,2025.10.30 04:18,SELL,LienKe,3936.999,3945.175,81.8,20.0,75.2,0.24,0.92,1,0,0,0,,,0,,,0,,,0,,,0,,,0,,,0,,,0,,,SL,-81.76,13
2025.10.30 10:40,2025.10.30 11:20,BUY,LienKe,3981.440,3970.717,107.2,56.5,101.8,0.53,0.95,1,1,3,1,2,3,1,11,20,1,12,20,0,,,0,,,0,,,0,,,0,,,SL,-107.23,40
2025.10.30 12:25,2025.10.30 13:53,SELL,LienKe,3977.985,3988.603,106.2,177.8,72.9,1.67,0.69,1,1,1,1,3,11,1,3,11,1,4,11,1,5,11,1,5,11,1,33,48,0,,,0,,,SL,-106.18,88
2025.10.30 18:30,2025.10.30 19:04,SELL,Swing,4015.247,4020.955,57.1,74.3,34.9,1.30,0.61,1,1,4,1,2,4,1,7,24,1,7,24,0,,,0,,,0,,,0,,,0,,,SL,-57.08,34
2025.10.30 17:50,2025.10.30 19:04,SELL,Swing,4012.565,4020.955,83.9,121.6,61.7,1.45,0.74,1,0,39,1,0,39,1,1,39,1,8,39,1,9,39,1,10,39,0,,,0,,,0,,,SL,-83.90,74
2025.10.31 01:05,2025.10.31 01:54,BUY,LienKe,4026.385,4016.752,96.3,129.1,69.8,1.34,0.72,1,0,1,1,2,34,1,2,34,1,2,34,1,4,34,1,5,34,0,,,0,,,0,,,SL,-96.33,49
2025.10.30 22:16,2025.10.31 01:54,BUY,LienKe,4018.626,4013.328,53.0,278.0,20.3,5.25,0.38,1,4,5,1,11,-,1,11,-,1,16,-,1,17,-,1,34,-,1,34,-,1,35,-,0,,,SL,-58.33,218
2025.10.30 22:10,2025.10.31 01:54,BUY,LienKe,4021.131,4013.328,78.0,252.9,45.3,3.24,0.58,1,0,1,1,0,1,1,22,63,1,23,63,1,40,63,1,40,63,1,40,63,1,45,63,0,,,SL,-83.38,224
2025.10.31 01:15,2025.10.31 02:44,SELL,LienKe,4032.498,4042.294,98.0,289.1,35.2,2.95,0.36,1,0,4,1,2,4,1,12,13,1,23,-,1,29,-,1,32,-,1,39,-,1,52,-,0,,,TP,300.00,89
2025.10.31 03:11,2025.10.31 03:13,BUY,LienKe,4003.256,3998.248,50.1,7.6,30.3,0.15,0.61,0,,,0,,,0,,,0,,,0,,,0,,,0,,,0,,,0,,,SL,-50.08,2
2025.10.31 03:10,2025.10.31 03:13,BUY,LienKe,4007.479,3998.248,92.3,15.6,72.6,0.17,0.79,1,0,0,0,,,0,,,0,,,0,,,0,,,0,,,0,,,0,,,SL,-92.31,3
2025.10.31 05:50,2025.10.31 06:17,SELL,LienKe,4007.791,4014.353,65.6,55.8,56.8,0.85,0.87,1,0,1,1,0,1,1,7,14,1,10,14,0,,,0,,,0,,,0,,,0,,,SL,-65.62,27
2025.10.31 04:15,2025.10.31 07:22,BUY,LienKe,3991.985,3986.079,59.1,292.5,8.4,4.95,0.14,1,1,-,1,2,-,1,2,-,1,12,-,1,13,-,1,16,-,1,37,-,1,111,-,0,,,TP,300.00,187
2025.10.31 11:32,2025.10.31 12:47,BUY,LienKe,4003.496,3998.697,48.0,296.0,16.0,6.17,0.33,1,1,2,1,5,-,1,6,-,1,12,-,1,39,-,1,43,-,1,50,-,1,52,-,0,,,TP,300.00,75
2025.10.31 11:25,2025.10.31 12:47,BUY,LienKe,4004.651,3998.697,59.5,284.5,27.6,4.78,0.46,1,1,7,1,1,7,1,2,7,1,20,-,1,46,-,1,55,-,1,57,-,1,59,-,0,,,TP,300.00,82
2025.11.03 02:40,2025.11.03 03:02,SELL,LienKe,4003.093,4009.557,64.6,50.7,60.2,0.78,0.93,1,4,5,1,6,7,1,6,7,1,10,19,0,,,0,,,0,,,0,,,0,,,SL,-64.64,22
2025.11.03 02:25,2025.11.03 03:02,SELL,LienKe,3998.709,4009.557,108.5,36.3,104.0,0.33,0.96,1,0,8,1,1,8,1,2,8,0,,,0,,,0,,,0,,,0,,,0,,,SL,-108.48,37
2025.11.03 04:35,2025.11.03 05:04,BUY,LienKe,4005.259,3998.717,65.4,25.1,44.6,0.38,0.68,1,4,5,1,5,12,0,,,0,,,0,,,0,,,0,,,0,,,0,,,SL,-65.42,29
2025.11.03 05:42,2025.11.03 07:02,SELL,LienKe,4016.591,4021.693,51.0,63.3,47.5,1.24,0.93,1,2,8,1,3,8,1,6,8,1,15,18,0,,,0,,,0,,,0,,,0,,,SL,-51.02,79
2025.11.03 05:42,2025.11.03 07:02,SELL,Swing,4016.591,4021.693,51.0,63.3,47.5,1.24,0.93,1,2,8,1,3,8,1,6,8,1,15,18,0,,,0,,,0,,,0,,,0,,,SL,-51.02,79
2025.11.03 05:35,2025.11.03 07:02,SELL,LienKe,4014.406,4021.693,72.9,41.4,69.4,0.57,0.95,1,0,1,1,0,1,1,30,33,0,,,0,,,0,,,0,,,0,,,0,,,SL,-72.87,87
2025.11.03 05:35,2025.11.03 07:02,SELL,Swing,4014.406,4021.693,72.9,41.4,69.4,0.57,0.95,1,0,1,1,0,1,1,30,33,0,,,0,,,0,,,0,,,0,,,0,,,SL,-72.87,87
2025.11.03 05:10,2025.11.03 09:46,BUY,LienKe,4008.084,3994.685,134.0,197.5,127.3,1.47,0.95,1,1,2,1,1,2,1,16,257,1,20,257,1,21,257,1,22,257,1,113,257,0,,,0,,,SL,-133.99,276
2025.11.03 14:21,2025.11.03 14:49,SELL,LienKe,4018.800,4023.884,50.8,168.9,40.6,3.32,0.80,1,2,26,1,3,26,1,5,26,1,6,26,1,7,26,1,8,26,1,11,26,0,,,0,,,SL,-50.84,27
2025.11.03 14:05,2025.11.03 14:49,SELL,LienKe,4016.689,4023.884,72.0,147.8,61.8,2.05,0.86,1,0,1,1,3,8,1,4,8,1,23,40,1,25,40,1,26,40,0,,,0,,,0,,,SL,-71.95,44
2025.11.03 11:05,2025.11.03 15:00,BUY,LienKe,3998.786,3991.258,75.3,273.6,18.1,3.63,0.24,1,0,1,1,6,10,1,6,10,1,14,-,1,23,-,1,88,-,1,115,-,1,135,-,0,,,TP,300.00,235
2025.11.04 05:58,2025.11.04 06:02,BUY,Swing,3974.923,3970.464,44.6,10.5,41.3,0.23,0.93,1,0,1,0,,,0,,,0,,,0,,,0,,,0,,,0,,,0,,,SL,-44.59,3
2025.11.04 05:55,2025.11.04 06:02,BUY,Swing,3980.598,3970.464,101.3,3.9,98.0,0.04,0.97,0,,,0,,,0,,,0,,,0,,,0,,,0,,,0,,,0,,,SL,-101.34,7
2025.11.04 07:00,2025.11.04 07:19,SELL,LienKe,3985.174,3991.033,58.6,27.1,55.5,0.46,0.95,1,0,3,1,0,3,0,,,0,,,0,,,0,,,0,,,0,,,0,,,SL,-58.59,19
2025.11.05 12:28,2025.11.05 13:08,SELL,LienKe,3968.872,3972.910,40.4,56.1,29.0,1.39,0.72,1,1,30,1,3,30,1,8,30,1,12,30,0,,,0,,,0,,,0,,,0,,,SL,-40.38,40
2025.11.05 12:25,2025.11.05 13:08,SELL,LienKe,3967.392,3972.910,55.2,41.3,43.8,0.75,0.79,1,0,2,1,11,31,1,14,31,0,,,0,,,0,,,0,,,0,,,0,,,SL,-55.18,43
2025.11.06 05:13,2025.11.06 07:00,SELL,LienKe,3988.162,3993.310,51.5,58.0,49.3,1.13,0.96,1,19,20,1,28,29,1,89,98,1,93,98,0,,,0,,,0,,,0,,,0,,,SL,-51.48,107
2025.11.05 15:22,2025.11.06 07:01,BUY,LienKe,3967.411,3960.943,64.7,293.6,28.7,4.54,0.44,1,0,469,1,0,469,1,1,469,1,3,469,1,3,469,1,4,469,1,9,469,1,85,469,0,,,TP,283.95,939
2025.11.05 15:05,2025.11.06 07:19,BUY,LienKe,3971.016,3960.943,100.7,296.6,64.7,2.94,0.64,1,0,5,1,0,5,1,0,5,1,2,5,1,24,477,1,25,477,1,101,477,1,950,-,0,,,TP,283.95,974
2025.11.06 06:07,2025.11.06 08:30,BUY,LienKe,3986.378,3982.018,43.6,299.0,41.7,6.86,0.96,1,2,9,1,3,9,1,3,9,1,48,-,1,53,-,1,53,-,1,73,-,1,73,-,0,,,TP,300.00,143
2025.11.06 17:20,2025.11.06 17:21,BUY,LienKe,3975.498,3970.127,53.7,0.0,15.4,0.00,0.29,0,,,0,,,0,,,0,,,0,,,0,,,0,,,0,,,0,,,SL,-53.71,1
2025.11.06 17:20,2025.11.06 17:21,BUY,Swing,3975.498,3970.127,53.7,0.0,15.4,0.00,0.29,0,,,0,,,0,,,0,,,0,,,0,,,0,,,0,,,0,,,SL,-53.71,1
2025.11.06 17:20,2025.11.06 17:21,BUY,LienKe,3977.917,3970.127,77.9,0.0,39.6,0.00,0.51,0,,,0,,,0,,,0,,,0,,,0,,,0,,,0,,,0,,,SL,-77.90,1
2025.11.06 17:20,2025.11.06 17:21,BUY,Swing,3977.917,3970.127,77.9,0.0,39.6,0.00,0.51,0,,,0,,,0,,,0,,,0,,,0,,,0,,,0,,,0,,,SL,-77.90,1
2025.11.06 18:30,2025.11.06 19:11,SELL,LienKe,3985.746,3992.416,66.7,7.0,58.7,0.10,0.88,0,,,0,,,0,,,0,,,0,,,0,,,0,,,0,,,0,,,SL,-66.70,41
2025.11.06 18:30,2025.11.06 19:11,SELL,LienKe,3983.285,3992.416,91.3,0.3,83.4,0.00,0.91,0,,,0,,,0,,,0,,,0,,,0,,,0,,,0,,,0,,,SL,-91.31,41
2025.11.06 20:20,2025.11.06 23:00,BUY,LienKe,3983.649,3979.091,45.6,31.5,71.0,0.69,1.56,1,1,4,1,13,19,1,15,19,0,,,0,,,0,,,0,,,0,,,0,,,SL,-45.58,159
2025.11.06 20:20,2025.11.06 23:00,BUY,LienKe,3983.945,3979.091,48.5,28.5,74.0,0.59,1.52,1,2,3,1,14,19,0,,,0,,,0,,,0,,,0,,,0,,,0,,,SL,-48.54,160
2025.11.06 23:17,2025.11.06 23:38,SELL,LienKe,3982.232,3986.199,39.7,2.0,37.9,0.05,0.96,0,,,0,,,0,,,0,,,0,,,0,,,0,,,0,,,0,,,SL,-39.67,20
2025.11.06 23:15,2025.11.06 23:38,SELL,LienKe,3981.191,3986.199,50.1,2.9,48.3,0.06,0.97,0,,,0,,,0,,,0,,,0,,,0,,,0,,,0,,,0,,,SL,-50.08,23
2025.11.07 00:18,2025.11.07 00:30,SELL,LienKe,3989.510,3992.801,32.9,0.0,32.7,0.00,0.99,0,,,0,,,0,,,0,,,0,,,0,,,0,,,0,,,0,,,SL,-32.91,12
2025.11.07 00:10,2025.11.07 00:30,SELL,LienKe,3986.019,3992.801,67.8,13.7,67.6,0.20,1.00,1,2,4,0,,,0,,,0,,,0,,,0,,,0,,,0,,,0,,,SL,-67.82,20
2025.11.07 02:05,2025.11.07 06:50,SELL,LienKe,4001.734,4006.402,46.7,162.1,30.3,3.47,0.65,1,2,4,1,2,4,1,9,268,1,11,268,1,25,268,1,27,268,1,118,268,0,,,0,,,SL,-46.68,285
2025.11.07 11:22,2025.11.07 11:31,BUY,LienKe,4002.950,3997.127,58.2,0.0,54.0,0.00,0.93,0,,,0,,,0,,,0,,,0,,,0,,,0,,,0,,,0,,,SL,-58.23,9
2025.11.07 11:20,2025.11.07 11:31,BUY,LienKe,4005.619,3997.127,84.9,22.8,80.7,0.27,0.95,1,1,2,1,1,2,0,,,0,,,0,,,0,,,0,,,0,,,0,,,SL,-84.92,11
2025.11.07 04:05,2025.11.07 16:36,BUY,LienKe,3990.426,3982.363,80.6,299.5,63.7,3.71,0.79,1,0,3,1,5,627,1,13,627,1,15,627,1,54,627,1,147,627,1,165,627,1,295,627,0,,,TP,300.00,751
2025.11.10 01:05,2025.11.10 01:11,SELL,LienKe,4022.748,4027.536,47.9,24.5,29.5,0.51,0.62,1,0,0,1,1,2,0,,,0,,,0,,,0,,,0,,,0,,,0,,,SL,-47.88,6
2025.11.10 01:05,2025.11.10 01:11,SELL,LienKe,4021.004,4027.536,65.3,7.0,47.0,0.11,0.72,0,,,0,,,0,,,0,,,0,,,0,,,0,,,0,,,0,,,SL,-65.32,6
2025.11.10 09:45,2025.11.10 12:14,SELL,LienKe,4081.103,4089.238,81.3,52.1,80.7,0.64,0.99,1,0,1,1,11,19,1,11,19,1,86,111,0,,,0,,,0,,,0,,,0,,,SL,-81.35,149
2025.11.11 01:13,2025.11.11 01:31,SELL,LienKe,4133.174,4138.368,51.9,26.4,51.4,0.51,0.99,1,0,2,1,6,7,0,,,0,,,0,,,0,,,0,,,0,,,0,,,SL,-51.94,18
2025.11.11 01:05,2025.11.11 01:31,SELL,LienKe,4130.282,4138.368,80.9,21.1,80.3,0.26,0.99,1,2,4,1,2,4,0,,,0,,,0,,,0,,,0,,,0,,,0,,,SL,-80.86,26
2025.11.11 15:13,2025.11.11 15:20,BUY,LienKe,4120.110,4114.872,52.4,13.4,46.0,0.25,0.88,1,1,2,0,,,0,,,0,,,0,,,0,,,0,,,0,,,0,,,SL,-52.38,7
2025.11.11 15:10,2025.11.11 15:20,BUY,LienKe,4122.565,4114.872,76.9,7.0,70.6,0.09,0.92,0,,,0,,,0,,,0,,,0,,,0,,,0,,,0,,,0,,,SL,-76.93,10
2025.11.11 11:46,2025.11.11 15:21,SELL,LienKe,4143.369,4147.547,41.8,295.7,34.6,7.08,0.83,1,5,7,1,12,13,1,20,97,1,26,97,1,67,97,1,154,-,1,166,-,1,167,-,0,,,TP,300.00,215
2025.11.11 11:45,2025.11.11 15:21,SELL,LienKe,4142.079,4147.547,54.7,282.8,47.5,5.17,0.87,1,20,97,1,21,97,1,25,97,1,35,97,1,68,97,1,156,-,1,167,-,1,184,-,0,,,TP,300.00,216
2025.11.12 01:21,2025.11.12 02:41,BUY,LienKe,4130.028,4124.712,53.2,56.7,36.4,1.07,0.69,1,1,3,1,1,3,1,9,10,1,28,69,0,,,0,,,0,,,0,,,0,,,SL,-53.16,80
2025.11.12 01:05,2025.11.12 02:41,BUY,LienKe,4132.561,4124.712,78.5,47.4,61.8,0.60,0.79,1,0,6,1,0,6,1,1,6,0,,,0,,,0,,,0,,,0,,,0,,,SL,-78.49,96
2025.11.12 03:30,2025.11.12 03:52,BUY,LienKe,4118.451,4113.801,46.5,31.2,31.4,0.67,0.68,1,1,17,1,3,17,1,7,17,0,,,0,,,0,,,0,,,0,,,0,,,SL,-46.50,22
2025.11.12 03:10,2025.11.12 03:52,BUY,LienKe,4122.288,4113.801,84.9,15.1,69.8,0.18,0.82,1,0,2,0,,,0,,,0,,,0,,,0,,,0,,,0,,,0,,,SL,-84.87,42
2025.11.12 09:16,2025.11.12 12:26,SELL,LienKe,4132.553,4136.594,40.4,143.1,26.6,3.54,0.66,1,1,180,1,1,180,1,2,180,1,5,180,1,21,180,1,34,180,0,,,0,,,0,,,SL,-40.41,190
2025.11.12 09:05,2025.11.12 12:26,SELL,LienKe,4131.529,4136.594,50.6,132.9,36.8,2.62,0.73,1,2,3,1,5,11,1,7,11,1,21,190,1,45,190,1,45,190,0,,,0,,,0,,,SL,-50.65,201
2025.11.12 20:37,2025.11.12 23:40,BUY,LienKe,4192.981,4187.695,52.9,151.9,43.3,2.87,0.82,1,3,34,1,4,34,1,8,34,1,15,34,1,55,178,1,142,178,1,152,178,0,,,0,,,SL,-52.86,183
2025.11.12 20:37,2025.11.12 23:40,BUY,Swing,4192.981,4187.695,52.9,151.9,43.3,2.87,0.82,1,3,34,1,4,34,1,8,34,1,15,34,1,55,178,1,142,178,1,152,178,0,,,0,,,SL,-52.86,183
2025.11.12 20:10,2025.11.12 23:40,BUY,LienKe,4195.471,4187.695,77.8,127.0,68.2,1.63,0.88,1,0,6,1,1,6,1,5,6,1,82,105,1,170,190,1,173,190,0,,,0,,,0,,,SL,-77.76,210
2025.11.12 20:10,2025.11.12 23:40,BUY,Swing,4195.471,4187.695,77.8,127.0,68.2,1.63,0.88,1,0,6,1,1,6,1,5,6,1,82,105,1,170,190,1,173,190,0,,,0,,,0,,,SL,-77.76,210
2025.11.13 16:05,2025.11.13 18:31,SELL,LienKe,4206.292,4211.762,54.7,188.9,48.8,3.45,0.89,1,1,4,1,2,4,1,20,21,1,33,52,1,36,52,1,36,52,1,142,-,0,,,0,,,TP,300.00,146
2025.11.13 16:05,2025.11.13 18:31,SELL,LienKe,4203.885,4211.762,78.8,164.8,72.8,2.09,0.92,1,33,47,1,33,47,1,34,47,1,36,47,1,69,82,1,73,82,1,144,-,0,,,0,,,TP,300.00,146
2025.11.13 23:18,2025.11.13 23:29,SELL,LienKe,4179.637,4184.626,49.9,11.0,29.1,0.22,0.58,1,7,8,0,,,0,,,0,,,0,,,0,,,0,,,0,,,0,,,SL,-49.89,10
2025.11.13 23:10,2025.11.13 23:29,SELL,LienKe,4177.616,4184.626,70.1,19.9,49.3,0.28,0.70,1,1,1,0,,,0,,,0,,,0,,,0,,,0,,,0,,,0,,,SL,-70.10,19
2025.11.14 10:15,2025.11.14 10:34,BUY,LienKe,4164.947,4159.655,52.9,56.9,47.0,1.07,0.89,1,1,2,1,4,14,1,6,14,1,6,14,0,,,0,,,0,,,0,,,0,,,SL,-52.92,18
2025.11.14 10:10,2025.11.14 10:34,BUY,LienKe,4167.509,4159.655,78.5,31.3,72.6,0.40,0.92,1,0,2,1,0,2,1,13,15,0,,,0,,,0,,,0,,,0,,,0,,,SL,-78.54,24
2025.11.14 14:32,2025.11.14 14:33,BUY,LienKe,4043.241,4034.449,87.9,0.0,65.8,0.00,0.75,0,,,0,,,0,,,0,,,0,,,0,,,0,,,0,,,0,,,SL,-87.92,1
2025.11.14 14:05,2025.11.14 14:33,BUY,LienKe,4049.230,4034.449,147.8,111.0,125.7,0.75,0.85,1,0,2,1,0,2,1,0,2,1,1,2,1,16,27,1,17,27,0,,,0,,,0,,,SL,-147.81,28
2025.11.17 03:05,2025.11.17 05:19,BUY,Swing,4079.966,4067.050,129.2,80.3,111.2,0.62,0.86,1,0,1,1,0,1,1,0,1,1,12,14,1,62,101,0,,,0,,,0,,,0,,,SL,-129.16,134
2025.11.18 00:28,2025.11.18 01:54,BUY,LienKe,4029.531,4024.346,51.8,155.2,50.5,2.99,0.97,1,0,4,1,0,4,1,0,4,1,7,83,1,11,83,1,31,83,1,33,83,0,,,0,,,SL,-51.85,86
2025.11.18 00:25,2025.11.18 01:54,BUY,LienKe,4033.450,4024.346,91.0,116.0,89.7,1.27,0.98,1,0,0,1,1,2,1,12,18,1,14,18,1,35,77,1,35,77,0,,,0,,,0,,,SL,-91.04,89
2025.11.18 02:53,2025.11.18 02:57,BUY,LienKe,4021.137,4016.210,49.3,8.2,39.9,0.17,0.81,0,,,0,,,0,,,0,,,0,,,0,,,0,,,0,,,0,,,SL,-49.27,4
2025.11.18 02:05,2025.11.18 02:57,BUY,LienKe,4023.252,4016.210,70.4,127.3,61.0,1.81,0.87,1,0,47,1,1,47,1,1,47,1,1,47,1,3,47,1,8,47,0,,,0,,,0,,,SL,-70.42,52
2025.11.19 02:52,2025.11.19 05:16,SELL,Swing,4079.374,4083.659,42.9,148.1,11.7,3.46,0.27,1,1,137,1,1,137,1,4,137,1,8,137,1,34,137,1,65,137,0,,,0,,,0,,,SL,-42.85,144
2025.11.19 02:50,2025.11.19 05:16,SELL,Swing,4077.159,4083.659,65.0,125.9,33.8,1.94,0.52,1,7,11,1,10,11,1,10,11,1,27,133,1,67,133,1,68,133,0,,,0,,,0,,,SL,-65.00,146
2025.11.19 04:05,2025.11.19 06:00,BUY,LienKe,4068.457,4061.406,70.5,291.3,5.7,4.13,0.08,1,1,2,1,5,10,1,13,-,1,21,-,1,28,-,1,64,-,1,71,-,1,73,-,0,,,TP,300.00,115
2025.11.19 10:10,2025.11.19 14:55,SELL,LienKe,4112.519,4122.173,96.5,116.4,76.5,1.21,0.79,1,0,1,1,1,2,1,2,2,1,49,66,1,181,201,1,184,201,0,,,0,,,0,,,SL,-96.54,285
2025.11.19 12:30,2025.11.19 14:56,SELL,Swing,4118.145,4122.881,47.4,172.7,45.3,3.65,0.96,1,0,7,1,1,7,1,5,7,1,24,103,1,31,103,1,37,103,1,44,103,0,,,0,,,SL,-47.36,146
2025.11.19 12:25,2025.11.19 14:56,SELL,LienKe,4117.033,4122.881,58.5,161.6,56.5,2.76,0.97,1,0,4,1,10,11,1,28,80,1,35,80,1,41,80,1,42,80,1,49,80,0,,,0,,,SL,-58.48,151
2025.11.19 12:15,2025.11.19 14:56,SELL,LienKe,4115.962,4122.881,69.2,150.9,67.2,2.18,0.97,1,0,2,1,1,2,1,6,7,1,45,90,1,52,90,1,55,90,1,60,90,0,,,0,,,SL,-69.19,161
2025.11.19 12:15,2025.11.19 14:56,SELL,Swing,4115.962,4122.881,69.2,150.9,67.2,2.18,0.97,1,0,2,1,1,2,1,6,7,1,45,90,1,52,90,1,55,90,1,60,90,0,,,0,,,SL,-69.19,161
2025.11.19 19:20,2025.11.19 19:28,BUY,LienKe,4075.503,4069.982,55.2,13.1,49.8,0.24,0.90,1,4,4,0,,,0,,,0,,,0,,,0,,,0,,,0,,,0,,,SL,-55.21,8
2025.11.19 19:20,2025.11.19 19:28,BUY,LienKe,4077.381,4069.982,74.0,0.0,68.5,0.00,0.93,0,,,0,,,0,,,0,,,0,,,0,,,0,,,0,,,0,,,SL,-73.99,8
2025.11.20 00:07,2025.11.20 02:01,SELL,LienKe,4107.834,4113.341,55.1,291.5,16.4,5.29,0.30,1,1,2,1,4,10,1,4,10,1,30,55,1,65,-,1,65,-,1,74,-,1,108,-,0,,,TP,300.00,114
2025.11.20 00:05,2025.11.20 02:01,SELL,LienKe,4105.301,4113.341,80.4,266.1,41.7,3.31,0.52,1,0,0,1,32,39,1,32,39,1,67,-,1,68,-,1,75,-,1,87,-,1,110,-,0,,,TP,300.00,116
2025.11.20 07:50,2025.11.20 08:04,BUY,LienKe,4059.162,4051.032,81.3,39.9,64.9,0.49,0.80,1,0,1,1,0,1,1,10,11,0,,,0,,,0,,,0,,,0,,,0,,,SL,-81.30,14
2025.11.20 07:50,2025.11.20 08:04,BUY,LienKe,4059.359,4051.032,83.3,37.9,66.9,0.46,0.80,1,0,1,1,0,1,1,10,11,0,,,0,,,0,,,0,,,0,,,0,,,SL,-83.27,14
2025.11.20 08:30,2025.11.20 12:19,BUY,Swing,4046.204,4035.705,105.0,296.2,22.6,2.82,0.21,1,0,0,1,2,-,1,2,-,1,3,-,1,5,-,1,5,-,1,26,-,1,27,-,0,,,TP,300.00,229
2025.11.20 17:12,2025.11.20 19:20,BUY,LienKe,4047.254,4040.674,65.8,265.2,13.1,4.03,0.20,1,0,-,1,1,-,1,1,-,1,2,-,1,3,-,1,7,-,1,40,-,1,43,-,0,,,TP,300.00,128
2025.11.20 17:10,2025.11.20 19:23,BUY,LienKe,4051.550,4040.674,108.8,293.0,56.1,2.69,0.52,1,1,1,1,4,5,1,4,5,1,8,10,1,11,24,1,42,-,1,45,-,1,56,-,0,,,TP,300.00,133
2025.11.21 06:05,2025.11.21 07:01,SELL,LienKe,4058.721,4067.881,91.6,292.3,27.1,3.19,0.30,1,0,1,1,5,-,1,5,-,1,8,-,1,10,-,1,10,-,1,14,-,1,23,-,0,,,TP,300.00,56
2025.11.21 06:05,2025.11.21 07:01,SELL,Swing,4058.721,4067.881,91.6,292.3,27.1,3.19,0.30,1,0,1,1,5,-,1,5,-,1,8,-,1,10,-,1,10,-,1,14,-,1,23,-,0,,,TP,300.00,56
2025.11.21 08:22,2025.11.21 08:27,SELL,LienKe,4041.133,4048.296,71.6,19.0,46.2,0.27,0.64,1,2,3,0,,,0,,,0,,,0,,,0,,,0,,,0,,,0,,,SL,-71.63,5
2025.11.21 08:20,2025.11.21 08:27,SELL,LienKe,4034.266,4048.296,140.3,1.0,114.9,0.01,0.82,0,,,0,,,0,,,0,,,0,,,0,,,0,,,0,,,0,,,SL,-140.30,7
2025.11.21 09:10,2025.11.21 09:12,SELL,LienKe,4048.957,4053.550,45.9,1.3,45.2,0.03,0.98,0,,,0,,,0,,,0,,,0,,,0,,,0,,,0,,,0,,,SL,-45.93,2
2025.11.21 09:10,2025.11.21 09:12,SELL,LienKe,4046.764,4053.550,67.9,1.4,67.1,0.02,0.99,0,,,0,,,0,,,0,,,0,,,0,,,0,,,0,,,0,,,SL,-67.86,2
2025.11.21 07:05,2025.11.21 09:19,BUY,LienKe,4030.801,4021.810,89.9,291.1,85.4,3.24,0.95,1,0,0,1,9,10,1,11,14,1,11,14,1,25,42,1,71,-,1,82,-,1,126,-,0,,,TP,300.00,134
2025.11.21 12:30,2025.11.21 12:30,SELL,LienKe,4044.993,4053.551,85.6,10.7,1.6,0.13,0.02,1,0,-,0,,,0,,,0,,,0,,,0,,,0,,,0,,,0,,,SL,-85.58,0
2025.11.21 12:30,2025.11.21 12:30,SELL,LienKe,4048.712,4053.551,48.4,0.0,86.9,0.00,1.80,0,,,0,,,0,,,0,,,0,,,0,,,0,,,0,,,0,,,SL,-48.39,0
2025.11.21 14:05,2025.11.21 16:50,SELL,LienKe,4078.155,4086.968,88.1,230.3,45.4,2.61,0.52,1,0,1,1,0,1,1,3,157,1,5,157,1,15,157,1,16,157,1,25,157,1,95,157,0,,,SL,-88.13,165
2025.11.21 18:41,2025.11.21 20:23,BUY,LienKe,4077.902,4073.508,43.9,143.0,15.1,3.25,0.34,1,3,-,1,4,-,1,4,-,1,6,-,1,7,-,1,7,-,0,,,0,,,0,,,SL,-43.94,102
2025.11.21 18:35,2025.11.21 20:23,BUY,LienKe,4079.494,4073.508,59.9,127.1,31.0,2.12,0.52,1,1,2,1,4,5,1,12,102,1,13,102,1,13,102,1,50,102,0,,,0,,,0,,,SL,-59.86,108
2025.11.24 07:41,2025.11.24 07:44,SELL,Swing,4061.188,4066.681,54.9,4.5,41.5,0.08,0.76,0,,,0,,,0,,,0,,,0,,,0,,,0,,,0,,,0,,,SL,-54.93,2
2025.11.24 07:40,2025.11.24 07:44,SELL,Swing,4058.657,4066.681,80.2,5.6,66.8,0.07,0.83,0,,,0,,,0,,,0,,,0,,,0,,,0,,,0,,,0,,,SL,-80.24,4
2025.11.24 05:49,2025.11.24 09:11,BUY,LienKe,4042.392,4036.842,55.5,280.4,10.2,5.05,0.18,1,1,3,1,2,3,1,7,-,1,8,-,1,14,-,1,16,-,1,54,-,1,109,-,0,,,TP,300.00,202
2025.11.24 05:49,2025.11.24 09:11,BUY,Swing,4042.392,4036.842,55.5,280.4,10.2,5.05,0.18,1,1,3,1,2,3,1,7,-,1,8,-,1,14,-,1,16,-,1,54,-,1,109,-,0,,,TP,300.00,202
2025.11.24 05:25,2025.11.24 10:03,BUY,LienKe,4046.372,4036.842,95.3,278.6,50.0,2.92,0.52,1,5,5,1,18,21,1,18,21,1,39,-,1,42,-,1,61,-,1,133,-,1,139,-,0,,,TP,300.00,278
2025.11.24 05:25,2025.11.24 10:03,BUY,Swing,4046.372,4036.842,95.3,278.6,50.0,2.92,0.52,1,5,5,1,18,21,1,18,21,1,39,-,1,42,-,1,61,-,1,133,-,1,139,-,0,,,TP,300.00,278
2025.11.24 12:30,2025.11.24 12:42,SELL,LienKe,4071.593,4077.292,57.0,6.5,50.8,0.11,0.89,0,,,0,,,0,,,0,,,0,,,0,,,0,,,0,,,0,,,SL,-56.99,12
2025.11.24 12:10,2025.11.24 12:42,SELL,LienKe,4068.971,4077.292,83.2,31.7,77.0,0.38,0.93,1,0,3,1,1,3,1,3,3,0,,,0,,,0,,,0,,,0,,,0,,,SL,-83.21,32
2025.11.24 15:00,2025.11.24 15:05,SELL,LienKe,4081.272,4089.089,78.2,0.0,48.0,0.00,0.61,0,,,0,,,0,,,0,,,0,,,0,,,0,,,0,,,0,,,SL,-78.17,5
2025.11.24 13:31,2025.11.24 15:05,SELL,LienKe,4083.203,4088.024,48.2,147.0,30.5,3.05,0.63,1,8,42,1,8,42,1,9,42,1,11,42,1,12,42,1,58,81,0,,,0,,,0,,,SL,-48.21,94
2025.11.24 13:25,2025.11.24 15:05,SELL,LienKe,4079.985,4088.024,80.4,114.9,62.6,1.43,0.78,1,0,1,1,17,21,1,18,21,1,18,21,1,65,86,1,75,86,0,,,0,,,0,,,SL,-80.39,100
2025.11.24 18:14,2025.11.24 23:00,BUY,LienKe,4089.231,4085.005,42.3,507.9,2.8,12.02,0.07,1,1,-,1,1,-,1,6,-,1,13,-,1,16,-,1,16,-,1,24,-,1,25,-,1,38,-,TP,300.00,285
2025.11.24 18:10,2025.11.24 23:00,BUY,LienKe,4090.653,4085.005,56.5,493.7,17.0,8.74,0.30,1,10,-,1,10,-,1,11,-,1,19,-,1,20,-,1,27,-,1,28,-,1,29,-,1,42,-,TP,300.00,290
2025.11.24 17:05,2025.11.24 23:00,SELL,LienKe,4097.218,4102.898,56.8,90.5,429.6,1.59,7.56,1,0,2,1,1,2,1,5,44,1,7,44,1,13,44,0,,,0,,,0,,,0,,,SL,-56.80,355
2025.11.25 01:13,2025.11.25 08:50,BUY,LienKe,4126.786,4121.009,57.8,290.3,55.3,5.03,0.96,1,1,2,1,1,2,1,18,442,1,22,442,1,23,442,1,26,442,1,51,442,1,77,442,0,,,SL,-57.77,457
2025.11.25 01:05,2025.11.25 08:50,BUY,LienKe,4132.232,4121.009,112.2,235.9,109.8,2.10,0.98,1,0,1,1,1,1,1,1,1,1,34,392,1,58,392,1,73,392,1,86,392,1,99,392,0,,,SL,-112.23,465
2025.11.26 04:17,2025.11.26 06:15,BUY,LienKe,4160.544,4156.317,42.3,80.9,40.4,1.91,0.96,1,34,39,1,34,39,1,48,76,1,51,76,1,64,76,0,,,0,,,0,,,0,,,SL,-42.27,118
2025.11.26 04:10,2025.11.26 06:15,BUY,LienKe,4161.998,4156.317,56.8,66.4,54.9,1.17,0.97,1,1,2,1,56,83,1,58,83,1,65,83,0,,,0,,,0,,,0,,,0,,,SL,-56.81,125
2025.11.26 05:28,2025.11.26 11:32,SELL,LienKe,4167.074,4171.638,45.6,202.9,21.3,4.45,0.47,1,2,3,1,4,162,1,4,162,1,5,162,1,40,162,1,47,162,1,66,162,1,70,162,0,,,SL,-45.64,364
2025.11.26 05:25,2025.11.26 11:32,SELL,LienKe,4165.710,4171.638,59.3,189.2,34.9,3.19,0.59,1,7,163,1,8,163,1,8,163,1,9,163,1,49,163,1,51,163,1,70,163,0,,,0,,,SL,-59.28,367
2025.11.26 15:25,2025.11.26 15:31,SELL,LienKe,4156.092,4161.191,51.0,13.2,45.3,0.26,0.89,1,0,1,0,,,0,,,0,,,0,,,0,,,0,,,0,,,0,,,SL,-50.99,6
2025.11.26 15:25,2025.11.26 15:31,SELL,LienKe,4155.744,4161.191,54.5,9.7,48.8,0.18,0.89,0,,,0,,,0,,,0,,,0,,,0,,,0,,,0,,,0,,,SL,-54.47,6
2025.11.27 05:25,2025.11.27 06:36,SELL,LienKe,4153.786,4157.715,39.3,89.2,35.5,2.27,0.90,1,2,3,1,6,46,1,11,46,1,18,46,1,24,46,0,,,0,,,0,,,0,,,SL,-39.29,71
2025.11.27 05:15,2025.11.27 06:36,SELL,LienKe,4152.834,4157.715,48.8,79.7,45.0,1.63,0.92,1,1,8,1,3,8,1,25,56,1,30,56,0,,,0,,,0,,,0,,,0,,,SL,-48.81,81
2025.11.27 19:00,2025.11.27 23:12,SELL,LienKe,4159.154,4162.767,36.1,18.8,35.7,0.52,0.99,1,24,241,0,,,0,,,0,,,0,,,0,,,0,,,0,,,0,,,SL,-36.13,252
2025.11.27 16:30,2025.11.28 01:00,BUY,LienKe,4154.502,4148.443,60.6,289.4,4.0,4.78,0.07,1,1,3,1,18,-,1,28,-,1,146,-,1,400,-,1,451,-,1,467,-,1,484,-,0,,,TP,294.65,510
2025.12.01 02:10,2025.12.01 05:22,SELL,LienKe,4250.059,4259.447,93.9,259.1,2.3,2.76,0.02,1,0,-,1,0,-,1,1,-,1,10,-,1,18,-,1,20,-,1,30,-,1,183,-,0,,,TP,300.00,192
2025.12.01 11:25,2025.12.01 12:55,BUY,LienKe,4253.376,4245.325,80.5,50.4,60.5,0.63,0.75,1,0,5,1,1,5,1,15,24,1,19,24,0,,,0,,,0,,,0,,,0,,,SL,-80.51,90
2025.12.01 14:21,2025.12.01 14:35,BUY,Swing,4243.428,4235.560,78.7,46.7,32.9,0.59,0.42,1,1,10,1,4,10,1,4,10,0,,,0,,,0,,,0,,,0,,,0,,,SL,-78.68,14
2025.12.01 14:10,2025.12.01 14:35,BUY,Swing,4248.135,4235.560,125.7,12.3,79.9,0.10,0.64,1,6,7,0,,,0,,,0,,,0,,,0,,,0,,,0,,,0,,,SL,-125.75,25
2025.12.02 09:16,2025.12.02 09:21,BUY,LienKe,4206.600,4201.843,47.6,0.0,31.1,0.00,0.65,0,,,0,,,0,,,0,,,0,,,0,,,0,,,0,,,0,,,SL,-47.57,5
2025.12.02 09:15,2025.12.02 09:21,BUY,LienKe,4208.110,4201.843,62.7,6.8,46.2,0.11,0.74,0,,,0,,,0,,,0,,,0,,,0,,,0,,,0,,,0,,,SL,-62.67,6
2025.12.02 18:40,2025.12.03 01:01,BUY,LienKe,4187.029,4180.205,68.2,299.9,15.0,4.39,0.22,1,4,5,1,12,-,1,12,-,1,20,-,1,22,-,1,25,-,1,113,-,1,116,-,0,,,TP,294.65,381
2025.12.04 01:50,2025.12.04 05:40,SELL,LienKe,4213.597,4219.817,62.2,289.4,1.6,4.65,0.03,1,0,-,1,1,-,1,1,-,1,8,-,1,11,-,1,12,-,1,72,-,1,72,-,0,,,TP,300.00,230
2025.12.04 07:11,2025.12.04 07:16,SELL,LienKe,4190.304,4194.573,42.7,5.0,39.7,0.12,0.93,0,,,0,,,0,,,0,,,0,,,0,,,0,,,0,,,0,,,SL,-42.69,4
2025.12.04 07:10,2025.12.04 07:16,SELL,LienKe,4189.150,4194.573,54.2,4.4,51.2,0.08,0.94,0,,,0,,,0,,,0,,,0,,,0,,,0,,,0,,,0,,,SL,-54.23,6
2025.12.04 16:06,2025.12.04 16:17,SELL,LienKe,4210.063,4215.633,55.7,9.0,54.3,0.16,0.98,0,,,0,,,0,,,0,,,0,,,0,,,0,,,0,,,0,,,SL,-55.70,11
2025.12.04 16:05,2025.12.04 16:17,SELL,LienKe,4207.382,4215.633,82.5,5.5,81.2,0.07,0.98,0,,,0,,,0,,,0,,,0,,,0,,,0,,,0,,,0,,,SL,-82.51,12
2025.12.04 13:11,2025.12.04 16:17,BUY,LienKe,4188.177,4182.947,52.3,271.6,27.0,5.19,0.52,1,0,1,1,9,19,1,9,19,1,13,19,1,18,19,1,48,-,1,56,-,1,71,-,0,,,TP,300.00,186
2025.12.05 00:20,2025.12.05 04:14,SELL,LienKe,4207.877,4213.526,56.5,128.9,53.2,2.28,0.94,1,0,150,1,4,150,1,10,150,1,33,150,1,47,150,1,50,150,0,,,0,,,0,,,SL,-56.49,234
2025.12.05 00:20,2025.12.05 04:14,SELL,Swing,4207.877,4213.526,56.5,128.9,53.2,2.28,0.94,1,0,150,1,4,150,1,10,150,1,33,150,1,47,150,1,50,150,0,,,0,,,0,,,SL,-56.49,234
2025.12.04 13:10,2025.12.05 05:30,BUY,LienKe,4190.592,4182.947,76.4,293.8,51.2,3.84,0.67,1,10,20,1,13,20,1,17,20,1,18,20,1,50,-,1,57,-,1,59,-,1,82,-,0,,,TP,294.65,980
2025.12.05 12:16,2025.12.05 13:00,SELL,Swing,4228.007,4232.697,46.9,50.2,17.6,1.07,0.38,1,4,41,1,5,41,1,5,41,1,15,41,0,,,0,,,0,,,0,,,0,,,SL,-46.90,44
2025.12.05 12:10,2025.12.05 13:00,SELL,Swing,4226.281,4232.697,64.2,32.9,34.9,0.51,0.54,1,2,5,1,19,36,1,22,36,0,,,0,,,0,,,0,,,0,,,0,,,SL,-64.16,50
2025.12.05 07:29,2025.12.05 13:00,SELL,LienKe,4229.562,4233.496,39.3,134.9,13.0,3.43,0.33,1,1,277,1,1,277,1,2,277,1,16,277,1,62,277,1,98,277,0,,,0,,,0,,,SL,-39.34,331
2025.12.05 07:20,2025.12.05 13:00,SELL,LienKe,4227.681,4233.496,58.2,116.1,31.8,2.00,0.55,1,0,1,1,22,184,1,23,184,1,35,184,1,106,184,1,107,184,0,,,0,,,0,,,SL,-58.15,340
2025.12.05 14:47,2025.12.05 14:49,SELL,LienKe,4238.672,4242.531,38.6,0.0,33.1,0.00,0.86,0,,,0,,,0,,,0,,,0,,,0,,,0,,,0,,,0,,,SL,-38.59,2
2025.12.05 14:15,2025.12.05 14:49,SELL,LienKe,4237.397,4242.531,51.3,89.6,45.9,1.75,0.89,1,0,30,1,1,30,1,2,30,1,13,30,1,20,30,0,,,0,,,0,,,0,,,SL,-51.34,34
2025.12.08 11:35,2025.12.08 12:51,SELL,LienKe,4210.904,4214.851,39.5,23.7,32.9,0.60,0.83,1,23,26,1,24,26,0,,,0,,,0,,,0,,,0,,,0,,,0,,,SL,-39.47,76
2025.12.08 11:35,2025.12.08 12:51,SELL,LienKe,4209.943,4214.851,49.1,14.1,42.6,0.29,0.87,1,24,25,0,,,0,,,0,,,0,,,0,,,0,,,0,,,0,,,SL,-49.08,76
2025.12.08 10:58,2025.12.08 13:56,BUY,LienKe,4203.446,4197.935,55.1,121.2,50.8,2.20,0.92,1,0,1,1,20,146,1,24,146,1,31,146,1,34,146,1,39,146,0,,,0,,,0,,,SL,-55.11,178
2025.12.08 10:58,2025.12.08 13:56,BUY,Swing,4203.446,4197.935,55.1,121.2,50.8,2.20,0.92,1,0,1,1,20,146,1,24,146,1,31,146,1,34,146,1,39,146,0,,,0,,,0,,,SL,-55.11,178
2025.12.08 10:35,2025.12.08 13:56,BUY,LienKe,4206.929,4197.935,89.9,86.4,85.6,0.96,0.95,1,4,7,1,54,154,1,55,154,1,61,154,1,136,154,0,,,0,,,0,,,0,,,SL,-89.94,201
2025.12.08 10:35,2025.12.08 13:56,BUY,Swing,4206.929,4197.935,89.9,86.4,85.6,0.96,0.95,1,4,7,1,54,154,1,55,154,1,61,154,1,136,154,0,,,0,,,0,,,0,,,SL,-89.94,201
2025.12.08 14:44,2025.12.08 15:00,BUY,LienKe,4199.494,4194.348,51.5,114.4,40.2,2.22,0.78,1,1,1,1,2,4,1,2,4,1,12,14,1,12,14,1,12,14,0,,,0,,,0,,,SL,-51.46,16
2025.12.08 14:05,2025.12.08 15:00,BUY,LienKe,4202.708,4194.348,83.6,88.8,72.3,1.06,0.87,1,0,32,1,1,32,1,1,32,1,3,32,1,11,32,0,,,0,,,0,,,0,,,SL,-83.60,55
2025.12.08 14:00,2025.12.08 15:00,BUY,Swing,4201.799,4194.623,71.8,97.9,63.2,1.36,0.88,1,4,42,1,5,42,1,6,42,1,7,42,1,14,42,0,,,0,,,0,,,0,,,SL,-71.76,60
2025.12.08 12:55,2025.12.08 15:05,SELL,LienKe,4213.360,4218.564,52.0,260.0,15.7,5.00,0.30,1,0,3,1,5,-,1,5,-,1,5,-,1,29,-,1,34,-,1,61,-,1,125,-,0,,,TP,300.00,130
2025.12.08 23:20,2025.12.09 01:03,SELL,LienKe,4192.621,4196.412,37.9,36.9,32.3,0.97,0.85,1,54,54,1,96,101,1,100,101,0,,,0,,,0,,,0,,,0,,,0,,,SL,-37.91,103
2025.12.08 23:10,2025.12.09 01:03,SELL,LienKe,4191.761,4196.412,46.5,28.3,40.9,0.61,0.88,1,106,111,1,110,111,0,,,0,,,0,,,0,,,0,,,0,,,0,,,SL,-46.51,113
2025.12.09 05:19,2025.12.09 05:43,BUY,LienKe,4184.376,4180.436,39.4,26.1,38.2,0.66,0.97,1,5,11,1,6,11,0,,,0,,,0,,,0,,,0,,,0,,,0,,,SL,-39.40,23
2025.12.09 05:10,2025.12.09 05:43,BUY,LienKe,4185.501,4180.436,50.7,17.9,49.4,0.35,0.98,1,2,5,0,,,0,,,0,,,0,,,0,,,0,,,0,,,0,,,SL,-50.65,33
2025.12.09 14:10,2025.12.09 14:11,BUY,LienKe,4196.225,4191.590,46.4,0.0,18.1,0.00,0.39,0,,,0,,,0,,,0,,,0,,,0,,,0,,,0,,,0,,,SL,-46.35,1
2025.12.09 14:10,2025.12.09 14:11,BUY,LienKe,4197.950,4191.590,63.6,0.0,35.3,0.00,0.56,0,,,0,,,0,,,0,,,0,,,0,,,0,,,0,,,0,,,SL,-63.60,1
2025.12.09 20:08,2025.12.10 01:21,SELL,LienKe,4213.780,4218.019,42.4,67.2,39.2,1.58,0.92,1,0,2,1,11,40,1,14,40,1,85,304,0,,,0,,,0,,,0,,,0,,,SL,-42.39,313
2025.12.09 20:05,2025.12.10 01:21,SELL,LienKe,4212.376,4218.019,56.4,53.1,53.2,0.94,0.94,1,17,41,1,18,41,1,21,41,1,110,223,0,,,0,,,0,,,0,,,0,,,SL,-56.43,316
2025.12.10 09:19,2025.12.10 10:31,BUY,LienKe,4195.965,4191.418,45.5,25.1,44.9,0.55,0.99,1,0,1,1,9,16,0,,,0,,,0,,,0,,,0,,,0,,,0,,,SL,-45.47,72
2025.12.10 09:05,2025.12.10 10:31,BUY,LienKe,4197.617,4191.418,62.0,30.1,61.4,0.49,0.99,1,0,8,1,1,8,1,3,8,0,,,0,,,0,,,0,,,0,,,0,,,SL,-61.99,86
2025.12.10 16:40,2025.12.10 19:00,SELL,LienKe,4201.864,4206.167,43.0,102.2,34.7,2.38,0.81,1,25,26,1,31,37,1,55,75,1,102,-,1,105,-,1,139,-,0,,,0,,,0,,,SL,-43.03,140
2025.12.10 16:35,2025.12.10 19:00,SELL,LienKe,4200.220,4206.167,59.5,85.8,51.1,1.44,0.86,1,38,39,1,70,77,1,72,77,1,109,-,1,125,-,0,,,0,,,0,,,0,,,SL,-59.47,145
2025.12.10 14:15,2025.12.10 19:00,SELL,LienKe,4205.260,4210.115,48.5,161.4,11.9,3.33,0.24,1,2,157,1,3,157,1,5,157,1,7,157,1,12,157,1,12,157,1,62,157,0,,,0,,,SL,-48.55,285
2025.12.10 14:15,2025.12.10 19:00,SELL,LienKe,4205.162,4210.115,49.5,160.5,12.8,3.24,0.26,1,2,157,1,3,157,1,5,157,1,7,157,1,12,157,1,12,157,1,62,157,0,,,0,,,SL,-49.53,285
2025.12.11 02:16,2025.12.11 02:30,BUY,LienKe,4232.381,4228.007,43.7,19.4,27.7,0.44,0.63,1,6,10,0,,,0,,,0,,,0,,,0,,,0,,,0,,,0,,,SL,-43.74,14
2025.12.11 02:15,2025.12.11 02:30,BUY,LienKe,4233.914,4228.007,59.1,4.1,43.0,0.07,0.73,0,,,0,,,0,,,0,,,0,,,0,,,0,,,0,,,0,,,SL,-59.07,15
2025.12.11 04:50,2025.12.11 06:00,BUY,LienKe,4212.423,4205.590,68.3,39.5,62.7,0.58,0.92,1,3,24,1,6,24,1,12,24,0,,,0,,,0,,,0,,,0,,,0,,,SL,-68.33,70
2025.12.11 07:42,2025.12.11 08:42,SELL,LienKe,4215.418,4219.626,42.1,24.6,41.9,0.58,1.00,1,20,23,1,21,23,0,,,0,,,0,,,0,,,0,,,0,,,0,,,SL,-42.08,60
2025.12.11 07:40,2025.12.11 08:42,SELL,LienKe,4214.209,4219.626,54.2,12.5,54.0,0.23,1.00,1,23,24,0,,,0,,,0,,,0,,,0,,,0,,,0,,,0,,,SL,-54.17,62
2025.12.11 12:05,2025.12.11 13:16,BUY,LienKe,4211.706,4205.776,59.3,108.1,28.6,1.82,0.48,1,0,1,1,6,63,1,11,63,1,16,63,1,27,63,1,55,63,0,,,0,,,0,,,SL,-59.30,71
2025.12.11 11:56,2025.12.11 13:16,BUY,Swing,4211.171,4206.648,45.2,113.5,24.0,2.51,0.53,1,9,74,1,10,74,1,15,74,1,24,74,1,34,74,1,64,74,0,,,0,,,0,,,SL,-45.23,80
2025.12.11 11:55,2025.12.11 13:16,BUY,Swing,4212.926,4206.648,62.8,95.9,41.5,1.53,0.66,1,16,18,1,22,71,1,24,71,1,30,71,1,65,71,0,,,0,,,0,,,0,,,SL,-62.78,81
2025.12.11 11:53,2025.12.11 13:16,BUY,LienKe,4212.087,4208.245,38.4,104.3,33.1,2.71,0.86,1,13,14,1,19,75,1,24,75,1,28,75,1,39,75,1,67,75,0,,,0,,,0,,,SL,-38.42,83
2025.12.11 11:40,2025.12.11 13:16,BUY,LienKe,4213.097,4208.245,48.5,94.2,43.2,1.94,0.89,1,0,1,1,4,9,1,40,86,1,46,86,1,80,86,0,,,0,,,0,,,0,,,SL,-48.52,96
2025.12.11 13:20,2025.12.11 14:35,BUY,LienKe,4207.278,4202.192,50.9,289.8,4.7,5.70,0.09,1,0,-,1,1,-,1,1,-,1,4,-,1,10,-,1,18,-,1,29,-,1,50,-,0,,,TP,300.00,75
2025.12.11 06:05,2025.12.11 14:35,BUY,LienKe,4207.767,4201.316,64.5,284.9,25.7,4.42,0.40,1,0,15,1,4,15,1,4,15,1,21,431,1,91,431,1,99,431,1,239,431,1,485,-,0,,,TP,300.00,510
2025.12.11 13:20,2025.12.11 14:37,BUY,LienKe,4209.584,4202.192,73.9,290.9,27.7,3.93,0.38,1,1,2,1,3,3,1,5,13,1,10,13,1,21,-,1,22,-,1,48,-,1,51,-,0,,,TP,300.00,77
2025.12.11 23:40,2025.12.12 00:54,BUY,LienKe,4274.183,4269.422,47.6,60.2,26.4,1.26,0.55,1,3,11,1,3,11,1,5,11,1,37,56,0,,,0,,,0,,,0,,,0,,,SL,-52.96,74
2025.12.11 23:40,2025.12.12 00:54,BUY,LienKe,4276.177,4269.422,67.6,40.3,46.4,0.60,0.69,1,5,6,1,20,21,1,38,55,0,,,0,,,0,,,0,,,0,,,0,,,SL,-72.90,74
2025.12.11 19:08,2025.12.12 08:16,BUY,LienKe,4265.536,4259.962,55.7,299.3,22.4,5.37,0.40,1,1,1,1,2,60,1,3,60,1,4,60,1,10,60,1,27,60,1,145,380,1,719,-,0,,,TP,294.65,788
2025.12.11 19:05,2025.12.12 08:41,BUY,LienKe,4271.023,4259.962,110.6,299.3,77.3,2.71,0.70,1,10,10,1,13,62,1,18,62,1,30,62,1,143,349,1,148,349,1,722,-,1,778,-,0,,,TP,294.65,816
2025.12.12 20:35,2025.12.15 01:40,BUY,LienKe,4293.481,4285.403,80.8,281.8,24.2,3.49,0.30,1,2,3,1,4,-,1,5,-,1,8,-,1,11,-,1,47,-,1,3145,-,1,3148,-,0,,,TP,294.65,3185
2025.12.15 02:05,2025.12.15 02:32,SELL,LienKe,4324.665,4329.000,43.4,36.1,35.1,0.83,0.81,1,6,23,1,7,23,1,8,23,0,,,0,,,0,,,0,,,0,,,0,,,SL,-43.35,27
2025.12.15 02:05,2025.12.15 02:32,SELL,LienKe,4323.295,4329.000,57.0,22.4,48.8,0.39,0.86,1,7,12,1,8,12,0,,,0,,,0,,,0,,,0,,,0,,,0,,,SL,-57.05,27
2025.12.15 04:25,2025.12.15 05:31,SELL,LienKe,4328.921,4333.085,41.6,56.1,40.0,1.35,0.96,1,1,58,1,2,58,1,7,58,1,10,58,0,,,0,,,0,,,0,,,0,,,SL,-41.64,66
2025.12.16 01:10,2025.12.16 02:54,BUY,LienKe,4304.735,4296.075,86.6,131.9,78.1,1.52,0.90,1,2,3,1,6,99,1,8,99,1,15,99,1,20,99,1,22,99,0,,,0,,,0,,,SL,-86.60,104
2025.12.16 01:10,2025.12.16 02:54,BUY,Swing,4304.735,4296.075,86.6,131.9,78.1,1.52,0.90,1,2,3,1,6,99,1,8,99,1,15,99,1,20,99,1,22,99,0,,,0,,,0,,,SL,-86.60,104
2025.12.16 01:40,2025.12.16 03:11,SELL,Swing,4314.574,4320.924,63.5,279.5,17.8,4.40,0.28,1,1,1,1,9,-,1,10,-,1,13,-,1,17,-,1,69,-,1,73,-,1,74,-,0,,,TP,300.00,91
2025.12.16 11:19,2025.12.16 13:30,BUY,LienKe,4274.755,4271.057,37.0,273.1,10.0,7.39,0.27,1,1,7,1,2,7,1,3,7,1,41,-,1,48,-,1,49,-,1,57,-,1,87,-,0,,,TP,300.00,131
2025.12.16 11:15,2025.12.16 13:30,BUY,LienKe,4276.078,4271.057,50.2,259.9,23.3,5.18,0.46,1,7,9,1,15,28,1,18,28,1,51,-,1,53,-,1,54,-,1,63,-,1,113,-,0,,,TP,300.00,135
2025.12.16 14:11,2025.12.16 14:15,SELL,Swing,4317.876,4323.141,52.6,0.0,26.6,0.00,0.51,0,,,0,,,0,,,0,,,0,,,0,,,0,,,0,,,0,,,SL,-52.65,4
2025.12.16 14:10,2025.12.16 14:15,SELL,Swing,4315.527,4323.141,76.1,2.3,50.1,0.03,0.66,0,,,0,,,0,,,0,,,0,,,0,,,0,,,0,,,0,,,SL,-76.14,5
2025.12.16 18:41,2025.12.16 19:46,SELL,LienKe,4309.269,4313.855,45.9,117.3,44.5,2.56,0.97,1,1,4,1,22,41,1,22,41,1,31,41,1,44,51,1,44,51,0,,,0,,,0,,,SL,-45.86,65
2025.12.16 18:40,2025.12.16 19:46,SELL,LienKe,4307.260,4313.855,65.9,97.2,64.6,1.47,0.98,1,23,24,1,25,29,1,33,35,1,45,50,1,45,50,0,,,0,,,0,,,0,,,SL,-65.95,66
2025.12.16 19:55,2025.12.17 01:11,SELL,LienKe,4313.323,4318.981,56.6,124.7,45.5,2.20,0.80,1,0,10,1,1,10,1,3,10,1,23,259,1,57,259,1,58,259,0,,,0,,,0,,,SL,-56.58,316
2025.12.17 04:38,2025.12.17 04:42,SELL,LienKe,4325.214,4329.016,38.0,0.0,33.6,0.00,0.88,0,,,0,,,0,,,0,,,0,,,0,,,0,,,0,,,0,,,SL,-38.02,4
2025.12.17 04:15,2025.12.17 04:42,SELL,LienKe,4324.438,4329.016,45.8,38.0,41.3,0.83,0.90,1,1,3,1,7,10,1,16,23,0,,,0,,,0,,,0,,,0,,,0,,,SL,-45.78,27
2025.12.16 18:17,2025.12.17 04:55,BUY,LienKe,4301.310,4296.592,47.2,298.7,39.3,6.33,0.83,1,7,12,1,7,12,1,14,68,1,14,68,1,19,68,1,31,68,1,403,-,1,436,-,0,,,TP,294.65,638
2025.12.16 18:15,2025.12.17 05:11,BUY,LienKe,4303.228,4296.592,66.4,293.9,58.5,4.43,0.88,1,16,70,1,16,70,1,16,70,1,19,70,1,33,70,1,37,70,1,416,-,1,440,-,0,,,TP,294.65,656
2025.12.16 19:30,2025.12.17 05:23,BUY,LienKe,4305.657,4294.382,112.8,296.3,49.6,2.63,0.44,1,0,5,1,0,5,1,1,5,1,15,82,1,16,82,1,22,82,1,363,-,1,382,-,0,,,TP,294.65,593
2025.12.17 10:40,2025.12.17 13:58,BUY,Swing,4311.894,4303.453,84.4,296.7,2.1,3.52,0.02,1,1,-,1,2,-,1,4,-,1,9,-,1,36,-,1,100,-,1,152,-,1,170,-,0,,,TP,300.00,198
2025.12.17 20:20,2025.12.17 20:49,SELL,LienKe,4341.118,4345.368,42.5,24.2,41.0,0.57,0.97,1,5,6,1,12,14,0,,,0,,,0,,,0,,,0,,,0,,,0,,,SL,-42.50,29
2025.12.17 20:20,2025.12.17 20:49,SELL,LienKe,4339.876,4345.368,54.9,11.8,53.4,0.21,0.97,1,12,13,0,,,0,,,0,,,0,,,0,,,0,,,0,,,0,,,SL,-54.92,29
2025.12.18 07:35,2025.12.18 13:50,SELL,LienKe,4335.551,4340.740,51.9,209.0,48.0,4.03,0.92,1,4,355,1,6,355,1,21,355,1,27,355,1,29,355,1,30,355,1,292,355,1,331,355,0,,,SL,-51.89,375
2025.12.18 07:35,2025.12.18 13:50,SELL,Swing,4335.551,4340.740,51.9,209.0,48.0,4.03,0.92,1,4,355,1,6,355,1,21,355,1,27,355,1,29,355,1,30,355,1,292,355,1,331,355,0,,,SL,-51.89,375
2025.12.19 09:50,2025.12.19 14:38,SELL,LienKe,4330.010,4336.590,65.8,92.7,58.3,1.41,0.89,1,1,1,1,5,10,1,40,195,1,41,195,1,139,195,0,,,0,,,0,,,0,,,SL,-65.80,288
2025.12.19 13:16,2025.12.19 14:39,SELL,Swing,4332.871,4337.765,48.9,76.2,43.2,1.56,0.88,1,6,7,1,8,13,1,9,13,1,9,13,0,,,0,,,0,,,0,,,0,,,SL,-48.94,82
2025.12.19 13:15,2025.12.19 14:39,SELL,Swing,4330.227,4337.765,75.4,49.7,69.7,0.66,0.92,1,0,0,1,10,11,1,45,47,0,,,0,,,0,,,0,,,0,,,0,,,SL,-75.38,84
2025.12.18 20:10,2025.12.19 15:04,SELL,LienKe,4334.637,4338.949,43.1,252.6,36.8,5.86,0.85,1,1,24,1,3,24,1,6,24,1,6,24,1,289,1021,1,290,1021,1,313,1021,1,318,1021,0,,,SL,-43.12,1134
2025.12.18 20:10,2025.12.19 15:04,SELL,LienKe,4333.273,4338.949,56.8,238.9,50.5,4.21,0.89,1,3,4,1,6,23,1,7,23,1,248,815,1,290,815,1,290,815,1,314,815,1,318,815,0,,,SL,-56.76,1134
2025.12.19 10:37,2025.12.19 16:01,BUY,LienKe,4324.079,4319.288,47.9,285.8,43.5,5.96,0.91,1,2,91,1,4,91,1,5,91,1,13,91,1,153,250,1,154,250,1,267,-,1,271,-,0,,,TP,300.00,323
2025.12.19 10:35,2025.12.19 17:55,BUY,LienKe,4326.036,4319.288,67.5,293.3,63.1,4.35,0.93,1,7,33,1,12,33,1,16,33,1,151,216,1,156,216,1,243,251,1,271,-,1,288,-,0,,,TP,300.00,440
2025.12.19 18:30,2025.12.22 00:00,SELL,LienKe,4354.541,4359.559,50.2,177.4,20.6,3.54,0.41,1,0,3199,1,0,3199,1,1,3199,1,6,3199,1,12,3199,1,15,3199,1,130,3199,0,,,0,,,SL,-50.18,3210
2025.12.22 08:13,2025.12.22 08:55,BUY,LienKe,4411.769,4406.862,49.1,31.9,46.6,0.65,0.95,1,10,11,1,17,20,1,17,20,0,,,0,,,0,,,0,,,0,,,0,,,SL,-49.07,42
2025.12.22 08:05,2025.12.22 08:55,BUY,LienKe,4413.787,4406.862,69.3,11.8,66.8,0.17,0.96,1,25,26,0,,,0,,,0,,,0,,,0,,,0,,,0,,,0,,,SL,-69.25,50
2025.12.22 10:10,2025.12.22 13:00,SELL,LienKe,4414.330,4418.950,46.2,80.1,16.9,1.73,0.36,1,0,3,1,14,162,1,20,162,1,20,162,1,123,162,0,,,0,,,0,,,0,,,SL,-46.20,170
2025.12.22 11:05,2025.12.22 16:15,BUY,LienKe,4408.471,4403.180,52.9,296.8,23.1,5.61,0.44,1,2,2,1,22,64,1,34,64,1,107,-,1,115,-,1,115,-,1,125,-,1,195,-,0,,,TP,300.00,310
2025.12.22 10:35,2025.12.22 16:20,BUY,LienKe,4410.427,4403.278,71.5,298.0,42.7,4.17,0.60,1,4,5,1,86,93,1,137,-,1,143,-,1,145,-,1,145,-,1,156,-,1,310,-,0,,,TP,300.00,345
2025.12.23 07:10,2025.12.23 07:22,SELL,LienKe,4481.563,4486.026,44.6,10.1,39.0,0.23,0.87,1,2,4,0,,,0,,,0,,,0,,,0,,,0,,,0,,,0,,,SL,-44.63,12
2025.12.23 07:10,2025.12.23 07:22,SELL,LienKe,4481.076,4486.026,49.5,5.2,43.9,0.10,0.89,0,,,0,,,0,,,0,,,0,,,0,,,0,,,0,,,0,,,SL,-49.50,12
2025.12.23 14:00,2025.12.23 14:05,BUY,Swing,4476.093,4470.184,59.1,7.5,48.1,0.13,0.81,0,,,0,,,0,,,0,,,0,,,0,,,0,,,0,,,0,,,SL,-59.09,5
2025.12.23 14:00,2025.12.23 14:05,BUY,Swing,4479.398,4470.184,92.1,4.2,81.1,0.05,0.88,0,,,0,,,0,,,0,,,0,,,0,,,0,,,0,,,0,,,SL,-92.14,5
2025.12.24 07:50,2025.12.24 08:00,BUY,LienKe,4485.889,4481.235,46.5,31.4,24.5,0.68,0.53,1,0,5,1,0,5,1,2,5,0,,,0,,,0,,,0,,,0,,,0,,,SL,-46.54,10
2025.12.24 07:50,2025.12.24 08:00,BUY,Swing,4485.889,4481.235,46.5,31.4,24.5,0.68,0.53,1,0,5,1,0,5,1,2,5,0,,,0,,,0,,,0,,,0,,,0,,,SL,-46.54,10
2025.12.24 07:50,2025.12.24 08:00,BUY,LienKe,4487.681,4481.235,64.5,13.5,42.4,0.21,0.66,1,1,4,0,,,0,,,0,,,0,,,0,,,0,,,0,,,0,,,SL,-64.46,10
2025.12.24 07:50,2025.12.24 08:00,BUY,Swing,4487.681,4481.235,64.5,13.5,42.4,0.21,0.66,1,1,4,0,,,0,,,0,,,0,,,0,,,0,,,0,,,0,,,SL,-64.46,10
2025.12.24 09:21,2025.12.24 10:01,SELL,LienKe,4491.624,4496.425,48.0,50.4,45.4,1.05,0.95,1,0,20,1,1,20,1,1,20,1,14,20,0,,,0,,,0,,,0,,,0,,,SL,-48.01,40
2025.12.24 09:20,2025.12.24 10:01,SELL,LienKe,4489.859,4496.425,65.7,32.8,63.0,0.50,0.96,1,2,4,1,3,4,1,15,21,0,,,0,,,0,,,0,,,0,,,0,,,SL,-65.66,41
2025.12.24 13:06,2025.12.24 13:09,BUY,LienKe,4489.204,4484.562,46.4,0.0,45.7,0.00,0.98,0,,,0,,,0,,,0,,,0,,,0,,,0,,,0,,,0,,,SL,-46.42,3
2025.12.24 13:05,2025.12.24 13:09,BUY,LienKe,4492.720,4484.562,81.6,7.7,80.8,0.09,0.99,0,,,0,,,0,,,0,,,0,,,0,,,0,,,0,,,0,,,SL,-81.58,4
2025.12.24 13:30,2025.12.24 14:38,BUY,Swing,4479.116,4471.508,76.1,102.3,49.1,1.34,0.64,1,0,61,1,1,61,1,1,61,1,3,61,1,23,61,1,30,61,0,,,0,,,0,,,SL,-76.08,68
2025.12.26 05:45,2025.12.26 06:23,SELL,LienKe,4512.488,4517.859,53.7,35.1,33.7,0.65,0.63,1,0,1,1,4,11,1,28,29,0,,,0,,,0,,,0,,,0,,,0,,,SL,-53.71,38
2025.12.26 05:45,2025.12.26 06:23,SELL,Swing,4512.488,4517.859,53.7,35.1,33.7,0.65,0.63,1,0,1,1,4,11,1,28,29,0,,,0,,,0,,,0,,,0,,,0,,,SL,-53.71,38
2025.12.26 05:40,2025.12.26 06:23,SELL,LienKe,4510.729,4517.859,71.3,17.5,51.3,0.25,0.72,1,0,1,0,,,0,,,0,,,0,,,0,,,0,,,0,,,0,,,SL,-71.30,43
2025.12.26 05:40,2025.12.26 06:23,SELL,Swing,4510.729,4517.859,71.3,17.5,51.3,0.25,0.72,1,0,1,0,,,0,,,0,,,0,,,0,,,0,,,0,,,0,,,SL,-71.30,43
2025.12.26 13:56,2025.12.26 14:34,SELL,Swing,4524.124,4531.394,72.7,15.3,68.6,0.21,0.94,1,1,2,0,,,0,,,0,,,0,,,0,,,0,,,0,,,0,,,SL,-72.70,38
2025.12.26 13:45,2025.12.26 14:34,SELL,Swing,4521.816,4531.394,95.8,64.8,91.7,0.68,0.96,1,0,1,1,4,10,1,4,10,1,5,10,0,,,0,,,0,,,0,,,0,,,SL,-95.78,49
2025.12.26 11:24,2025.12.26 15:32,BUY,Swing,4507.802,4500.334,74.7,274.0,50.3,3.67,0.67,1,0,1,1,0,1,1,0,1,1,66,95,1,112,-,1,120,-,1,133,-,1,137,-,0,,,TP,300.00,248
2025.12.26 11:15,2025.12.26 15:34,BUY,Swing,4510.004,4500.334,96.7,293.7,72.3,3.04,0.75,1,0,1,1,4,5,1,75,104,1,80,104,1,129,-,1,135,-,1,145,-,1,192,-,0,,,TP,300.00,259
2025.12.29 06:06,2025.12.29 06:27,BUY,LienKe,4503.522,4497.289,62.3,71.3,57.9,1.14,0.93,1,1,2,1,4,11,1,4,11,1,6,11,0,,,0,,,0,,,0,,,0,,,SL,-62.33,21
2025.12.29 06:05,2025.12.29 06:27,BUY,LienKe,4509.176,4497.289,118.9,14.7,114.4,0.12,0.96,1,7,8,0,,,0,,,0,,,0,,,0,,,0,,,0,,,0,,,SL,-118.87,22
2025.12.29 11:06,2025.12.29 11:38,BUY,LienKe,4458.143,4453.730,44.1,94.9,22.2,2.15,0.50,1,3,7,1,10,31,1,11,31,1,12,31,1,14,31,0,,,0,,,0,,,0,,,SL,-44.13,32
2025.12.29 11:05,2025.12.29 11:38,BUY,LienKe,4459.717,4453.730,59.9,79.2,37.9,1.32,0.63,1,0,0,1,12,31,1,13,31,1,14,31,0,,,0,,,0,,,0,,,0,,,SL,-59.87,33
2025.12.29 10:35,2025.12.29 11:38,BUY,LienKe,4459.182,4453.990,51.9,84.5,32.6,1.63,0.63,1,1,11,1,1,11,1,1,11,1,44,62,1,45,62,0,,,0,,,0,,,0,,,SL,-51.92,63
2025.12.29 10:35,2025.12.29 11:38,BUY,LienKe,4461.557,4453.990,75.7,60.8,56.3,0.80,0.74,1,3,8,1,5,8,1,44,61,1,45,61,0,,,0,,,0,,,0,,,0,,,SL,-75.67,63
2025.12.29 13:39,2025.12.29 13:41,BUY,LienKe,4448.354,4442.124,62.3,13.8,32.6,0.22,0.52,1,0,1,0,,,0,,,0,,,0,,,0,,,0,,,0,,,0,,,SL,-62.30,2
2025.12.29 13:30,2025.12.29 13:41,BUY,LienKe,4451.784,4442.124,96.6,31.0,66.9,0.32,0.69,1,2,2,1,2,2,1,3,4,0,,,0,,,0,,,0,,,0,,,0,,,SL,-96.60,11
2025.12.30 03:18,2025.12.30 03:27,SELL,LienKe,4364.038,4368.383,43.5,7.2,42.2,0.17,0.97,0,,,0,,,0,,,0,,,0,,,0,,,0,,,0,,,0,,,SL,-43.45,9
2025.12.30 03:05,2025.12.30 03:27,SELL,LienKe,4361.523,4368.383,68.6,41.3,67.3,0.60,0.98,1,2,9,1,4,9,1,4,9,0,,,0,,,0,,,0,,,0,,,0,,,SL,-68.60,22
2025.12.30 07:10,2025.12.30 08:28,BUY,LienKe,4361.658,4356.695,49.6,219.1,47.7,4.41,0.96,1,2,71,1,2,71,1,3,71,1,4,71,1,5,71,1,8,71,1,33,71,1,39,71,0,,,SL,-49.63,78
2025.12.30 07:10,2025.12.30 08:28,BUY,LienKe,4363.844,4356.695,71.5,197.2,69.6,2.76,0.97,1,3,53,1,3,53,1,4,53,1,5,53,1,8,53,1,28,53,1,39,53,0,,,0,,,SL,-71.49,78
2025.12.30 07:55,2025.12.30 10:30,SELL,LienKe,4374.452,4386.566,121.1,241.6,84.9,1.99,0.70,1,1,82,1,1,82,1,3,82,1,6,82,1,7,82,1,8,82,1,32,82,1,34,82,0,,,SL,-121.14,155
2025.12.30 07:55,2025.12.30 10:30,SELL,Swing,4374.452,4386.566,121.1,241.6,84.9,1.99,0.70,1,1,82,1,1,82,1,3,82,1,6,82,1,7,82,1,8,82,1,32,82,1,34,82,0,,,SL,-121.14,155
2025.12.30 18:46,2025.12.30 19:45,BUY,LienKe,4364.201,4359.438,47.6,38.2,41.7,0.80,0.88,1,1,7,1,2,7,1,3,7,0,,,0,,,0,,,0,,,0,,,0,,,SL,-47.63,59
2025.12.30 18:45,2025.12.30 19:45,BUY,LienKe,4366.136,4359.438,67.0,18.8,61.1,0.28,0.91,1,4,6,0,,,0,,,0,,,0,,,0,,,0,,,0,,,0,,,SL,-66.98,60
2025.12.30 17:05,2025.12.30 19:52,SELL,LienKe,4377.045,4384.803,77.6,299.7,26.7,3.86,0.34,1,1,1,1,5,60,1,6,60,1,13,60,1,18,60,1,37,60,1,148,-,1,162,-,0,,,TP,300.00,167
2025.12.30 23:26,2025.12.30 23:34,BUY,Swing,4337.620,4331.823,58.0,11.9,55.9,0.21,0.96,1,4,5,0,,,0,,,0,,,0,,,0,,,0,,,0,,,0,,,SL,-57.97,8
2025.12.30 23:00,2025.12.30 23:34,BUY,LienKe,4343.680,4331.823,118.6,27.6,116.5,0.23,0.98,1,3,3,1,3,3,0,,,0,,,0,,,0,,,0,,,0,,,0,,,SL,-118.57,34
2025.12.30 23:00,2025.12.30 23:34,BUY,Swing,4343.680,4331.823,118.6,27.6,116.5,0.23,0.98,1,3,3,1,3,3,0,,,0,,,0,,,0,,,0,,,0,,,0,,,SL,-118.57,34
2025.12.31 00:45,2025.12.31 01:04,SELL,LienKe,4343.107,4349.897,67.9,64.4,46.6,0.95,0.69,1,0,13,1,2,13,1,3,13,1,3,13,0,,,0,,,0,,,0,,,0,,,SL,-67.90,19
2025.12.31 06:05,2025.12.31 06:48,BUY,LienKe,4287.507,4271.341,161.7,299.4,3.6,1.85,0.02,1,0,-,1,0,-,1,0,-,1,0,-,1,4,-,1,6,-,1,14,-,1,24,-,0,,,TP,300.00,43
2025.12.31 18:20,2025.12.31 21:57,SELL,LienKe,4327.972,4334.309,63.4,230.3,15.8,3.64,0.25,1,1,5,1,3,5,1,4,5,1,11,-,1,12,-,1,26,-,1,72,-,1,101,-,0,,,CON_MO,0.00,217
2026.01.02 05:23,2026.01.02 07:58,SELL,LienKe,4379.048,4383.255,42.1,69.4,39.1,1.65,0.93,1,2,7,1,39,58,1,42,58,1,53,58,0,,,0,,,0,,,0,,,0,,,SL,-42.07,155
2026.01.02 05:15,2026.01.02 07:58,SELL,LienKe,4377.795,4383.255,54.6,56.9,51.6,1.04,0.95,1,0,0,1,5,7,1,54,58,1,115,119,0,,,0,,,0,,,0,,,0,,,SL,-54.60,163
2026.01.02 11:01,2026.01.02 13:15,SELL,Swing,4397.659,4401.588,39.3,123.2,36.6,3.14,0.93,1,2,4,1,8,19,1,10,19,1,30,77,1,100,123,1,100,123,0,,,0,,,0,,,SL,-39.29,134
2026.01.02 11:00,2026.01.02 13:15,SELL,Swing,4396.188,4401.588,54.0,108.5,51.3,2.01,0.95,1,11,18,1,12,18,1,31,68,1,54,68,1,101,120,1,101,120,0,,,0,,,0,,,SL,-54.00,135
2026.01.02 18:36,2026.01.04 23:07,BUY,Swing,4314.575,4307.685,68.9,193.9,48.9,2.81,0.71,1,2,4,1,2,4,1,2,4,1,27,-,1,41,-,1,62,-,1,134,-,0,,,0,,,TP,294.65,3150
2026.01.02 18:20,2026.01.04 23:07,BUY,Swing,4318.577,4307.685,108.9,153.8,89.0,1.41,0.82,1,1,2,1,5,9,1,5,9,1,78,91,1,125,-,1,127,-,1,215,-,0,,,0,,,TP,294.65,3167
2026.01.05 10:51,2026.01.05 12:42,SELL,LienKe,4437.749,4441.891,41.4,265.2,24.2,6.40,0.58,1,6,-,1,7,-,1,10,-,1,11,-,1,25,-,1,27,-,1,35,-,1,35,-,0,,,TP,300.00,111
2026.01.05 10:40,2026.01.05 12:50,SELL,LienKe,4436.070,4441.891,58.2,297.9,41.0,5.12,0.70,1,4,6,1,21,-,1,22,-,1,25,-,1,38,-,1,45,-,1,46,-,1,46,-,0,,,TP,300.00,130
2026.01.06 00:05,2026.01.06 00:40,BUY,LienKe,4438.442,4433.533,49.1,64.6,48.1,1.32,0.98,1,2,5,1,3,5,1,3,5,1,25,27,0,,,0,,,0,,,0,,,0,,,SL,-49.09,35
2026.01.06 00:05,2026.01.06 00:40,BUY,LienKe,4440.391,4433.533,68.6,45.1,67.6,0.66,0.99,1,3,4,1,12,15,1,25,27,0,,,0,,,0,,,0,,,0,,,0,,,SL,-68.58,35
2026.01.06 04:17,2026.01.06 05:30,SELL,LienKe,4467.178,4471.596,44.2,53.1,37.0,1.20,0.84,1,1,36,1,1,36,1,8,36,1,26,36,0,,,0,,,0,,,0,,,0,,,SL,-44.18,73
2026.01.06 04:15,2026.01.06 05:30,SELL,LienKe,4465.732,4471.596,58.6,38.6,51.5,0.66,0.88,1,0,1,1,0,1,1,28,33,0,,,0,,,0,,,0,,,0,,,0,,,SL,-58.64,75
2026.01.06 07:06,2026.01.06 08:25,SELL,LienKe,4467.010,4471.416,44.1,96.1,35.7,2.18,0.81,1,15,26,1,15,26,1,16,26,1,17,26,1,49,76,0,,,0,,,0,,,0,,,SL,-44.06,79
2026.01.06 07:05,2026.01.06 08:25,SELL,LienKe,4465.319,4471.416,61.0,79.2,52.6,1.30,0.86,1,17,23,1,17,23,1,18,23,1,48,74,0,,,0,,,0,,,0,,,0,,,SL,-60.97,80
2026.01.06 13:15,2026.01.06 14:02,SELL,LienKe,4466.894,4471.247,43.5,127.6,38.5,2.93,0.89,1,5,40,1,5,40,1,5,40,1,7,40,1,10,40,1,15,40,0,,,0,,,0,,,SL,-43.53,47
2026.01.06 13:15,2026.01.06 14:02,SELL,LienKe,4465.595,4471.247,56.5,114.6,51.5,2.03,0.91,1,5,5,1,5,5,1,7,40,1,8,40,1,15,40,1,16,40,0,,,0,,,0,,,SL,-56.52,47
2026.01.06 14:06,2026.01.06 14:31,SELL,LienKe,4469.722,4474.431,47.1,51.1,38.0,1.08,0.81,1,10,11,1,13,24,1,14,24,1,14,24,0,,,0,,,0,,,0,,,0,,,SL,-47.09,25
2026.01.06 14:05,2026.01.06 14:31,SELL,LienKe,4467.620,4474.431,68.1,30.0,59.0,0.44,0.87,1,0,0,1,15,17,1,15,17,0,,,0,,,0,,,0,,,0,,,0,,,SL,-68.11,26
2026.01.06 08:30,2026.01.06 14:34,SELL,Swing,4471.045,4479.002,79.6,283.2,72.4,3.56,0.91,1,0,332,1,1,332,1,1,332,1,11,332,1,35,332,1,39,332,1,41,332,1,77,332,0,,,SL,-79.57,364
2026.01.06 18:20,2026.01.06 23:01,SELL,LienKe,4491.403,4497.128,57.2,138.4,61.8,2.42,1.08,1,2,146,1,4,146,1,4,146,1,8,146,1,13,146,1,55,146,0,,,0,,,0,,,SL,-57.25,280
2026.01.06 18:20,2026.01.06 23:01,SELL,LienKe,4490.980,4497.128,61.5,134.2,66.0,2.18,1.07,1,4,145,1,4,145,1,4,145,1,8,145,1,13,145,1,55,145,0,,,0,,,0,,,SL,-61.48,281
2026.01.07 00:06,2026.01.07 00:52,BUY,LienKe,4491.654,4487.323,43.3,30.5,39.2,0.70,0.90,1,4,11,1,4,11,1,29,31,0,,,0,,,0,,,0,,,0,,,0,,,SL,-43.31,46
2026.01.07 00:05,2026.01.07 00:52,BUY,LienKe,4493.154,4487.323,58.3,15.5,54.2,0.27,0.93,1,7,7,0,,,0,,,0,,,0,,,0,,,0,,,0,,,0,,,SL,-58.31,47
2026.01.06 15:40,2026.01.07 02:01,BUY,LienKe,4470.787,4459.854,109.3,297.5,97.9,2.72,0.90,1,0,570,1,0,570,1,1,570,1,2,570,1,8,570,1,20,570,1,54,570,1,135,570,0,,,SL,-114.68,621
2026.01.07 02:05,2026.01.07 05:34,BUY,LienKe,4467.563,4456.455,111.1,127.9,91.9,1.15,0.83,1,1,133,1,2,133,1,4,133,1,5,133,1,7,133,1,27,133,0,,,0,,,0,,,SL,-111.08,209
2026.01.07 11:33,2026.01.07 11:36,BUY,LienKe,4457.180,4452.325,48.6,3.1,30.0,0.06,0.62,0,,,0,,,0,,,0,,,0,,,0,,,0,,,0,,,0,,,SL,-48.55,3
2026.01.07 11:30,2026.01.07 11:36,BUY,LienKe,4459.234,4452.325,69.1,8.7,50.5,0.13,0.73,0,,,0,,,0,,,0,,,0,,,0,,,0,,,0,,,0,,,SL,-69.09,6
2026.01.07 20:11,2026.01.07 23:02,SELL,LienKe,4457.485,4462.505,50.2,75.3,43.8,1.50,0.87,1,17,18,1,45,169,1,45,169,1,47,169,0,,,0,,,0,,,0,,,0,,,SL,-50.20,171
2026.01.07 20:10,2026.01.07 23:02,SELL,LienKe,4455.694,4462.505,68.1,57.4,61.7,0.84,0.91,1,46,100,1,47,100,1,48,100,1,50,100,0,,,0,,,0,,,0,,,0,,,SL,-68.11,172
2026.01.07 19:25,2026.01.08 01:55,BUY,LienKe,4446.776,4442.362,44.1,197.0,37.5,4.46,0.85,1,1,324,1,4,324,1,4,324,1,5,324,1,6,324,1,6,324,1,217,324,0,,,0,,,SL,-60.19,389
2026.01.07 19:20,2026.01.08 01:55,BUY,LienKe,4448.321,4442.362,59.6,181.6,53.0,3.05,0.89,1,9,326,1,9,326,1,10,326,1,10,326,1,12,326,1,40,326,1,246,326,0,,,0,,,SL,-75.64,395
2026.01.08 00:07,2026.01.08 02:37,SELL,LienKe,4464.872,4468.910,40.4,292.2,17.7,7.24,0.44,1,13,-,1,13,-,1,13,-,1,17,-,1,18,-,1,19,-,1,38,-,1,53,-,0,,,TP,300.00,150
2026.01.08 00:05,2026.01.08 02:37,SELL,LienKe,4463.872,4468.910,50.4,282.2,27.7,5.60,0.55,1,0,1,1,15,-,1,19,-,1,19,-,1,21,-,1,31,-,1,41,-,1,101,-,0,,,TP,300.00,152
2026.01.08 04:24,2026.01.08 04:43,BUY,LienKe,4437.411,4433.572,38.4,21.1,35.6,0.55,0.93,1,2,4,1,3,4,0,,,0,,,0,,,0,,,0,,,0,,,0,,,SL,-38.39,19
2026.01.08 04:10,2026.01.08 04:43,BUY,LienKe,4438.611,4433.572,50.4,19.6,47.6,0.39,0.94,1,4,11,0,,,0,,,0,,,0,,,0,,,0,,,0,,,0,,,SL,-50.39,33
2026.01.08 08:13,2026.01.08 08:35,BUY,LienKe,4429.042,4422.542,65.0,17.1,56.5,0.26,0.87,1,3,6,0,,,0,,,0,,,0,,,0,,,0,,,0,,,0,,,SL,-65.00,22
2026.01.08 08:10,2026.01.08 08:35,BUY,LienKe,4432.593,4422.542,100.5,7.3,92.0,0.07,0.92,0,,,0,,,0,,,0,,,0,,,0,,,0,,,0,,,0,,,SL,-100.51,25
2026.01.08 09:07,2026.01.08 14:50,SELL,LienKe,4433.499,4438.449,49.5,257.8,43.9,5.21,0.89,1,3,4,1,6,25,1,8,25,1,11,25,1,72,91,1,72,91,1,174,258,1,178,258,0,,,SL,-49.50,342
2026.01.08 09:05,2026.01.08 14:50,SELL,LienKe,4431.500,4438.449,69.5,237.8,63.9,3.42,0.92,1,10,12,1,12,26,1,13,26,1,14,26,1,75,88,1,175,219,1,179,219,1,190,219,0,,,SL,-69.49,345
2026.01.08 16:32,2026.01.08 16:34,SELL,LienKe,4456.117,4461.043,49.3,0.0,48.8,0.00,0.99,0,,,0,,,0,,,0,,,0,,,0,,,0,,,0,,,0,,,SL,-49.26,2
2026.01.08 16:05,2026.01.08 16:34,SELL,LienKe,4453.689,4461.043,73.5,66.3,73.1,0.90,0.99,1,0,2,1,1,2,1,5,16,1,9,16,0,,,0,,,0,,,0,,,0,,,SL,-73.54,29
2026.01.09 08:15,2026.01.09 12:05,SELL,LienKe,4474.468,4479.785,53.2,103.4,45.6,1.94,0.86,1,0,5,1,15,57,1,16,57,1,21,57,1,25,57,1,37,57,0,,,0,,,0,,,SL,-53.17,230
2026.01.09 06:50,2026.01.09 12:06,SELL,Swing,4475.376,4480.388,50.1,112.4,48.6,2.24,0.97,1,0,0,1,5,13,1,12,13,1,34,77,1,72,77,1,117,145,0,,,0,,,0,,,SL,-50.12,316
2026.01.09 05:23,2026.01.09 13:40,BUY,LienKe,4461.492,4456.958,45.3,280.0,34.5,6.17,0.76,1,3,430,1,4,430,1,5,430,1,7,430,1,9,430,1,12,430,1,82,430,1,489,-,0,,,TP,300.00,497
2026.01.09 05:23,2026.01.09 13:40,BUY,Swing,4461.492,4456.958,45.3,280.0,34.5,6.17,0.76,1,3,430,1,4,430,1,5,430,1,7,430,1,9,430,1,12,430,1,82,430,1,489,-,0,,,TP,300.00,497
2026.01.09 05:20,2026.01.09 14:11,BUY,Swing,4463.866,4456.958,69.1,293.8,58.3,4.25,0.84,1,9,433,1,10,433,1,10,433,1,11,433,1,67,433,1,70,433,1,400,433,1,492,-,0,,,TP,300.00,531
2026.01.09 14:20,2026.01.09 15:04,SELL,LienKe,4492.890,4499.453,65.6,134.6,54.2,2.05,0.83,1,8,9,1,10,15,1,10,15,1,10,15,1,12,15,1,12,15,0,,,0,,,0,,,SL,-65.63,43
2026.01.09 14:15,2026.01.09 15:04,SELL,LienKe,4489.352,4499.453,101.0,99.2,89.6,0.98,0.89,1,2,5,1,2,5,1,2,5,1,3,5,1,35,38,0,,,0,,,0,,,0,,,SL,-101.01,49
2026.01.09 15:08,2026.01.09 15:21,SELL,LienKe,4496.993,4502.472,54.8,32.7,36.3,0.60,0.66,1,3,4,1,3,4,1,3,4,0,,,0,,,0,,,0,,,0,,,0,,,SL,-54.79,13
2026.01.09 15:05,2026.01.09 15:21,SELL,LienKe,4493.812,4502.472,86.6,36.1,68.2,0.42,0.79,1,0,1,1,0,1,1,0,1,0,,,0,,,0,,,0,,,0,,,0,,,SL,-86.60,16
2026.01.12 10:22,2026.01.12 11:56,BUY,LienKe,4589.053,4582.878,61.8,63.8,51.5,1.03,0.83,1,0,10,1,2,10,1,3,10,1,6,10,0,,,0,,,0,,,0,,,0,,,SL,-61.75,94
2026.01.12 10:15,2026.01.12 11:56,BUY,LienKe,4592.362,4582.878,94.8,30.7,84.6,0.32,0.89,1,11,15,1,15,15,1,43,46,0,,,0,,,0,,,0,,,0,,,0,,,SL,-94.84,101
2026.01.13 11:27,2026.01.13 11:53,SELL,LienKe,4587.603,4591.909,43.1,25.7,43.0,0.60,1.00,1,2,14,1,2,14,0,,,0,,,0,,,0,,,0,,,0,,,0,,,SL,-43.06,25
2026.01.13 11:05,2026.01.13 11:53,SELL,LienKe,4586.156,4591.909,57.5,39.6,57.4,0.69,1.00,1,9,13,1,10,13,1,11,13,0,,,0,,,0,,,0,,,0,,,0,,,SL,-57.53,48
2026.01.14 13:35,2026.01.14 14:39,BUY,Swing,4627.269,4621.312,59.6,115.2,54.8,1.93,0.92,1,0,56,1,1,56,1,1,56,1,3,56,1,7,56,1,8,56,0,,,0,,,0,,,SL,-59.57,64
2026.01.14 13:35,2026.01.14 14:39,BUY,Swing,4630.303,4621.312,89.9,84.9,85.1,0.94,0.95,1,2,15,1,3,15,1,5,15,1,7,15,1,28,33,0,,,0,,,0,,,0,,,SL,-89.91,64
2026.01.14 19:39,2026.01.14 23:23,SELL,Swing,4640.304,4646.164,58.6,295.9,14.3,5.05,0.24,1,0,1,1,16,21,1,16,21,1,23,31,1,23,31,1,23,31,1,95,-,1,116,-,0,,,TP,300.00,224
2026.01.14 19:05,2026.01.14 23:26,SELL,Swing,4637.377,4646.164,87.9,297.5,43.6,3.39,0.50,1,0,2,1,0,2,1,0,2,1,57,64,1,57,64,1,57,64,1,140,-,1,241,-,0,,,TP,300.00,261
2026.01.15 01:14,2026.01.15 01:19,BUY,LienKe,4612.094,4603.776,83.2,0.0,77.1,0.00,0.93,0,,,0,,,0,,,0,,,0,,,0,,,0,,,0,,,0,,,SL,-83.18,5
2026.01.15 05:34,2026.01.15 10:12,BUY,Swing,4583.935,4577.995,59.4,296.8,24.8,5.00,0.42,1,0,1,1,3,4,1,4,4,1,8,-,1,15,-,1,17,-,1,23,-,1,34,-,0,,,TP,300.00,278
2026.01.15 03:30,2026.01.15 10:24,BUY,Swing,4584.964,4578.120,68.4,296.7,39.7,4.34,0.58,1,1,105,1,1,105,1,1,105,1,4,105,1,7,105,1,7,105,1,151,-,1,160,-,0,,,TP,300.00,414
2026.01.15 03:30,2026.01.15 10:24,BUY,Swing,4585.398,4578.120,72.8,292.4,44.0,4.02,0.60,1,1,105,1,1,105,1,2,105,1,5,105,1,7,105,1,8,105,1,153,-,1,160,-,0,,,TP,300.00,414
2026.01.15 10:15,2026.01.15 10:37,SELL,Swing,4613.340,4617.180,38.4,25.7,30.4,0.67,0.79,1,0,1,1,15,18,0,,,0,,,0,,,0,,,0,,,0,,,0,,,SL,-38.40,22
2026.01.15 10:15,2026.01.15 10:37,SELL,LienKe,4612.545,4617.180,46.4,17.8,38.4,0.38,0.83,1,12,13,0,,,0,,,0,,,0,,,0,,,0,,,0,,,0,,,SL,-46.35,22
2026.01.15 10:15,2026.01.15 10:37,SELL,Swing,4612.545,4617.180,46.4,17.8,38.4,0.38,0.83,1,12,13,0,,,0,,,0,,,0,,,0,,,0,,,0,,,0,,,SL,-46.35,22
2026.01.15 05:20,2026.01.15 10:37,BUY,Swing,4587.084,4577.995,90.9,291.4,56.3,3.21,0.62,1,2,3,1,8,13,1,8,13,1,9,13,1,31,-,1,32,-,1,48,-,1,52,-,0,,,TP,300.00,317
2026.01.15 15:13,2026.01.15 16:11,SELL,LienKe,4613.139,4618.272,51.3,43.7,51.1,0.85,1.00,1,27,28,1,27,28,1,30,33,0,,,0,,,0,,,0,,,0,,,0,,,SL,-51.33,58
2026.01.15 15:05,2026.01.15 16:11,SELL,LienKe,4609.067,4618.272,92.0,50.4,91.9,0.55,1.00,1,1,4,1,1,4,1,1,4,1,2,4,0,,,0,,,0,,,0,,,0,,,SL,-92.05,66
2026.01.15 20:00,2026.01.15 20:09,BUY,LienKe,4616.068,4609.627,64.4,2.4,54.5,0.04,0.85,0,,,0,,,0,,,0,,,0,,,0,,,0,,,0,,,0,,,SL,-64.41,9
2026.01.16 12:52,2026.01.16 13:10,BUY,Swing,4599.422,4595.593,38.3,61.7,24.8,1.61,0.65,1,1,2,1,4,8,1,4,8,1,9,10,0,,,0,,,0,,,0,,,0,,,SL,-38.29,17
2026.01.16 11:10,2026.01.16 13:10,BUY,LienKe,4602.121,4595.593,65.3,140.3,51.8,2.15,0.79,1,1,96,1,3,96,1,3,96,1,5,96,1,12,96,1,23,96,0,,,0,,,0,,,SL,-65.28,120
2026.01.16 11:10,2026.01.16 13:10,BUY,Swing,4602.121,4595.593,65.3,140.3,51.8,2.15,0.79,1,1,96,1,3,96,1,3,96,1,5,96,1,12,96,1,23,96,0,,,0,,,0,,,SL,-65.28,120
2026.01.16 02:54,2026.01.16 13:16,BUY,LienKe,4592.881,4588.237,46.4,233.2,10.3,5.02,0.22,1,1,2,1,4,40,1,6,40,1,9,40,1,86,-,1,156,-,1,172,-,1,175,-,0,,,SL,-46.44,622
2026.01.16 02:40,2026.01.16 13:16,BUY,LienKe,4594.732,4588.237,64.9,214.7,28.8,3.31,0.44,1,1,2,1,6,12,1,6,12,1,99,249,1,170,249,1,181,249,1,187,249,1,195,249,0,,,SL,-64.95,636
2026.01.16 01:05,2026.01.16 13:16,BUY,LienKe,4596.507,4590.942,55.6,196.9,52.7,3.54,0.95,1,1,86,1,1,86,1,1,86,1,3,86,1,4,86,1,20,86,1,283,339,0,,,0,,,SL,-55.65,731
2026.01.16 01:05,2026.01.16 13:16,BUY,LienKe,4599.207,4590.942,82.7,169.9,79.7,2.06,0.96,1,3,52,1,3,52,1,3,52,1,4,52,1,22,52,1,282,338,1,290,338,0,,,0,,,SL,-82.65,731
2026.01.15 16:20,2026.01.16 13:16,SELL,Swing,4621.081,4627.902,68.2,296.8,10.5,4.35,0.15,1,0,1,1,2,122,1,2,122,1,3,122,1,6,122,1,11,122,1,20,122,1,238,405,0,,,TP,300.00,1256
2026.01.16 14:10,2026.01.16 14:36,SELL,LienKe,4605.505,4610.231,47.3,92.0,41.6,1.95,0.88,1,9,10,1,12,16,1,14,16,1,19,24,1,20,24,0,,,0,,,0,,,0,,,SL,-47.26,26
2026.01.16 14:10,2026.01.16 14:36,SELL,LienKe,4603.837,4610.231,63.9,75.4,58.3,1.18,0.91,1,0,0,1,18,24,1,18,24,1,19,24,0,,,0,,,0,,,0,,,0,,,SL,-63.94,26
2026.01.20 04:05,2026.01.20 04:25,SELL,LienKe,4681.041,4684.956,39.1,11.0,36.3,0.28,0.93,1,7,8,0,,,0,,,0,,,0,,,0,,,0,,,0,,,0,,,SL,-39.15,20
2026.01.20 04:05,2026.01.20 04:25,SELL,LienKe,4679.733,4684.956,52.2,0.0,49.4,0.00,0.95,0,,,0,,,0,,,0,,,0,,,0,,,0,,,0,,,0,,,SL,-52.23,20
2026.01.19 11:49,2026.01.20 04:35,BUY,LienKe,4661.828,4657.083,47.5,261.2,23.7,5.50,0.50,1,0,2,1,8,10,1,20,140,1,26,140,1,27,140,1,29,140,1,355,757,1,971,-,0,,,TP,294.65,1006
2026.01.19 09:00,2026.01.20 04:49,BUY,LienKe,4663.796,4658.683,51.1,296.8,43.4,5.81,0.85,1,1,101,1,1,101,1,6,101,1,8,101,1,17,101,1,414,926,1,534,926,1,1164,-,0,,,TP,294.65,1189
2026.01.19 11:45,2026.01.20 04:56,BUY,LienKe,4664.968,4657.083,78.9,295.1,55.1,3.74,0.70,1,2,3,1,30,130,1,31,130,1,31,130,1,46,130,1,249,703,1,399,703,1,1000,-,0,,,TP,294.65,1031
2026.01.20 05:05,2026.01.20 05:06,SELL,LienKe,4696.494,4700.715,42.2,0.0,41.8,0.00,0.99,0,,,0,,,0,,,0,,,0,,,0,,,0,,,0,,,0,,,SL,-42.21,1
2026.01.20 05:05,2026.01.20 05:06,SELL,LienKe,4695.208,4700.715,55.1,3.9,54.7,0.07,0.99,0,,,0,,,0,,,0,,,0,,,0,,,0,,,0,,,0,,,SL,-55.07,1
2026.01.20 06:12,2026.01.20 07:24,SELL,LienKe,4715.308,4720.125,48.2,96.8,26.5,2.01,0.55,1,1,7,1,1,7,1,2,7,1,4,7,1,26,42,0,,,0,,,0,,,0,,,SL,-48.17,72
2026.01.20 06:10,2026.01.20 07:24,SELL,LienKe,4713.435,4720.125,66.9,78.1,45.2,1.17,0.68,1,1,1,1,6,8,1,6,8,1,25,39,0,,,0,,,0,,,0,,,0,,,SL,-66.90,74
2026.01.20 09:24,2026.01.20 09:30,SELL,LienKe,4730.029,4734.566,45.4,25.0,37.9,0.55,0.84,1,0,3,1,1,3,0,,,0,,,0,,,0,,,0,,,0,,,0,,,SL,-45.37,6
2026.01.20 09:10,2026.01.20 09:30,SELL,LienKe,4728.261,4734.566,63.0,69.2,55.6,1.10,0.88,1,0,1,1,4,13,1,4,13,1,6,13,0,,,0,,,0,,,0,,,0,,,SL,-63.05,20
2026.01.20 11:10,2026.01.20 13:21,BUY,LienKe,4725.445,4718.583,68.6,99.7,39.5,1.45,0.58,1,0,4,1,0,4,1,10,80,1,29,80,1,39,80,0,,,0,,,0,,,0,,,SL,-68.62,131
2026.01.21 06:55,2026.01.21 06:56,BUY,LienKe,4857.861,4851.006,68.5,0.0,17.8,0.00,0.26,0,,,0,,,0,,,0,,,0,,,0,,,0,,,0,,,0,,,SL,-68.55,1
2026.01.21 06:50,2026.01.21 06:56,BUY,LienKe,4862.578,4851.006,115.7,33.9,64.9,0.29,0.56,1,1,4,1,1,4,1,3,4,0,,,0,,,0,,,0,,,0,,,0,,,SL,-115.72,6
2026.01.21 11:50,2026.01.21 14:04,BUY,LienKe,4860.869,4852.195,86.7,201.1,50.9,2.32,0.59,1,0,25,1,1,25,1,5,25,1,9,25,1,46,56,1,48,56,1,107,-,1,130,-,0,,,SL,-86.74,134
2026.01.22 08:18,2026.01.22 09:32,BUY,LienKe,4826.068,4821.334,47.3,119.3,36.8,2.52,0.78,1,0,1,1,3,13,1,3,13,1,37,-,1,45,-,1,53,-,0,,,0,,,0,,,SL,-47.34,74
2026.01.22 08:15,2026.01.22 09:32,BUY,LienKe,4827.933,4821.334,66.0,100.7,55.4,1.53,0.84,1,0,0,1,11,13,1,40,-,1,47,-,1,56,-,1,57,-,0,,,0,,,0,,,SL,-65.99,77
2026.01.22 09:15,2026.01.22 14:32,SELL,LienKe,4832.924,4841.000,80.8,220.7,37.0,2.73,0.46,1,5,153,1,5,153,1,5,153,1,17,153,1,17,153,1,17,153,1,17,153,1,267,316,0,,,SL,-80.76,317
2026.01.23 05:30,2026.01.23 05:46,SELL,LienKe,4959.107,4963.136,40.3,25.6,35.3,0.63,0.88,1,4,9,1,4,9,0,,,0,,,0,,,0,,,0,,,0,,,0,,,SL,-40.29,16
2026.01.23 05:25,2026.01.23 05:46,SELL,LienKe,4958.044,4963.136,50.9,14.9,45.9,0.29,0.90,1,1,4,0,,,0,,,0,,,0,,,0,,,0,,,0,,,0,,,SL,-50.92,21
2026.01.23 08:11,2026.01.23 08:18,BUY,LienKe,4943.023,4938.697,43.3,13.6,38.8,0.32,0.90,1,2,3,0,,,0,,,0,,,0,,,0,,,0,,,0,,,0,,,SL,-43.26,7
2026.01.23 08:10,2026.01.23 08:18,BUY,LienKe,4947.041,4938.697,83.4,0.0,79.0,0.00,0.95,0,,,0,,,0,,,0,,,0,,,0,,,0,,,0,,,0,,,SL,-83.44,8
2026.01.23 10:11,2026.01.23 10:19,SELL,LienKe,4920.685,4925.612,49.3,4.7,47.1,0.09,0.96,0,,,0,,,0,,,0,,,0,,,0,,,0,,,0,,,0,,,SL,-49.27,8
2026.01.23 10:05,2026.01.23 10:19,SELL,LienKe,4918.804,4925.612,68.1,29.8,65.9,0.44,0.97,1,0,1,1,0,1,0,,,0,,,0,,,0,,,0,,,0,,,0,,,SL,-68.08,14
2026.01.23 11:22,2026.01.23 13:04,BUY,LienKe,4914.477,4908.967,55.1,281.1,6.7,5.10,0.12,1,0,1,1,1,-,1,1,-,1,2,-,1,11,-,1,11,-,1,40,-,1,53,-,0,,,TP,300.00,102
2026.01.23 11:20,2026.01.23 13:07,BUY,LienKe,4917.106,4908.967,81.4,287.2,33.0,3.53,0.41,1,4,-,1,4,-,1,5,-,1,13,-,1,15,-,1,42,-,1,45,-,1,76,-,0,,,TP,300.00,107
2026.01.26 04:39,2026.01.26 04:45,BUY,LienKe,5067.313,5061.411,59.0,1.4,29.6,0.02,0.50,0,,,0,,,0,,,0,,,0,,,0,,,0,,,0,,,0,,,SL,-59.02,6
2026.01.26 04:35,2026.01.26 04:45,BUY,LienKe,5070.416,5061.411,90.1,19.4,60.7,0.22,0.67,1,0,2,0,,,0,,,0,,,0,,,0,,,0,,,0,,,0,,,SL,-90.05,10
2026.01.26 23:50,2026.01.27 00:46,SELL,LienKe,5056.799,5064.533,77.3,277.7,3.0,3.59,0.04,1,0,1,1,1,-,1,1,-,1,3,-,1,8,-,1,9,-,1,10,-,1,52,-,0,,,TP,300.00,56
2026.01.27 00:55,2026.01.27 01:10,BUY,LienKe,5023.102,5010.485,126.2,286.9,42.7,2.27,0.34,1,0,5,1,0,5,1,0,5,1,0,5,1,2,5,1,2,5,1,10,-,1,10,-,0,,,TP,300.00,15
2026.01.27 06:05,2026.01.27 06:46,SELL,LienKe,5085.331,5089.967,46.4,86.0,42.2,1.85,0.91,1,1,17,1,1,17,1,2,17,1,3,17,1,7,17,0,,,0,,,0,,,0,,,SL,-46.36,41
2026.01.27 06:05,2026.01.27 06:46,SELL,LienKe,5083.803,5089.967,61.6,70.7,57.4,1.15,0.93,1,2,9,1,2,9,1,3,9,1,6,9,0,,,0,,,0,,,0,,,0,,,SL,-61.64,41
2026.01.27 08:11,2026.01.27 08:29,BUY,LienKe,5081.588,5076.429,51.6,60.5,20.1,1.17,0.39,1,1,15,1,1,15,1,1,15,1,3,15,0,,,0,,,0,,,0,,,0,,,SL,-51.59,18
2026.01.27 08:10,2026.01.27 08:29,BUY,LienKe,5083.893,5076.429,74.6,37.5,43.1,0.50,0.58,1,3,4,1,3,4,1,7,14,0,,,0,,,0,,,0,,,0,,,0,,,SL,-74.64,19
2026.01.27 14:12,2026.01.27 14:13,BUY,Swing,5063.223,5055.782,74.4,1.1,10.0,0.01,0.13,0,,,0,,,0,,,0,,,0,,,0,,,0,,,0,,,0,,,SL,-74.41,1
2026.01.27 14:10,2026.01.27 14:13,BUY,Swing,5069.664,5055.782,138.8,21.1,74.4,0.15,0.54,1,0,1,1,0,1,0,,,0,,,0,,,0,,,0,,,0,,,0,,,SL,-138.82,3
2026.01.27 12:55,2026.01.27 14:16,SELL,LienKe,5083.632,5094.210,105.8,284.5,95.0,2.69,0.90,1,1,2,1,1,2,1,15,16,1,15,16,1,39,-,1,46,-,1,68,-,1,70,-,0,,,TP,300.00,81
2026.01.27 18:56,2026.01.27 19:55,SELL,LienKe,5093.783,5098.171,43.9,124.5,18.0,2.84,0.41,1,1,55,1,1,55,1,2,55,1,3,55,1,4,55,1,7,55,0,,,0,,,0,,,SL,-43.88,59
2026.01.27 18:55,2026.01.27 19:55,SELL,LienKe,5092.360,5098.171,58.1,110.3,32.3,1.90,0.56,1,1,1,1,3,46,1,4,46,1,5,46,1,9,46,1,11,46,0,,,0,,,0,,,SL,-58.11,60
2026.01.27 18:10,2026.01.27 20:03,BUY,LienKe,5081.585,5073.186,84.0,195.1,28.8,2.32,0.34,1,0,3,1,0,3,1,1,3,1,7,9,1,21,56,1,22,56,1,105,-,0,,,0,,,TP,300.00,113
2026.01.28 14:31,2026.01.28 14:42,BUY,LienKe,5253.587,5245.485,81.0,289.1,32.3,3.57,0.40,1,0,1,1,0,1,1,0,1,1,0,1,1,0,1,1,4,-,1,4,-,1,4,-,0,,,TP,300.00,11
2026.01.28 14:10,2026.01.28 15:00,BUY,LienKe,5258.876,5245.485,133.9,298.0,85.2,2.23,0.64,1,0,20,1,0,20,1,0,20,1,1,20,1,11,20,1,12,20,1,25,-,1,29,-,0,,,TP,300.00,50
2026.01.29 07:21,2026.01.29 07:23,BUY,LienKe,5557.806,5550.691,71.1,1.2,41.0,0.02,0.58,0,,,0,,,0,,,0,,,0,,,0,,,0,,,0,,,0,,,SL,-71.15,2
2026.01.29 07:20,2026.01.29 07:23,BUY,LienKe,5564.839,5550.691,141.5,2.4,111.3,0.02,0.79,0,,,0,,,0,,,0,,,0,,,0,,,0,,,0,,,0,,,SL,-141.48,3
2026.01.29 14:52,2026.01.29 15:00,BUY,LienKe,5503.585,5488.126,154.6,130.4,88.8,0.84,0.57,1,0,1,1,0,1,1,0,1,1,0,1,1,6,7,1,6,7,0,,,0,,,0,,,SL,-154.59,8
2026.01.30 06:15,2026.01.30 06:16,BUY,LienKe,5184.003,5171.716,122.9,0.0,41.9,0.00,0.34,0,,,0,,,0,,,0,,,0,,,0,,,0,,,0,,,0,,,SL,-122.87,1
2026.01.30 07:35,2026.01.30 07:36,BUY,LienKe,5134.925,5121.007,139.2,24.3,159.8,0.17,1.15,1,0,-,1,0,-,0,,,0,,,0,,,0,,,0,,,0,,,0,,,SL,-139.18,1
2026.02.02 10:12,2026.02.02 10:21,SELL,LienKe,4726.781,4737.027,102.5,226.5,45.4,2.21,0.44,1,0,2,1,0,2,1,0,2,1,0,2,1,4,-,1,4,-,1,8,-,1,8,-,0,,,TP,300.00,9
2026.02.02 15:45,2026.02.02 15:53,BUY,Swing,4664.864,4645.386,194.8,22.0,167.6,0.11,0.86,1,0,1,1,0,1,0,,,0,,,0,,,0,,,0,,,0,,,0,,,SL,-194.78,8
2026.02.03 02:37,2026.02.03 02:44,BUY,LienKe,4766.604,4756.207,104.0,167.3,27.6,1.61,0.26,1,0,0,1,1,6,1,1,6,1,1,6,1,1,6,1,1,6,1,2,6,0,,,0,,,SL,-103.97,7
2026.02.03 02:35,2026.02.03 02:44,BUY,LienKe,4774.580,4756.207,183.7,129.3,107.3,0.70,0.58,1,0,1,1,0,1,1,0,1,1,0,1,1,0,1,1,0,1,0,,,0,,,0,,,SL,-183.73,9
2026.02.03 11:20,2026.02.03 11:24,BUY,LienKe,4896.133,4886.760,93.7,15.7,75.1,0.17,0.80,1,1,2,0,,,0,,,0,,,0,,,0,,,0,,,0,,,0,,,SL,-93.73,4
2026.02.03 11:05,2026.02.03 11:24,BUY,LienKe,4903.221,4886.760,164.6,92.1,146.0,0.56,0.89,1,0,12,1,0,12,1,0,12,1,0,12,1,0,12,0,,,0,,,0,,,0,,,SL,-164.61,19
2026.02.03 14:21,2026.02.03 15:09,BUY,LienKe,4906.757,4893.345,134.1,287.4,131.9,2.14,0.98,1,0,1,1,0,1,1,0,1,1,4,11,1,5,11,1,6,11,1,8,11,1,9,11,0,,,TP,300.00,48
2026.02.03 17:41,2026.02.03 17:43,BUY,LienKe,4932.658,4920.305,123.5,19.9,108.8,0.16,0.88,1,0,1,0,,,0,,,0,,,0,,,0,,,0,,,0,,,0,,,SL,-123.53,2
2026.02.04 07:45,2026.02.04 09:32,SELL,LienKe,5082.161,5093.703,115.4,295.2,99.3,2.56,0.86,1,5,5,1,19,22,1,19,22,1,19,22,1,47,64,1,47,64,1,90,-,1,90,-,0,,,TP,300.00,107
2026.02.04 12:06,2026.02.04 12:32,SELL,LienKe,5051.658,5058.240,65.8,140.1,15.9,2.13,0.24,1,0,25,1,1,25,1,1,25,1,2,25,1,3,25,1,3,25,0,,,0,,,0,,,SL,-65.82,26
2026.02.04 12:05,2026.02.04 12:32,SELL,LienKe,5048.065,5058.240,101.8,104.1,51.9,1.02,0.51,1,3,10,1,3,10,1,4,10,1,4,10,1,5,10,1,5,10,0,,,0,,,0,,,SL,-101.75,27
2026.02.04 20:35,2026.02.04 23:01,BUY,LienKe,4928.334,4911.187,171.5,423.2,17.7,2.47,0.10,1,0,-,1,0,-,1,1,-,1,2,-,1,2,-,1,2,-,1,4,-,1,5,-,1,41,-,TP,300.00,146
2026.02.05 04:29,2026.02.05 05:08,SELL,LienKe,4886.735,4894.199,74.6,269.1,17.5,3.61,0.23,1,1,1,1,1,1,1,1,1,1,4,5,1,4,5,1,8,15,1,10,15,1,27,-,0,,,TP,300.00,39
2026.02.05 04:25,2026.02.05 05:13,SELL,LienKe,4882.131,4894.199,120.7,267.0,63.6,2.21,0.53,1,0,0,1,0,0,1,1,2,1,2,2,1,14,16,1,14,16,1,31,-,1,42,-,0,,,TP,300.00,48
2026.02.05 10:30,2026.02.05 10:46,BUY,LienKe,4854.413,4844.247,101.7,252.3,27.8,2.48,0.27,1,0,1,1,0,1,1,2,2,1,3,-,1,4,-,1,5,-,1,5,-,1,11,-,0,,,TP,300.00,16
2026.02.05 10:30,2026.02.05 11:23,BUY,LienKe,4862.177,4844.247,179.3,280.9,105.5,1.57,0.59,1,4,5,1,5,9,1,5,9,1,5,9,1,5,9,1,6,9,1,13,-,1,16,-,0,,,TP,300.00,53
2026.02.05 14:55,2026.02.05 15:02,SELL,LienKe,4855.447,4872.998,175.5,239.2,104.5,1.36,0.60,1,0,5,1,0,5,1,0,5,1,0,5,1,1,5,1,2,5,1,2,5,1,6,-,0,,,TP,300.00,7
2026.02.05 15:50,2026.02.05 16:22,BUY,LienKe,4815.545,4797.553,179.9,299.6,79.5,1.67,0.44,1,0,1,1,0,1,1,0,1,1,1,4,1,2,4,1,11,15,1,16,-,1,17,-,0,,,TP,300.00,32
2026.02.05 15:50,2026.02.05 16:22,BUY,Swing,4815.545,4797.553,179.9,299.6,79.5,1.67,0.44,1,0,1,1,0,1,1,0,1,1,1,4,1,2,4,1,11,15,1,16,-,1,17,-,0,,,TP,300.00,32
2026.02.06 11:14,2026.02.06 11:23,SELL,LienKe,4883.116,4890.868,77.5,41.5,62.7,0.53,0.81,1,2,3,1,2,3,1,2,3,0,,,0,,,0,,,0,,,0,,,0,,,SL,-77.52,9
2026.02.06 11:14,2026.02.06 11:23,SELL,Swing,4883.116,4890.868,77.5,41.5,62.7,0.53,0.81,1,2,3,1,2,3,1,2,3,0,,,0,,,0,,,0,,,0,,,0,,,SL,-77.52,9
2026.02.06 11:05,2026.02.06 11:23,SELL,LienKe,4872.733,4890.868,181.4,85.6,166.6,0.47,0.92,1,0,2,1,0,2,1,0,2,1,0,2,1,0,2,0,,,0,,,0,,,0,,,SL,-181.35,18
2026.02.06 11:05,2026.02.06 11:23,SELL,Swing,4872.733,4890.868,181.4,85.6,166.6,0.47,0.92,1,0,2,1,0,2,1,0,2,1,0,2,1,0,2,0,,,0,,,0,,,0,,,SL,-181.35,18
2026.02.06 14:30,2026.02.06 14:33,BUY,LienKe,4899.412,4891.473,79.4,267.4,20.2,3.37,0.25,1,0,-,1,0,-,1,0,-,1,0,-,1,0,-,1,0,-,1,1,-,1,2,-,0,,,TP,300.00,3
2026.02.06 14:30,2026.02.06 14:37,BUY,LienKe,4905.221,4891.473,137.5,251.8,78.2,1.83,0.57,1,0,-,1,0,-,1,0,-,1,0,-,1,0,-,1,1,-,1,2,-,1,2,-,0,,,TP,300.00,7
2026.02.06 16:30,2026.02.06 18:11,BUY,LienKe,4938.618,4918.855,197.6,299.9,88.2,1.52,0.45,1,0,0,1,0,0,1,9,13,1,10,13,1,10,13,1,26,-,1,28,-,1,34,-,0,,,TP,300.00,101
2026.02.06 20:30,2026.02.06 20:33,BUY,LienKe,4949.530,4943.334,62.0,8.8,17.9,0.14,0.29,0,,,0,,,0,,,0,,,0,,,0,,,0,,,0,,,0,,,SL,-61.96,3
2026.02.06 20:20,2026.02.06 20:33,BUY,LienKe,4952.554,4943.334,92.2,47.0,48.1,0.51,0.52,1,0,2,1,0,2,1,0,2,0,,,0,,,0,,,0,,,0,,,0,,,SL,-92.20,13
2026.02.06 18:15,2026.02.08 23:03,SELL,LienKe,4965.890,4974.478,85.9,291.9,77.0,3.40,0.90,1,0,1,1,1,32,1,2,32,1,7,32,1,8,32,1,8,32,1,9,32,1,9,32,0,,,SL,-85.88,3168
2026.02.09 10:25,2026.02.09 10:27,BUY,LienKe,5001.234,4993.631,76.0,1.3,36.1,0.02,0.47,0,,,0,,,0,,,0,,,0,,,0,,,0,,,0,,,0,,,SL,-76.03,2
2026.02.09 10:25,2026.02.09 10:27,BUY,Swing,5001.234,4993.631,76.0,1.3,36.1,0.02,0.47,0,,,0,,,0,,,0,,,0,,,0,,,0,,,0,,,0,,,SL,-76.03,2
2026.02.09 10:05,2026.02.09 10:27,BUY,LienKe,5006.001,4993.631,123.7,91.4,83.8,0.74,0.68,1,0,14,1,0,14,1,0,14,1,1,14,1,10,14,0,,,0,,,0,,,0,,,SL,-123.70,22
2026.02.09 10:05,2026.02.09 10:27,BUY,Swing,5006.001,4993.631,123.7,91.4,83.8,0.74,0.68,1,0,14,1,0,14,1,0,14,1,1,14,1,10,14,0,,,0,,,0,,,0,,,SL,-123.70,22
2026.02.09 12:41,2026.02.09 13:10,SELL,LienKe,5017.014,5024.772,77.6,95.0,75.2,1.22,0.97,1,1,2,1,6,6,1,8,10,1,8,10,1,15,19,0,,,0,,,0,,,0,,,SL,-77.58,29
2026.02.09 12:40,2026.02.09 13:10,SELL,LienKe,5015.457,5024.772,93.1,79.4,90.8,0.85,0.97,1,9,11,1,9,11,1,9,11,1,16,21,0,,,0,,,0,,,0,,,0,,,SL,-93.15,30
2026.02.09 13:25,2026.02.09 13:29,BUY,LienKe,5011.445,5003.644,78.0,13.8,47.9,0.18,0.61,1,0,1,0,,,0,,,0,,,0,,,0,,,0,,,0,,,0,,,SL,-78.01,4
2026.02.10 05:30,2026.02.10 06:07,BUY,LienKe,5015.082,5008.132,69.5,264.5,23.6,3.81,0.34,1,0,-,1,0,-,1,0,-,1,1,-,1,1,-,1,5,-,1,9,-,1,16,-,0,,,TP,300.00,37
2026.02.10 05:30,2026.02.10 06:07,BUY,Swing,5015.082,5008.132,69.5,264.5,23.6,3.81,0.34,1,0,-,1,0,-,1,0,-,1,1,-,1,1,-,1,5,-,1,9,-,1,16,-,0,,,TP,300.00,37
2026.02.10 05:30,2026.02.10 06:54,BUY,LienKe,5019.345,5008.132,112.1,260.9,66.2,2.33,0.59,1,1,-,1,1,-,1,1,-,1,2,-,1,9,-,1,9,-,1,16,-,1,23,-,0,,,SL,0.00,84
2026.02.10 05:30,2026.02.10 06:54,BUY,Swing,5019.345,5008.132,112.1,260.9,66.2,2.33,0.59,1,1,-,1,1,-,1,1,-,1,2,-,1,9,-,1,9,-,1,16,-,1,23,-,0,,,SL,0.00,84
2026.02.10 06:10,2026.02.10 08:42,SELL,LienKe,5040.105,5048.439,83.3,214.8,74.8,2.58,0.90,1,0,1,1,1,115,1,1,115,1,7,115,1,11,115,1,22,115,1,42,115,1,44,115,0,,,SL,-83.34,152
2026.02.10 10:20,2026.02.10 12:44,BUY,LienKe,5041.741,5033.990,77.5,164.2,65.9,2.12,0.85,1,1,107,1,1,107,1,2,107,1,3,107,1,5,107,1,12,107,1,20,107,0,,,0,,,SL,-77.51,144
2026.02.10 18:11,2026.02.10 18:17,BUY,LienKe,5018.180,5012.286,58.9,7.1,44.3,0.12,0.75,0,,,0,,,0,,,0,,,0,,,0,,,0,,,0,,,0,,,SL,-58.94,6
2026.02.10 18:10,2026.02.10 18:17,BUY,LienKe,5021.239,5012.286,89.5,0.5,74.9,0.01,0.84,0,,,0,,,0,,,0,,,0,,,0,,,0,,,0,,,0,,,SL,-89.53,7
2026.02.10 20:50,2026.02.10 23:21,SELL,Swing,5035.600,5048.424,128.2,150.1,114.2,1.17,0.89,1,0,0,1,3,4,1,3,4,1,7,131,1,13,131,1,34,131,1,56,131,0,,,0,,,SL,-128.24,151
2026.02.11 09:40,2026.02.11 09:44,SELL,LienKe,5059.188,5064.511,53.2,25.5,6.3,0.48,0.12,1,1,1,1,1,1,0,,,0,,,0,,,0,,,0,,,0,,,0,,,SL,-53.23,4
2026.02.11 09:40,2026.02.11 09:44,SELL,LienKe,5058.552,5064.511,59.6,19.2,12.7,0.32,0.21,1,1,1,0,,,0,,,0,,,0,,,0,,,0,,,0,,,0,,,SL,-59.59,4
2026.02.11 09:50,2026.02.11 10:24,SELL,Swing,5064.066,5075.095,110.3,40.3,108.5,0.37,0.98,1,0,10,1,2,10,1,4,10,0,,,0,,,0,,,0,,,0,,,0,,,SL,-110.29,34
2026.02.11 05:10,2026.02.11 10:40,BUY,LienKe,5047.096,5040.371,67.2,295.9,14.4,4.40,0.21,1,1,6,1,3,6,1,9,42,1,15,42,1,20,42,1,24,42,1,27,42,1,121,201,0,,,TP,300.00,330
2026.02.11 11:27,2026.02.11 11:28,SELL,LienKe,5099.861,5105.351,54.9,0.0,15.5,0.00,0.28,0,,,0,,,0,,,0,,,0,,,0,,,0,,,0,,,0,,,SL,-54.90,1
2026.02.11 11:25,2026.02.11 11:28,SELL,LienKe,5097.388,5105.351,79.6,6.9,40.2,0.09,0.51,0,,,0,,,0,,,0,,,0,,,0,,,0,,,0,,,0,,,SL,-79.63,3
2026.02.12 00:15,2026.02.12 01:12,BUY,LienKe,5056.832,5046.930,99.0,95.2,92.8,0.96,0.94,1,0,4,1,0,4,1,0,4,1,1,4,1,1,4,0,,,0,,,0,,,0,,,SL,-99.02,57
2026.02.12 04:15,2026.02.12 06:33,BUY,LienKe,5054.817,5049.644,51.7,234.0,51.0,4.52,0.99,1,10,15,1,11,15,1,20,34,1,23,34,1,38,136,1,41,136,1,43,136,1,51,136,0,,,SL,-51.73,138
2026.02.12 04:05,2026.02.12 06:33,BUY,LienKe,5057.673,5049.644,80.3,205.4,79.5,2.56,0.99,1,0,1,1,34,35,1,46,143,1,48,143,1,52,143,1,53,143,1,61,143,1,65,143,0,,,SL,-80.29,148
2026.02.12 12:15,2026.02.12 12:47,BUY,LienKe,5062.436,5053.549,88.9,61.4,85.0,0.69,0.96,1,1,2,1,17,25,1,19,25,1,20,25,0,,,0,,,0,,,0,,,0,,,SL,-88.87,32
2026.02.12 23:34,2026.02.13 00:06,SELL,LienKe,4924.403,4931.383,69.8,180.7,41.9,2.59,0.60,1,1,29,1,2,29,1,3,29,1,3,29,1,3,29,1,5,29,1,5,29,0,,,0,,,SL,-69.80,32
2026.02.12 23:30,2026.02.13 00:06,SELL,LienKe,4920.167,4931.383,112.2,138.3,84.2,1.23,0.75,1,0,2,1,0,2,1,0,2,1,0,2,1,9,29,1,9,29,0,,,0,,,0,,,SL,-112.16,36
2026.02.13 13:05,2026.02.13 13:30,SELL,LienKe,4971.403,4979.176,77.7,137.2,8.3,1.76,0.11,1,0,-,1,1,-,1,1,-,1,1,-,1,14,-,1,14,-,0,,,0,,,0,,,SL,-77.73,25
2026.02.13 13:30,2026.02.13 13:30,SELL,LienKe,4973.806,4979.176,53.7,0.0,283.2,0.00,5.27,0,,,0,,,0,,,0,,,0,,,0,,,0,,,0,,,0,,,SL,-53.70,0
2026.02.13 20:55,2026.02.15 23:01,BUY,LienKe,5024.336,5018.243,60.9,217.6,14.9,3.57,0.24,1,0,-,1,0,-,1,0,-,1,2,-,1,4,-,1,4,-,1,51,-,1,51,-,0,,,SL,-66.28,3006
2026.02.13 20:55,2026.02.15 23:01,BUY,LienKe,5027.742,5018.243,95.0,183.6,49.0,1.93,0.52,1,2,3006,1,2,3006,1,4,3006,1,4,3006,1,10,3006,1,46,3006,1,51,3006,0,,,0,,,SL,-100.34,3006
2026.02.16 02:05,2026.02.16 02:45,SELL,LienKe,5028.919,5034.480,55.6,265.9,2.4,4.78,0.04,1,0,-,1,0,-,1,2,-,1,2,-,1,8,-,1,28,-,1,30,-,1,32,-,0,,,TP,300.00,40
2026.02.16 03:09,2026.02.16 03:49,BUY,LienKe,4991.792,4986.048,57.4,68.5,39.4,1.19,0.69,1,1,28,1,1,28,1,2,28,1,5,28,0,,,0,,,0,,,0,,,0,,,SL,-57.44,40
2026.02.16 03:05,2026.02.16 03:49,BUY,LienKe,4996.164,4986.048,101.2,38.5,83.1,0.38,0.82,1,0,3,1,0,3,1,0,3,0,,,0,,,0,,,0,,,0,,,0,,,SL,-101.16,44
2026.02.16 07:46,2026.02.16 07:47,SELL,LienKe,5003.803,5009.069,52.7,0.0,29.9,0.00,0.57,0,,,0,,,0,,,0,,,0,,,0,,,0,,,0,,,0,,,SL,-52.66,1
2026.02.16 07:45,2026.02.16 07:47,SELL,LienKe,5001.461,5009.069,76.1,2.2,53.4,0.03,0.70,0,,,0,,,0,,,0,,,0,,,0,,,0,,,0,,,0,,,SL,-76.08,2
2026.02.16 05:05,2026.02.16 07:47,BUY,LienKe,4977.199,4961.573,156.3,293.6,4.7,1.88,0.03,1,0,-,1,0,-,1,0,-,1,0,-,1,8,-,1,14,-,1,58,-,1,94,-,0,,,TP,300.00,162
2026.02.16 13:50,2026.02.16 14:43,BUY,LienKe,4993.800,4986.553,72.5,56.3,59.4,0.78,0.82,1,0,30,1,0,30,1,1,30,1,26,30,0,,,0,,,0,,,0,,,0,,,SL,-72.47,53
2026.02.16 16:40,2026.02.16 17:03,SELL,LienKe,4988.252,4992.377,41.3,28.6,28.8,0.69,0.70,1,5,14,1,6,14,0,,,0,,,0,,,0,,,0,,,0,,,0,,,SL,-41.25,23
2026.02.16 16:40,2026.02.16 17:03,SELL,LienKe,4987.172,4992.377,52.1,17.8,39.6,0.34,0.76,1,6,8,0,,,0,,,0,,,0,,,0,,,0,,,0,,,0,,,SL,-52.05,23
2026.02.17 07:37,2026.02.17 07:39,SELL,LienKe,4913.406,4919.844,64.4,3.6,56.7,0.06,0.88,0,,,0,,,0,,,0,,,0,,,0,,,0,,,0,,,0,,,SL,-64.38,2
2026.02.17 07:25,2026.02.17 07:39,SELL,LienKe,4909.892,4919.844,99.5,58.0,91.9,0.58,0.92,1,0,0,1,3,7,1,5,7,1,6,7,0,,,0,,,0,,,0,,,0,,,SL,-99.52,14
2026.02.17 12:05,2026.02.17 12:07,SELL,LienKe,4932.372,4937.202,48.3,0.0,43.0,0.00,0.89,0,,,0,,,0,,,0,,,0,,,0,,,0,,,0,,,0,,,SL,-48.30,1
2026.02.17 12:05,2026.02.17 12:07,SELL,LienKe,4930.511,4937.202,66.9,8.9,61.6,0.13,0.92,0,,,0,,,0,,,0,,,0,,,0,,,0,,,0,,,0,,,SL,-66.91,2
2026.02.17 12:22,2026.02.17 13:32,SELL,Swing,4941.021,4947.351,63.3,298.6,33.0,4.72,0.52,1,3,4,1,11,13,1,11,13,1,18,-,1,33,-,1,33,-,1,43,-,1,49,-,0,,,TP,300.00,70
2026.02.17 12:20,2026.02.17 13:56,SELL,Swing,4937.737,4947.351,96.1,296.3,65.9,3.08,0.69,1,20,22,1,20,22,1,21,22,1,35,-,1,38,-,1,43,-,1,47,-,1,55,-,0,,,TP,300.00,96
2026.02.17 16:05,2026.02.17 16:07,SELL,LienKe,4883.179,4890.992,78.1,0.0,69.9,0.00,0.89,0,,,0,,,0,,,0,,,0,,,0,,,0,,,0,,,0,,,SL,-78.13,2
2026.02.17 16:05,2026.02.17 16:07,SELL,LienKe,4877.094,4890.992,139.0,6.3,130.7,0.05,0.94,0,,,0,,,0,,,0,,,0,,,0,,,0,,,0,,,0,,,SL,-138.98,2
2026.02.17 18:50,2026.02.17 18:55,SELL,Swing,4893.238,4898.747,55.1,28.8,38.5,0.52,0.70,1,3,4,1,3,4,0,,,0,,,0,,,0,,,0,,,0,,,0,,,SL,-55.09,5
2026.02.17 18:45,2026.02.17 18:55,SELL,Swing,4889.490,4898.747,92.6,41.4,75.9,0.45,0.82,1,2,4,1,2,4,1,2,4,0,,,0,,,0,,,0,,,0,,,0,,,SL,-92.57,10
2026.02.18 06:06,2026.02.18 06:17,BUY,LienKe,4930.410,4925.672,47.4,8.1,45.5,0.17,0.96,0,,,0,,,0,,,0,,,0,,,0,,,0,,,0,,,0,,,SL,-47.38,11
2026.02.18 06:05,2026.02.18 06:17,BUY,LienKe,4932.394,4925.672,67.2,1.7,65.4,0.02,0.97,0,,,0,,,0,,,0,,,0,,,0,,,0,,,0,,,0,,,SL,-67.22,12
2026.02.18 08:17,2026.02.18 08:22,BUY,LienKe,4928.149,4923.836,43.1,0.0,42.8,0.00,0.99,0,,,0,,,0,,,0,,,0,,,0,,,0,,,0,,,0,,,SL,-43.13,4
2026.02.18 08:10,2026.02.18 08:22,BUY,LienKe,4929.833,4923.836,60.0,13.0,59.6,0.22,0.99,1,1,2,0,,,0,,,0,,,0,,,0,,,0,,,0,,,0,,,SL,-59.97,12
2026.02.18 08:28,2026.02.18 08:44,BUY,Swing,4925.049,4920.422,46.3,19.8,37.8,0.43,0.82,1,1,2,0,,,0,,,0,,,0,,,0,,,0,,,0,,,0,,,SL,-46.27,16
2026.02.18 08:25,2026.02.18 08:44,BUY,Swing,4926.869,4920.422,64.5,7.4,56.0,0.11,0.87,0,,,0,,,0,,,0,,,0,,,0,,,0,,,0,,,0,,,SL,-64.47,19
2026.02.18 10:40,2026.02.18 11:47,BUY,LienKe,4911.763,4906.252,55.1,58.3,53.8,1.06,0.98,1,1,2,1,16,64,1,16,64,1,16,64,0,,,0,,,0,,,0,,,0,,,SL,-55.11,66
2026.02.18 10:40,2026.02.18 11:47,BUY,LienKe,4914.506,4906.252,82.5,30.9,81.3,0.37,0.98,1,17,18,1,17,18,1,35,49,0,,,0,,,0,,,0,,,0,,,0,,,SL,-82.54,67
2026.02.18 11:50,2026.02.18 12:59,BUY,LienKe,4913.657,4903.242,104.1,288.1,40.1,2.77,0.39,1,0,1,1,0,1,1,10,-,1,11,-,1,17,-,1,17,-,1,28,-,1,64,-,0,,,TP,300.00,69
2026.02.18 13:06,2026.02.18 13:07,SELL,LienKe,4950.759,4958.024,72.7,0.0,12.8,0.00,0.18,0,,,0,,,0,,,0,,,0,,,0,,,0,,,0,,,0,,,SL,-72.65,1
2026.02.18 13:05,2026.02.18 13:07,SELL,LienKe,4946.508,4958.024,115.2,21.5,55.3,0.19,0.48,1,0,0,1,0,0,0,,,0,,,0,,,0,,,0,,,0,,,0,,,SL,-115.16,2
2026.02.18 16:50,2026.02.18 19:27,SELL,LienKe,5004.489,5013.974,94.9,236.9,29.2,2.50,0.31,1,5,-,1,6,-,1,7,-,1,11,-,1,22,-,1,44,-,1,95,-,1,102,-,0,,,TP,300.00,157
2026.02.19 04:25,2026.02.19 05:03,SELL,LienKe,4983.144,4987.887,47.4,60.4,44.0,1.27,0.93,1,1,6,1,4,6,1,4,6,1,22,30,0,,,0,,,0,,,0,,,0,,,SL,-47.43,38
2026.02.19 04:15,2026.02.19 05:03,SELL,LienKe,4981.757,4987.887,61.3,46.5,57.8,0.76,0.94,1,2,8,1,2,8,1,7,8,0,,,0,,,0,,,0,,,0,,,0,,,SL,-61.30,48
2026.02.18 23:35,2026.02.19 05:10,SELL,LienKe,4981.844,4991.664,98.2,211.6,89.3,2.15,0.91,1,3,3,1,10,253,1,10,253,1,10,253,1,21,253,1,22,253,1,26,253,1,29,253,0,,,SL,-98.20,335
2026.02.19 00:01,2026.02.19 05:46,BUY,Swing,4967.242,4958.397,88.5,299.6,68.0,3.39,0.77,1,0,1,1,0,1,1,17,19,1,37,41,1,112,135,1,123,135,1,230,-,1,301,-,0,,,TP,300.00,345
2026.02.18 23:05,2026.02.19 06:31,BUY,Swing,4973.333,4958.397,149.4,290.1,128.9,1.94,0.86,1,0,0,1,4,8,1,4,8,1,5,8,1,19,51,1,20,51,1,28,51,1,391,-,0,,,TP,283.95,446
2026.02.19 11:55,2026.02.19 13:02,BUY,LienKe,4983.444,4975.062,83.8,93.5,37.5,1.12,0.45,1,2,6,1,2,6,1,9,14,1,10,14,1,33,41,0,,,0,,,0,,,0,,,SL,-83.82,67
2026.02.19 13:30,2026.02.19 14:34,BUY,LienKe,4978.812,4971.364,74.5,196.0,71.5,2.63,0.96,1,1,39,1,1,39,1,1,39,1,2,39,1,3,39,1,3,39,1,8,39,0,,,0,,,SL,-74.48,63
2026.02.19 13:30,2026.02.19 14:34,BUY,Swing,4978.812,4971.364,74.5,196.0,71.5,2.63,0.96,1,1,39,1,1,39,1,1,39,1,2,39,1,3,39,1,3,39,1,8,39,0,,,0,,,SL,-74.48,63
2026.02.19 13:05,2026.02.19 14:34,BUY,LienKe,4983.421,4971.364,120.6,149.9,117.6,1.24,0.98,1,1,1,1,3,4,1,18,19,1,28,62,1,32,62,1,33,62,0,,,0,,,0,,,SL,-120.57,89
2026.02.19 13:05,2026.02.19 14:34,BUY,Swing,4983.421,4971.364,120.6,149.9,117.6,1.24,0.98,1,1,1,1,3,4,1,18,19,1,28,62,1,32,62,1,33,62,0,,,0,,,0,,,SL,-120.57,89
2026.02.19 16:57,2026.02.19 17:37,BUY,LienKe,4994.876,4988.436,64.4,67.0,46.8,1.04,0.73,1,1,2,1,3,4,1,9,18,1,25,32,0,,,0,,,0,,,0,,,0,,,SL,-64.40,40
2026.02.19 16:30,2026.02.19 17:37,BUY,LienKe,4998.632,4988.436,102.0,102.1,84.4,1.00,0.83,1,0,1,1,0,1,1,2,19,1,6,19,1,11,19,1,12,19,0,,,0,,,0,,,SL,-101.96,67
2026.02.19 17:49,2026.02.19 17:59,BUY,LienKe,4989.891,4983.179,67.1,31.9,53.6,0.48,0.80,1,0,3,1,0,3,1,1,3,0,,,0,,,0,,,0,,,0,,,0,,,SL,-67.12,10
2026.02.19 17:40,2026.02.19 17:59,BUY,LienKe,4995.789,4983.179,126.1,0.0,112.6,0.00,0.89,0,,,0,,,0,,,0,,,0,,,0,,,0,,,0,,,0,,,SL,-126.10,19
2026.02.20 03:41,2026.02.20 03:42,BUY,LienKe,4991.529,4986.587,49.4,0.0,42.9,0.00,0.87,0,,,0,,,0,,,0,,,0,,,0,,,0,,,0,,,0,,,SL,-49.42,0
2026.02.20 03:10,2026.02.20 03:42,BUY,LienKe,4993.806,4986.587,72.2,52.5,65.6,0.73,0.91,1,1,18,1,2,18,1,8,18,1,27,31,0,,,0,,,0,,,0,,,0,,,SL,-72.19,32
2026.02.23 07:18,2026.02.23 07:25,BUY,LienKe,5145.934,5134.733,112.0,18.6,97.0,0.17,0.87,1,0,1,0,,,0,,,0,,,0,,,0,,,0,,,0,,,0,,,SL,-112.01,7
2026.02.23 07:10,2026.02.23 07:25,BUY,LienKe,5151.189,5134.733,164.6,0.0,149.6,0.00,0.91,0,,,0,,,0,,,0,,,0,,,0,,,0,,,0,,,0,,,SL,-164.56,15
2026.02.23 12:30,2026.02.23 14:00,BUY,LienKe,5150.271,5142.661,76.1,151.9,67.7,2.00,0.89,1,0,2,1,1,2,1,1,2,1,8,53,1,10,53,1,11,53,1,27,53,0,,,0,,,SL,-76.10,90
2026.02.23 13:57,2026.02.23 14:36,BUY,LienKe,5146.258,5140.500,57.6,277.5,50.3,4.82,0.87,1,0,1,1,0,1,1,0,1,1,9,-,1,16,-,1,17,-,1,23,-,1,33,-,0,,,TP,300.00,39
2026.02.23 13:30,2026.02.23 14:36,BUY,LienKe,5150.325,5140.500,98.2,236.8,90.9,2.41,0.93,1,0,7,1,1,7,1,3,7,1,44,-,1,48,-,1,50,-,1,54,-,1,61,-,0,,,TP,300.00,66
2026.02.24 00:05,2026.02.24 01:00,BUY,LienKe,5223.713,5214.399,93.1,143.8,25.4,1.54,0.27,1,0,50,1,0,50,1,1,50,1,1,50,1,2,50,1,12,50,0,,,0,,,0,,,SL,-93.14,55
2026.02.24 00:05,2026.02.24 01:00,BUY,LienKe,5230.489,5214.399,160.9,76.1,93.1,0.47,0.58,1,0,0,1,2,3,1,2,3,1,15,19,0,,,0,,,0,,,0,,,0,,,SL,-160.90,55
2026.02.24 03:17,2026.02.24 06:35,SELL,LienKe,5189.737,5194.747,50.1,285.8,4.7,5.70,0.09,1,1,-,1,1,-,1,1,-,1,4,-,1,26,-,1,26,-,1,31,-,1,43,-,0,,,TP,300.00,198
2026.02.24 03:10,2026.02.24 06:35,SELL,LienKe,5187.703,5194.747,70.4,265.5,25.0,3.77,0.36,1,2,3,1,11,14,1,11,14,1,15,25,1,33,-,1,34,-,1,47,-,1,51,-,0,,,TP,300.00,205
2026.02.25 07:53,2026.02.25 09:03,BUY,LienKe,5184.402,5179.051,53.5,127.7,40.3,2.39,0.75,1,3,5,1,7,66,1,7,66,1,7,66,1,26,66,1,37,66,0,,,0,,,0,,,SL,-53.51,70
2026.02.25 07:30,2026.02.25 09:03,BUY,LienKe,5189.486,5179.051,104.3,76.8,91.1,0.74,0.87,1,49,81,1,49,81,1,49,81,1,60,81,0,,,0,,,0,,,0,,,0,,,SL,-104.35,93
2026.02.25 19:20,2026.02.25 20:16,BUY,LienKe,5199.589,5188.339,112.5,86.7,86.7,0.77,0.77,1,9,13,1,9,13,1,10,13,1,15,42,1,28,42,0,,,0,,,0,,,0,,,SL,-112.50,56
2026.02.26 05:13,2026.02.26 05:16,SELL,Swing,5197.968,5202.325,43.6,9.7,31.0,0.22,0.71,0,,,0,,,0,,,0,,,0,,,0,,,0,,,0,,,0,,,SL,-43.57,2
2026.02.26 04:15,2026.02.26 05:16,SELL,Swing,5196.685,5202.325,56.4,67.5,43.8,1.20,0.78,1,1,57,1,2,57,1,3,57,1,34,57,0,,,0,,,0,,,0,,,0,,,SL,-56.40,61
2026.02.26 10:44,2026.02.26 10:52,BUY,LienKe,5173.788,5168.803,49.8,12.7,40.2,0.25,0.81,1,1,1,0,,,0,,,0,,,0,,,0,,,0,,,0,,,0,,,SL,-49.85,8
2026.02.26 10:40,2026.02.26 10:52,BUY,LienKe,5176.141,5168.803,73.4,24.5,63.7,0.33,0.87,1,0,3,1,1,3,0,,,0,,,0,,,0,,,0,,,0,,,0,,,SL,-73.38,12
2026.02.26 11:51,2026.02.26 11:54,BUY,Swing,5168.556,5162.732,58.2,0.0,30.8,0.00,0.53,0,,,0,,,0,,,0,,,0,,,0,,,0,,,0,,,0,,,SL,-58.24,3
2026.02.26 11:00,2026.02.26 11:54,BUY,Swing,5171.427,5162.732,86.9,66.8,59.5,0.77,0.68,1,0,0,1,0,0,1,2,16,1,6,16,0,,,0,,,0,,,0,,,0,,,SL,-86.95,54
2026.02.26 12:05,2026.02.26 14:30,BUY,LienKe,5165.663,5154.754,109.1,223.9,55.8,2.05,0.51,1,0,0,1,4,99,1,4,99,1,12,99,1,14,99,1,18,99,1,27,99,1,37,99,0,,,SL,-109.09,145
2026.02.26 15:18,2026.02.26 15:27,BUY,Swing,5152.654,5136.658,160.0,94.3,25.8,0.59,0.16,1,0,0,1,1,5,1,1,5,1,1,5,1,2,5,0,,,0,,,0,,,0,,,SL,-159.96,9
2026.02.27 09:40,2026.02.27 11:58,SELL,LienKe,5180.606,5185.123,45.2,118.4,44.5,2.62,0.98,1,7,47,1,7,47,1,8,47,1,8,47,1,14,47,1,32,47,0,,,0,,,0,,,SL,-45.17,138
2026.02.27 09:30,2026.02.27 11:58,SELL,LienKe,5179.010,5185.123,61.1,102.4,60.4,1.68,0.99,1,0,1,1,18,19,1,18,19,1,18,19,1,42,48,1,42,48,0,,,0,,,0,,,SL,-61.13,148
2026.02.27 01:06,2026.02.27 13:07,BUY,LienKe,5171.598,5165.433,61.6,290.2,49.1,4.71,0.80,1,2,538,1,3,538,1,3,538,1,4,538,1,14,538,1,27,538,1,31,538,1,44,538,0,,,TP,300.00,721
2026.02.27 01:05,2026.02.27 13:07,BUY,LienKe,5175.554,5165.433,101.2,250.6,88.7,2.48,0.88,1,5,6,1,6,10,1,7,10,1,28,92,1,30,92,1,32,92,1,33,92,1,55,92,0,,,TP,300.00,722
2026.02.27 15:56,2026.02.27 15:58,SELL,Swing,5239.582,5246.487,69.0,0.9,62.3,0.01,0.90,0,,,0,,,0,,,0,,,0,,,0,,,0,,,0,,,0,,,SL,-69.05,1
2026.02.27 15:55,2026.02.27 15:58,SELL,Swing,5234.454,5246.487,120.3,0.6,113.6,0.00,0.94,0,,,0,,,0,,,0,,,0,,,0,,,0,,,0,,,0,,,SL,-120.33,3
2026.02.27 17:38,2026.02.27 20:17,BUY,LienKe,5224.470,5217.583,68.9,288.2,18.3,4.19,0.27,1,0,47,1,0,47,1,0,47,1,1,47,1,4,47,1,5,47,1,66,-,1,76,-,0,,,TP,300.00,159
2026.02.27 17:35,2026.02.27 20:21,BUY,LienKe,5228.606,5217.583,110.2,272.6,59.7,2.47,0.54,1,4,5,1,5,46,1,5,46,1,8,46,1,9,46,1,68,-,1,73,-,1,87,-,0,,,TP,300.00,166
2026.03.02 05:20,2026.03.02 06:08,BUY,LienKe,5349.372,5337.487,118.9,279.1,13.6,2.35,0.11,1,0,1,1,1,1,1,6,11,1,13,-,1,14,-,1,19,-,1,28,-,1,45,-,0,,,TP,300.00,48
2026.03.03 04:30,2026.03.03 05:34,SELL,LienKe,5373.743,5378.551,48.1,299.9,19.9,6.24,0.41,1,0,1,1,2,-,1,6,-,1,7,-,1,19,-,1,19,-,1,30,-,1,47,-,0,,,TP,300.00,63
2026.03.03 04:30,2026.03.03 05:37,SELL,LienKe,5372.055,5378.551,65.0,295.9,36.7,4.56,0.57,1,5,5,1,7,11,1,7,11,1,15,-,1,19,-,1,29,-,1,30,-,1,61,-,0,,,TP,300.00,67
2026.03.03 13:51,2026.03.03 14:08,BUY,LienKe,5139.370,5124.152,152.2,282.7,64.9,1.86,0.43,1,2,-,1,2,-,1,2,-,1,2,-,1,2,-,1,6,-,1,7,-,1,9,-,0,,,TP,300.00,17
2026.03.03 14:30,2026.03.03 14:31,BUY,LienKe,5136.134,5121.955,141.8,0.0,116.1,0.00,0.82,0,,,0,,,0,,,0,,,0,,,0,,,0,,,0,,,0,,,SL,-141.79,1
2026.03.04 00:40,2026.03.04 00:42,SELL,LienKe,5127.635,5133.249,56.1,11.0,36.4,0.20,0.65,1,0,1,0,,,0,,,0,,,0,,,0,,,0,,,0,,,0,,,SL,-56.14,2
2026.03.04 00:35,2026.03.04 00:42,SELL,LienKe,5124.816,5133.249,84.3,21.8,64.6,0.26,0.77,1,2,4,1,3,4,0,,,0,,,0,,,0,,,0,,,0,,,0,,,SL,-84.33,7
2026.03.04 04:10,2026.03.04 06:01,SELL,LienKe,5176.322,5181.820,55.0,239.5,46.4,4.36,0.84,1,1,1,1,2,-,1,2,-,1,6,-,1,8,-,1,12,-,1,30,-,1,32,-,0,,,TP,300.00,111
2026.03.04 04:10,2026.03.04 06:01,SELL,LienKe,5173.997,5181.820,78.2,216.3,69.7,2.76,0.89,1,3,3,1,5,-,1,6,-,1,8,-,1,12,-,1,15,-,1,32,-,1,32,-,0,,,TP,300.00,111
2026.03.04 06:23,2026.03.04 07:00,BUY,Swing,5131.707,5118.344,133.6,290.9,30.2,2.18,0.23,1,0,1,1,0,1,1,0,1,1,0,1,1,1,1,1,10,-,1,10,-,1,11,-,0,,,TP,300.00,37
2026.03.04 09:23,2026.03.04 09:39,SELL,Swing,5177.130,5185.155,80.2,78.7,33.3,0.98,0.42,1,2,12,1,2,12,1,3,12,1,6,12,0,,,0,,,0,,,0,,,0,,,SL,-80.25,16
2026.03.04 08:55,2026.03.04 09:39,SELL,LienKe,5174.652,5185.155,105.0,151.0,58.1,1.44,0.55,1,0,24,1,0,24,1,0,24,1,0,24,1,4,24,1,5,24,1,12,24,0,,,0,,,SL,-105.03,44
2026.03.04 08:55,2026.03.04 09:39,SELL,Swing,5174.652,5185.155,105.0,151.0,58.1,1.44,0.55,1,0,24,1,0,24,1,0,24,1,0,24,1,4,24,1,5,24,1,12,24,0,,,0,,,SL,-105.03,44
2026.03.04 20:35,2026.03.04 20:41,SELL,LienKe,5139.245,5143.465,42.2,13.6,39.6,0.32,0.94,1,1,2,0,,,0,,,0,,,0,,,0,,,0,,,0,,,0,,,SL,-42.20,6
2026.03.04 20:35,2026.03.04 20:41,SELL,LienKe,5137.907,5143.465,55.6,9.0,53.0,0.16,0.95,0,,,0,,,0,,,0,,,0,,,0,,,0,,,0,,,0,,,SL,-55.58,6
2026.03.05 03:10,2026.03.05 05:51,SELL,LienKe,5188.266,5197.986,97.2,273.9,32.2,2.82,0.33,1,0,1,1,2,5,1,2,5,1,20,23,1,47,-,1,50,-,1,97,-,1,100,-,0,,,TP,300.00,161
2026.03.05 11:05,2026.03.05 12:08,SELL,LienKe,5166.603,5170.876,42.7,94.5,41.2,2.21,0.97,1,1,11,1,1,11,1,1,11,1,23,58,1,34,58,0,,,0,,,0,,,0,,,SL,-42.73,62
2026.03.05 11:05,2026.03.05 12:08,SELL,LienKe,5165.160,5170.876,57.2,80.1,55.7,1.40,0.97,1,0,0,1,1,10,1,1,10,1,31,46,1,35,46,0,,,0,,,0,,,0,,,SL,-57.16,63
2026.03.05 19:35,2026.03.05 20:16,BUY,Swing,5056.718,5047.681,90.4,261.1,11.1,2.89,0.12,1,0,-,1,0,-,1,0,-,1,0,-,1,7,-,1,7,-,1,36,-,1,37,-,0,,,TP,300.00,41
2026.03.05 18:05,2026.03.05 23:19,BUY,LienKe,5065.669,5047.681,179.9,289.6,100.6,1.61,0.56,1,0,1,1,0,1,1,0,1,1,1,1,1,10,19,1,12,19,1,34,72,1,131,-,0,,,TP,300.00,314
2026.03.05 18:05,2026.03.05 23:19,BUY,Swing,5065.669,5047.681,179.9,289.6,100.6,1.61,0.56,1,0,1,1,0,1,1,0,1,1,1,1,1,10,19,1,12,19,1,34,72,1,131,-,0,,,TP,300.00,314
2026.03.06 00:15,2026.03.06 01:00,BUY,LienKe,5078.961,5071.077,78.8,134.0,37.3,1.70,0.47,1,0,28,1,1,28,1,1,28,1,2,28,1,3,28,1,4,28,0,,,0,,,0,,,SL,-78.84,45
2026.03.06 00:05,2026.03.06 01:00,BUY,LienKe,5084.280,5071.077,132.0,80.8,90.5,0.61,0.69,1,0,8,1,0,8,1,0,8,1,1,8,1,23,32,0,,,0,,,0,,,0,,,SL,-132.03,55
2026.03.06 05:07,2026.03.06 05:38,BUY,LienKe,5125.723,5120.868,48.5,41.5,45.5,0.86,0.94,1,6,7,1,6,7,1,11,14,0,,,0,,,0,,,0,,,0,,,0,,,SL,-48.55,31
2026.03.06 05:05,2026.03.06 05:38,BUY,LienKe,5128.810,5120.868,79.4,10.7,76.4,0.13,0.96,1,24,25,0,,,0,,,0,,,0,,,0,,,0,,,0,,,0,,,SL,-79.42,33
2026.03.06 08:10,2026.03.06 09:52,SELL,LienKe,5116.396,5126.189,97.9,299.7,16.2,3.06,0.17,1,1,4,1,2,4,1,2,4,1,3,4,1,12,-,1,15,-,1,18,-,1,63,-,0,,,TP,300.00,102
2026.03.06 12:00,2026.03.06 13:30,BUY,LienKe,5077.184,5059.475,177.1,194.6,118.6,1.10,0.67,1,0,61,1,0,61,1,1,61,1,1,61,1,6,61,1,10,61,1,19,61,0,,,0,,,TP,300.00,90
2026.03.06 12:00,2026.03.06 13:30,BUY,Swing,5077.184,5059.475,177.1,194.6,118.6,1.10,0.67,1,0,61,1,0,61,1,1,61,1,1,61,1,6,61,1,10,61,1,19,61,0,,,0,,,TP,300.00,90
2026.03.09 05:12,2026.03.09 05:33,SELL,LienKe,5098.981,5105.022,60.4,113.2,53.3,1.87,0.88,1,1,10,1,2,10,1,2,10,1,4,10,1,6,10,1,7,10,0,,,0,,,0,,,SL,-60.41,21
2026.03.09 05:10,2026.03.09 05:33,SELL,LienKe,5096.046,5105.022,89.8,83.9,82.6,0.93,0.92,1,0,0,1,6,12,1,6,12,1,8,12,1,9,12,0,,,0,,,0,,,0,,,SL,-89.76,23
2026.03.09 11:30,2026.03.09 13:42,BUY,LienKe,5085.904,5076.336,95.7,259.9,39.2,2.72,0.41,1,0,2,1,0,2,1,0,2,1,5,8,1,26,113,1,31,113,1,50,113,1,54,113,0,,,SL,-95.68,132
2026.03.09 14:15,2026.03.09 14:39,BUY,LienKe,5065.858,5057.618,82.4,296.7,13.1,3.60,0.16,1,1,-,1,1,-,1,1,-,1,1,-,1,1,-,1,2,-,1,10,-,1,16,-,0,,,TP,300.00,23
2026.03.09 14:15,2026.03.09 14:41,BUY,LienKe,5071.382,5057.618,137.6,276.5,68.4,2.01,0.50,1,0,0,1,1,6,1,1,6,1,2,6,1,7,-,1,10,-,1,16,-,1,21,-,0,,,TP,300.00,26
2026.03.10 03:33,2026.03.10 03:46,BUY,LienKe,5164.131,5158.842,52.9,7.6,51.9,0.14,0.98,0,,,0,,,0,,,0,,,0,,,0,,,0,,,0,,,0,,,SL,-52.89,12
2026.03.10 03:30,2026.03.10 03:46,BUY,LienKe,5167.103,5158.842,82.6,7.5,81.6,0.09,0.99,0,,,0,,,0,,,0,,,0,,,0,,,0,,,0,,,0,,,SL,-82.61,16
2026.03.10 08:39,2026.03.10 08:40,SELL,Swing,5186.922,5191.978,50.6,0.0,38.1,0.00,0.75,0,,,0,,,0,,,0,,,0,,,0,,,0,,,0,,,0,,,SL,-50.56,1
2026.03.10 08:35,2026.03.10 08:40,SELL,Swing,5184.915,5191.978,70.6,17.1,58.1,0.24,0.82,1,0,1,0,,,0,,,0,,,0,,,0,,,0,,,0,,,0,,,SL,-70.63,5
2026.03.10 14:15,2026.03.10 15:13,BUY,LienKe,5195.396,5182.186,132.1,255.7,10.8,1.94,0.08,1,0,-,1,0,-,1,1,-,1,1,-,1,1,-,1,1,-,1,1,-,1,48,-,0,,,TP,300.00,58
2026.03.10 22:07,2026.03.11 00:52,BUY,LienKe,5188.306,5182.209,61.0,298.0,54.7,4.89,0.90,1,0,1,1,0,1,1,4,5,1,11,25,1,12,25,1,131,-,1,132,-,1,136,-,0,,,TP,294.65,165
2026.03.10 22:05,2026.03.11 05:30,BUY,LienKe,5193.877,5182.209,116.7,291.6,110.4,2.50,0.95,1,14,17,1,14,17,1,14,17,1,133,-,1,133,-,1,135,-,1,138,-,1,141,-,0,,,SL,-5.35,445
2026.03.11 06:44,2026.03.11 07:37,BUY,Swing,5193.989,5187.293,67.0,81.2,45.8,1.21,0.68,1,0,1,1,6,47,1,7,47,1,17,47,1,23,47,0,,,0,,,0,,,0,,,SL,-66.96,53
2026.03.11 05:35,2026.03.11 07:37,BUY,Swing,5198.025,5187.293,107.3,127.4,86.2,1.19,0.80,1,0,8,1,0,8,1,0,8,1,5,8,1,38,66,1,38,66,0,,,0,,,0,,,SL,-107.32,122
2026.03.11 12:00,2026.03.11 12:47,BUY,LienKe,5181.484,5172.135,93.5,149.8,83.2,1.60,0.89,1,1,34,1,2,34,1,3,34,1,6,34,1,10,34,1,14,34,0,,,0,,,0,,,SL,-93.49,47
2026.03.11 15:11,2026.03.11 15:14,BUY,LienKe,5177.035,5170.704,63.3,0.0,54.7,0.00,0.86,0,,,0,,,0,,,0,,,0,,,0,,,0,,,0,,,0,,,SL,-63.31,3
2026.03.11 15:10,2026.03.11 15:14,BUY,LienKe,5181.192,5170.704,104.9,0.9,96.3,0.01,0.92,0,,,0,,,0,,,0,,,0,,,0,,,0,,,0,,,0,,,SL,-104.88,4
2026.03.11 19:05,2026.03.11 22:29,BUY,LienKe,5171.803,5165.933,58.7,116.6,57.8,1.99,0.99,1,2,3,1,5,7,1,14,182,1,15,182,1,39,182,1,49,182,0,,,0,,,0,,,SL,-58.70,204
2026.03.12 00:10,2026.03.12 01:43,BUY,LienKe,5137.421,5122.375,150.5,292.1,18.7,1.94,0.12,1,0,1,1,2,-,1,2,-,1,5,-,1,12,-,1,14,-,1,15,-,1,18,-,0,,,TP,300.00,93
2026.03.12 06:25,2026.03.12 06:32,SELL,LienKe,5156.358,5160.848,44.9,3.0,41.3,0.07,0.92,0,,,0,,,0,,,0,,,0,,,0,,,0,,,0,,,0,,,SL,-44.90,7
2026.03.12 06:05,2026.03.12 06:32,SELL,LienKe,5155.073,5160.848,57.7,74.4,54.1,1.29,0.94,1,1,4,1,4,4,1,6,7,1,15,18,0,,,0,,,0,,,0,,,0,,,SL,-57.75,27
2026.03.12 05:30,2026.03.12 07:41,BUY,LienKe,5143.247,5134.024,92.2,298.8,21.5,3.24,0.23,1,0,-,1,1,-,1,2,-,1,4,-,1,7,-,1,11,-,1,61,-,1,69,-,0,,,TP,300.00,131
2026.03.12 10:10,2026.03.12 13:23,SELL,LienKe,5189.886,5194.657,47.7,261.1,11.3,5.47,0.24,1,3,-,1,3,-,1,5,-,1,5,-,1,18,-,1,20,-,1,69,-,1,117,-,0,,,TP,300.00,192
2026.03.12 13:31,2026.03.12 13:42,BUY,LienKe,5165.530,5156.224,93.1,26.0,74.3,0.28,0.80,1,1,2,1,3,4,0,,,0,,,0,,,0,,,0,,,0,,,0,,,SL,-93.06,10
2026.03.12 13:25,2026.03.12 13:42,BUY,LienKe,5172.120,5156.224,159.0,9.0,140.2,0.06,0.88,0,,,0,,,0,,,0,,,0,,,0,,,0,,,0,,,0,,,SL,-158.96,17
2026.03.12 10:10,2026.03.12 13:42,SELL,LienKe,5188.104,5194.657,65.5,296.4,29.1,4.52,0.44,1,5,-,1,5,-,1,5,-,1,17,-,1,20,-,1,28,-,1,70,-,1,117,-,0,,,TP,300.00,212
2026.03.12 08:10,2026.03.12 13:42,SELL,LienKe,5187.076,5192.676,56.0,286.1,49.4,5.11,0.88,1,1,92,1,1,92,1,3,92,1,4,92,1,13,92,1,38,92,1,235,-,1,245,-,0,,,TP,300.00,331
2026.03.12 13:09,2026.03.12 13:45,SELL,LienKe,5183.615,5189.047,54.3,275.8,24.4,5.08,0.45,1,0,1,1,6,-,1,6,-,1,6,-,1,8,-,1,10,-,1,13,-,1,13,-,0,,,TP,300.00,36
2026.03.12 08:05,2026.03.12 13:45,SELL,LienKe,5184.389,5192.676,82.9,283.5,76.3,3.42,0.92,1,1,3,1,2,3,1,9,11,1,18,86,1,43,86,1,195,286,1,242,286,1,256,286,0,,,TP,300.00,340
2026.03.12 13:05,2026.03.12 13:53,SELL,LienKe,5179.864,5189.047,91.8,278.9,61.9,3.04,0.67,1,10,-,1,10,-,1,10,-,1,14,-,1,15,-,1,17,-,1,18,-,1,18,-,0,,,TP,300.00,48
2026.03.12 17:45,2026.03.12 18:21,BUY,Swing,5110.560,5101.904,86.6,19.3,81.8,0.22,0.94,1,3,4,0,,,0,,,0,,,0,,,0,,,0,,,0,,,0,,,SL,-86.56,36
2026.03.12 17:45,2026.03.12 18:21,BUY,Swing,5110.748,5101.904,88.4,17.4,83.6,0.20,0.95,1,3,4,0,,,0,,,0,,,0,,,0,,,0,,,0,,,0,,,SL,-88.44,36
2026.03.12 23:10,2026.03.12 23:24,SELL,LienKe,5095.057,5099.184,41.3,49.0,16.1,1.19,0.39,1,1,2,1,1,2,1,4,6,0,,,0,,,0,,,0,,,0,,,0,,,SL,-41.27,14
2026.03.12 23:10,2026.03.12 23:24,SELL,LienKe,5093.979,5099.184,52.0,38.2,26.9,0.73,0.52,1,1,2,1,4,5,1,4,5,0,,,0,,,0,,,0,,,0,,,0,,,SL,-52.05,14
2026.03.13 00:05,2026.03.13 00:13,SELL,LienKe,5101.462,5106.771,53.1,0.0,49.9,0.00,0.94,0,,,0,,,0,,,0,,,0,,,0,,,0,,,0,,,0,,,SL,-53.09,8
2026.03.13 00:05,2026.03.13 00:13,SELL,LienKe,5099.133,5106.771,76.4,0.0,73.2,0.00,0.96,0,,,0,,,0,,,0,,,0,,,0,,,0,,,0,,,0,,,SL,-76.38,8
2026.03.13 04:05,2026.03.13 06:52,SELL,LienKe,5116.858,5120.870,40.1,299.6,7.5,7.47,0.19,1,1,-,1,1,-,1,2,-,1,12,-,1,17,-,1,19,-,1,98,-,1,137,-,0,,,TP,300.00,167
2026.03.13 04:05,2026.03.13 07:00,SELL,LienKe,5115.848,5120.870,50.2,298.0,17.6,5.93,0.35,1,1,3,1,2,3,1,6,-,1,15,-,1,17,-,1,19,-,1,99,-,1,137,-,0,,,TP,300.00,175
2026.03.13 07:15,2026.03.13 07:18,BUY,LienKe,5085.849,5080.645,52.0,22.1,42.2,0.43,0.81,1,0,1,1,0,1,0,,,0,,,0,,,0,,,0,,,0,,,0,,,SL,-52.04,3
2026.03.13 07:05,2026.03.13 07:18,BUY,LienKe,5089.893,5080.645,92.5,40.0,82.7,0.43,0.89,1,0,1,1,1,1,1,4,4,0,,,0,,,0,,,0,,,0,,,0,,,SL,-92.48,13
2026.03.16 00:13,2026.03.16 01:13,SELL,LienKe,5025.427,5031.691,62.6,210.4,60.4,3.36,0.96,1,1,20,1,1,20,1,2,20,1,3,20,1,3,20,1,17,20,1,57,-,1,59,-,0,,,TP,300.00,60
2026.03.16 00:10,2026.03.16 01:14,SELL,LienKe,5019.936,5031.691,117.6,277.8,115.3,2.36,0.98,1,2,3,1,6,7,1,8,9,1,50,51,1,60,-,1,61,-,1,62,-,1,63,-,0,,,TP,300.00,64
2026.03.16 07:22,2026.03.16 07:37,BUY,LienKe,5003.869,4997.819,60.5,31.4,57.4,0.52,0.95,1,0,1,1,11,13,1,11,13,0,,,0,,,0,,,0,,,0,,,0,,,SL,-60.50,15
2026.03.16 07:22,2026.03.16 07:37,BUY,Swing,5003.869,4997.819,60.5,31.4,57.4,0.52,0.95,1,0,1,1,11,13,1,11,13,0,,,0,,,0,,,0,,,0,,,0,,,SL,-60.50,15
2026.03.16 07:20,2026.03.16 07:37,BUY,LienKe,5007.380,4997.819,95.6,5.6,92.5,0.06,0.97,0,,,0,,,0,,,0,,,0,,,0,,,0,,,0,,,0,,,SL,-95.61,17
2026.03.16 07:20,2026.03.16 07:37,BUY,Swing,5007.380,4997.819,95.6,5.6,92.5,0.06,0.97,0,,,0,,,0,,,0,,,0,,,0,,,0,,,0,,,0,,,SL,-95.61,17
2026.03.16 10:05,2026.03.16 11:11,BUY,LienKe,4974.802,4967.011,77.9,290.2,14.5,3.73,0.19,1,0,0,1,0,0,1,4,-,1,4,-,1,18,-,1,19,-,1,22,-,1,46,-,0,,,TP,300.00,66
2026.03.16 14:10,2026.03.16 14:40,SELL,LienKe,5035.441,5041.067,56.3,289.8,23.9,5.15,0.42,1,2,-,1,2,-,1,2,-,1,3,-,1,5,-,1,5,-,1,14,-,1,19,-,0,,,TP,300.00,30
2026.03.16 14:10,2026.03.16 14:40,SELL,Swing,5035.441,5041.067,56.3,289.8,23.9,5.15,0.42,1,2,-,1,2,-,1,2,-,1,3,-,1,5,-,1,5,-,1,14,-,1,19,-,0,,,TP,300.00,30
2026.03.16 14:10,2026.03.16 14:42,SELL,LienKe,5032.537,5041.067,85.3,288.4,52.9,3.38,0.62,1,3,-,1,3,-,1,3,-,1,4,-,1,9,-,1,13,-,1,17,-,1,20,-,0,,,TP,300.00,32
2026.03.16 14:10,2026.03.16 14:42,SELL,Swing,5032.537,5041.067,85.3,288.4,52.9,3.38,0.62,1,3,-,1,3,-,1,3,-,1,4,-,1,9,-,1,13,-,1,17,-,1,20,-,0,,,TP,300.00,32
2026.03.17 00:42,2026.03.17 01:03,BUY,LienKe,5001.820,4997.042,47.8,50.1,40.1,1.05,0.84,1,3,5,1,4,5,1,13,18,1,19,-,0,,,0,,,0,,,0,,,0,,,SL,-47.78,21
2026.03.17 00:30,2026.03.17 01:03,BUY,LienKe,5003.593,4997.042,65.5,34.9,57.8,0.53,0.88,1,0,1,1,2,2,1,6,9,0,,,0,,,0,,,0,,,0,,,0,,,SL,-65.51,33
2026.03.17 01:27,2026.03.17 01:36,SELL,LienKe,5012.039,5017.070,50.3,5.7,44.7,0.11,0.89,0,,,0,,,0,,,0,,,0,,,0,,,0,,,0,,,0,,,SL,-50.31,9
2026.03.17 01:20,2026.03.17 01:36,SELL,LienKe,5008.677,5017.070,83.9,8.2,78.3,0.10,0.93,0,,,0,,,0,,,0,,,0,,,0,,,0,,,0,,,0,,,SL,-83.93,16
2026.03.17 04:36,2026.03.17 04:44,SELL,LienKe,5034.208,5038.269,40.6,7.1,3.8,0.17,0.09,0,,,0,,,0,,,0,,,0,,,0,,,0,,,0,,,0,,,SL,-40.61,8
2026.03.17 04:35,2026.03.17 04:44,SELL,LienKe,5033.182,5038.269,50.9,0.0,14.1,0.00,0.28,0,,,0,,,0,,,0,,,0,,,0,,,0,,,0,,,0,,,SL,-50.87,9
2026.03.17 14:35,2026.03.17 15:28,BUY,LienKe,5009.274,4999.710,95.6,100.8,86.1,1.05,0.90,1,0,1,1,1,1,1,1,1,1,9,19,1,12,19,1,15,19,0,,,0,,,0,,,SL,-95.64,53
2026.03.17 19:25,2026.03.17 22:44,BUY,LienKe,4999.753,4995.930,38.2,66.7,34.8,1.74,0.91,1,5,6,1,15,23,1,17,23,1,40,162,0,,,0,,,0,,,0,,,0,,,SL,-38.23,199
2026.03.17 19:25,2026.03.17 22:44,BUY,LienKe,5000.696,4995.930,47.7,57.3,44.2,1.20,0.93,1,11,11,1,17,23,1,39,158,1,41,158,0,,,0,,,0,,,0,,,0,,,SL,-47.66,199
2026.03.17 22:32,2026.03.17 22:45,BUY,LienKe,4999.189,4994.459,47.3,6.4,35.3,0.13,0.75,0,,,0,,,0,,,0,,,0,,,0,,,0,,,0,,,0,,,SL,-47.30,13
2026.03.17 22:10,2026.03.17 22:45,BUY,LienKe,5001.281,4994.459,68.2,36.4,56.2,0.53,0.82,1,2,8,1,2,8,1,5,8,0,,,0,,,0,,,0,,,0,,,0,,,SL,-68.22,35
2026.03.18 01:55,2026.03.18 03:04,BUY,Swing,4998.697,4988.069,106.3,81.4,82.2,0.77,0.77,1,0,0,1,5,9,1,5,9,1,24,58,1,27,58,0,,,0,,,0,,,0,,,SL,-106.28,69
2026.03.18 01:16,2026.03.18 04:39,SELL,LienKe,5013.813,5018.780,49.7,299.1,25.2,6.02,0.51,1,1,4,1,2,4,1,10,-,1,13,-,1,19,-,1,20,-,1,30,-,1,36,-,0,,,TP,300.00,203
2026.03.18 01:15,2026.03.18 06:32,SELL,LienKe,5011.247,5018.780,75.3,293.7,50.8,3.90,0.67,1,11,11,1,14,-,1,15,-,1,19,-,1,21,-,1,30,-,1,35,-,1,102,-,0,,,SL,0.00,317
2026.03.18 08:20,2026.03.18 08:21,BUY,LienKe,4989.860,4984.600,52.6,0.0,23.8,0.00,0.45,0,,,0,,,0,,,0,,,0,,,0,,,0,,,0,,,0,,,SL,-52.60,1
2026.03.18 08:10,2026.03.18 08:21,BUY,LienKe,4992.340,4984.600,77.4,31.7,48.6,0.41,0.63,1,0,1,1,2,4,1,5,6,0,,,0,,,0,,,0,,,0,,,0,,,SL,-77.40,11
2026.03.18 07:06,2026.03.18 08:21,SELL,Swing,5014.669,5019.311,46.4,269.0,5.7,5.80,0.12,1,1,-,1,1,-,1,3,-,1,9,-,1,19,-,1,38,-,1,40,-,1,44,-,0,,,TP,300.00,75
2026.03.18 06:40,2026.03.18 08:45,SELL,Swing,5012.068,5019.311,72.4,283.6,31.7,3.92,0.44,1,4,6,1,11,22,1,13,22,1,39,-,1,64,-,1,64,-,1,68,-,1,72,-,0,,,TP,300.00,125
2026.03.18 08:50,2026.03.18 10:35,BUY,Swing,4988.799,4974.089,147.1,65.4,96.1,0.44,0.65,1,14,22,1,15,22,1,30,75,1,31,75,0,,,0,,,0,,,0,,,0,,,SL,-147.10,105
2026.03.18 12:06,2026.03.18 12:07,BUY,LienKe,4925.449,4918.130,73.2,0.0,27.2,0.00,0.37,0,,,0,,,0,,,0,,,0,,,0,,,0,,,0,,,0,,,SL,-73.19,1
2026.03.18 12:05,2026.03.18 12:07,BUY,LienKe,4930.253,4918.130,121.2,20.6,75.3,0.17,0.62,1,0,0,1,0,0,0,,,0,,,0,,,0,,,0,,,0,,,0,,,SL,-121.23,2
2026.03.18 19:23,2026.03.18 19:51,BUY,LienKe,4848.127,4840.383,77.4,119.8,60.7,1.55,0.78,1,5,5,1,5,5,1,6,18,1,9,18,1,11,18,1,12,18,0,,,0,,,0,,,SL,-77.44,27
2026.03.18 19:05,2026.03.18 19:51,BUY,LienKe,4856.650,4840.383,162.7,84.7,145.9,0.52,0.90,1,1,2,1,1,2,1,7,9,1,10,16,1,11,16,0,,,0,,,0,,,0,,,SL,-162.67,46
2026.03.18 23:31,2026.03.19 00:01,SELL,LienKe,4838.913,4843.888,49.8,89.1,38.0,1.79,0.76,1,1,9,1,2,9,1,3,9,1,14,29,1,14,29,0,,,0,,,0,,,0,,,SL,-49.75,30
2026.03.18 23:30,2026.03.19 00:01,SELL,LienKe,4836.881,4843.888,70.1,68.8,58.4,0.98,0.83,1,0,1,1,4,5,1,15,17,1,15,17,0,,,0,,,0,,,0,,,0,,,SL,-70.07,31
2026.03.18 22:30,2026.03.19 00:01,BUY,LienKe,4812.635,4801.247,113.9,298.8,39.5,2.62,0.35,1,0,1,1,0,1,1,0,1,1,4,-,1,5,-,1,5,-,1,6,-,1,18,-,0,,,TP,283.95,91
2026.03.19 01:05,2026.03.19 01:36,SELL,LienKe,4842.498,4856.288,137.9,96.4,119.9,0.70,0.87,1,0,23,1,0,23,1,0,23,1,0,23,1,2,23,0,,,0,,,0,,,0,,,SL,-137.90,31
2026.03.19 01:11,2026.03.19 01:41,BUY,LienKe,4836.805,4829.656,71.5,282.8,30.9,3.96,0.43,1,0,1,1,2,7,1,2,7,1,2,7,1,18,-,1,19,-,1,24,-,1,26,-,0,,,TP,300.00,30
2026.03.19 01:10,2026.03.19 05:30,BUY,LienKe,4841.243,4829.656,115.9,256.5,75.3,2.21,0.65,1,4,4,1,18,-,1,19,-,1,20,-,1,20,-,1,25,-,1,26,-,1,29,-,0,,,SL,0.00,260
2026.03.19 22:57,2026.03.19 22:59,BUY,LienKe,4643.750,4637.775,59.8,9.0,46.8,0.15,0.78,0,,,0,,,0,,,0,,,0,,,0,,,0,,,0,,,0,,,SL,-59.75,2
2026.03.19 22:55,2026.03.19 22:59,BUY,LienKe,4648.438,4637.775,106.6,10.5,93.7,0.10,0.88,1,0,0,0,,,0,,,0,,,0,,,0,,,0,,,0,,,0,,,SL,-106.63,4
2026.03.20 01:34,2026.03.20 01:40,SELL,Swing,4674.923,4683.367,84.4,28.1,35.1,0.33,0.42,1,3,4,1,3,4,0,,,0,,,0,,,0,,,0,,,0,,,0,,,SL,-84.44,6
2026.03.20 01:10,2026.03.20 01:40,SELL,Swing,4666.617,4683.367,167.5,180.3,118.2,1.08,0.71,1,0,20,1,0,20,1,0,20,1,1,20,1,1,20,1,2,20,1,4,20,0,,,0,,,SL,-167.50,30
2026.03.20 15:48,2026.03.20 16:06,BUY,LienKe,4550.749,4537.416,133.3,298.3,65.9,2.24,0.49,1,0,1,1,3,-,1,3,-,1,3,-,1,4,-,1,12,-,1,15,-,1,15,-,0,,,TP,300.00,17
2026.03.20 16:11,2026.03.20 16:12,SELL,LienKe,4577.525,4584.010,64.9,0.0,30.8,0.00,0.47,0,,,0,,,0,,,0,,,0,,,0,,,0,,,0,,,0,,,SL,-64.85,1
2026.03.20 16:10,2026.03.20 16:12,SELL,LienKe,4571.486,4584.010,125.2,24.7,91.1,0.20,0.73,1,0,0,1,0,0,0,,,0,,,0,,,0,,,0,,,0,,,0,,,SL,-125.24,2
2026.03.24 02:50,2026.03.24 04:19,SELL,LienKe,4363.851,4382.299,184.5,286.0,48.5,1.55,0.26,1,0,7,1,0,7,1,0,7,1,0,7,1,0,7,1,0,7,1,41,-,1,46,-,0,,,TP,300.00,89
2026.03.24 09:55,2026.03.24 09:56,SELL,LienKe,4419.504,4424.221,47.2,0.0,21.7,0.00,0.46,0,,,0,,,0,,,0,,,0,,,0,,,0,,,0,,,0,,,SL,-47.17,1
2026.03.24 09:50,2026.03.24 09:56,SELL,LienKe,4416.888,4424.221,73.3,45.2,47.8,0.62,0.65,1,0,4,1,0,4,1,2,4,0,,,0,,,0,,,0,,,0,,,0,,,SL,-73.33,6
2026.03.25 02:50,2026.03.25 05:26,SELL,LienKe,4590.341,4605.458,151.2,298.0,28.7,1.97,0.19,1,1,2,1,3,-,1,4,-,1,4,-,1,9,-,1,13,-,1,13,-,1,54,-,0,,,TP,300.00,156
2026.03.25 08:26,2026.03.25 09:48,SELL,LienKe,4563.859,4570.781,69.2,257.8,40.4,3.72,0.58,1,10,12,1,10,12,1,10,12,1,10,12,1,10,12,1,10,12,1,79,-,1,80,-,0,,,TP,300.00,81
2026.03.25 08:25,2026.03.25 09:48,SELL,LienKe,4562.362,4570.781,84.2,242.8,55.3,2.88,0.66,1,0,0,1,11,13,1,11,13,1,11,13,1,11,13,1,73,-,1,80,-,1,81,-,0,,,TP,300.00,83
2026.03.25 12:35,2026.03.25 13:04,BUY,Swing,4538.063,4519.030,190.3,251.6,20.3,1.32,0.11,1,0,10,1,0,10,1,0,10,1,0,10,1,1,10,1,1,10,1,2,10,1,28,-,0,,,TP,300.00,29
2026.03.26 08:20,2026.03.26 08:24,BUY,LienKe,4445.482,4431.131,143.5,13.0,57.5,0.09,0.40,1,1,1,0,,,0,,,0,,,0,,,0,,,0,,,0,,,0,,,SL,-143.51,4
2026.03.26 08:24,2026.03.26 08:25,BUY,LienKe,4439.710,4431.131,85.8,0.0,97.8,0.00,1.14,0,,,0,,,0,,,0,,,0,,,0,,,0,,,0,,,0,,,SL,-85.79,0
2026.03.26 13:51,2026.03.26 14:22,SELL,Swing,4457.050,4463.325,62.7,198.2,38.5,3.16,0.61,1,1,3,1,1,3,1,2,3,1,2,3,1,6,24,1,7,24,1,7,24,0,,,0,,,SL,-62.75,31
2026.03.26 13:50,2026.03.26 14:22,SELL,Swing,4452.428,4463.325,109.0,151.9,84.7,1.39,0.78,1,0,1,1,0,1,1,1,1,1,8,9,1,8,9,1,8,9,1,9,9,0,,,0,,,SL,-108.97,32
2026.03.26 14:25,2026.03.26 14:34,SELL,LienKe,4458.561,4472.813,142.5,72.0,75.6,0.51,0.53,1,0,1,1,0,1,1,0,1,1,0,1,0,,,0,,,0,,,0,,,0,,,SL,-142.52,9
2026.03.26 16:16,2026.03.26 16:17,BUY,LienKe,4431.380,4422.854,85.3,0.0,82.5,0.00,0.97,0,,,0,,,0,,,0,,,0,,,0,,,0,,,0,,,0,,,SL,-85.26,0
2026.03.26 16:05,2026.03.26 16:17,BUY,LienKe,4437.148,4422.854,142.9,56.8,140.2,0.40,0.98,1,1,7,1,1,7,1,1,7,1,3,7,0,,,0,,,0,,,0,,,0,,,SL,-142.94,12
2026.03.27 05:00,2026.03.27 05:33,SELL,LienKe,4446.120,4452.482,63.6,55.2,59.9,0.87,0.94,1,0,1,1,0,1,1,4,6,1,26,30,0,,,0,,,0,,,0,,,0,,,SL,-63.62,33
2026.03.27 12:25,2026.03.27 12:42,SELL,LienKe,4425.808,4437.348,115.4,27.6,108.1,0.24,0.94,1,1,2,1,1,2,0,,,0,,,0,,,0,,,0,,,0,,,0,,,SL,-115.40,17
2026.03.27 12:20,2026.03.27 12:42,SELL,LienKe,4425.143,4437.348,122.0,81.1,114.8,0.66,0.94,1,0,5,1,0,5,1,0,5,1,0,5,1,3,5,0,,,0,,,0,,,0,,,SL,-122.05,22
2026.03.27 18:43,2026.03.27 20:53,SELL,LienKe,4523.602,4531.660,80.6,295.4,39.1,3.67,0.49,1,3,39,1,3,39,1,3,39,1,4,39,1,12,39,1,18,39,1,24,39,1,59,-,0,,,TP,300.00,130
2026.03.27 18:40,2026.03.29 22:08,SELL,LienKe,4518.569,4531.660,130.9,275.0,89.4,2.10,0.68,1,0,1,1,0,1,1,15,20,1,22,38,1,23,38,1,27,38,1,62,75,1,124,-,0,,,TP,300.00,3088
2026.03.30 09:32,2026.03.30 11:44,BUY,LienKe,4526.127,4520.704,54.2,255.5,24.0,4.71,0.44,1,3,92,1,3,92,1,4,92,1,6,92,1,7,92,1,10,92,1,103,-,1,114,-,0,,,TP,300.00,132
2026.03.30 09:20,2026.03.30 11:44,BUY,LienKe,4528.774,4520.704,80.7,229.0,50.5,2.84,0.63,1,0,3,1,0,3,1,1,3,1,1,3,1,24,31,1,59,66,1,118,-,1,142,-,0,,,TP,300.00,144
2026.03.30 13:05,2026.03.30 13:45,SELL,LienKe,4570.733,4581.606,108.7,273.5,34.8,2.52,0.32,1,0,2,1,0,2,1,0,2,1,1,2,1,3,23,1,17,23,1,30,-,1,30,-,0,,,TP,300.00,40
2026.03.30 14:25,2026.03.30 15:43,BUY,LienKe,4522.849,4509.119,137.3,298.2,55.3,2.17,0.40,1,5,6,1,5,6,1,10,10,1,12,16,1,12,16,1,15,16,1,22,-,1,35,-,0,,,TP,300.00,78
2026.03.31 00:25,2026.03.31 00:37,BUY,LienKe,4493.912,4479.562,143.5,294.7,41.7,2.05,0.29,1,0,-,1,0,-,1,0,-,1,0,-,1,1,-,1,1,-,1,2,-,1,9,-,0,,,TP,300.00,12
2026.03.31 19:15,2026.03.31 19:21,SELL,LienKe,4673.135,4678.804,56.7,42.6,56.6,0.75,1.00,1,1,3,1,2,3,1,2,3,0,,,0,,,0,,,0,,,0,,,0,,,SL,-56.69,6
2026.03.31 19:05,2026.03.31 19:21,SELL,LienKe,4670.583,4678.804,82.2,87.0,82.1,1.06,1.00,1,0,1,1,1,2,1,3,5,1,3,5,1,4,5,0,,,0,,,0,,,0,,,SL,-82.21,16
2026.04.01 10:35,2026.04.01 10:44,SELL,LienKe,4730.002,4734.951,49.5,25.5,44.4,0.51,0.90,1,3,4,1,3,4,0,,,0,,,0,,,0,,,0,,,0,,,0,,,SL,-49.49,9
2026.04.01 10:35,2026.04.01 10:44,SELL,LienKe,4726.779,4734.951,81.7,1.5,76.6,0.02,0.94,0,,,0,,,0,,,0,,,0,,,0,,,0,,,0,,,0,,,SL,-81.72,9
2026.04.01 11:35,2026.04.01 11:39,SELL,Swing,4748.245,4753.482,52.4,17.0,35.7,0.33,0.68,1,1,2,0,,,0,,,0,,,0,,,0,,,0,,,0,,,0,,,SL,-52.37,4
2026.04.01 11:35,2026.04.01 11:39,SELL,Swing,4745.987,4753.482,74.9,0.0,58.2,0.00,0.78,0,,,0,,,0,,,0,,,0,,,0,,,0,,,0,,,0,,,SL,-74.95,4
2026.04.01 12:51,2026.04.01 13:00,BUY,LienKe,4728.619,4721.667,69.5,49.3,45.0,0.71,0.65,1,1,3,1,1,3,1,1,3,0,,,0,,,0,,,0,,,0,,,0,,,SL,-69.52,9
2026.04.01 12:30,2026.04.01 13:00,BUY,LienKe,4735.320,4721.667,136.5,183.0,112.0,1.34,0.82,1,0,9,1,0,9,1,0,9,1,0,9,1,2,9,1,4,9,1,14,15,0,,,0,,,SL,-136.53,30
2026.04.01 22:44,2026.04.01 23:06,SELL,Swing,4779.042,4784.180,51.4,50.4,46.4,0.98,0.90,1,0,1,1,0,1,1,7,9,1,16,21,0,,,0,,,0,,,0,,,0,,,SL,-51.38,22
2026.04.01 22:40,2026.04.01 23:06,SELL,Swing,4774.674,4784.180,95.1,33.9,90.1,0.36,0.95,1,0,4,1,1,4,1,1,4,0,,,0,,,0,,,0,,,0,,,0,,,SL,-95.06,26
2026.04.02 01:17,2026.04.02 01:20,BUY,Swing,4739.188,4721.133,180.6,0.0,155.7,0.00,0.86,0,,,0,,,0,,,0,,,0,,,0,,,0,,,0,,,0,,,SL,-180.55,3
2026.04.02 10:34,2026.04.02 11:42,BUY,LienKe,4613.760,4600.862,129.0,177.1,112.3,1.37,0.87,1,1,55,1,1,55,1,1,55,1,3,55,1,8,55,1,8,55,1,8,55,0,,,0,,,SL,-128.98,68
2026.04.02 10:25,2026.04.02 11:42,BUY,LienKe,4615.987,4600.862,151.3,154.9,134.6,1.02,0.89,1,0,2,1,0,2,1,0,2,1,17,64,1,17,64,1,17,64,1,18,64,0,,,0,,,SL,-151.25,77
2026.04.02 13:13,2026.04.02 13:47,BUY,LienKe,4587.570,4577.323,102.5,260.8,68.0,2.54,0.66,1,0,1,1,0,1,1,0,1,1,2,4,1,9,10,1,9,10,1,17,27,1,18,27,0,,,TP,300.00,34
2026.04.02 13:13,2026.04.02 13:47,BUY,Swing,4587.570,4577.323,102.5,260.8,68.0,2.54,0.66,1,0,1,1,0,1,1,0,1,1,2,4,1,9,10,1,9,10,1,17,27,1,18,27,0,,,TP,300.00,34
2026.04.02 13:05,2026.04.02 13:48,BUY,LienKe,4595.237,4577.323,179.1,255.7,144.7,1.43,0.81,1,0,5,1,0,5,1,0,5,1,0,5,1,0,5,1,0,5,1,1,5,1,42,-,0,,,TP,300.00,43
2026.04.02 13:05,2026.04.02 13:48,BUY,Swing,4595.237,4577.323,179.1,255.7,144.7,1.43,0.81,1,0,5,1,0,5,1,0,5,1,0,5,1,0,5,1,0,5,1,1,5,1,42,-,0,,,TP,300.00,43
2026.04.02 14:15,2026.04.02 14:19,SELL,LienKe,4653.745,4662.651,89.1,11.6,88.7,0.13,1.00,1,1,1,0,,,0,,,0,,,0,,,0,,,0,,,0,,,0,,,SL,-89.06,4
2026.04.02 14:15,2026.04.02 14:19,SELL,LienKe,4647.822,4662.651,148.3,20.2,147.9,0.14,1.00,1,0,0,1,0,0,0,,,0,,,0,,,0,,,0,,,0,,,0,,,SL,-148.29,4
2026.04.06 06:05,2026.04.06 07:52,BUY,LienKe,4652.984,4640.392,125.9,287.6,80.2,2.28,0.64,1,0,20,1,0,20,1,1,20,1,1,20,1,9,20,1,45,66,1,104,-,1,105,-,0,,,TP,300.00,107
2026.04.06 17:06,2026.04.06 17:12,BUY,LienKe,4657.128,4652.001,51.3,28.5,15.7,0.56,0.31,1,0,4,1,1,4,0,,,0,,,0,,,0,,,0,,,0,,,0,,,SL,-51.27,6
2026.04.06 17:05,2026.04.06 17:12,BUY,LienKe,4659.191,4652.001,71.9,7.9,36.4,0.11,0.51,0,,,0,,,0,,,0,,,0,,,0,,,0,,,0,,,0,,,SL,-71.90,7
2026.04.07 00:10,2026.04.07 01:00,BUY,LienKe,4653.726,4646.028,77.0,77.0,9.2,1.00,0.12,1,0,-,1,0,-,1,1,-,1,2,-,0,,,0,,,0,,,0,,,0,,,SL,-76.98,50
2026.04.06 18:15,2026.04.07 01:00,SELL,LienKe,4662.947,4669.588,66.4,172.7,51.8,2.60,0.78,1,1,2,1,7,9,1,19,226,1,19,226,1,22,226,1,23,226,1,62,226,0,,,0,,,TP,300.00,405
2026.04.06 18:15,2026.04.07 01:00,SELL,LienKe,4659.490,4669.588,101.0,138.1,86.4,1.37,0.86,1,19,20,1,21,45,1,21,45,1,23,45,1,24,45,1,25,45,0,,,0,,,0,,,TP,300.00,405
2026.04.07 01:09,2026.04.07 01:52,BUY,Swing,4640.989,4624.285,167.0,213.9,124.8,1.28,0.75,1,0,1,1,0,1,1,0,1,1,7,28,1,8,28,1,8,28,1,11,28,1,24,28,0,,,SL,-167.04,43
2026.04.07 04:55,2026.04.07 05:29,SELL,Swing,4661.915,4667.251,53.4,299.4,13.6,5.61,0.26,1,2,2,1,4,-,1,7,-,1,9,-,1,25,-,1,28,-,1,30,-,1,31,-,0,,,TP,300.00,34
2026.04.07 08:11,2026.04.07 08:14,SELL,LienKe,4655.075,4662.864,77.9,0.0,73.2,0.00,0.94,0,,,0,,,0,,,0,,,0,,,0,,,0,,,0,,,0,,,SL,-77.89,3
2026.04.07 08:05,2026.04.07 08:14,SELL,LienKe,4650.335,4662.864,125.3,14.3,120.6,0.11,0.96,1,0,0,0,,,0,,,0,,,0,,,0,,,0,,,0,,,0,,,SL,-125.29,9
2026.04.07 09:17,2026.04.07 09:47,SELL,LienKe,4689.698,4696.565,68.7,281.2,51.7,4.10,0.75,1,11,-,1,11,-,1,11,-,1,13,-,1,13,-,1,18,-,1,24,-,1,24,-,0,,,TP,300.00,30
2026.04.07 10:39,2026.04.07 10:43,BUY,LienKe,4662.984,4654.913,80.7,35.6,21.8,0.44,0.27,1,1,2,1,1,2,1,3,-,0,,,0,,,0,,,0,,,0,,,0,,,SL,-80.71,4
2026.04.07 10:30,2026.04.07 10:43,BUY,LienKe,4668.359,4654.913,134.5,35.5,75.5,0.26,0.56,1,0,1,1,1,1,1,1,1,0,,,0,,,0,,,0,,,0,,,0,,,SL,-134.46,13
2026.04.07 09:15,2026.04.07 10:43,SELL,LienKe,4685.513,4696.565,110.5,273.2,93.5,2.47,0.85,1,0,1,1,0,1,1,15,17,1,15,17,1,22,-,1,24,-,1,26,-,1,30,-,0,,,TP,300.00,88
2026.04.07 11:07,2026.04.07 11:10,BUY,LienKe,4649.098,4643.130,59.7,26.8,23.9,0.45,0.40,1,1,1,1,1,1,0,,,0,,,0,,,0,,,0,,,0,,,0,,,SL,-59.68,3
2026.04.07 11:05,2026.04.07 11:10,BUY,LienKe,4654.518,4643.130,113.9,17.2,78.1,0.15,0.69,1,0,0,0,,,0,,,0,,,0,,,0,,,0,,,0,,,0,,,SL,-113.88,5
2026.04.07 17:33,2026.04.07 17:35,SELL,LienKe,4670.310,4676.194,58.8,15.5,26.9,0.26,0.46,1,0,1,0,,,0,,,0,,,0,,,0,,,0,,,0,,,0,,,SL,-58.84,2
2026.04.07 17:33,2026.04.07 17:35,SELL,Swing,4670.310,4676.194,58.8,15.5,26.9,0.26,0.46,1,0,1,0,,,0,,,0,,,0,,,0,,,0,,,0,,,0,,,SL,-58.84,2
2026.04.07 17:10,2026.04.07 17:35,SELL,LienKe,4667.367,4676.194,88.3,132.8,56.4,1.50,0.64,1,0,0,1,5,6,1,6,22,1,6,22,1,7,22,1,8,22,0,,,0,,,0,,,SL,-88.27,25
2026.04.07 17:10,2026.04.07 17:35,SELL,Swing,4667.367,4676.194,88.3,132.8,56.4,1.50,0.64,1,0,0,1,5,6,1,6,22,1,6,22,1,7,22,1,8,22,0,,,0,,,0,,,SL,-88.27,25
2026.04.08 08:32,2026.04.08 08:42,BUY,LienKe,4803.388,4795.481,79.1,40.3,59.0,0.51,0.75,1,1,2,1,1,2,1,3,4,0,,,0,,,0,,,0,,,0,,,0,,,SL,-79.07,10
2026.04.08 08:30,2026.04.08 08:42,BUY,LienKe,4808.638,4795.481,131.6,0.0,111.5,0.00,0.85,0,,,0,,,0,,,0,,,0,,,0,,,0,,,0,,,0,,,SL,-131.57,12
2026.04.08 16:55,2026.04.08 18:00,SELL,LienKe,4761.060,4768.618,75.6,292.2,36.1,3.87,0.48,1,2,3,1,10,16,1,10,16,1,22,-,1,26,-,1,27,-,1,32,-,1,41,-,0,,,TP,300.00,65
2026.04.09 02:30,2026.04.09 02:38,SELL,LienKe,4728.010,4731.844,38.3,24.6,33.0,0.64,0.86,1,3,6,1,4,6,0,,,0,,,0,,,0,,,0,,,0,,,0,,,SL,-38.34,8
2026.04.09 02:10,2026.04.09 02:38,SELL,LienKe,4722.329,4731.844,95.2,8.5,89.9,0.09,0.94,0,,,0,,,0,,,0,,,0,,,0,,,0,,,0,,,0,,,SL,-95.15,28
2026.04.09 20:35,2026.04.09 20:40,BUY,LienKe,4768.024,4763.033,49.9,4.7,48.8,0.09,0.98,0,,,0,,,0,,,0,,,0,,,0,,,0,,,0,,,0,,,SL,-49.91,5
2026.04.09 20:20,2026.04.09 20:40,BUY,LienKe,4770.899,4763.033,78.7,24.2,77.6,0.31,0.99,1,2,6,1,3,6,0,,,0,,,0,,,0,,,0,,,0,,,0,,,SL,-78.66,20
2026.04.09 23:11,2026.04.10 00:01,BUY,LienKe,4759.859,4754.676,51.8,42.4,41.9,0.82,0.81,1,5,9,1,24,29,1,24,29,0,,,0,,,0,,,0,,,0,,,0,,,SL,-57.18,50
2026.04.09 23:10,2026.04.10 00:01,BUY,LienKe,4762.330,4754.676,76.5,17.7,66.6,0.23,0.87,1,38,39,0,,,0,,,0,,,0,,,0,,,0,,,0,,,0,,,SL,-81.89,51
2026.04.10 01:18,2026.04.10 01:34,SELL,LienKe,4764.952,4770.116,51.6,62.9,34.5,1.22,0.67,1,1,14,1,2,14,1,2,14,1,4,14,0,,,0,,,0,,,0,,,0,,,SL,-51.64,16
2026.04.10 01:05,2026.04.10 01:34,SELL,LienKe,4760.812,4770.116,93.0,26.2,75.9,0.28,0.82,1,1,1,1,1,1,0,,,0,,,0,,,0,,,0,,,0,,,0,,,SL,-93.04,29
2026.04.10 14:14,2026.04.10 14:15,SELL,LienKe,4778.435,4783.497,50.6,0.0,18.9,0.00,0.37,0,,,0,,,0,,,0,,,0,,,0,,,0,,,0,,,0,,,SL,-50.62,1
2026.04.10 14:10,2026.04.10 14:15,SELL,LienKe,4775.816,4783.497,76.8,83.7,45.1,1.09,0.59,1,0,2,1,0,2,1,0,2,1,0,2,1,1,2,0,,,0,,,0,,,0,,,SL,-76.81,5
2026.04.13 05:38,2026.04.13 05:57,SELL,LienKe,4724.527,4729.082,45.6,41.2,31.6,0.91,0.69,1,1,7,1,2,7,1,3,7,0,,,0,,,0,,,0,,,0,,,0,,,SL,-45.55,19
2026.04.13 05:10,2026.04.13 05:57,SELL,LienKe,4721.045,4729.082,80.4,44.6,66.5,0.56,0.83,1,2,5,1,3,5,1,6,19,0,,,0,,,0,,,0,,,0,,,0,,,SL,-80.37,47
2026.04.13 11:40,2026.04.13 11:43,BUY,Swing,4709.959,4705.107,48.5,24.0,38.0,0.49,0.78,1,2,-,1,2,-,0,,,0,,,0,,,0,,,0,,,0,,,0,,,SL,-48.52,3
2026.04.13 10:30,2026.04.13 11:43,BUY,LienKe,4712.878,4705.107,77.7,162.2,67.2,2.09,0.86,1,0,1,1,4,66,1,4,66,1,14,66,1,17,66,1,21,66,1,36,66,0,,,0,,,SL,-77.71,73
2026.04.13 10:30,2026.04.13 11:43,BUY,Swing,4712.878,4705.107,77.7,162.2,67.2,2.09,0.86,1,0,1,1,4,66,1,4,66,1,14,66,1,17,66,1,21,66,1,36,66,0,,,0,,,SL,-77.71,73
2026.04.13 13:10,2026.04.13 13:12,SELL,Swing,4728.308,4733.645,53.4,20.8,33.4,0.39,0.63,1,0,1,1,1,1,0,,,0,,,0,,,0,,,0,,,0,,,0,,,SL,-53.37,2
2026.04.13 13:10,2026.04.13 13:12,SELL,Swing,4728.214,4733.645,54.3,19.9,34.3,0.37,0.63,1,0,1,0,,,0,,,0,,,0,,,0,,,0,,,0,,,0,,,SL,-54.31,2
2026.04.13 15:30,2026.04.13 16:29,BUY,Swing,4702.787,4697.207,55.8,285.4,7.3,5.11,0.13,1,0,-,1,1,-,1,2,-,1,3,-,1,5,-,1,7,-,1,8,-,1,47,-,0,,,TP,300.00,59
2026.04.13 15:10,2026.04.13 16:33,BUY,Swing,4705.486,4697.207,82.8,285.6,34.2,3.45,0.41,1,1,3,1,1,3,1,1,3,1,5,14,1,27,-,1,28,-,1,63,-,1,68,-,0,,,TP,300.00,83
2026.04.13 16:51,2026.04.13 17:26,SELL,Swing,4743.213,4749.229,60.2,173.2,49.7,2.88,0.83,1,0,28,1,0,28,1,0,28,1,1,28,1,5,28,1,8,28,1,16,28,0,,,0,,,SL,-60.16,35
2026.04.13 16:50,2026.04.13 17:26,SELL,Swing,4737.754,4749.229,114.8,118.6,104.3,1.03,0.91,1,0,0,1,3,4,1,7,13,1,9,13,1,17,28,1,17,28,0,,,0,,,0,,,SL,-114.75,36
2026.04.13 17:30,2026.04.13 22:02,SELL,LienKe,4746.174,4752.903,67.3,229.0,49.1,3.40,0.73,1,1,2,1,4,6,1,11,121,1,17,121,1,17,121,1,23,121,1,23,121,1,46,121,0,,,SL,-67.29,272
2026.04.13 17:30,2026.04.13 22:02,SELL,LienKe,4743.026,4752.903,98.8,197.5,80.6,2.00,0.82,1,17,116,1,17,116,1,17,116,1,17,116,1,23,116,1,23,116,1,24,116,0,,,0,,,SL,-98.77,272
2026.04.14 13:40,2026.04.14 14:19,SELL,Swing,4789.387,4806.307,169.2,24.7,145.8,0.15,0.86,1,1,2,1,1,2,0,,,0,,,0,,,0,,,0,,,0,,,0,,,SL,-169.20,39
2026.04.14 14:09,2026.04.14 14:27,SELL,LienKe,4799.616,4806.682,70.7,55.2,69.7,0.78,0.99,1,2,8,1,2,8,1,2,8,1,5,8,0,,,0,,,0,,,0,,,0,,,SL,-70.66,18
2026.04.14 14:05,2026.04.14 14:27,SELL,LienKe,4795.458,4806.682,112.2,23.9,111.3,0.21,0.99,1,0,2,1,0,2,0,,,0,,,0,,,0,,,0,,,0,,,0,,,SL,-112.24,22
2026.04.14 16:50,2026.04.14 17:05,SELL,Swing,4818.029,4823.446,54.2,86.2,11.0,1.59,0.20,1,1,-,1,1,-,1,1,-,1,3,-,1,9,-,0,,,0,,,0,,,0,,,SL,-54.17,15
2026.04.14 16:35,2026.04.14 17:05,SELL,Swing,4815.868,4823.446,75.8,64.6,32.6,0.85,0.43,1,0,1,1,1,1,1,11,15,1,22,28,0,,,0,,,0,,,0,,,0,,,SL,-75.78,30
2026.04.14 19:39,2026.04.14 22:02,SELL,LienKe,4842.027,4846.561,45.3,34.8,44.5,0.77,0.98,1,3,6,1,38,63,1,142,-,0,,,0,,,0,,,0,,,0,,,0,,,SL,-45.34,143
2026.04.14 19:35,2026.04.14 22:02,SELL,LienKe,4839.615,4846.561,69.5,10.7,68.6,0.15,0.99,1,146,-,0,,,0,,,0,,,0,,,0,,,0,,,0,,,0,,,SL,-69.46,147
2026.04.15 00:08,2026.04.15 00:17,BUY,LienKe,4834.793,4829.619,51.7,12.8,43.0,0.25,0.83,1,0,1,0,,,0,,,0,,,0,,,0,,,0,,,0,,,0,,,SL,-51.74,9
2026.04.15 00:08,2026.04.15 00:17,BUY,Swing,4834.793,4829.619,51.7,12.8,43.0,0.25,0.83,1,0,1,0,,,0,,,0,,,0,,,0,,,0,,,0,,,0,,,SL,-51.74,9
2026.04.15 00:05,2026.04.15 00:17,BUY,LienKe,4838.496,4829.619,88.8,13.3,80.0,0.15,0.90,1,1,2,0,,,0,,,0,,,0,,,0,,,0,,,0,,,0,,,SL,-88.77,12
2026.04.15 00:05,2026.04.15 00:17,BUY,Swing,4838.496,4829.619,88.8,13.3,80.0,0.15,0.90,1,1,2,0,,,0,,,0,,,0,,,0,,,0,,,0,,,0,,,SL,-88.77,12
2026.04.15 02:40,2026.04.15 03:04,BUY,Swing,4825.821,4818.389,74.3,48.5,71.1,0.65,0.96,1,0,7,1,0,7,1,0,7,0,,,0,,,0,,,0,,,0,,,0,,,SL,-74.32,24
2026.04.15 02:40,2026.04.15 03:04,BUY,Swing,4829.407,4818.389,110.2,12.6,106.9,0.11,0.97,1,1,1,0,,,0,,,0,,,0,,,0,,,0,,,0,,,0,,,SL,-110.18,24
2026.04.15 05:08,2026.04.15 09:11,SELL,LienKe,4826.766,4831.510,47.4,225.5,39.6,4.75,0.84,1,1,2,1,1,2,1,22,23,1,28,-,1,28,-,1,29,-,1,84,-,1,113,-,0,,,TP,300.00,243
2026.04.15 05:05,2026.04.15 09:11,SELL,LienKe,4825.016,4831.510,64.9,208.0,57.1,3.20,0.88,1,0,1,1,1,2,1,31,55,1,31,55,1,32,55,1,32,55,1,116,-,1,116,-,0,,,TP,300.00,246
2026.04.15 09:28,2026.04.15 09:47,BUY,LienKe,4798.684,4789.552,91.3,52.1,55.5,0.57,0.61,1,2,5,1,2,5,1,2,5,1,2,5,0,,,0,,,0,,,0,,,0,,,SL,-91.32,19
2026.04.15 09:28,2026.04.15 09:47,BUY,Swing,4798.684,4789.552,91.3,52.1,55.5,0.57,0.61,1,2,5,1,2,5,1,2,5,1,2,5,0,,,0,,,0,,,0,,,0,,,SL,-91.32,19
2026.04.15 09:15,2026.04.15 09:47,BUY,LienKe,4805.155,4789.552,156.0,22.0,120.2,0.14,0.77,1,0,0,1,6,7,0,,,0,,,0,,,0,,,0,,,0,,,0,,,SL,-156.03,32
2026.04.15 09:15,2026.04.15 09:47,BUY,Swing,4805.155,4789.552,156.0,22.0,120.2,0.14,0.77,1,0,0,1,6,7,0,,,0,,,0,,,0,,,0,,,0,,,0,,,SL,-156.03,32
2026.04.16 12:30,2026.04.16 13:51,BUY,LienKe,4813.865,4808.372,54.9,100.0,45.5,1.82,0.83,1,2,8,1,2,8,1,3,8,1,3,8,1,32,60,1,64,71,0,,,0,,,0,,,SL,-54.93,81
2026.04.16 12:15,2026.04.16 13:51,BUY,LienKe,4817.291,4808.372,89.2,65.8,79.7,0.74,0.89,1,1,2,1,18,21,1,20,21,1,47,53,0,,,0,,,0,,,0,,,0,,,SL,-89.19,96
2026.04.16 10:31,2026.04.16 13:52,BUY,LienKe,4806.050,4801.999,40.5,178.2,10.6,4.40,0.26,1,1,2,1,3,200,1,3,200,1,10,200,1,25,200,1,27,200,1,85,200,0,,,0,,,SL,-40.51,201
2026.04.16 10:31,2026.04.16 13:52,BUY,Swing,4806.050,4801.999,40.5,178.2,10.6,4.40,0.26,1,1,2,1,3,200,1,3,200,1,10,200,1,25,200,1,27,200,1,85,200,0,,,0,,,SL,-40.51,201
2026.04.16 10:20,2026.04.16 13:52,BUY,LienKe,4807.815,4801.999,58.2,160.5,28.2,2.76,0.49,1,1,7,1,6,7,1,21,25,1,35,211,1,36,211,1,40,211,1,100,211,0,,,0,,,SL,-58.16,212
2026.04.16 10:20,2026.04.16 13:52,BUY,Swing,4807.815,4801.999,58.2,160.5,28.2,2.76,0.49,1,1,7,1,6,7,1,21,25,1,35,211,1,36,211,1,40,211,1,100,211,0,,,0,,,SL,-58.16,212
2026.04.16 14:45,2026.04.17 01:12,BUY,LienKe,4787.656,4769.907,177.5,252.2,91.2,1.42,0.51,1,0,2,1,0,2,1,0,2,1,7,11,1,17,108,1,18,108,1,20,108,1,23,108,0,,,SL,-182.84,627
2026.04.17 19:05,2026.04.17 19:58,BUY,LienKe,4856.918,4852.789,41.3,43.6,40.5,1.06,0.98,1,1,2,1,32,46,1,33,46,0,,,0,,,0,,,0,,,0,,,0,,,SL,-41.29,52
2026.04.17 19:05,2026.04.17 19:58,BUY,LienKe,4858.306,4852.789,55.2,29.7,54.3,0.54,0.99,1,33,42,1,33,42,0,,,0,,,0,,,0,,,0,,,0,,,0,,,SL,-55.17,53
2026.04.20 14:57,2026.04.20 22:01,BUY,LienKe,4800.533,4789.330,112.0,276.7,79.5,2.47,0.71,1,0,1,1,0,1,1,2,6,1,2,6,1,29,46,1,132,-,1,197,-,1,256,-,0,,,TP,300.00,424
2026.04.20 14:55,2026.04.21 01:54,BUY,LienKe,4808.950,4789.330,196.2,241.5,163.6,1.23,0.83,1,135,135,1,148,149,1,165,167,1,190,-,1,245,-,1,250,-,1,425,-,1,426,-,0,,,SL,-5.35,659
2026.04.21 02:30,2026.04.21 03:14,BUY,LienKe,4804.746,4800.382,43.6,32.3,42.7,0.74,0.98,1,9,17,1,10,17,1,28,35,0,,,0,,,0,,,0,,,0,,,0,,,SL,-43.64,44
2026.04.21 02:25,2026.04.21 03:14,BUY,LienKe,4806.345,4800.382,59.6,20.2,58.7,0.34,0.98,1,2,5,1,3,5,0,,,0,,,0,,,0,,,0,,,0,,,0,,,SL,-59.63,49
2026.04.21 05:23,2026.04.21 06:00,BUY,LienKe,4787.374,4782.763,46.1,94.3,44.0,2.05,0.95,1,1,4,1,2,4,1,2,4,1,10,27,1,14,27,0,,,0,,,0,,,0,,,SL,-46.11,37
2026.04.21 05:05,2026.04.21 06:00,BUY,LienKe,4791.156,4782.763,83.9,56.5,81.8,0.67,0.97,1,0,1,1,30,44,1,31,44,1,32,44,0,,,0,,,0,,,0,,,0,,,SL,-83.93,55
2026.04.22 09:45,2026.04.22 15:35,SELL,LienKe,4758.262,4765.476,72.1,282.4,28.3,3.92,0.39,1,1,5,1,1,5,1,9,49,1,10,49,1,18,49,1,18,49,1,184,240,1,212,240,0,,,TP,300.00,350
2026.04.22 15:26,2026.04.22 15:38,BUY,LienKe,4731.585,4726.737,48.5,45.2,42.4,0.93,0.88,1,0,1,1,3,5,1,3,5,0,,,0,,,0,,,0,,,0,,,0,,,SL,-48.48,12
2026.04.22 15:25,2026.04.22 15:38,BUY,LienKe,4734.001,4726.737,72.6,21.0,66.6,0.29,0.92,1,0,0,1,4,5,0,,,0,,,0,,,0,,,0,,,0,,,0,,,SL,-72.64,13
2026.04.22 13:50,2026.04.22 15:40,SELL,LienKe,4756.628,4763.813,71.9,297.7,16.8,4.14,0.23,1,0,10,1,1,10,1,1,10,1,1,10,1,13,-,1,14,-,1,40,-,1,42,-,0,,,TP,300.00,110
2026.04.22 13:50,2026.04.22 15:40,SELL,Swing,4756.628,4763.813,71.9,297.7,16.8,4.14,0.23,1,0,10,1,1,10,1,1,10,1,1,10,1,13,-,1,14,-,1,40,-,1,42,-,0,,,TP,300.00,110
2026.04.23 06:06,2026.04.23 06:50,SELL,LienKe,4716.245,4721.116,48.7,73.1,41.1,1.50,0.84,1,1,36,1,1,36,1,2,36,1,7,36,0,,,0,,,0,,,0,,,0,,,SL,-48.71,44
2026.04.23 06:05,2026.04.23 06:50,SELL,LienKe,4714.410,4721.116,67.1,54.8,59.4,0.82,0.89,1,3,6,1,3,6,1,9,21,1,15,21,0,,,0,,,0,,,0,,,0,,,SL,-67.06,45
2026.04.23 07:09,2026.04.23 07:23,BUY,LienKe,4709.959,4704.448,55.1,63.6,49.9,1.15,0.91,1,1,4,1,1,4,1,1,4,1,1,4,0,,,0,,,0,,,0,,,0,,,SL,-55.11,14
2026.04.23 07:05,2026.04.23 07:23,BUY,LienKe,4712.806,4704.448,83.6,35.1,78.4,0.42,0.94,1,0,0,1,0,0,1,5,6,0,,,0,,,0,,,0,,,0,,,0,,,SL,-83.58,18
2026.04.23 05:35,2026.04.23 10:12,BUY,Swing,4706.171,4689.157,170.1,186.4,155.8,1.10,0.92,1,11,12,1,11,12,1,14,107,1,15,107,1,16,107,1,25,107,1,75,107,0,,,0,,,SL,-170.14,277
2026.04.23 20:38,2026.04.24 02:26,BUY,LienKe,4688.474,4683.376,51.0,226.6,46.2,4.45,0.91,1,1,14,1,3,14,1,6,14,1,82,159,1,82,159,1,82,159,1,229,344,1,273,344,0,,,SL,-56.33,348
2026.04.23 20:20,2026.04.24 02:26,BUY,LienKe,4691.596,4683.376,82.2,195.4,77.4,2.38,0.94,1,36,140,1,101,140,1,101,140,1,101,140,1,101,140,1,246,312,1,250,312,0,,,0,,,SL,-87.55,366
2026.04.24 04:16,2026.04.24 04:22,BUY,LienKe,4668.987,4664.137,48.5,16.1,14.0,0.33,0.29,1,0,1,0,,,0,,,0,,,0,,,0,,,0,,,0,,,0,,,SL,-48.50,6
2026.04.24 04:05,2026.04.24 04:22,BUY,LienKe,4671.182,4664.137,70.5,33.5,35.9,0.48,0.51,1,3,6,1,4,6,1,4,6,0,,,0,,,0,,,0,,,0,,,0,,,SL,-70.45,17
2026.04.24 05:15,2026.04.24 05:30,SELL,LienKe,4675.542,4679.764,42.2,32.6,33.5,0.77,0.79,1,1,6,1,2,6,1,2,6,0,,,0,,,0,,,0,,,0,,,0,,,SL,-42.22,15
2026.04.24 05:05,2026.04.24 05:30,SELL,LienKe,4673.605,4679.764,61.6,37.3,52.8,0.61,0.86,1,1,2,1,3,8,1,4,8,0,,,0,,,0,,,0,,,0,,,0,,,SL,-61.59,25
2026.04.24 08:25,2026.04.24 11:07,SELL,LienKe,4692.070,4700.315,82.4,171.6,48.1,2.08,0.58,1,0,23,1,2,23,1,3,23,1,6,23,1,60,160,1,65,160,1,127,160,0,,,0,,,SL,-82.45,162
2026.04.24 11:15,2026.04.24 11:22,SELL,Swing,4699.567,4706.176,66.1,68.0,31.2,1.03,0.47,1,1,6,1,1,6,1,1,6,1,3,6,0,,,0,,,0,,,0,,,0,,,SL,-66.09,7
2026.04.24 11:15,2026.04.24 11:22,SELL,Swing,4697.040,4706.176,91.4,42.7,56.5,0.47,0.62,1,1,2,1,2,6,1,3,6,0,,,0,,,0,,,0,,,0,,,0,,,SL,-91.36,7
2026.04.27 08:37,2026.04.27 09:10,BUY,Swing,4708.132,4703.853,42.8,64.8,37.6,1.51,0.88,1,6,16,1,6,16,1,7,16,1,8,16,0,,,0,,,0,,,0,,,0,,,SL,-42.79,33
2026.04.27 08:35,2026.04.27 09:10,BUY,Swing,4709.829,4703.853,59.8,47.8,54.5,0.80,0.91,1,9,17,1,10,17,1,10,17,0,,,0,,,0,,,0,,,0,,,0,,,SL,-59.76,35
2026.04.27 04:35,2026.04.27 12:42,SELL,LienKe,4727.263,4733.124,58.6,295.7,12.1,5.05,0.21,1,0,1,1,12,-,1,15,-,1,27,-,1,37,-,1,41,-,1,59,-,1,235,-,0,,,TP,300.00,487
2026.04.28 02:56,2026.04.28 05:00,BUY,LienKe,4668.574,4663.315,52.6,72.7,21.2,1.38,0.40,1,3,3,1,4,5,1,8,64,1,14,64,0,,,0,,,0,,,0,,,0,,,SL,-52.59,124
2026.04.28 02:05,2026.04.28 05:00,BUY,LienKe,4672.844,4663.315,95.3,67.3,63.9,0.71,0.67,1,0,25,1,0,25,1,0,25,1,7,25,0,,,0,,,0,,,0,,,0,,,SL,-95.29,175
2026.04.28 15:05,2026.04.28 15:51,SELL,LienKe,4578.926,4584.871,59.4,117.5,58.0,1.98,0.97,1,1,32,1,1,32,1,1,32,1,2,32,1,3,32,1,16,32,0,,,0,,,0,,,SL,-59.45,45
2026.04.28 15:05,2026.04.28 15:51,SELL,LienKe,4575.933,4584.871,89.4,87.6,87.9,0.98,0.98,1,2,12,1,2,12,1,2,12,1,3,12,1,17,21,0,,,0,,,0,,,0,,,SL,-89.38,46
2026.04.29 04:50,2026.04.29 07:25,SELL,Swing,4604.315,4608.629,43.1,298.3,36.5,6.92,0.85,1,1,4,1,18,-,1,23,-,1,32,-,1,42,-,1,48,-,1,81,-,1,89,-,0,,,TP,300.00,155
2026.04.29 04:40,2026.04.29 07:25,SELL,LienKe,4603.240,4608.629,53.9,287.6,47.2,5.34,0.88,1,0,2,1,33,71,1,41,71,1,51,71,1,55,71,1,77,-,1,92,-,1,103,-,0,,,TP,300.00,165
2026.04.29 04:40,2026.04.29 07:26,SELL,LienKe,4602.915,4608.629,57.1,299.3,50.5,5.24,0.88,1,30,31,1,34,71,1,41,71,1,51,71,1,58,71,1,78,-,1,92,-,1,103,-,0,,,TP,300.00,166
2026.04.29 04:40,2026.04.29 07:26,SELL,Swing,4602.915,4608.629,57.1,299.3,50.5,5.24,0.88,1,30,31,1,34,71,1,41,71,1,51,71,1,58,71,1,78,-,1,92,-,1,103,-,0,,,TP,300.00,166
2026.04.29 09:25,2026.04.29 12:56,SELL,LienKe,4572.074,4583.946,118.7,295.6,46.3,2.49,0.39,1,0,51,1,0,51,1,0,51,1,4,51,1,7,51,1,15,51,1,25,51,1,25,51,0,,,TP,300.00,211
2026.04.30 00:07,2026.04.30 00:46,SELL,LienKe,4565.071,4571.521,64.5,85.1,50.3,1.32,0.78,1,0,23,1,1,23,1,1,23,1,4,23,1,7,23,0,,,0,,,0,,,0,,,SL,-64.50,39
2026.04.30 00:05,2026.04.30 00:46,SELL,LienKe,4559.447,4571.521,120.7,28.9,106.6,0.24,0.88,1,0,0,1,10,10,0,,,0,,,0,,,0,,,0,,,0,,,0,,,SL,-120.74,41
2026.04.30 03:45,2026.04.30 04:00,BUY,LienKe,4560.072,4554.606,54.7,4.7,45.7,0.09,0.84,0,,,0,,,0,,,0,,,0,,,0,,,0,,,0,,,0,,,SL,-54.66,15
2026.04.30 03:45,2026.04.30 04:00,BUY,LienKe,4561.751,4554.606,71.5,0.0,62.5,0.00,0.87,0,,,0,,,0,,,0,,,0,,,0,,,0,,,0,,,0,,,SL,-71.45,15
2026.04.30 09:35,2026.04.30 10:24,SELL,LienKe,4624.361,4634.759,104.0,60.8,98.5,0.58,0.95,1,2,3,1,2,3,1,2,3,1,6,14,0,,,0,,,0,,,0,,,0,,,SL,-103.98,49
2026.04.30 16:14,2026.04.30 16:16,BUY,LienKe,4611.952,4606.775,51.8,0.0,23.7,0.00,0.46,0,,,0,,,0,,,0,,,0,,,0,,,0,,,0,,,0,,,SL,-51.77,2
2026.04.30 16:05,2026.04.30 16:16,BUY,LienKe,4614.482,4606.775,77.1,28.1,49.0,0.36,0.64,1,0,2,1,0,2,0,,,0,,,0,,,0,,,0,,,0,,,0,,,SL,-77.07,11
2026.04.30 19:36,2026.05.01 04:46,BUY,LienKe,4617.276,4612.076,52.0,187.0,51.7,3.60,0.99,1,1,14,1,2,14,1,3,14,1,7,14,1,144,324,1,144,324,1,157,324,0,,,0,,,SL,-57.35,550
2026.04.30 19:35,2026.05.01 04:46,BUY,LienKe,4618.353,4612.076,62.8,176.2,62.5,2.81,1.00,1,3,15,1,4,15,1,4,15,1,146,325,1,146,325,1,146,325,1,238,325,0,,,0,,,SL,-68.12,551
2026.05.01 05:45,2026.05.01 05:56,BUY,LienKe,4608.229,4604.317,39.1,53.7,29.1,1.37,0.74,1,1,10,1,1,10,1,2,10,1,3,10,0,,,0,,,0,,,0,,,0,,,SL,-39.12,11
2026.05.01 05:05,2026.05.01 05:56,BUY,LienKe,4609.446,4604.317,51.3,66.3,41.3,1.29,0.80,1,0,33,1,1,33,1,2,33,1,7,33,0,,,0,,,0,,,0,,,0,,,SL,-51.29,51
2026.05.01 11:32,2026.05.01 11:55,SELL,LienKe,4574.802,4579.407,46.1,19.4,37.9,0.42,0.82,1,0,2,0,,,0,,,0,,,0,,,0,,,0,,,0,,,0,,,SL,-46.05,23
2026.05.01 11:30,2026.05.01 11:55,SELL,LienKe,4571.567,4579.407,78.4,10.6,70.2,0.13,0.90,1,0,0,0,,,0,,,0,,,0,,,0,,,0,,,0,,,0,,,SL,-78.40,25
2026.05.01 10:35,2026.05.01 11:55,SELL,LienKe,4571.248,4578.972,77.2,85.0,73.4,1.10,0.95,1,0,11,1,2,11,1,4,11,1,25,43,1,36,43,0,,,0,,,0,,,0,,,SL,-77.24,80
2026.05.01 14:11,2026.05.01 14:12,SELL,Swing,4638.358,4645.018,66.6,0.0,51.3,0.00,0.77,0,,,0,,,0,,,0,,,0,,,0,,,0,,,0,,,0,,,SL,-66.60,1
2026.05.01 14:10,2026.05.01 14:12,SELL,Swing,4634.479,4645.018,105.4,0.0,90.1,0.00,0.86,0,,,0,,,0,,,0,,,0,,,0,,,0,,,0,,,0,,,SL,-105.39,2
2026.05.01 15:10,2026.05.01 18:14,BUY,LienKe,4625.588,4615.897,96.9,245.5,85.0,2.53,0.88,1,1,172,1,2,172,1,2,172,1,2,172,1,4,172,1,4,172,1,21,172,1,36,172,0,,,SL,-96.91,184
2026.05.01 15:10,2026.05.01 18:14,BUY,LienKe,4627.120,4615.897,112.2,230.2,100.3,2.05,0.89,1,2,153,1,2,153,1,2,153,1,3,153,1,4,153,1,5,153,1,28,153,1,37,153,0,,,SL,-112.23,184
2026.05.03 23:45,2026.05.04 00:01,BUY,LienKe,4612.987,4608.106,48.8,40.9,37.5,0.84,0.77,1,1,5,1,2,5,1,2,5,0,,,0,,,0,,,0,,,0,,,0,,,SL,-48.81,16
2026.05.03 23:15,2026.05.04 00:01,BUY,LienKe,4615.243,4608.106,71.4,32.4,60.1,0.45,0.84,1,2,3,1,14,24,1,18,24,0,,,0,,,0,,,0,,,0,,,0,,,SL,-71.37,46
2026.05.01 20:10,2026.05.04 00:21,BUY,LienKe,4610.333,4603.980,63.5,190.0,59.4,2.99,0.93,1,2,3,1,15,28,1,17,28,1,19,28,1,2993,3110,1,2993,3110,1,2993,3110,0,,,0,,,SL,-68.88,3131
2026.05.04 06:23,2026.05.04 06:44,BUY,Swing,4590.736,4584.607,61.3,48.8,60.1,0.80,0.98,1,1,2,1,4,10,1,5,10,0,,,0,,,0,,,0,,,0,,,0,,,SL,-61.29,21
2026.05.04 06:15,2026.05.04 06:44,BUY,Swing,4597.633,4584.607,130.3,2.0,129.1,0.02,0.99,0,,,0,,,0,,,0,,,0,,,0,,,0,,,0,,,0,,,SL,-130.26,29
2026.05.04 02:05,2026.05.04 07:37,SELL,LienKe,4612.990,4621.557,85.7,297.4,44.7,3.47,0.52,1,0,101,1,1,101,1,3,101,1,5,101,1,6,101,1,11,101,1,18,101,1,23,101,0,,,TP,300.00,332
2026.05.04 07:36,2026.05.04 07:59,BUY,LienKe,4584.598,4579.972,46.3,60.6,41.1,1.31,0.89,1,2,3,1,7,16,1,8,16,1,10,16,0,,,0,,,0,,,0,,,0,,,SL,-46.26,23
2026.05.04 07:35,2026.05.04 07:59,BUY,LienKe,4586.316,4579.972,63.4,43.4,58.3,0.68,0.92,1,0,1,1,10,15,1,11,15,0,,,0,,,0,,,0,,,0,,,0,,,SL,-63.44,24
2026.05.04 13:29,2026.05.04 14:09,BUY,LienKe,4561.146,4554.117,70.3,96.4,57.5,1.37,0.82,1,3,21,1,3,21,1,3,21,1,3,21,1,3,21,0,,,0,,,0,,,0,,,SL,-70.29,40
2026.05.04 13:05,2026.05.04 14:09,BUY,LienKe,4565.662,4554.117,115.5,100.0,102.7,0.87,0.89,1,0,0,1,1,8,1,1,8,1,3,8,1,5,8,1,5,8,0,,,0,,,0,,,SL,-115.45,64
2026.05.05 04:00,2026.05.05 04:30,BUY,LienKe,4534.857,4529.209,56.5,8.6,54.5,0.15,0.97,0,,,0,,,0,,,0,,,0,,,0,,,0,,,0,,,0,,,SL,-56.48,30
2026.05.05 06:39,2026.05.05 07:13,SELL,LienKe,4549.022,4555.164,61.4,38.2,59.8,0.62,0.97,1,1,11,1,1,11,1,1,11,0,,,0,,,0,,,0,,,0,,,0,,,SL,-61.42,34
2026.05.05 06:05,2026.05.05 07:13,SELL,LienKe,4543.818,4555.164,113.5,97.8,111.9,0.86,0.99,1,0,2,1,12,29,1,13,29,1,15,29,1,17,29,0,,,0,,,0,,,0,,,SL,-113.46,68
2026.05.05 11:40,2026.05.05 11:42,SELL,Swing,4558.819,4563.829,50.1,10.5,11.6,0.21,0.23,1,0,1,0,,,0,,,0,,,0,,,0,,,0,,,0,,,0,,,SL,-50.10,2
2026.05.05 11:40,2026.05.05 11:42,SELL,Swing,4556.742,4563.829,70.9,4.5,32.3,0.06,0.46,0,,,0,,,0,,,0,,,0,,,0,,,0,,,0,,,0,,,SL,-70.87,2
2026.05.05 11:05,2026.05.05 12:25,BUY,LienKe,4543.729,4536.704,70.3,284.7,10.8,4.05,0.15,1,0,-,1,0,-,1,2,-,1,3,-,1,6,-,1,10,-,1,30,-,1,37,-,0,,,TP,300.00,80
2026.05.05 20:00,2026.05.05 22:18,BUY,Swing,4555.017,4548.615,64.0,48.6,59.2,0.76,0.92,1,5,6,1,13,43,1,26,43,0,,,0,,,0,,,0,,,0,,,0,,,SL,-64.02,138
2026.05.07 00:40,2026.05.07 00:55,BUY,LienKe,4690.239,4685.775,44.6,15.2,43.9,0.34,0.98,1,8,9,0,,,0,,,0,,,0,,,0,,,0,,,0,,,0,,,SL,-44.64,14
2026.05.07 00:35,2026.05.07 00:55,BUY,LienKe,4692.090,4685.775,63.2,11.5,62.5,0.18,0.99,1,0,1,0,,,0,,,0,,,0,,,0,,,0,,,0,,,0,,,SL,-63.15,20
2026.05.06 20:50,2026.05.07 01:48,BUY,LienKe,4689.656,4682.006,76.5,285.2,44.5,3.73,0.58,1,4,74,1,6,74,1,71,74,1,79,221,1,81,221,1,90,221,1,260,-,1,262,-,0,,,TP,283.95,298
2026.05.07 12:11,2026.05.07 12:31,SELL,LienKe,4744.357,4748.953,46.0,108.8,31.1,2.37,0.68,1,3,4,1,8,19,1,10,19,1,11,19,1,11,19,1,11,19,0,,,0,,,0,,,SL,-45.96,20
2026.05.07 12:10,2026.05.07 12:31,SELL,LienKe,4740.705,4748.953,82.5,72.3,67.6,0.88,0.82,1,12,20,1,12,20,1,12,20,1,12,20,0,,,0,,,0,,,0,,,0,,,SL,-82.48,21
2026.05.07 14:30,2026.05.07 14:57,SELL,LienKe,4757.551,4762.377,48.3,96.7,46.1,2.00,0.95,1,1,16,1,1,16,1,2,16,1,4,16,1,4,16,0,,,0,,,0,,,0,,,SL,-48.26,27
2026.05.07 14:30,2026.05.07 14:57,SELL,LienKe,4756.444,4762.377,59.3,85.6,57.1,1.44,0.96,1,1,1,1,2,13,1,3,13,1,4,13,1,4,13,0,,,0,,,0,,,0,,,SL,-59.33,27
2026.05.07 20:53,2026.05.07 20:55,BUY,LienKe,4697.568,4693.672,39.0,14.6,32.6,0.37,0.84,1,0,1,0,,,0,,,0,,,0,,,0,,,0,,,0,,,0,,,SL,-38.96,2
2026.05.07 20:50,2026.05.07 20:55,BUY,LienKe,4702.471,4693.672,88.0,2.3,81.6,0.03,0.93,0,,,0,,,0,,,0,,,0,,,0,,,0,,,0,,,0,,,SL,-87.99,5
2026.05.07 22:14,2026.05.07 22:46,BUY,LienKe,4688.599,4683.078,55.2,105.8,54.4,1.92,0.99,1,0,20,1,0,20,1,1,20,1,2,20,1,2,20,1,7,20,0,,,0,,,0,,,SL,-55.21,32
2026.05.07 22:10,2026.05.07 22:46,BUY,LienKe,4691.553,4683.078,84.7,76.3,83.9,0.90,0.99,1,0,3,1,0,3,1,0,3,1,2,3,0,,,0,,,0,,,0,,,0,,,SL,-84.75,36
2026.05.08 01:11,2026.05.08 01:51,SELL,Swing,4717.024,4722.222,52.0,115.4,50.9,2.22,0.98,1,1,8,1,1,8,1,2,8,1,4,8,1,26,37,1,26,37,0,,,0,,,0,,,SL,-51.98,40
2026.05.08 01:10,2026.05.08 01:51,SELL,Swing,4714.751,4722.222,74.7,92.6,73.7,1.24,0.99,1,4,8,1,5,8,1,14,15,1,26,36,1,27,36,0,,,0,,,0,,,0,,,SL,-74.71,41
2026.05.08 04:46,2026.05.08 07:23,BUY,LienKe,4710.323,4705.759,45.6,242.8,44.7,5.32,0.98,1,0,2,1,3,13,1,3,13,1,8,13,1,43,156,1,44,156,1,44,156,1,64,156,0,,,SL,-45.64,157
2026.05.08 04:45,2026.05.08 07:23,BUY,LienKe,4712.137,4705.759,63.8,224.7,62.9,3.52,0.99,1,4,5,1,7,14,1,9,14,1,43,157,1,45,157,1,45,157,1,63,157,1,103,157,0,,,SL,-63.78,158
2026.05.08 10:31,2026.05.08 10:38,SELL,LienKe,4722.214,4727.060,48.5,18.6,47.4,0.38,0.98,1,1,2,0,,,0,,,0,,,0,,,0,,,0,,,0,,,0,,,SL,-48.46,7
2026.05.08 10:30,2026.05.08 10:38,SELL,LienKe,4720.432,4727.060,66.3,0.8,65.2,0.01,0.98,0,,,0,,,0,,,0,,,0,,,0,,,0,,,0,,,0,,,SL,-66.28,8
2026.05.08 12:47,2026.05.08 13:30,SELL,LienKe,4726.743,4733.812,70.7,101.2,55.5,1.43,0.79,1,0,2,1,0,2,1,0,2,1,3,5,1,22,33,1,25,33,0,,,0,,,0,,,SL,-70.69,43
2026.05.08 12:47,2026.05.08 13:30,SELL,Swing,4726.743,4733.812,70.7,101.2,55.5,1.43,0.79,1,0,2,1,0,2,1,0,2,1,3,5,1,22,33,1,25,33,0,,,0,,,0,,,SL,-70.69,43
2026.05.08 12:45,2026.05.08 13:30,SELL,LienKe,4724.126,4733.812,96.9,75.0,81.7,0.77,0.84,1,0,1,1,0,1,1,0,1,1,24,32,0,,,0,,,0,,,0,,,0,,,SL,-96.86,45
2026.05.08 12:45,2026.05.08 13:30,SELL,Swing,4724.126,4733.812,96.9,75.0,81.7,0.77,0.84,1,0,1,1,0,1,1,0,1,1,24,32,0,,,0,,,0,,,0,,,0,,,SL,-96.86,45
2026.05.11 00:25,2026.05.11 00:52,BUY,Swing,4684.645,4672.672,119.7,87.7,30.3,0.73,0.25,1,0,1,1,0,1,1,5,-,1,6,-,1,7,-,0,,,0,,,0,,,0,,,SL,-119.73,27
2026.05.11 00:52,2026.05.11 00:53,BUY,Swing,4680.692,4672.672,80.2,0.0,86.3,0.00,1.08,0,,,0,,,0,,,0,,,0,,,0,,,0,,,0,,,0,,,SL,-80.20,0
2026.05.11 01:17,2026.05.11 01:22,SELL,LienKe,4695.363,4702.690,73.3,18.0,32.2,0.25,0.44,1,3,3,0,,,0,,,0,,,0,,,0,,,0,,,0,,,0,,,SL,-73.27,5
2026.05.11 01:17,2026.05.11 01:22,SELL,Swing,4695.363,4702.690,73.3,18.0,32.2,0.25,0.44,1,3,3,0,,,0,,,0,,,0,,,0,,,0,,,0,,,0,,,SL,-73.27,5
2026.05.11 01:10,2026.05.11 01:22,SELL,LienKe,4690.997,4702.690,116.9,86.1,75.9,0.74,0.65,1,0,2,1,0,2,1,0,2,1,0,2,1,0,2,0,,,0,,,0,,,0,,,SL,-116.93,12
2026.05.11 01:10,2026.05.11 01:22,SELL,Swing,4690.997,4702.690,116.9,86.1,75.9,0.74,0.65,1,0,2,1,0,2,1,0,2,1,0,2,1,0,2,0,,,0,,,0,,,0,,,SL,-116.93,12
2026.05.11 03:54,2026.05.11 04:20,BUY,LienKe,4678.134,4671.794,63.4,17.2,46.5,0.27,0.73,1,4,5,0,,,0,,,0,,,0,,,0,,,0,,,0,,,0,,,SL,-63.40,26
2026.05.11 03:05,2026.05.11 04:20,BUY,LienKe,4683.888,4671.794,120.9,65.9,104.0,0.54,0.86,1,0,1,1,4,32,1,6,32,1,7,32,0,,,0,,,0,,,0,,,0,,,SL,-120.94,75
2026.05.11 04:12,2026.05.11 04:21,BUY,LienKe,4675.547,4670.484,50.6,32.6,43.7,0.64,0.86,1,1,5,1,2,5,1,3,5,0,,,0,,,0,,,0,,,0,,,0,,,SL,-50.63,9
2026.05.11 04:05,2026.05.11 04:21,BUY,LienKe,4677.869,4670.484,73.8,13.8,66.9,0.19,0.91,1,2,3,0,,,0,,,0,,,0,,,0,,,0,,,0,,,0,,,SL,-73.85,16
2026.05.11 05:42,2026.05.11 05:43,BUY,Swing,4670.100,4665.306,47.9,0.0,6.1,0.00,0.13,0,,,0,,,0,,,0,,,0,,,0,,,0,,,0,,,0,,,SL,-47.94,1
2026.05.11 04:35,2026.05.11 05:43,BUY,Swing,4673.222,4665.306,79.2,75.5,37.3,0.95,0.47,1,3,4,1,14,18,1,58,63,1,59,63,0,,,0,,,0,,,0,,,0,,,SL,-79.16,68
2026.05.12 13:58,2026.05.12 14:00,BUY,Swing,4682.384,4676.353,60.3,0.0,56.1,0.00,0.93,0,,,0,,,0,,,0,,,0,,,0,,,0,,,0,,,0,,,SL,-60.31,2
2026.05.12 13:20,2026.05.12 14:00,BUY,Swing,4685.768,4676.353,94.1,159.4,89.9,1.69,0.96,1,0,12,1,0,12,1,0,12,1,2,12,1,2,12,1,18,38,1,23,38,0,,,0,,,SL,-94.15,40
2026.05.12 12:00,2026.05.12 14:00,SELL,LienKe,4706.803,4712.371,55.7,297.5,51.6,5.34,0.93,1,1,15,1,3,15,1,5,15,1,6,15,1,8,15,1,25,43,1,30,43,1,75,-,0,,,TP,300.00,120
2026.05.12 18:14,2026.05.12 18:27,SELL,LienKe,4681.322,4686.657,53.4,11.4,50.4,0.21,0.95,1,1,2,0,,,0,,,0,,,0,,,0,,,0,,,0,,,0,,,SL,-53.35,13
2026.05.12 18:05,2026.05.12 18:27,SELL,LienKe,4678.753,4686.657,79.0,23.8,76.1,0.30,0.96,1,2,3,1,2,3,0,,,0,,,0,,,0,,,0,,,0,,,0,,,SL,-79.04,22
2026.05.12 19:07,2026.05.12 19:12,SELL,LienKe,4698.126,4702.309,41.8,0.0,25.6,0.00,0.61,0,,,0,,,0,,,0,,,0,,,0,,,0,,,0,,,0,,,SL,-41.83,5
2026.05.12 19:05,2026.05.12 19:12,SELL,LienKe,4696.998,4702.309,53.1,5.2,36.8,0.10,0.69,0,,,0,,,0,,,0,,,0,,,0,,,0,,,0,,,0,,,SL,-53.11,7
2026.05.12 22:15,2026.05.13 01:02,BUY,LienKe,4714.937,4708.518,64.2,121.1,58.6,1.89,0.91,1,3,9,1,5,9,1,5,9,1,18,107,1,54,107,1,109,164,0,,,0,,,0,,,SL,-69.54,167
2026.05.13 00:16,2026.05.13 02:51,SELL,LienKe,4722.645,4726.964,43.2,296.3,40.9,6.86,0.95,1,2,3,1,16,23,1,17,23,1,20,23,1,43,-,1,44,-,1,51,-,1,79,-,0,,,TP,300.00,154
2026.05.13 00:15,2026.05.13 02:54,SELL,LienKe,4720.465,4726.964,65.0,284.9,62.7,4.38,0.97,1,21,24,1,21,24,1,21,24,1,44,-,1,45,-,1,45,-,1,63,-,1,112,-,0,,,TP,300.00,159
2026.05.13 08:43,2026.05.13 09:17,BUY,LienKe,4695.735,4691.479,42.6,72.1,36.8,1.69,0.87,1,4,6,1,4,6,1,7,31,1,12,31,0,,,0,,,0,,,0,,,0,,,SL,-42.56,34
2026.05.13 08:35,2026.05.13 09:17,BUY,LienKe,4698.107,4691.479,66.3,48.4,60.6,0.73,0.91,1,0,0,1,19,26,1,20,26,0,,,0,,,0,,,0,,,0,,,0,,,SL,-66.28,42
2026.05.14 10:15,2026.05.14 12:33,SELL,LienKe,4697.125,4708.233,111.1,76.9,106.5,0.69,0.96,1,1,2,1,8,10,1,9,10,1,37,39,0,,,0,,,0,,,0,,,0,,,SL,-111.08,138
2026.05.14 13:27,2026.05.14 13:30,BUY,LienKe,4692.440,4686.945,54.9,0.0,46.3,0.00,0.84,0,,,0,,,0,,,0,,,0,,,0,,,0,,,0,,,0,,,SL,-54.95,3
2026.05.14 13:25,2026.05.14 13:30,BUY,LienKe,4695.160,4686.945,82.2,19.3,73.5,0.23,0.89,1,1,1,0,,,0,,,0,,,0,,,0,,,0,,,0,,,0,,,SL,-82.15,5
2026.05.14 09:05,2026.05.14 13:30,BUY,LienKe,4691.355,4686.987,43.7,186.0,35.4,4.26,0.81,1,0,24,1,1,24,1,1,24,1,4,24,1,41,107,1,45,107,1,195,254,0,,,0,,,SL,-43.68,265
2026.05.14 09:05,2026.05.14 13:30,BUY,LienKe,4693.060,4686.987,60.7,168.9,52.5,2.78,0.86,1,1,20,1,2,20,1,4,20,1,41,97,1,45,97,1,66,97,1,209,254,0,,,0,,,SL,-60.73,265
2026.05.14 07:40,2026.05.14 13:31,SELL,Swing,4712.321,4721.881,95.6,290.4,24.6,3.04,0.26,1,0,1,1,4,-,1,4,-,1,6,-,1,7,-,1,10,-,1,10,-,1,19,-,0,,,TP,300.00,351
2026.05.14 16:27,2026.05.14 16:36,BUY,LienKe,4675.906,4670.920,49.9,25.4,46.1,0.51,0.92,1,0,4,1,3,4,0,,,0,,,0,,,0,,,0,,,0,,,0,,,SL,-49.86,9
2026.05.14 16:15,2026.05.14 16:36,BUY,LienKe,4678.941,4670.920,80.2,23.9,76.4,0.30,0.95,1,0,5,1,3,5,0,,,0,,,0,,,0,,,0,,,0,,,0,,,SL,-80.21,21
2026.05.14 19:13,2026.05.14 19:29,BUY,LienKe,4667.864,4663.758,41.1,14.0,18.6,0.34,0.45,1,7,8,0,,,0,,,0,,,0,,,0,,,0,,,0,,,0,,,SL,-41.06,16
2026.05.14 19:10,2026.05.14 19:29,BUY,LienKe,4669.112,4663.758,53.5,2.1,31.0,0.04,0.58,0,,,0,,,0,,,0,,,0,,,0,,,0,,,0,,,0,,,SL,-53.54,19
2026.05.14 23:55,2026.05.15 00:01,BUY,LienKe,4648.948,4643.582,53.7,35.2,13.7,0.66,0.26,1,1,5,1,2,5,1,4,5,0,,,0,,,0,,,0,,,0,,,0,,,SL,-59.01,6
2026.05.14 23:40,2026.05.15 00:01,BUY,LienKe,4653.094,4643.582,95.1,45.1,55.2,0.47,0.58,1,1,7,1,3,7,1,3,7,0,,,0,,,0,,,0,,,0,,,0,,,SL,-100.47,21
2026.05.15 00:13,2026.05.15 00:25,BUY,LienKe,4645.793,4638.985,68.1,124.2,10.5,1.82,0.15,1,0,10,1,0,10,1,1,10,1,2,10,1,2,10,1,2,10,0,,,0,,,0,,,SL,-68.08,12
2026.05.15 00:13,2026.05.15 00:25,BUY,Swing,4645.793,4638.985,68.1,124.2,10.5,1.82,0.15,1,0,10,1,0,10,1,1,10,1,2,10,1,2,10,1,2,10,0,,,0,,,0,,,SL,-68.08,12
2026.05.15 00:05,2026.05.15 00:25,BUY,LienKe,4649.824,4638.985,108.4,83.9,50.8,0.77,0.47,1,0,0,1,1,1,1,10,11,1,10,11,1,10,11,0,,,0,,,0,,,0,,,SL,-108.39,20
2026.05.15 00:05,2026.05.15 00:25,BUY,Swing,4649.824,4638.985,108.4,83.9,50.8,0.77,0.47,1,0,0,1,1,1,1,10,11,1,10,11,1,10,11,0,,,0,,,0,,,0,,,SL,-108.39,20
2026.05.15 12:14,2026.05.15 13:00,BUY,LienKe,4548.288,4543.201,50.9,105.8,47.2,2.08,0.93,1,1,3,1,1,3,1,6,16,1,6,16,1,6,16,1,6,16,0,,,0,,,0,,,SL,-50.87,46
2026.05.15 12:05,2026.05.15 13:00,BUY,LienKe,4550.417,4543.201,72.2,84.5,68.5,1.17,0.95,1,0,0,1,0,0,1,5,7,1,15,25,1,16,25,0,,,0,,,0,,,0,,,SL,-72.16,55
2026.05.17 23:35,2026.05.17 23:46,BUY,LienKe,4537.990,4531.842,61.5,31.9,54.4,0.52,0.89,1,1,4,1,2,4,1,2,4,0,,,0,,,0,,,0,,,0,,,0,,,SL,-61.48,11
2026.05.17 23:35,2026.05.17 23:46,BUY,LienKe,4539.152,4531.842,73.1,20.9,66.0,0.29,0.90,1,0,0,1,0,0,0,,,0,,,0,,,0,,,0,,,0,,,0,,,SL,-73.10,11
2026.05.17 23:45,2026.05.18 00:05,BUY,Swing,4535.834,4529.548,62.9,83.7,58.4,1.33,0.93,1,3,13,1,3,13,1,3,13,1,7,13,1,8,13,0,,,0,,,0,,,0,,,SL,-62.86,20
2026.05.17 23:45,2026.05.18 00:05,BUY,Swing,4539.530,4529.548,99.8,46.7,95.4,0.47,0.96,1,7,10,1,8,10,1,8,10,0,,,0,,,0,,,0,,,0,,,0,,,SL,-99.82,20
2026.05.18 11:20,2026.05.18 12:43,BUY,LienKe,4539.301,4526.711,125.9,281.3,76.3,2.23,0.61,1,12,12,1,13,-,1,13,-,1,13,-,1,15,-,1,19,-,1,19,-,1,20,-,0,,,TP,300.00,83
2026.05.18 14:14,2026.05.18 14:22,BUY,LienKe,4562.468,4556.375,60.9,65.0,53.7,1.07,0.88,1,0,0,1,1,6,1,1,6,1,1,6,0,,,0,,,0,,,0,,,0,,,SL,-60.93,8
2026.05.18 14:10,2026.05.18 14:22,BUY,LienKe,4566.955,4556.375,105.8,29.4,98.5,0.28,0.93,1,0,1,1,0,1,0,,,0,,,0,,,0,,,0,,,0,,,0,,,SL,-105.80,12
2026.05.18 18:06,2026.05.18 18:21,BUY,LienKe,4544.801,4540.655,41.5,17.1,40.7,0.41,0.98,1,5,9,0,,,0,,,0,,,0,,,0,,,0,,,0,,,0,,,SL,-41.46,14
2026.05.18 18:05,2026.05.18 18:21,BUY,LienKe,4546.224,4540.655,55.7,16.4,54.9,0.29,0.99,1,0,1,0,,,0,,,0,,,0,,,0,,,0,,,0,,,0,,,SL,-55.69,16
2026.05.19 00:30,2026.05.19 00:55,BUY,LienKe,4574.060,4565.649,84.1,20.9,79.7,0.25,0.95,1,0,1,1,2,4,0,,,0,,,0,,,0,,,0,,,0,,,0,,,SL,-84.11,25
2026.05.19 00:08,2026.05.19 01:21,SELL,LienKe,4585.648,4592.369,67.2,288.4,5.0,4.29,0.07,1,0,13,1,0,13,1,0,13,1,3,13,1,7,13,1,7,13,1,20,-,1,47,-,0,,,TP,300.00,73
2026.05.19 04:06,2026.05.19 04:28,BUY,LienKe,4542.820,4538.357,44.6,15.7,44.2,0.35,0.99,1,1,2,0,,,0,,,0,,,0,,,0,,,0,,,0,,,0,,,SL,-44.63,22
2026.05.19 04:05,2026.05.19 04:28,BUY,LienKe,4544.493,4538.357,61.4,13.3,61.0,0.22,0.99,1,0,1,0,,,0,,,0,,,0,,,0,,,0,,,0,,,0,,,SL,-61.36,23
2026.05.19 09:32,2026.05.19 10:42,BUY,LienKe,4537.784,4532.898,48.9,69.2,38.1,1.42,0.78,1,0,1,1,0,1,1,3,6,1,22,31,0,,,0,,,0,,,0,,,0,,,SL,-48.86,70
2026.05.19 09:20,2026.05.19 10:42,BUY,LienKe,4540.319,4532.898,74.2,66.1,63.5,0.89,0.86,1,0,10,1,2,10,1,2,10,1,4,10,0,,,0,,,0,,,0,,,0,,,SL,-74.21,82
2026.05.20 00:20,2026.05.20 01:27,BUY,LienKe,4481.809,4476.532,52.8,272.1,15.5,5.16,0.29,1,0,66,1,0,66,1,0,66,1,3,66,1,4,66,1,5,66,1,5,66,1,9,66,0,,,SL,-52.77,67
2026.05.20 00:10,2026.05.20 01:27,BUY,LienKe,4484.198,4476.532,76.7,248.2,39.4,3.24,0.51,1,0,6,1,0,6,1,0,6,1,1,6,1,15,74,1,15,74,1,16,74,1,20,74,0,,,SL,-76.66,77
2026.05.20 06:40,2026.05.20 10:36,BUY,LienKe,4466.959,4458.262,87.0,294.1,30.2,3.38,0.35,1,5,6,1,9,-,1,9,-,1,9,-,1,9,-,1,11,-,1,29,-,1,110,-,0,,,TP,300.00,236
2026.05.20 23:30,2026.05.21 01:30,BUY,LienKe,4538.601,4531.735,68.7,292.0,15.4,4.25,0.22,1,3,55,1,3,55,1,7,55,1,8,55,1,17,55,1,31,55,1,100,-,1,101,-,0,,,TP,283.95,120
2026.05.21 07:13,2026.05.21 07:28,BUY,LienKe,4519.503,4515.099,44.0,38.4,37.0,0.87,0.84,1,1,2,1,1,2,1,8,9,0,,,0,,,0,,,0,,,0,,,0,,,SL,-44.04,15
2026.05.21 07:13,2026.05.21 07:28,BUY,Swing,4519.503,4515.099,44.0,38.4,37.0,0.87,0.84,1,1,2,1,1,2,1,8,9,0,,,0,,,0,,,0,,,0,,,0,,,SL,-44.04,15
2026.05.21 07:10,2026.05.21 07:28,BUY,LienKe,4521.954,4515.099,68.5,13.9,61.5,0.20,0.90,1,11,12,0,,,0,,,0,,,0,,,0,,,0,,,0,,,0,,,SL,-68.55,18
2026.05.21 07:10,2026.05.21 07:28,BUY,Swing,4521.954,4515.099,68.5,13.9,61.5,0.20,0.90,1,11,12,0,,,0,,,0,,,0,,,0,,,0,,,0,,,0,,,SL,-68.55,18
2026.05.21 10:35,2026.05.21 10:40,BUY,Swing,4514.093,4505.072,90.2,40.4,65.8,0.45,0.73,1,2,3,1,2,3,1,2,3,0,,,0,,,0,,,0,,,0,,,0,,,SL,-90.21,5
2026.05.21 10:35,2026.05.21 10:40,BUY,Swing,4514.732,4505.072,96.6,34.0,72.2,0.35,0.75,1,2,3,1,2,3,1,2,3,0,,,0,,,0,,,0,,,0,,,0,,,SL,-96.60,5
2026.05.22 04:12,2026.05.22 04:29,SELL,LienKe,4529.701,4533.250,35.5,18.7,25.3,0.53,0.71,1,7,10,0,,,0,,,0,,,0,,,0,,,0,,,0,,,0,,,SL,-35.49,17
2026.05.22 04:10,2026.05.22 04:29,SELL,LienKe,4528.635,4533.250,46.1,8.1,36.0,0.18,0.78,0,,,0,,,0,,,0,,,0,,,0,,,0,,,0,,,0,,,SL,-46.15,19
2026.05.21 20:10,2026.05.22 05:58,SELL,LienKe,4541.533,4547.899,63.7,299.7,48.1,4.71,0.76,1,40,41,1,194,-,1,194,-,1,206,-,1,214,-,1,230,-,1,289,-,1,330,-,0,,,TP,300.00,588
2026.05.22 13:48,2026.05.22 14:00,BUY,LienKe,4514.283,4507.844,64.4,32.1,41.1,0.50,0.64,1,3,8,1,3,8,1,3,8,0,,,0,,,0,,,0,,,0,,,0,,,SL,-64.39,12
2026.05.22 13:45,2026.05.22 14:00,BUY,LienKe,4517.782,4507.844,99.4,11.7,76.0,0.12,0.77,1,0,0,0,,,0,,,0,,,0,,,0,,,0,,,0,,,0,,,SL,-99.38,15
2026.05.22 10:08,2026.05.22 14:01,SELL,Swing,4534.562,4539.083,45.2,281.9,25.7,6.24,0.57,1,7,131,1,7,131,1,12,131,1,14,131,1,20,131,1,21,131,1,26,131,1,33,131,0,,,TP,300.00,232
2026.05.22 10:00,2026.05.22 14:13,SELL,Swing,4532.383,4539.083,67.0,292.9,47.5,4.37,0.71,1,0,1,1,2,6,1,22,139,1,27,139,1,30,139,1,32,139,1,37,139,1,45,139,0,,,TP,300.00,253
2026.05.25 02:22,2026.05.25 05:25,BUY,LienKe,4560.164,4555.685,44.8,101.1,38.8,2.26,0.87,1,1,5,1,1,5,1,1,5,1,11,33,1,21,33,1,22,33,0,,,0,,,0,,,SL,-44.79,182
2026.05.25 02:20,2026.05.25 05:25,BUY,LienKe,4562.097,4555.685,64.1,81.8,58.2,1.27,0.91,1,4,5,1,13,15,1,13,15,1,21,34,1,25,34,0,,,0,,,0,,,0,,,SL,-64.12,185
2026.05.25 22:07,2026.05.25 22:54,SELL,LienKe,4572.232,4576.036,38.0,24.5,36.1,0.64,0.95,1,27,30,1,28,30,0,,,0,,,0,,,0,,,0,,,0,,,0,,,SL,-38.04,47
2026.05.25 22:05,2026.05.25 22:54,SELL,LienKe,4571.343,4576.036,46.9,15.6,45.0,0.33,0.96,1,30,32,0,,,0,,,0,,,0,,,0,,,0,,,0,,,0,,,SL,-46.93,49
2026.05.26 07:32,2026.05.26 09:15,BUY,Swing,4524.362,4519.042,53.2,146.4,51.8,2.75,0.97,1,0,1,1,2,3,1,14,54,1,14,54,1,17,54,1,18,54,0,,,0,,,0,,,SL,-53.20,103
2026.05.26 07:20,2026.05.26 09:15,BUY,Swing,4526.973,4519.042,79.3,120.3,77.9,1.52,0.98,1,4,11,1,4,11,1,4,11,1,28,54,1,31,54,1,37,54,0,,,0,,,0,,,SL,-79.31,115
2026.05.26 15:20,2026.05.26 16:12,BUY,LienKe,4506.705,4501.963,47.4,38.8,46.2,0.82,0.97,1,0,1,1,22,22,1,32,36,0,,,0,,,0,,,0,,,0,,,0,,,SL,-47.42,52
2026.05.26 15:20,2026.05.26 16:12,BUY,LienKe,4508.669,4501.963,67.1,19.2,65.8,0.29,0.98,1,33,34,0,,,0,,,0,,,0,,,0,,,0,,,0,,,0,,,SL,-67.06,52
2026.05.26 17:30,2026.05.26 17:54,BUY,Swing,4500.504,4496.499,40.1,12.2,35.8,0.30,0.89,1,2,4,0,,,0,,,0,,,0,,,0,,,0,,,0,,,0,,,SL,-40.05,24
2026.05.26 16:25,2026.05.26 17:54,BUY,Swing,4506.225,4496.499,97.3,51.0,93.0,0.52,0.96,1,1,17,1,4,17,1,5,17,1,8,17,0,,,0,,,0,,,0,,,0,,,SL,-97.26,89
2026.05.26 17:36,2026.05.26 17:55,BUY,LienKe,4499.119,4494.938,41.8,21.9,31.9,0.52,0.76,1,9,10,1,15,17,0,,,0,,,0,,,0,,,0,,,0,,,0,,,SL,-41.81,19
2026.05.26 17:35,2026.05.26 17:55,BUY,LienKe,4500.503,4494.938,55.6,8.1,45.7,0.15,0.82,0,,,0,,,0,,,0,,,0,,,0,,,0,,,0,,,0,,,SL,-55.65,20
2026.05.26 23:30,2026.05.26 23:34,SELL,LienKe,4512.314,4516.683,43.7,10.9,17.3,0.25,0.40,1,1,2,0,,,0,,,0,,,0,,,0,,,0,,,0,,,0,,,SL,-43.69,4
2026.05.26 23:10,2026.05.26 23:34,SELL,LienKe,4509.838,4516.683,68.5,52.2,42.0,0.76,0.61,1,1,3,1,2,3,1,10,18,1,14,18,0,,,0,,,0,,,0,,,0,,,SL,-68.45,24
2026.05.27 11:25,2026.05.27 11:30,BUY,LienKe,4442.947,4437.267,56.8,20.6,36.7,0.36,0.65,1,0,1,1,0,1,0,,,0,,,0,,,0,,,0,,,0,,,0,,,SL,-56.80,5
2026.05.27 11:25,2026.05.27 11:30,BUY,LienKe,4445.849,4437.267,85.8,3.6,65.7,0.04,0.77,0,,,0,,,0,,,0,,,0,,,0,,,0,,,0,,,0,,,SL,-85.82,5
2026.05.27 16:11,2026.05.27 16:25,SELL,LienKe,4439.656,4444.989,53.3,1.6,48.8,0.03,0.92,0,,,0,,,0,,,0,,,0,,,0,,,0,,,0,,,0,,,SL,-53.33,14
2026.05.27 16:05,2026.05.27 16:25,SELL,LienKe,4437.296,4444.989,76.9,30.3,72.4,0.39,0.94,1,1,1,1,3,5,1,3,5,0,,,0,,,0,,,0,,,0,,,0,,,SL,-76.93,20
2026.05.27 17:52,2026.05.27 18:20,SELL,LienKe,4453.115,4457.425,43.1,50.8,12.6,1.18,0.29,1,7,25,1,7,25,1,8,25,1,17,25,0,,,0,,,0,,,0,,,0,,,SL,-43.10,28
2026.05.27 17:40,2026.05.27 18:20,SELL,LienKe,4450.760,4457.425,66.6,27.3,36.1,0.41,0.54,1,20,21,1,26,35,0,,,0,,,0,,,0,,,0,,,0,,,0,,,SL,-66.65,40
2026.05.28 03:12,2026.05.28 03:18,BUY,LienKe,4392.171,4387.078,50.9,46.4,45.0,0.91,0.88,1,0,3,1,0,3,1,0,3,0,,,0,,,0,,,0,,,0,,,0,,,SL,-50.93,6
2026.05.28 03:05,2026.05.28 03:18,BUY,LienKe,4395.815,4387.078,87.4,21.0,81.5,0.24,0.93,1,1,4,1,4,4,0,,,0,,,0,,,0,,,0,,,0,,,0,,,SL,-87.37,13
2026.05.28 15:26,2026.05.28 15:36,SELL,LienKe,4477.835,4483.934,61.0,13.4,57.5,0.22,0.94,1,3,4,0,,,0,,,0,,,0,,,0,,,0,,,0,,,0,,,SL,-60.99,10
2026.05.28 15:10,2026.05.28 15:36,SELL,LienKe,4473.633,4483.934,103.0,42.4,99.5,0.41,0.97,1,0,1,1,0,1,1,4,7,0,,,0,,,0,,,0,,,0,,,0,,,SL,-103.01,26
2026.05.28 16:10,2026.05.28 16:16,SELL,LienKe,4483.518,4488.914,54.0,12.5,34.7,0.23,0.64,1,3,4,0,,,0,,,0,,,0,,,0,,,0,,,0,,,0,,,SL,-53.96,6
2026.05.28 16:10,2026.05.28 16:16,SELL,LienKe,4481.381,4488.914,75.3,0.0,56.0,0.00,0.74,0,,,0,,,0,,,0,,,0,,,0,,,0,,,0,,,0,,,SL,-75.33,6
2026.05.29 17:36,2026.05.29 17:43,BUY,LienKe,4559.468,4554.742,47.3,13.9,16.0,0.29,0.34,1,1,2,0,,,0,,,0,,,0,,,0,,,0,,,0,,,0,,,SL,-47.26,7
2026.05.29 17:35,2026.05.29 17:43,BUY,LienKe,4561.721,4554.742,69.8,0.0,38.5,0.00,0.55,0,,,0,,,0,,,0,,,0,,,0,,,0,,,0,,,0,,,SL,-69.79,8
2026.06.01 12:30,2026.06.01 13:10,BUY,LienKe,4499.666,4494.371,53.0,108.6,42.3,2.05,0.80,1,2,4,1,2,4,1,5,6,1,14,28,1,14,28,1,14,28,0,,,0,,,0,,,SL,-52.95,40
2026.06.01 12:25,2026.06.01 13:10,BUY,LienKe,4502.056,4494.371,76.8,84.7,66.2,1.10,0.86,1,0,5,1,0,5,1,0,5,1,1,5,1,20,32,0,,,0,,,0,,,0,,,SL,-76.85,45
2026.06.01 13:06,2026.06.01 13:11,BUY,LienKe,4498.502,4492.439,60.6,38.5,45.9,0.64,0.76,1,2,4,1,2,4,1,2,4,0,,,0,,,0,,,0,,,0,,,0,,,SL,-60.63,5
2026.06.01 13:05,2026.06.01 13:11,BUY,LienKe,4501.855,4492.439,94.2,5.0,79.4,0.05,0.84,0,,,0,,,0,,,0,,,0,,,0,,,0,,,0,,,0,,,SL,-94.16,6
2026.06.01 08:23,2026.06.01 13:11,BUY,LienKe,4493.356,4488.585,47.7,195.9,42.3,4.11,0.89,1,2,3,1,6,8,1,6,8,1,20,68,1,22,68,1,54,68,1,144,-,0,,,0,,,SL,-47.71,288
2026.06.01 08:20,2026.06.01 13:11,BUY,LienKe,4495.464,4488.585,68.8,174.8,63.4,2.54,0.92,1,1,2,1,22,37,1,23,37,1,25,37,1,57,70,1,58,70,1,147,283,0,,,0,,,SL,-68.79,291
2026.06.01 11:28,2026.06.01 13:12,SELL,LienKe,4511.269,4515.949,46.8,290.2,11.0,6.20,0.23,1,1,2,1,1,2,1,4,11,1,28,-,1,46,-,1,50,-,1,94,-,1,103,-,0,,,TP,300.00,104
2026.06.01 11:25,2026.06.01 13:12,SELL,LienKe,4508.758,4515.949,71.9,265.1,36.1,3.69,0.50,1,8,12,1,10,12,1,33,41,1,37,41,1,55,80,1,57,80,1,106,-,1,106,-,0,,,TP,300.00,107
2026.06.02 03:35,2026.06.02 04:06,SELL,Swing,4496.258,4502.041,57.8,19.0,56.6,0.33,0.98,1,3,6,0,,,0,,,0,,,0,,,0,,,0,,,0,,,0,,,SL,-57.83,31
2026.06.02 03:35,2026.06.02 04:06,SELL,Swing,4493.993,4502.041,80.5,1.1,79.2,0.01,0.98,0,,,0,,,0,,,0,,,0,,,0,,,0,,,0,,,0,,,SL,-80.48,31
2026.06.02 12:15,2026.06.02 12:30,BUY,LienKe,4526.128,4521.782,43.5,77.4,22.7,1.78,0.52,1,2,3,1,5,-,1,6,-,1,6,-,0,,,0,,,0,,,0,,,0,,,SL,-43.46,15
2026.06.02 12:10,2026.06.02 12:30,BUY,LienKe,4527.754,4521.782,59.7,61.2,39.0,1.02,0.65,1,10,11,1,11,-,1,11,-,1,15,-,0,,,0,,,0,,,0,,,0,,,SL,-59.72,20
2026.06.02 16:12,2026.06.02 16:18,BUY,LienKe,4500.176,4495.034,51.4,0.0,46.5,0.00,0.90,0,,,0,,,0,,,0,,,0,,,0,,,0,,,0,,,0,,,SL,-51.42,6
2026.06.02 16:10,2026.06.02 16:18,BUY,LienKe,4502.090,4495.034,70.6,0.8,65.6,0.01,0.93,0,,,0,,,0,,,0,,,0,,,0,,,0,,,0,,,0,,,SL,-70.56,8
2026.06.02 15:06,2026.06.02 23:10,SELL,LienKe,4505.430,4509.910,44.8,266.3,34.6,5.94,0.77,1,6,9,1,6,9,1,17,19,1,34,41,1,69,-,1,72,-,1,84,-,1,150,-,0,,,TP,300.00,484
2026.06.02 15:05,2026.06.02 23:17,SELL,LienKe,4502.918,4509.910,69.9,290.7,59.7,4.16,0.85,1,0,0,1,36,37,1,61,62,1,70,-,1,73,-,1,76,-,1,93,-,1,151,-,0,,,TP,300.00,492
2026.06.02 22:08,2026.06.03 00:39,SELL,LienKe,4491.754,4496.117,43.6,292.0,13.4,6.69,0.31,1,2,3,1,6,12,1,9,12,1,37,-,1,55,-,1,59,-,1,62,-,1,71,-,0,,,SL,0.00,151
2026.06.02 22:05,2026.06.03 00:39,SELL,LienKe,4489.876,4496.117,62.4,273.2,32.2,4.38,0.52,1,0,0,1,30,35,1,40,45,1,40,45,1,63,-,1,65,-,1,68,-,1,74,-,0,,,SL,0.00,154
2026.06.03 05:27,2026.06.03 05:30,BUY,LienKe,4468.453,4464.236,42.2,6.6,23.5,0.16,0.56,0,,,0,,,0,,,0,,,0,,,0,,,0,,,0,,,0,,,SL,-42.17,3
2026.06.03 05:10,2026.06.03 05:30,BUY,LienKe,4471.045,4464.236,68.1,30.8,49.4,0.45,0.73,1,3,14,1,3,14,1,5,14,0,,,0,,,0,,,0,,,0,,,0,,,SL,-68.09,20
2026.06.03 05:42,2026.06.03 06:46,BUY,Swing,4462.006,4455.903,61.0,88.5,59.7,1.45,0.98,1,1,2,1,4,13,1,4,13,1,8,13,1,36,41,0,,,0,,,0,,,0,,,SL,-61.03,64
2026.06.03 05:35,2026.06.03 06:46,BUY,Swing,4465.179,4455.903,92.8,56.8,91.4,0.61,0.99,1,1,3,1,1,3,1,2,3,1,43,46,0,,,0,,,0,,,0,,,0,,,SL,-92.76,71
2026.06.03 06:50,2026.06.03 08:00,BUY,LienKe,4459.366,4452.068,73.0,128.8,66.3,1.77,0.91,1,2,2,1,6,36,1,8,36,1,12,36,1,19,36,1,20,36,0,,,0,,,0,,,SL,-72.98,70
2026.06.03 07:15,2026.06.03 09:36,SELL,LienKe,4469.478,4475.248,57.7,299.5,8.2,5.19,0.14,1,0,2,1,0,2,1,3,-,1,4,-,1,11,-,1,11,-,1,43,-,1,96,-,0,,,TP,300.00,141
2026.06.03 13:30,2026.06.03 13:42,BUY,LienKe,4448.624,4442.527,61.0,46.5,43.7,0.76,0.72,1,0,1,1,0,1,1,0,1,0,,,0,,,0,,,0,,,0,,,0,,,SL,-60.97,12
2026.06.03 13:30,2026.06.03 13:42,BUY,LienKe,4448.750,4442.527,62.2,45.2,45.0,0.73,0.72,1,0,1,1,0,1,1,0,1,0,,,0,,,0,,,0,,,0,,,0,,,SL,-62.23,12
2026.06.03 11:30,2026.06.03 13:42,SELL,LienKe,4466.152,4471.030,48.8,216.2,14.3,4.43,0.29,1,1,4,1,3,4,1,8,81,1,13,81,1,38,81,1,46,81,1,65,81,1,116,-,0,,,TP,300.00,132
2026.06.03 11:10,2026.06.03 13:44,SELL,LienKe,4463.307,4471.030,77.2,296.0,42.7,3.83,0.55,1,1,3,1,2,3,1,7,10,1,58,100,1,75,100,1,77,100,1,134,-,1,152,-,0,,,TP,300.00,154
2026.06.03 15:34,2026.06.03 16:18,BUY,LienKe,4441.443,4436.573,48.7,23.8,47.8,0.49,0.98,1,1,2,1,16,18,0,,,0,,,0,,,0,,,0,,,0,,,0,,,SL,-48.70,44
2026.06.03 15:30,2026.06.03 16:18,BUY,LienKe,4445.435,4436.573,88.6,0.3,87.7,0.00,0.99,0,,,0,,,0,,,0,,,0,,,0,,,0,,,0,,,0,,,SL,-88.62,48
2026.06.04 03:10,2026.06.04 04:34,SELL,LienKe,4474.033,4480.330,63.0,156.1,61.2,2.48,0.97,1,2,72,1,2,72,1,2,72,1,11,72,1,25,72,1,29,72,1,37,72,0,,,0,,,SL,-62.97,84
2026.06.04 20:44,2026.06.04 22:51,BUY,LienKe,4475.707,4472.040,36.7,56.5,34.9,1.54,0.95,1,93,120,1,94,120,1,94,120,1,104,120,0,,,0,,,0,,,0,,,0,,,SL,-36.67,127
2026.06.04 20:40,2026.06.04 22:51,BUY,LienKe,4476.629,4472.040,45.9,47.3,44.1,1.03,0.96,1,98,123,1,98,123,1,107,123,0,,,0,,,0,,,0,,,0,,,0,,,SL,-45.89,131
2026.06.04 17:20,2026.06.04 22:53,BUY,LienKe,4474.810,4470.986,38.2,84.4,36.5,2.21,0.95,1,3,4,1,5,74,1,6,74,1,13,74,1,101,205,0,,,0,,,0,,,0,,,SL,-38.24,333
2026.06.04 17:20,2026.06.04 22:53,BUY,LienKe,4475.622,4470.986,46.4,76.2,44.6,1.64,0.96,1,5,72,1,6,72,1,7,72,1,13,72,0,,,0,,,0,,,0,,,0,,,SL,-46.36,333
2026.06.04 23:22,2026.06.04 23:45,BUY,LienKe,4466.943,4461.142,58.0,64.7,50.3,1.11,0.87,1,0,8,1,1,8,1,1,8,1,2,8,0,,,0,,,0,,,0,,,0,,,SL,-58.01,23
2026.06.04 23:05,2026.06.04 23:45,BUY,LienKe,4470.150,4461.142,90.1,39.8,82.3,0.44,0.91,1,0,0,1,3,11,1,7,11,0,,,0,,,0,,,0,,,0,,,0,,,SL,-90.08,40
2026.06.05 02:30,2026.06.05 02:41,BUY,LienKe,4444.547,4439.196,53.5,29.7,32.8,0.55,0.61,1,0,1,1,0,1,0,,,0,,,0,,,0,,,0,,,0,,,0,,,SL,-53.51,11
2026.06.05 02:10,2026.06.05 02:41,BUY,LienKe,4448.081,4439.196,88.9,69.7,68.1,0.78,0.77,1,2,9,1,3,9,1,12,20,1,14,20,0,,,0,,,0,,,0,,,0,,,SL,-88.85,31
2026.06.05 06:20,2026.06.05 07:27,BUY,Swing,4436.742,4425.481,112.6,292.8,21.5,2.60,0.19,1,1,2,1,3,-,1,3,-,1,3,-,1,4,-,1,13,-,1,26,-,1,48,-,0,,,TP,300.00,67
2026.06.05 14:14,2026.06.05 14:22,BUY,LienKe,4364.796,4360.754,40.4,55.9,6.9,1.38,0.17,1,0,1,1,1,2,1,1,2,1,5,7,0,,,0,,,0,,,0,,,0,,,SL,-40.42,8
2026.06.05 14:10,2026.06.05 14:22,BUY,LienKe,4375.040,4360.754,142.9,23.0,109.3,0.16,0.77,1,0,0,1,0,0,0,,,0,,,0,,,0,,,0,,,0,,,0,,,SL,-142.86,12
2026.06.07 22:05,2026.06.07 23:55,BUY,LienKe,4315.768,4307.686,80.8,281.1,55.8,3.48,0.69,1,4,5,1,4,5,1,4,5,1,7,25,1,8,25,1,8,25,1,67,-,1,85,-,0,,,TP,300.00,110
2026.06.07 22:05,2026.06.08 00:23,BUY,LienKe,4321.053,4307.686,133.7,294.0,108.6,2.20,0.81,1,8,21,1,8,21,1,8,21,1,8,21,1,9,21,1,67,-,1,87,-,1,103,-,0,,,TP,300.00,138
2026.06.08 01:35,2026.06.08 05:34,BUY,Swing,4315.756,4296.839,189.2,149.4,149.7,0.79,0.79,1,2,3,1,3,4,1,5,35,1,5,35,1,6,35,1,8,35,0,,,0,,,0,,,SL,-189.17,239
2026.06.08 13:35,2026.06.08 13:38,SELL,LienKe,4336.890,4343.271,63.8,14.7,63.3,0.23,0.99,1,0,1,0,,,0,,,0,,,0,,,0,,,0,,,0,,,0,,,SL,-63.81,2
2026.06.08 13:35,2026.06.08 13:38,SELL,LienKe,4333.421,4343.271,98.5,6.0,98.0,0.06,0.99,0,,,0,,,0,,,0,,,0,,,0,,,0,,,0,,,0,,,SL,-98.50,3
2026.06.08 15:23,2026.06.08 15:42,SELL,LienKe,4333.591,4339.356,57.6,48.9,48.8,0.85,0.85,1,2,11,1,3,11,1,3,11,0,,,0,,,0,,,0,,,0,,,0,,,SL,-57.65,18
2026.06.08 15:05,2026.06.08 15:42,SELL,LienKe,4329.083,4339.356,102.7,62.9,93.9,0.61,0.91,1,0,1,1,3,5,1,3,5,1,12,13,0,,,0,,,0,,,0,,,0,,,SL,-102.73,37
2026.06.08 23:26,2026.06.08 23:30,BUY,Swing,4323.711,4319.673,40.4,0.0,32.8,0.00,0.81,0,,,0,,,0,,,0,,,0,,,0,,,0,,,0,,,0,,,SL,-40.38,3
2026.06.08 22:20,2026.06.08 23:30,BUY,LienKe,4324.988,4319.673,53.2,39.6,45.6,0.74,0.86,1,0,2,1,7,9,1,26,65,0,,,0,,,0,,,0,,,0,,,0,,,SL,-53.15,70
2026.06.08 22:20,2026.06.08 23:30,BUY,Swing,4324.988,4319.673,53.2,39.6,45.6,0.74,0.86,1,0,2,1,7,9,1,26,65,0,,,0,,,0,,,0,,,0,,,0,,,SL,-53.15,70
2026.06.08 16:47,2026.06.08 23:49,SELL,LienKe,4344.481,4349.261,47.8,292.5,18.7,6.12,0.39,1,3,77,1,4,77,1,5,77,1,7,77,1,25,77,1,38,77,1,148,-,1,189,-,0,,,TP,300.00,422
2026.06.08 16:40,2026.06.09 03:07,SELL,LienKe,4341.348,4349.261,79.1,282.6,50.0,3.57,0.63,1,12,17,1,14,17,1,14,17,1,32,81,1,55,81,1,150,-,1,166,-,1,408,-,0,,,SL,0.00,627
2026.06.09 08:21,2026.06.09 10:58,SELL,LienKe,4333.875,4338.346,44.7,96.4,38.0,2.15,0.85,1,1,1,1,4,6,1,13,18,1,27,61,1,39,61,0,,,0,,,0,,,0,,,SL,-44.71,157
2026.06.09 08:20,2026.06.09 10:58,SELL,LienKe,4332.444,4338.346,59.0,82.0,52.3,1.39,0.89,1,15,16,1,28,60,1,28,60,1,30,60,1,69,93,0,,,0,,,0,,,0,,,SL,-59.02,158
2026.06.09 10:54,2026.06.09 10:59,SELL,Swing,4335.268,4339.887,46.2,4.2,32.7,0.09,0.71,0,,,0,,,0,,,0,,,0,,,0,,,0,,,0,,,0,,,SL,-46.19,5
2026.06.09 10:30,2026.06.09 10:59,SELL,Swing,4333.977,4339.887,59.1,40.2,45.6,0.68,0.77,1,0,1,1,9,24,1,11,24,0,,,0,,,0,,,0,,,0,,,0,,,SL,-59.10,29
2026.06.09 23:23,2026.06.09 23:27,BUY,LienKe,4230.287,4224.657,56.3,0.0,52.4,0.00,0.93,0,,,0,,,0,,,0,,,0,,,0,,,0,,,0,,,0,,,SL,-56.30,4
2026.06.09 23:20,2026.06.09 23:27,BUY,LienKe,4233.155,4224.657,85.0,12.7,81.1,0.15,0.95,1,0,1,0,,,0,,,0,,,0,,,0,,,0,,,0,,,0,,,SL,-84.98,7
2026.06.10 17:36,2026.06.10 17:44,BUY,Swing,4108.404,4102.681,57.2,7.3,43.6,0.13,0.76,0,,,0,,,0,,,0,,,0,,,0,,,0,,,0,,,0,,,SL,-57.23,8
2026.06.10 17:35,2026.06.10 17:44,BUY,Swing,4111.484,4102.681,88.0,5.6,74.4,0.06,0.84,0,,,0,,,0,,,0,,,0,,,0,,,0,,,0,,,0,,,SL,-88.03,9
2026.06.10 18:55,2026.06.10 19:10,BUY,LienKe,4099.123,4093.741,53.8,40.5,45.6,0.75,0.85,1,0,5,1,1,5,1,2,5,0,,,0,,,0,,,0,,,0,,,0,,,SL,-53.82,15
2026.06.10 18:55,2026.06.10 19:10,BUY,LienKe,4101.714,4093.741,79.7,14.6,71.5,0.18,0.90,1,2,3,0,,,0,,,0,,,0,,,0,,,0,,,0,,,0,,,SL,-79.73,15
2026.06.11 08:09,2026.06.11 09:29,SELL,LienKe,4109.245,4115.140,59.0,298.6,37.3,5.06,0.63,1,2,2,1,3,-,1,5,-,1,8,-,1,12,-,1,20,-,1,32,-,1,35,-,0,,,TP,300.00,80
2026.06.11 08:05,2026.06.11 12:10,SELL,LienKe,4106.401,4115.140,87.4,288.1,65.7,3.30,0.75,1,9,9,1,12,14,1,13,14,1,16,-,1,24,-,1,25,-,1,37,-,1,50,-,0,,,TP,300.00,245
2026.06.11 13:55,2026.06.11 14:10,SELL,LienKe,4088.053,4095.660,76.1,274.7,37.7,3.61,0.50,1,1,1,1,2,3,1,2,3,1,4,-,1,5,-,1,8,-,1,10,-,1,14,-,0,,,TP,300.00,15
2026.06.11 13:55,2026.06.11 14:11,SELL,LienKe,4085.219,4095.660,104.4,285.3,66.0,2.73,0.63,1,4,7,1,4,7,1,5,7,1,5,7,1,8,-,1,10,-,1,13,-,1,14,-,0,,,TP,300.00,16
2026.06.11 14:16,2026.06.11 15:12,BUY,Swing,4056.787,4049.837,69.5,297.6,9.1,4.28,0.13,1,1,-,1,1,-,1,1,-,1,1,-,1,4,-,1,4,-,1,6,-,1,7,-,0,,,TP,300.00,56
2026.06.11 15:15,2026.06.11 15:45,SELL,LienKe,4083.812,4090.963,71.5,88.7,69.9,1.24,0.98,1,1,5,1,1,5,1,3,5,1,8,12,1,10,12,0,,,0,,,0,,,0,,,SL,-71.51,30
2026.06.11 15:15,2026.06.11 15:45,SELL,LienKe,4080.740,4090.963,102.2,58.0,100.6,0.57,0.98,1,7,11,1,8,11,1,8,11,1,10,11,0,,,0,,,0,,,0,,,0,,,SL,-102.23,30
2026.06.11 14:15,2026.06.11 15:45,BUY,Swing,4061.048,4049.837,112.1,294.9,51.7,2.63,0.46,1,0,1,1,0,1,1,0,1,1,0,1,1,6,-,1,7,-,1,8,-,1,9,-,0,,,TP,300.00,90
2026.06.12 03:24,2026.06.12 03:33,SELL,LienKe,4198.791,4204.314,55.2,20.0,51.7,0.36,0.94,1,0,1,0,,,0,,,0,,,0,,,0,,,0,,,0,,,0,,,SL,-55.23,8
2026.06.12 03:20,2026.06.12 03:33,SELL,LienKe,4196.202,4204.314,81.1,30.1,77.6,0.37,0.96,1,0,1,1,0,1,1,0,1,0,,,0,,,0,,,0,,,0,,,0,,,SL,-81.12,13
2026.06.15 05:15,2026.06.15 08:32,SELL,LienKe,4329.984,4334.021,40.4,291.1,32.6,7.21,0.81,1,0,6,1,1,6,1,1,6,1,20,180,1,21,180,1,22,180,1,29,180,1,30,180,0,,,SL,-40.37,197
2026.06.15 05:15,2026.06.15 08:32,SELL,LienKe,4328.961,4334.021,50.6,280.8,42.8,5.55,0.85,1,1,5,1,1,5,1,18,169,1,21,169,1,22,169,1,27,169,1,29,169,1,37,169,0,,,SL,-50.60,197
2026.06.15 12:56,2026.06.15 13:15,SELL,LienKe,4347.580,4352.451,48.7,59.6,31.6,1.22,0.65,1,4,14,1,4,14,1,5,14,1,6,14,0,,,0,,,0,,,0,,,0,,,SL,-48.71,19
2026.06.15 12:55,2026.06.15 13:15,SELL,LienKe,4344.272,4352.451,81.8,26.5,64.7,0.32,0.79,1,7,8,1,7,8,0,,,0,,,0,,,0,,,0,,,0,,,0,,,SL,-81.79,20
2026.06.15 16:17,2026.06.15 16:18,BUY,LienKe,4350.364,4345.957,44.1,0.0,28.6,0.00,0.65,0,,,0,,,0,,,0,,,0,,,0,,,0,,,0,,,0,,,SL,-44.07,1
2026.06.15 16:15,2026.06.15 16:18,BUY,LienKe,4351.996,4345.957,60.4,6.4,44.9,0.11,0.74,0,,,0,,,0,,,0,,,0,,,0,,,0,,,0,,,0,,,SL,-60.39,3
2026.06.16 03:25,2026.06.16 03:32,SELL,LienKe,4319.822,4323.994,41.7,0.0,28.9,0.00,0.69,0,,,0,,,0,,,0,,,0,,,0,,,0,,,0,,,0,,,SL,-41.72,7
2026.06.16 03:15,2026.06.16 03:32,SELL,LienKe,4318.393,4323.994,56.0,27.0,43.2,0.48,0.77,1,0,1,1,4,5,0,,,0,,,0,,,0,,,0,,,0,,,0,,,SL,-56.01,17
2026.06.16 13:26,2026.06.16 14:16,BUY,LienKe,4335.686,4330.010,56.8,50.0,43.7,0.88,0.77,1,2,3,1,5,13,1,5,13,1,5,13,0,,,0,,,0,,,0,,,0,,,SL,-56.76,50
2026.06.16 13:25,2026.06.16 14:16,BUY,LienKe,4338.406,4330.010,84.0,22.8,70.9,0.27,0.84,1,0,0,1,7,7,0,,,0,,,0,,,0,,,0,,,0,,,0,,,SL,-83.96,51
2026.06.16 16:00,2026.06.16 16:14,SELL,LienKe,4335.324,4346.543,112.2,0.4,108.9,0.00,0.97,0,,,0,,,0,,,0,,,0,,,0,,,0,,,0,,,0,,,SL,-112.19,14
2026.06.17 00:15,2026.06.17 01:03,SELL,LienKe,4339.004,4343.066,40.6,67.1,37.8,1.65,0.93,1,5,6,1,13,15,1,24,45,1,31,45,0,,,0,,,0,,,0,,,0,,,SL,-40.62,48
2026.06.17 00:15,2026.06.17 01:03,SELL,LienKe,4337.777,4343.066,52.9,54.8,50.0,1.04,0.95,1,15,15,1,24,37,1,30,37,1,31,37,0,,,0,,,0,,,0,,,0,,,SL,-52.89,48
2026.06.17 06:25,2026.06.17 08:45,BUY,LienKe,4324.172,4317.436,67.4,86.3,52.0,1.28,0.77,1,1,5,1,2,5,1,15,95,1,23,95,1,37,95,0,,,0,,,0,,,0,,,SL,-67.36,140
2026.06.17 08:22,2026.06.17 14:23,BUY,Swing,4321.196,4316.511,46.8,257.5,41.4,5.50,0.88,1,0,9,1,2,9,1,5,9,1,53,214,1,63,214,1,64,214,1,300,-,1,321,-,0,,,TP,300.00,361
2026.06.17 08:20,2026.06.17 14:23,BUY,Swing,4323.084,4316.511,65.7,238.7,60.2,3.63,0.92,1,0,0,1,37,40,1,55,216,1,64,216,1,66,216,1,66,216,1,303,-,1,325,-,0,,,TP,300.00,363
2026.06.17 16:19,2026.06.17 17:33,SELL,LienKe,4364.573,4368.807,42.3,92.3,22.3,2.18,0.53,1,2,3,1,14,-,1,15,-,1,19,-,1,23,-,0,,,0,,,0,,,0,,,SL,-42.34,74
2026.06.17 16:05,2026.06.17 17:33,SELL,LienKe,4362.618,4368.807,61.9,72.7,41.9,1.17,0.68,1,5,6,1,33,74,1,33,74,1,36,74,0,,,0,,,0,,,0,,,0,,,SL,-61.89,88
2026.06.17 22:25,2026.06.17 23:09,SELL,LienKe,4269.175,4274.401,52.3,85.5,21.6,1.64,0.41,1,0,1,1,0,1,1,1,1,1,12,30,1,23,30,0,,,0,,,0,,,0,,,SL,-52.26,44
2026.06.18 02:20,2026.06.18 07:33,SELL,LienKe,4326.273,4332.890,66.2,299.2,12.9,4.52,0.19,1,1,1,1,7,-,1,11,-,1,11,-,1,17,-,1,26,-,1,37,-,1,206,-,0,,,TP,300.00,313
2026.06.18 04:05,2026.06.18 07:57,SELL,LienKe,4320.697,4327.019,63.2,293.9,44.2,4.65,0.70,1,2,73,1,4,73,1,4,73,1,7,73,1,15,73,1,39,73,1,101,-,1,122,-,0,,,TP,300.00,232
2026.06.18 09:10,2026.06.18 10:55,BUY,LienKe,4264.046,4258.276,57.7,92.1,52.2,1.60,0.90,1,3,26,1,4,26,1,4,26,1,5,26,1,9,26,0,,,0,,,0,,,0,,,SL,-57.70,105
2026.06.18 09:05,2026.06.18 10:55,BUY,LienKe,4268.909,4258.276,106.3,43.4,100.8,0.41,0.95,1,12,18,1,12,18,1,14,18,0,,,0,,,0,,,0,,,0,,,0,,,SL,-106.33,110
2026.06.19 02:13,2026.06.19 02:15,BUY,LienKe,4181.428,4175.949,54.8,2.6,29.9,0.05,0.55,0,,,0,,,0,,,0,,,0,,,0,,,0,,,0,,,0,,,SL,-54.79,2
2026.06.19 02:10,2026.06.19 02:15,BUY,LienKe,4184.217,4175.949,82.7,8.4,57.8,0.10,0.70,0,,,0,,,0,,,0,,,0,,,0,,,0,,,0,,,0,,,SL,-82.68,5
2026.06.19 11:06,2026.06.19 11:33,BUY,LienKe,4146.816,4142.154,46.6,21.8,44.2,0.47,0.95,1,3,3,1,16,19,0,,,0,,,0,,,0,,,0,,,0,,,0,,,SL,-46.62,27
2026.06.19 11:05,2026.06.19 11:33,BUY,LienKe,4148.788,4142.154,66.3,5.7,63.9,0.09,0.96,0,,,0,,,0,,,0,,,0,,,0,,,0,,,0,,,0,,,SL,-66.34,28
2026.06.21 23:46,2026.06.21 23:47,BUY,Swing,4143.451,4138.760,46.9,0.0,16.6,0.00,0.35,0,,,0,,,0,,,0,,,0,,,0,,,0,,,0,,,0,,,SL,-46.91,1
2026.06.21 23:45,2026.06.21 23:47,BUY,Swing,4145.977,4138.760,72.2,10.1,41.8,0.14,0.58,1,0,1,0,,,0,,,0,,,0,,,0,,,0,,,0,,,0,,,SL,-72.17,2
2026.06.22 00:27,2026.06.22 00:41,SELL,LienKe,4167.212,4173.552,63.4,33.7,57.9,0.53,0.91,1,0,2,1,1,2,1,1,2,0,,,0,,,0,,,0,,,0,,,0,,,SL,-63.40,14
2026.06.22 00:20,2026.06.22 00:41,SELL,LienKe,4163.929,4173.552,96.2,20.7,90.7,0.22,0.94,1,0,1,1,2,3,0,,,0,,,0,,,0,,,0,,,0,,,0,,,SL,-96.23,21
2026.06.22 12:46,2026.06.22 12:53,BUY,LienKe,4202.281,4197.741,45.4,1.3,41.3,0.03,0.91,0,,,0,,,0,,,0,,,0,,,0,,,0,,,0,,,0,,,SL,-45.40,7
2026.06.22 12:45,2026.06.22 12:53,BUY,LienKe,4204.300,4197.741,65.6,6.6,61.5,0.10,0.94,0,,,0,,,0,,,0,,,0,,,0,,,0,,,0,,,0,,,SL,-65.59,8
2026.06.22 11:10,2026.06.22 15:39,SELL,LienKe,4211.034,4218.312,72.8,278.2,9.8,3.82,0.13,1,0,54,1,1,54,1,1,54,1,15,54,1,27,54,1,93,178,1,106,178,1,116,178,0,,,TP,300.00,269
2026.06.23 09:11,2026.06.23 09:21,SELL,LienKe,4111.358,4115.843,44.8,23.4,38.2,0.52,0.85,1,0,1,1,5,5,0,,,0,,,0,,,0,,,0,,,0,,,0,,,SL,-44.85,10
2026.06.23 09:10,2026.06.23 09:21,SELL,LienKe,4109.645,4115.843,62.0,6.2,55.4,0.10,0.89,0,,,0,,,0,,,0,,,0,,,0,,,0,,,0,,,0,,,SL,-61.98,11
2026.06.24 23:13,2026.06.25 00:35,BUY,LienKe,3992.240,3987.741,45.0,263.7,44.4,5.86,0.99,1,0,79,1,0,79,1,1,79,1,2,79,1,12,79,1,20,79,1,21,79,1,22,79,0,,,SL,-61.04,82
2026.06.24 23:10,2026.06.25 00:35,BUY,LienKe,3994.163,3987.741,64.2,244.4,63.6,3.81,0.99,1,1,2,1,5,80,1,5,80,1,13,80,1,23,80,1,23,80,1,25,80,1,25,80,0,,,SL,-80.27,85
2026.06.25 11:27,2026.06.25 12:30,BUY,LienKe,3978.750,3973.096,56.5,90.7,52.8,1.60,0.93,1,4,5,1,4,5,1,12,54,1,13,54,1,18,54,0,,,0,,,0,,,0,,,TP,300.00,63
2026.06.25 11:20,2026.06.25 12:30,BUY,LienKe,3981.711,3973.096,86.1,61.1,82.4,0.71,0.96,1,2,2,1,20,35,1,21,35,1,25,35,0,,,0,,,0,,,0,,,0,,,TP,300.00,70
2026.06.25 08:33,2026.06.25 12:30,SELL,Swing,3999.317,4004.517,52.0,255.8,30.5,4.92,0.59,1,2,3,1,2,3,1,4,6,1,14,-,1,17,-,1,25,-,1,97,-,1,163,-,0,,,SL,-52.00,237
2026.06.25 08:25,2026.06.25 12:30,SELL,Swing,3997.076,4004.517,74.4,233.4,53.0,3.14,0.71,1,0,6,1,0,6,1,0,6,1,23,68,1,33,68,1,72,-,1,150,-,1,172,-,0,,,SL,-74.41,245
2026.06.25 07:05,2026.06.25 12:30,BUY,LienKe,3980.079,3970.333,97.5,220.3,88.0,2.26,0.90,1,0,0,1,0,0,1,2,8,1,4,8,1,22,34,1,55,251,1,57,251,1,77,251,0,,,TP,300.00,325
2026.06.25 19:55,2026.06.25 23:48,BUY,LienKe,4024.267,4018.904,53.6,123.6,44.7,2.30,0.83,1,2,138,1,3,138,1,4,138,1,6,138,1,6,138,1,6,138,0,,,0,,,0,,,SL,-53.63,233
2026.06.25 19:55,2026.06.25 23:48,BUY,LienKe,4026.667,4018.904,77.6,99.6,68.7,1.28,0.89,1,5,21,1,6,21,1,6,21,1,6,21,1,6,21,0,,,0,,,0,,,0,,,SL,-77.63,233
2026.06.26 01:16,2026.06.26 02:38,SELL,LienKe,4025.080,4032.684,76.0,299.2,15.2,3.94,0.20,1,2,3,1,2,3,1,7,25,1,11,25,1,19,25,1,31,-,1,63,-,1,69,-,0,,,TP,300.00,82
2026.06.26 05:28,2026.06.26 06:22,SELL,LienKe,4017.280,4022.352,50.7,113.9,45.9,2.24,0.91,1,2,2,1,3,4,1,10,12,1,16,53,1,17,53,1,18,53,0,,,0,,,0,,,SL,-50.72,54
2026.06.26 05:20,2026.06.26 06:22,SELL,LienKe,4014.814,4022.352,75.4,89.2,70.6,1.18,0.94,1,0,6,1,0,6,1,24,34,1,25,34,1,27,34,0,,,0,,,0,,,0,,,SL,-75.38,62
2026.06.26 17:25,2026.06.26 17:32,BUY,LienKe,4082.582,4077.178,54.0,8.2,50.7,0.15,0.94,0,,,0,,,0,,,0,,,0,,,0,,,0,,,0,,,0,,,SL,-54.04,6
2026.06.26 17:25,2026.06.26 17:32,BUY,LienKe,4084.718,4077.178,75.4,0.0,72.0,0.00,0.96,0,,,0,,,0,,,0,,,0,,,0,,,0,,,0,,,0,,,SL,-75.40,7
2026.06.28 23:35,2026.06.29 00:29,BUY,LienKe,4056.369,4048.708,76.6,99.1,68.1,1.29,0.89,1,0,1,1,3,30,1,3,30,1,4,30,1,10,30,0,,,0,,,0,,,0,,,SL,-76.61,54
2026.06.29 05:24,2026.06.29 05:30,BUY,LienKe,4049.662,4044.108,55.5,29.8,15.9,0.54,0.29,1,0,5,1,1,5,0,,,0,,,0,,,0,,,0,,,0,,,0,,,SL,-55.54,6
2026.06.29 05:24,2026.06.29 05:30,BUY,Swing,4049.662,4044.108,55.5,29.8,15.9,0.54,0.29,1,0,5,1,1,5,0,,,0,,,0,,,0,,,0,,,0,,,0,,,SL,-55.54,6
2026.06.29 05:05,2026.06.29 05:30,BUY,LienKe,4054.689,4044.108,105.8,25.9,66.2,0.25,0.63,1,0,2,1,1,2,0,,,0,,,0,,,0,,,0,,,0,,,0,,,SL,-105.81,25
2026.06.29 05:05,2026.06.29 05:30,BUY,Swing,4054.689,4044.108,105.8,25.9,66.2,0.25,0.63,1,0,2,1,1,2,0,,,0,,,0,,,0,,,0,,,0,,,0,,,SL,-105.81,25
2026.06.29 01:00,2026.06.29 05:37,SELL,LienKe,4069.559,4077.280,77.2,290.8,63.4,3.77,0.82,1,0,5,1,0,5,1,0,5,1,0,5,1,1,5,1,3,5,1,14,63,1,240,-,0,,,TP,300.00,277
2026.06.29 01:10,2026.06.29 06:07,SELL,LienKe,4061.906,4077.673,157.7,223.9,139.9,1.42,0.89,1,1,2,1,3,13,1,3,13,1,3,13,1,210,-,1,225,-,1,260,-,1,260,-,0,,,SL,0.00,297
2026.06.30 07:58,2026.06.30 08:05,SELL,LienKe,4032.804,4037.855,50.5,10.2,38.8,0.20,0.77,1,1,2,0,,,0,,,0,,,0,,,0,,,0,,,0,,,0,,,SL,-50.51,7
2026.06.30 07:30,2026.06.30 08:05,SELL,LienKe,4028.730,4037.855,91.3,30.2,79.5,0.33,0.87,1,1,2,1,1,2,1,20,22,0,,,0,,,0,,,0,,,0,,,0,,,SL,-91.25,35
2026.06.30 15:25,2026.06.30 19:50,BUY,LienKe,4027.931,4019.128,88.0,70.3,78.1,0.80,0.89,1,1,3,1,1,3,1,7,11,1,20,35,0,,,0,,,0,,,0,,,0,,,SL,-88.03,265
2026.06.30 17:15,2026.06.30 19:52,BUY,Swing,4023.259,4017.560,57.0,106.8,55.4,1.87,0.97,1,1,9,1,1,9,1,2,9,1,18,126,1,36,126,1,50,126,0,,,0,,,0,,,SL,-56.99,157
2026.06.30 23:05,2026.06.30 23:46,BUY,LienKe,4012.891,4007.859,50.3,53.8,49.1,1.07,0.98,1,0,14,1,0,14,1,1,14,1,2,14,0,,,0,,,0,,,0,,,0,,,SL,-50.32,41
2026.07.01 05:30,2026.07.01 06:07,BUY,Swing,3970.718,3966.655,40.6,82.3,10.1,2.03,0.25,1,0,35,1,0,35,1,0,35,1,2,35,1,2,35,0,,,0,,,0,,,0,,,SL,-40.63,37
2026.07.01 05:20,2026.07.01 06:07,BUY,Swing,3972.321,3966.655,56.7,66.3,26.1,1.17,0.46,1,0,1,1,3,10,1,12,20,1,12,20,0,,,0,,,0,,,0,,,0,,,SL,-56.66,47
2026.07.01 03:20,2026.07.01 10:31,SELL,LienKe,3983.922,3990.088,61.7,237.0,59.3,3.84,0.96,1,1,3,1,1,3,1,7,301,1,11,301,1,42,301,1,80,301,1,167,301,1,173,301,0,,,SL,-61.66,431
2026.07.01 07:10,2026.07.01 10:37,BUY,LienKe,3962.261,3957.167,50.9,299.4,22.7,5.88,0.45,1,1,3,1,2,3,1,8,22,1,9,22,1,9,22,1,34,-,1,47,-,1,69,-,0,,,TP,300.00,207
2026.07.01 07:10,2026.07.01 10:37,BUY,LienKe,3964.337,3957.167,71.7,278.6,43.5,3.89,0.61,1,8,19,1,8,19,1,9,19,1,9,19,1,35,-,1,40,-,1,67,-,1,71,-,0,,,TP,300.00,207
2026.07.02 13:56,2026.07.02 16:30,SELL,LienKe,4138.384,4147.132,87.5,243.0,27.3,2.78,0.31,1,2,3,1,3,3,1,4,-,1,4,-,1,7,-,1,7,-,1,24,-,1,31,-,0,,,TP,300.00,154
2026.07.02 13:55,2026.07.02 16:31,SELL,LienKe,4133.611,4147.132,135.2,268.4,75.0,1.98,0.55,1,0,0,1,6,6,1,6,6,1,9,13,1,15,21,1,25,-,1,32,-,1,155,-,0,,,TP,300.00,156
2026.07.02 20:25,2026.07.02 22:09,SELL,LienKe,4124.099,4128.127,40.3,54.0,28.9,1.34,0.72,1,4,5,1,14,32,1,18,32,1,25,32,0,,,0,,,0,,,0,,,0,,,SL,-40.28,104
2026.07.02 20:25,2026.07.02 22:09,SELL,LienKe,4123.011,4128.127,51.2,43.1,39.8,0.84,0.78,1,14,31,1,18,31,1,22,31,0,,,0,,,0,,,0,,,0,,,0,,,SL,-51.16,104
2026.07.02 22:34,2026.07.02 23:33,SELL,Swing,4126.207,4131.176,49.7,35.1,48.0,0.71,0.97,1,1,21,1,6,21,1,7,21,0,,,0,,,0,,,0,,,0,,,0,,,SL,-49.69,58
2026.07.02 22:15,2026.07.02 23:33,SELL,Swing,4124.551,4131.176,66.3,18.6,64.5,0.28,0.97,1,7,13,0,,,0,,,0,,,0,,,0,,,0,,,0,,,0,,,SL,-66.25,78
2026.07.02 23:35,2026.07.03 00:21,SELL,LienKe,4126.779,4137.121,103.4,56.1,103.2,0.54,1.00,1,1,1,1,3,10,1,3,10,1,7,10,0,,,0,,,0,,,0,,,0,,,SL,-103.42,46
2026.07.03 16:11,2026.07.05 23:28,BUY,LienKe,4164.451,4159.972,44.8,272.4,17.8,6.08,0.40,1,0,1,1,13,-,1,13,-,1,23,-,1,41,-,1,42,-,1,3229,-,1,3235,-,0,,,TP,294.65,3317
2026.07.03 16:10,2026.07.05 23:28,BUY,LienKe,4165.680,4159.972,57.1,260.1,30.1,4.56,0.53,1,14,-,1,14,-,1,20,-,1,35,-,1,42,-,1,43,-,1,3234,-,1,3237,-,0,,,TP,294.65,3318
2026.07.06 02:58,2026.07.06 03:15,BUY,LienKe,4170.887,4165.410,54.8,55.2,54.5,1.01,1.00,1,0,4,1,0,4,1,1,4,1,2,4,0,,,0,,,0,,,0,,,0,,,SL,-54.77,17
2026.07.06 02:58,2026.07.06 03:15,BUY,Swing,4170.887,4165.410,54.8,55.2,54.5,1.01,1.00,1,0,4,1,0,4,1,1,4,1,2,4,0,,,0,,,0,,,0,,,0,,,SL,-54.77,17
2026.07.06 02:40,2026.07.06 03:15,BUY,LienKe,4173.658,4165.410,82.5,27.4,82.2,0.33,1.00,1,2,3,1,2,3,0,,,0,,,0,,,0,,,0,,,0,,,0,,,SL,-82.48,35
2026.07.06 02:40,2026.07.06 03:15,BUY,Swing,4173.658,4165.410,82.5,27.4,82.2,0.33,1.00,1,2,3,1,2,3,0,,,0,,,0,,,0,,,0,,,0,,,0,,,SL,-82.48,35
2026.07.06 04:26,2026.07.06 05:02,BUY,LienKe,4161.562,4157.066,45.0,19.2,43.3,0.43,0.96,1,0,1,0,,,0,,,0,,,0,,,0,,,0,,,0,,,0,,,SL,-44.96,36
2026.07.06 04:25,2026.07.06 05:02,BUY,LienKe,4163.402,4157.066,63.4,0.8,61.7,0.01,0.97,0,,,0,,,0,,,0,,,0,,,0,,,0,,,0,,,0,,,SL,-63.36,37
2026.07.06 17:13,2026.07.06 17:26,SELL,LienKe,4155.229,4159.353,41.2,46.9,39.9,1.14,0.97,1,1,10,1,1,10,1,4,10,0,,,0,,,0,,,0,,,0,,,0,,,SL,-41.24,12
2026.07.06 17:10,2026.07.06 17:26,SELL,LienKe,4154.360,4159.353,49.9,38.2,48.6,0.77,0.97,1,0,3,1,7,13,1,8,13,0,,,0,,,0,,,0,,,0,,,0,,,SL,-49.93,16
2026.07.07 01:07,2026.07.07 01:16,BUY,LienKe,4143.337,4137.585,57.5,0.0,57.0,0.00,0.99,0,,,0,,,0,,,0,,,0,,,0,,,0,,,0,,,0,,,SL,-57.52,9
2026.07.07 01:05,2026.07.07 01:16,BUY,LienKe,4147.650,4137.585,100.6,3.4,100.1,0.03,0.99,0,,,0,,,0,,,0,,,0,,,0,,,0,,,0,,,0,,,SL,-100.65,11
2026.07.07 01:30,2026.07.07 05:14,BUY,Swing,4132.914,4122.558,103.6,134.4,102.7,1.30,0.99,1,0,81,1,0,81,1,0,81,1,1,81,1,14,81,1,15,81,0,,,0,,,0,,,SL,-103.56,224
2026.07.07 05:13,2026.07.07 05:39,BUY,LienKe,4124.730,4119.644,50.9,41.1,46.5,0.81,0.91,1,9,9,1,12,17,1,12,17,0,,,0,,,0,,,0,,,0,,,0,,,SL,-50.86,26
2026.07.07 05:13,2026.07.07 05:39,BUY,Swing,4124.730,4119.644,50.9,41.1,46.5,0.81,0.91,1,9,9,1,12,17,1,12,17,0,,,0,,,0,,,0,,,0,,,0,,,SL,-50.86,26
2026.07.07 05:05,2026.07.07 05:39,BUY,LienKe,4128.556,4119.644,89.1,26.7,84.7,0.30,0.95,1,0,2,1,0,2,0,,,0,,,0,,,0,,,0,,,0,,,0,,,SL,-89.12,34
2026.07.07 05:05,2026.07.07 05:39,BUY,Swing,4128.556,4119.644,89.1,26.7,84.7,0.30,0.95,1,0,2,1,0,2,0,,,0,,,0,,,0,,,0,,,0,,,0,,,SL,-89.12,34
2026.07.07 18:30,2026.07.07 18:33,BUY,LienKe,4140.877,4137.027,38.5,0.0,28.5,0.00,0.74,0,,,0,,,0,,,0,,,0,,,0,,,0,,,0,,,0,,,SL,-38.50,3
2026.07.07 18:20,2026.07.07 18:33,BUY,LienKe,4142.235,4137.027,52.1,21.0,42.1,0.40,0.81,1,2,6,1,2,6,0,,,0,,,0,,,0,,,0,,,0,,,0,,,SL,-52.08,13
2026.07.07 17:43,2026.07.07 19:07,SELL,LienKe,4147.127,4151.277,41.5,298.0,7.7,7.18,0.19,1,3,-,1,7,-,1,7,-,1,19,-,1,47,-,1,50,-,1,66,-,1,68,-,0,,,TP,300.00,84
2026.07.07 17:35,2026.07.07 19:07,SELL,LienKe,4145.875,4151.277,54.0,285.5,20.3,5.28,0.38,1,3,4,1,15,-,1,26,-,1,42,-,1,58,-,1,74,-,1,76,-,1,78,-,0,,,TP,300.00,92
2026.07.08 05:43,2026.07.08 08:17,SELL,LienKe,4131.178,4137.080,59.0,266.9,27.2,4.52,0.46,1,0,31,1,1,31,1,1,31,1,5,31,1,24,31,1,81,-,1,95,-,1,153,-,0,,,TP,300.00,154
2026.07.08 05:43,2026.07.08 08:17,SELL,Swing,4131.178,4137.080,59.0,266.9,27.2,4.52,0.46,1,0,31,1,1,31,1,1,31,1,5,31,1,24,31,1,81,-,1,95,-,1,153,-,0,,,TP,300.00,154
2026.07.08 05:10,2026.07.08 08:17,SELL,LienKe,4128.392,4137.080,86.9,239.1,55.1,2.75,0.63,1,0,6,1,0,6,1,4,6,1,12,24,1,115,-,1,115,-,1,186,-,1,186,-,0,,,TP,300.00,187
2026.07.08 05:10,2026.07.08 08:17,SELL,Swing,4128.392,4137.080,86.9,239.1,55.1,2.75,0.63,1,0,6,1,0,6,1,4,6,1,12,24,1,115,-,1,115,-,1,186,-,1,186,-,0,,,TP,300.00,187
2026.07.08 09:07,2026.07.08 09:43,BUY,LienKe,4052.959,4047.445,55.1,81.3,29.8,1.48,0.54,1,1,1,1,1,1,1,7,23,1,8,23,1,12,23,0,,,0,,,0,,,0,,,SL,-55.14,36
2026.07.08 09:05,2026.07.08 09:43,BUY,LienKe,4055.763,4047.445,83.2,53.3,57.8,0.64,0.69,1,10,11,1,10,11,1,10,11,1,14,16,0,,,0,,,0,,,0,,,0,,,SL,-83.18,38
2026.07.08 16:35,2026.07.08 16:40,SELL,LienKe,4044.355,4050.133,57.8,46.9,24.2,0.81,0.42,1,0,4,1,0,4,1,1,4,0,,,0,,,0,,,0,,,0,,,0,,,SL,-57.78,5
2026.07.08 16:35,2026.07.08 16:40,SELL,LienKe,4041.923,4050.133,82.1,22.6,48.5,0.28,0.59,1,1,2,1,2,2,0,,,0,,,0,,,0,,,0,,,0,,,0,,,SL,-82.10,5
2026.07.08 20:16,2026.07.08 20:35,BUY,LienKe,4077.625,4073.037,45.9,9.8,44.9,0.21,0.98,0,,,0,,,0,,,0,,,0,,,0,,,0,,,0,,,0,,,SL,-45.88,19
2026.07.08 20:05,2026.07.08 20:35,BUY,LienKe,4079.399,4073.037,63.6,42.1,62.7,0.66,0.99,1,0,6,1,0,6,1,1,6,0,,,0,,,0,,,0,,,0,,,0,,,SL,-63.62,30
2026.07.09 08:20,2026.07.09 08:21,SELL,LienKe,4110.976,4115.978,50.0,0.0,18.0,0.00,0.36,0,,,0,,,0,,,0,,,0,,,0,,,0,,,0,,,0,,,SL,-50.02,1
2026.07.09 08:20,2026.07.09 08:21,SELL,LienKe,4109.024,4115.978,69.5,0.0,37.6,0.00,0.54,0,,,0,,,0,,,0,,,0,,,0,,,0,,,0,,,0,,,SL,-69.54,1
2026.07.09 13:23,2026.07.09 14:01,SELL,LienKe,4123.843,4130.144,63.0,59.2,60.5,0.94,0.96,1,7,9,1,7,9,1,7,9,1,31,37,0,,,0,,,0,,,0,,,0,,,SL,-63.01,38
2026.07.09 13:20,2026.07.09 14:01,SELL,LienKe,4120.562,4130.144,95.8,26.4,93.3,0.28,0.97,1,0,1,1,36,37,0,,,0,,,0,,,0,,,0,,,0,,,0,,,SL,-95.82,41
2026.07.09 16:29,2026.07.09 16:32,SELL,LienKe,4131.729,4136.328,46.0,0.0,40.3,0.00,0.88,0,,,0,,,0,,,0,,,0,,,0,,,0,,,0,,,0,,,SL,-45.99,3
2026.07.09 16:20,2026.07.09 16:32,SELL,LienKe,4129.665,4136.328,66.6,6.9,60.9,0.10,0.91,0,,,0,,,0,,,0,,,0,,,0,,,0,,,0,,,0,,,SL,-66.63,12
2026.07.10 00:31,2026.07.10 01:39,BUY,Swing,4118.044,4113.812,42.3,130.3,39.1,3.08,0.92,1,5,67,1,10,67,1,11,67,1,12,67,1,19,67,1,26,67,0,,,0,,,0,,,SL,-42.32,68
2026.07.10 00:30,2026.07.10 01:39,BUY,Swing,4119.706,4113.812,58.9,113.7,55.8,1.93,0.95,1,12,33,1,12,33,1,13,33,1,15,33,1,27,33,1,30,33,0,,,0,,,0,,,SL,-58.94,69
2026.07.10 04:08,2026.07.10 04:22,BUY,LienKe,4118.759,4114.670,40.9,24.4,31.9,0.60,0.78,1,6,12,1,6,12,0,,,0,,,0,,,0,,,0,,,0,,,0,,,SL,-40.89,14
2026.07.10 04:05,2026.07.10 04:22,BUY,LienKe,4119.813,4114.670,51.4,13.8,42.4,0.27,0.83,1,9,11,0,,,0,,,0,,,0,,,0,,,0,,,0,,,0,,,SL,-51.43,17
2026.07.10 05:50,2026.07.10 07:47,BUY,Swing,4111.980,4105.076,69.0,82.4,67.8,1.19,0.98,1,0,50,1,2,50,1,5,50,1,9,50,1,29,50,0,,,0,,,0,,,0,,,SL,-69.04,117
2026.07.10 14:26,2026.07.10 14:33,SELL,LienKe,4105.966,4110.813,48.5,182.4,33.4,3.76,0.69,1,1,1,1,6,-,1,6,-,1,6,-,1,6,-,1,6,-,1,6,-,0,,,0,,,TP,300.00,6
2026.07.10 14:25,2026.07.10 14:46,SELL,LienKe,4102.905,4110.813,79.1,298.7,64.0,3.78,0.81,1,0,1,1,0,1,1,7,-,1,7,-,1,7,-,1,7,-,1,7,-,1,8,-,0,,,SL,0.00,21
2026.07.13 06:12,2026.07.13 08:23,BUY,Swing,4049.834,4040.648,91.9,296.3,9.4,3.23,0.10,1,1,49,1,1,49,1,4,49,1,8,49,1,13,49,1,17,49,1,106,-,1,116,-,0,,,TP,300.00,130
2026.07.13 06:10,2026.07.13 10:41,BUY,Swing,4052.902,4040.648,122.5,279.4,40.0,2.28,0.33,1,8,44,1,10,44,1,11,44,1,15,44,1,19,44,1,28,44,1,116,-,1,121,-,0,,,SL,0.00,271
2026.07.13 13:59,2026.07.13 14:00,BUY,Swing,4046.563,4039.377,71.9,5.1,46.9,0.07,0.65,0,,,0,,,0,,,0,,,0,,,0,,,0,,,0,,,0,,,SL,-71.86,1
2026.07.13 13:55,2026.07.13 14:00,BUY,Swing,4051.817,4039.377,124.4,12.3,99.4,0.10,0.80,1,1,2,0,,,0,,,0,,,0,,,0,,,0,,,0,,,0,,,SL,-124.40,5
2026.07.14 00:19,2026.07.14 02:15,BUY,Swing,3988.961,3980.307,86.5,289.4,33.8,3.34,0.39,1,2,3,1,6,7,1,8,-,1,9,-,1,9,-,1,13,-,1,15,-,1,99,-,0,,,TP,300.00,116
2026.07.14 00:10,2026.07.14 05:30,BUY,Swing,3995.232,3980.307,149.3,288.3,96.5,1.93,0.65,1,0,2,1,0,2,1,0,2,1,23,51,1,24,51,1,24,51,1,108,-,1,121,-,0,,,TP,300.00,320
2026.07.14 07:52,2026.07.14 08:03,BUY,LienKe,4022.264,4017.573,46.9,39.1,29.5,0.83,0.63,1,0,4,1,0,4,1,1,4,0,,,0,,,0,,,0,,,0,,,0,,,SL,-46.91,11
2026.07.14 07:05,2026.07.14 08:03,BUY,LienKe,4025.670,4017.573,81.0,43.6,63.5,0.54,0.78,1,0,8,1,0,8,1,3,8,0,,,0,,,0,,,0,,,0,,,0,,,SL,-80.97,58
2026.07.14 09:15,2026.07.14 11:24,SELL,LienKe,4020.752,4027.573,68.2,69.4,55.5,1.02,0.81,1,0,4,1,3,4,1,9,33,1,14,33,0,,,0,,,0,,,0,,,0,,,SL,-68.21,129
2026.07.14 12:05,2026.07.14 12:30,SELL,LienKe,4029.984,4039.079,91.0,66.4,12.8,0.73,0.14,1,0,1,1,2,20,1,3,20,1,10,20,0,,,0,,,0,,,0,,,0,,,SL,-90.95,25
2026.07.14 12:30,2026.07.14 12:30,SELL,LienKe,4033.521,4039.079,55.6,0.0,566.2,0.00,10.19,0,,,0,,,0,,,0,,,0,,,0,,,0,,,0,,,0,,,SL,-55.58,0
2026.07.14 15:50,2026.07.14 16:00,BUY,LienKe,4070.424,4063.532,68.9,0.0,59.9,0.00,0.87,0,,,0,,,0,,,0,,,0,,,0,,,0,,,0,,,0,,,SL,-68.92,10
2026.07.14 15:45,2026.07.14 16:00,BUY,LienKe,4074.291,4063.532,107.6,23.7,98.6,0.22,0.92,1,2,3,1,2,3,0,,,0,,,0,,,0,,,0,,,0,,,0,,,SL,-107.59,15
2026.07.14 22:16,2026.07.15 01:35,BUY,LienKe,4049.821,4045.851,39.7,122.1,31.9,3.08,0.80,1,3,7,1,5,7,1,17,27,1,78,195,1,133,195,1,161,195,0,,,0,,,0,,,SL,-45.05,199
2026.07.14 22:15,2026.07.15 01:35,BUY,LienKe,4050.778,4045.851,49.3,112.5,41.5,2.28,0.84,1,5,8,1,18,21,1,74,196,1,80,196,1,160,196,1,165,196,0,,,0,,,0,,,SL,-54.62,200
2026.07.14 23:10,2026.07.15 01:40,BUY,LienKe,4048.628,4045.252,33.8,134.0,31.9,3.97,0.95,1,13,143,1,15,143,1,15,143,1,19,143,1,73,143,1,105,143,0,,,0,,,0,,,SL,-39.11,150
2026.07.14 23:10,2026.07.15 01:40,BUY,LienKe,4049.682,4045.252,44.3,123.5,42.5,2.79,0.96,1,15,143,1,15,143,1,19,143,1,24,143,1,79,143,1,108,143,0,,,0,,,0,,,SL,-49.65,150
2026.07.15 06:31,2026.07.15 08:13,BUY,LienKe,4023.734,4018.066,56.7,106.4,41.4,1.88,0.73,1,0,55,1,1,55,1,1,55,1,4,55,1,12,55,1,22,55,0,,,0,,,0,,,SL,-56.68,102
2026.07.15 06:25,2026.07.15 08:13,BUY,LienKe,4026.578,4018.066,85.1,78.0,69.9,0.92,0.82,1,0,3,1,10,58,1,12,58,1,18,58,0,,,0,,,0,,,0,,,0,,,SL,-85.12,108
2026.07.15 07:36,2026.07.15 12:32,BUY,LienKe,4022.001,4016.996,50.1,290.8,48.1,5.81,0.96,1,10,24,1,10,24,1,12,24,1,54,-,1,72,-,1,80,-,1,245,-,1,267,-,0,,,TP,300.00,296
2026.07.15 07:30,2026.07.15 12:33,BUY,LienKe,4024.112,4016.996,71.2,294.2,69.2,4.13,0.97,1,1,4,1,2,4,1,60,-,1,63,-,1,86,-,1,91,-,1,252,-,1,300,-,0,,,TP,300.00,303
2026.07.15 19:16,2026.07.15 19:20,BUY,LienKe,4058.179,4054.123,40.6,4.9,18.3,0.12,0.45,0,,,0,,,0,,,0,,,0,,,0,,,0,,,0,,,0,,,SL,-40.56,4
2026.07.15 19:10,2026.07.15 19:20,BUY,LienKe,4060.862,4054.123,67.4,17.9,45.1,0.27,0.67,1,0,1,0,,,0,,,0,,,0,,,0,,,0,,,0,,,0,,,SL,-67.39,10
2026.07.15 18:35,2026.07.16 01:02,SELL,Swing,4072.779,4084.502,117.2,292.8,9.3,2.50,0.08,1,0,0,1,4,-,1,6,-,1,10,-,1,15,-,1,21,-,1,25,-,1,57,-,0,,,TP,300.00,387
2026.07.16 08:25,2026.07.16 09:00,SELL,LienKe,4032.340,4037.283,49.4,8.4,45.9,0.17,0.93,0,,,0,,,0,,,0,,,0,,,0,,,0,,,0,,,0,,,SL,-49.43,35
2026.07.16 08:05,2026.07.16 09:00,SELL,LienKe,4029.892,4037.283,73.9,44.6,70.4,0.60,0.95,1,1,1,1,5,15,1,5,15,0,,,0,,,0,,,0,,,0,,,0,,,SL,-73.91,55
2026.07.16 09:05,2026.07.16 11:47,SELL,LienKe,4036.476,4040.419,39.4,151.5,33.8,3.84,0.86,1,16,49,1,17,49,1,19,49,1,21,49,1,115,160,1,130,160,1,140,160,0,,,0,,,SL,-39.43,161
2026.07.16 09:05,2026.07.16 11:47,SELL,LienKe,4035.538,4040.419,48.8,142.1,43.2,2.91,0.88,1,17,49,1,19,49,1,22,49,1,56,158,1,128,158,1,131,158,0,,,0,,,0,,,SL,-48.81,162
2026.07.16 07:16,2026.07.16 12:16,BUY,Swing,4024.635,4019.753,48.8,187.3,35.5,3.84,0.73,1,4,7,1,4,7,1,24,249,1,31,249,1,46,249,1,75,249,1,270,-,0,,,0,,,SL,-48.82,300
2026.07.16 06:40,2026.07.16 12:16,BUY,LienKe,4026.717,4019.753,69.6,166.4,56.3,2.39,0.81,1,5,7,1,8,34,1,13,34,1,68,73,1,111,273,1,140,273,1,308,335,0,,,0,,,SL,-69.64,336
2026.07.16 06:40,2026.07.16 12:16,BUY,Swing,4026.717,4019.753,69.6,166.4,56.3,2.39,0.81,1,5,7,1,8,34,1,13,34,1,68,73,1,111,273,1,140,273,1,308,335,0,,,0,,,SL,-69.64,336
2026.07.16 12:24,2026.07.16 12:40,BUY,LienKe,4020.663,4009.606,110.6,91.5,60.3,0.83,0.55,1,2,5,1,3,5,1,3,5,1,5,5,1,6,11,0,,,0,,,0,,,0,,,SL,-110.57,16
2026.07.16 12:20,2026.07.16 12:40,BUY,LienKe,4029.066,4009.606,194.6,7.5,144.4,0.04,0.74,0,,,0,,,0,,,0,,,0,,,0,,,0,,,0,,,0,,,SL,-194.60,20
2026.07.16 23:35,2026.07.16 23:57,SELL,LienKe,3979.629,3983.750,41.2,27.3,25.5,0.66,0.62,1,10,12,1,10,12,0,,,0,,,0,,,0,,,0,,,0,,,0,,,SL,-41.21,22
2026.07.16 23:30,2026.07.16 23:57,SELL,LienKe,3978.439,3983.750,53.1,26.8,37.4,0.50,0.70,1,0,1,1,2,3,0,,,0,,,0,,,0,,,0,,,0,,,0,,,SL,-53.11,27
2026.07.17 01:12,2026.07.17 03:18,SELL,LienKe,3992.106,3998.072,59.7,214.6,43.1,3.60,0.72,1,1,2,1,11,16,1,15,16,1,35,114,1,37,114,1,39,114,1,81,114,1,85,114,0,,,SL,-59.66,126
2026.07.17 01:10,2026.07.17 03:18,SELL,LienKe,3990.563,3998.072,75.1,199.1,58.5,2.65,0.78,1,0,1,1,17,18,1,37,116,1,39,116,1,41,116,1,41,116,1,86,116,0,,,0,,,SL,-75.09,128
2026.07.16 20:20,2026.07.17 03:19,BUY,Swing,3972.186,3966.291,58.9,256.8,17.8,4.36,0.30,1,1,2,1,6,377,1,6,377,1,99,377,1,103,377,1,217,377,1,228,377,1,279,377,0,,,TP,294.65,419
2026.07.16 19:40,2026.07.17 03:20,BUY,Swing,3975.211,3966.291,89.2,275.4,48.0,3.09,0.54,1,0,5,1,2,5,1,11,30,1,13,30,1,257,416,1,259,416,1,278,416,1,337,416,0,,,TP,294.65,460
2026.07.17 17:40,2026.07.17 18:44,BUY,LienKe,4011.128,4007.023,41.1,50.0,34.6,1.22,0.84,1,7,10,1,9,10,1,49,60,1,49,60,0,,,0,,,0,,,0,,,0,,,SL,-41.05,63
2026.07.17 17:40,2026.07.17 18:44,BUY,LienKe,4012.422,4007.023,54.0,37.1,47.5,0.69,0.88,1,49,53,1,49,53,1,49,53,0,,,0,,,0,,,0,,,0,,,0,,,SL,-53.99,64
2026.07.19 23:12,2026.07.20 00:01,BUY,LienKe,3993.221,3988.643,45.8,29.3,43.2,0.64,0.94,1,22,23,1,39,42,0,,,0,,,0,,,0,,,0,,,0,,,0,,,SL,-45.78,49
2026.07.19 23:05,2026.07.20 00:01,BUY,LienKe,3995.230,3988.643,65.9,9.2,63.3,0.14,0.96,0,,,0,,,0,,,0,,,0,,,0,,,0,,,0,,,0,,,SL,-65.87,56
2026.07.20 16:45,2026.07.21 02:36,BUY,LienKe,4009.604,3998.353,112.5,263.3,97.7,2.34,0.87,1,15,29,1,15,29,1,37,55,1,165,177,1,165,177,1,471,-,1,484,-,1,509,-,0,,,TP,294.65,591
2026.07.21 04:10,2026.07.21 05:25,SELL,LienKe,4048.451,4055.050,66.0,46.0,55.5,0.70,0.84,1,0,46,1,0,46,1,5,46,0,,,0,,,0,,,0,,,0,,,0,,,SL,-65.99,75
2026.07.22 02:21,2026.07.22 02:32,SELL,LienKe,4123.508,4128.128,46.2,9.4,29.6,0.20,0.64,0,,,0,,,0,,,0,,,0,,,0,,,0,,,0,,,0,,,SL,-46.20,11
2026.07.22 02:20,2026.07.22 02:32,SELL,LienKe,4120.368,4128.128,77.6,0.0,61.0,0.00,0.79,0,,,0,,,0,,,0,,,0,,,0,,,0,,,0,,,0,,,SL,-77.60,12
2026.07.22 11:57,2026.07.22 12:00,SELL,Swing,4122.079,4126.031,39.5,1.7,11.2,0.04,0.28,0,,,0,,,0,,,0,,,0,,,0,,,0,,,0,,,0,,,SL,-39.52,3
2026.07.22 11:25,2026.07.22 12:00,SELL,LienKe,4120.375,4126.031,56.6,76.6,28.2,1.35,0.50,1,1,8,1,1,8,1,15,24,1,15,24,0,,,0,,,0,,,0,,,0,,,SL,-56.56,35
2026.07.22 11:25,2026.07.22 12:00,SELL,Swing,4120.375,4126.031,56.6,76.6,28.2,1.35,0.50,1,1,8,1,1,8,1,15,24,1,15,24,0,,,0,,,0,,,0,,,0,,,SL,-56.56,35
2026.07.22 19:27,2026.07.22 20:46,BUY,LienKe,4132.865,4128.554,43.1,49.3,39.3,1.14,0.91,1,1,3,1,2,3,1,7,24,0,,,0,,,0,,,0,,,0,,,0,,,SL,-43.11,79
2026.07.22 19:25,2026.07.22 20:46,BUY,LienKe,4134.552,4128.554,60.0,32.4,56.1,0.54,0.94,1,9,11,1,53,70,1,60,70,0,,,0,,,0,,,0,,,0,,,0,,,SL,-59.98,81
2026.07.22 20:51,2026.07.22 22:00,BUY,LienKe,4129.194,4125.210,39.8,12.4,8.3,0.31,0.21,1,5,-,0,,,0,,,0,,,0,,,0,,,0,,,0,,,0,,,SL,-39.84,68
2026.07.22 20:50,2026.07.22 22:00,BUY,LienKe,4130.474,4125.210,52.6,0.0,21.1,0.00,0.40,0,,,0,,,0,,,0,,,0,,,0,,,0,,,0,,,0,,,SL,-52.64,70
2026.07.22 20:31,2026.07.23 01:27,SELL,LienKe,4137.236,4140.792,35.6,204.3,31.6,5.75,0.89,1,1,269,1,4,269,1,4,269,1,11,269,1,15,269,1,88,269,1,88,269,1,89,269,0,,,SL,-35.56,295
2026.07.22 20:30,2026.07.23 01:27,SELL,LienKe,4136.629,4140.792,41.6,198.3,37.7,4.76,0.91,1,4,270,1,5,270,1,12,270,1,12,270,1,16,270,1,90,270,1,90,270,0,,,0,,,SL,-41.63,297
2026.07.23 04:41,2026.07.23 05:04,BUY,LienKe,4124.072,4119.448,46.2,2.7,46.1,0.06,1.00,0,,,0,,,0,,,0,,,0,,,0,,,0,,,0,,,0,,,SL,-46.24,22
2026.07.23 04:10,2026.07.23 05:04,BUY,LienKe,4125.612,4119.448,61.6,48.4,61.5,0.78,1.00,1,3,7,1,4,7,1,12,22,0,,,0,,,0,,,0,,,0,,,0,,,SL,-61.64,54
2026.07.23 06:58,2026.07.23 07:06,BUY,LienKe,4118.497,4113.828,46.7,9.4,45.1,0.20,0.97,0,,,0,,,0,,,0,,,0,,,0,,,0,,,0,,,0,,,SL,-46.69,8
2026.07.23 06:45,2026.07.23 07:06,BUY,LienKe,4120.289,4113.828,64.6,19.1,63.0,0.30,0.98,1,0,3,0,,,0,,,0,,,0,,,0,,,0,,,0,,,0,,,SL,-64.61,21
2026.07.23 02:02,2026.07.23 07:09,BUY,Swing,4116.054,4111.181,48.7,171.9,45.4,3.53,0.93,1,9,13,1,11,13,1,28,30,1,41,298,1,43,298,1,49,298,1,77,298,0,,,0,,,SL,-48.73,307
2026.07.23 02:00,2026.07.23 07:09,BUY,Swing,4118.111,4111.181,69.3,151.3,66.0,2.18,0.95,1,30,31,1,42,280,1,43,280,1,45,280,1,52,280,1,53,280,1,82,280,0,,,0,,,SL,-69.30,309
2026.07.23 05:50,2026.07.23 07:42,SELL,LienKe,4126.491,4133.621,71.3,270.3,19.8,3.79,0.28,1,0,2,1,0,2,1,5,10,1,6,10,1,50,-,1,70,-,1,79,-,1,81,-,0,,,TP,300.00,112
2026.07.23 14:11,2026.07.24 02:47,BUY,LienKe,4042.057,4036.957,51.0,197.4,21.4,3.87,0.42,1,0,209,1,0,209,1,0,209,1,1,209,1,3,209,1,13,209,1,19,209,0,,,0,,,SL,-56.35,756
2026.07.23 14:10,2026.07.24 02:47,BUY,LienKe,4045.717,4036.957,87.6,160.8,58.1,1.84,0.66,1,0,0,1,0,0,1,3,5,1,4,5,1,15,72,1,19,72,1,36,72,0,,,0,,,SL,-92.95,757
2026.07.23 17:05,2026.07.24 05:18,SELL,LienKe,4053.145,4057.635,44.9,299.2,3.5,6.66,0.08,1,1,-,1,1,-,1,2,-,1,3,-,1,30,-,1,35,-,1,582,-,1,583,-,0,,,TP,300.00,733
2026.07.23 19:05,2026.07.24 07:09,SELL,LienKe,4045.298,4051.787,64.9,232.1,62.7,3.58,0.97,1,4,11,1,5,11,1,309,313,1,359,371,1,462,-,1,463,-,1,463,-,1,470,-,0,,,SL,0.00,724
2026.07.23 19:24,2026.07.24 07:10,SELL,LienKe,4047.502,4051.787,42.8,254.2,40.7,5.93,0.95,1,9,10,1,22,26,1,286,299,1,290,299,1,443,-,1,443,-,1,444,-,1,445,-,0,,,SL,0.00,706
2026.07.23 20:10,2026.07.24 07:21,SELL,LienKe,4048.674,4054.329,56.6,265.9,23.9,4.70,0.42,1,42,44,1,235,266,1,237,266,1,241,266,1,294,334,1,397,-,1,398,-,1,398,-,0,,,SL,0.00,671
2026.07.23 20:29,2026.07.24 07:27,SELL,LienKe,4050.643,4054.329,36.9,285.6,4.3,7.75,0.12,1,1,9,1,23,90,1,23,90,1,218,258,1,225,258,1,274,315,1,378,-,1,379,-,0,,,SL,0.00,658
2026.07.23 17:05,2026.07.24 07:34,SELL,LienKe,4051.769,4057.635,58.7,296.8,17.3,5.06,0.29,1,1,-,1,2,-,1,3,-,1,14,-,1,35,-,1,55,-,1,582,-,1,583,-,0,,,SL,0.00,869
2026.07.24 07:30,2026.07.24 07:35,SELL,Swing,4049.766,4053.921,41.5,17.8,40.8,0.43,0.98,1,2,3,0,,,0,,,0,,,0,,,0,,,0,,,0,,,0,,,SL,-41.55,4
2026.07.24 07:30,2026.07.24 07:35,SELL,Swing,4048.844,4053.921,50.8,8.6,50.0,0.17,0.98,0,,,0,,,0,,,0,,,0,,,0,,,0,,,0,,,0,,,SL,-50.77,5
2026.07.24 09:56,2026.07.24 10:27,SELL,LienKe,4059.150,4063.870,47.2,14.7,31.4,0.31,0.66,1,18,19,0,,,0,,,0,,,0,,,0,,,0,,,0,,,0,,,SL,-47.20,31
2026.07.24 09:05,2026.07.24 10:27,SELL,LienKe,4056.524,4063.870,73.5,47.0,57.6,0.64,0.78,1,1,2,1,7,13,1,7,13,0,,,0,,,0,,,0,,,0,,,0,,,SL,-73.46,82
2026.07.24 18:14,2026.07.24 18:22,BUY,LienKe,4062.089,4058.091,40.0,10.1,37.0,0.25,0.93,1,2,3,0,,,0,,,0,,,0,,,0,,,0,,,0,,,0,,,SL,-39.98,8
2026.07.24 18:05,2026.07.24 18:22,BUY,LienKe,4063.061,4058.091,49.7,14.6,46.7,0.29,0.94,1,0,1,0,,,0,,,0,,,0,,,0,,,0,,,0,,,0,,,SL,-49.70,17
2026.07.27 06:17,2026.07.27 06:41,SELL,LienKe,4095.311,4099.470,41.6,38.5,39.0,0.93,0.94,1,0,1,1,2,8,1,2,8,0,,,0,,,0,,,0,,,0,,,0,,,SL,-41.59,23
2026.07.27 06:15,2026.07.27 06:41,SELL,LienKe,4094.215,4099.470,52.6,27.5,49.9,0.52,0.95,1,4,9,1,4,9,0,,,0,,,0,,,0,,,0,,,0,,,0,,,SL,-52.55,26
2026.07.27 09:48,2026.07.27 10:42,SELL,LienKe,4097.269,4101.534,42.6,107.4,32.5,2.52,0.76,1,12,50,1,12,50,1,17,50,1,22,50,1,23,50,1,23,50,0,,,0,,,0,,,SL,-42.65,54
2026.07.27 09:10,2026.07.27 10:42,SELL,LienKe,4094.754,4101.534,67.8,82.2,57.7,1.21,0.85,1,4,6,1,14,16,1,19,33,1,61,81,1,61,81,0,,,0,,,0,,,0,,,SL,-67.80,92
2026.07.28 01:05,2026.07.28 01:21,BUY,LienKe,4055.763,4050.814,49.5,34.3,38.2,0.69,0.77,1,0,1,1,2,3,1,10,11,0,,,0,,,0,,,0,,,0,,,0,,,SL,-49.49,16
2026.07.28 01:05,2026.07.28 01:21,BUY,LienKe,4059.132,4050.814,83.2,5.1,71.9,0.06,0.86,0,,,0,,,0,,,0,,,0,,,0,,,0,,,0,,,0,,,SL,-83.18,16
2026.07.28 06:54,2026.07.28 08:06,SELL,Swing,4051.213,4055.374,41.6,49.2,19.4,1.18,0.47,1,2,17,1,3,17,1,5,17,0,,,0,,,0,,,0,,,0,,,0,,,SL,-41.61,72
2026.07.28 06:45,2026.07.28 08:06,SELL,Swing,4049.718,4055.374,56.6,34.3,34.4,0.61,0.61,1,0,4,1,15,16,1,73,76,0,,,0,,,0,,,0,,,0,,,0,,,SL,-56.56,81
2026.07.28 15:26,2026.07.28 15:46,SELL,Swing,4038.413,4043.846,54.3,60.9,42.2,1.12,0.78,1,2,2,1,3,10,1,3,10,1,6,10,0,,,0,,,0,,,0,,,0,,,SL,-54.33,20
2026.07.28 15:25,2026.07.28 15:46,SELL,Swing,4035.932,4043.846,79.1,36.1,67.0,0.46,0.85,1,5,8,1,7,8,1,7,8,0,,,0,,,0,,,0,,,0,,,0,,,SL,-79.14,21
2026.07.28 14:25,2026.07.29 07:22,BUY,Swing,4017.561,4008.347,92.1,294.9,75.6,3.20,0.82,1,0,1,1,2,479,1,3,479,1,4,479,1,24,479,1,24,479,1,45,479,1,55,479,0,,,TP,294.65,1017
2026.07.29 14:07,2026.07.29 14:10,BUY,LienKe,4003.499,3998.091,54.1,0.0,47.3,0.00,0.87,0,,,0,,,0,,,0,,,0,,,0,,,0,,,0,,,0,,,SL,-54.08,2
2026.07.29 14:05,2026.07.29 14:10,BUY,LienKe,4006.074,3998.091,79.8,5.8,73.0,0.07,0.91,0,,,0,,,0,,,0,,,0,,,0,,,0,,,0,,,0,,,SL,-79.83,5
2026.07.29 19:05,2026.07.29 19:33,SELL,LienKe,4103.487,4119.406,159.2,233.5,24.0,1.47,0.15,1,0,1,1,0,1,1,0,1,1,2,10,1,3,10,1,5,10,1,16,-,1,21,-,0,,,TP,300.00,28
2026.07.29 20:10,2026.07.29 22:45,BUY,LienKe,4052.842,4039.540,133.0,284.8,89.6,2.14,0.67,1,2,3,1,3,3,1,3,3,1,23,-,1,27,-,1,29,-,1,33,-,1,112,-,0,,,TP,300.00,155
2026.07.30 05:07,2026.07.30 05:18,BUY,LienKe,4043.063,4038.542,45.2,32.9,14.2,0.73,0.31,1,1,10,1,2,10,1,7,10,0,,,0,,,0,,,0,,,0,,,0,,,SL,-45.21,11
2026.07.30 05:05,2026.07.30 05:18,BUY,LienKe,4044.940,4038.542,64.0,14.1,32.9,0.22,0.51,1,10,10,0,,,0,,,0,,,0,,,0,,,0,,,0,,,0,,,SL,-63.98,13
2026.07.30 09:55,2026.07.30 10:16,SELL,LienKe,4066.913,4076.172,92.6,44.2,81.3,0.48,0.88,1,1,6,1,1,6,1,4,6,0,,,0,,,0,,,0,,,0,,,0,,,SL,-92.59,21
2026.07.30 13:22,2026.07.30 13:37,SELL,Swing,4082.026,4089.946,79.2,76.0,33.0,0.96,0.42,1,1,1,1,4,8,1,4,8,1,5,8,0,,,0,,,0,,,0,,,0,,,SL,-79.20,15
2026.07.30 12:35,2026.07.30 13:37,SELL,Swing,4073.592,4089.946,163.5,84.7,117.4,0.52,0.72,1,1,1,1,16,22,1,17,22,1,18,22,1,25,27,0,,,0,,,0,,,0,,,SL,-163.54,62
2026.07.31 11:15,2026.07.31 13:39,SELL,LienKe,4058.258,4062.444,41.9,271.4,31.3,6.48,0.75,1,0,7,1,0,7,1,1,7,1,23,49,1,68,-,1,74,-,1,87,-,1,105,-,0,,,TP,300.00,144
2026.07.31 11:15,2026.07.31 13:40,SELL,LienKe,4056.873,4062.444,55.7,297.6,45.2,5.34,0.81,1,1,2,1,1,2,1,18,49,1,27,49,1,74,-,1,75,-,1,94,-,1,105,-,0,,,TP,300.00,145
2026.07.31 15:15,2026.07.31 17:46,SELL,LienKe,4049.987,4053.873,38.9,131.3,36.9,3.38,0.95,1,1,80,1,2,80,1,2,80,1,2,80,1,13,80,1,15,80,0,,,0,,,0,,,SL,-38.86,151
2026.07.31 15:10,2026.07.31 17:46,SELL,LienKe,4045.897,4053.873,79.8,90.4,77.8,1.13,0.98,1,0,1,1,1,3,1,7,8,1,19,42,1,23,42,0,,,0,,,0,,,0,,,SL,-79.76,156
2026.07.31 14:10,2026.08.02 22:01,BUY,LienKe,4027.183,4017.803,93.8,285.0,15.4,3.04,0.16,1,0,0,1,1,-,1,2,-,1,4,-,1,11,-,1,12,-,1,27,-,1,43,-,0,,,TP,294.65,3351
2026.08.03 04:16,2026.08.03 04:36,SELL,LienKe,4067.313,4071.383,40.7,0.0,40.4,0.00,0.99,0,,,0,,,0,,,0,,,0,,,0,,,0,,,0,,,0,,,SL,-40.70,19
2026.08.03 04:10,2026.08.03 04:36,SELL,LienKe,4065.370,4071.383,60.1,0.0,59.8,0.00,0.99,0,,,0,,,0,,,0,,,0,,,0,,,0,,,0,,,0,,,SL,-60.13,26
2026.08.03 07:25,2026.08.03 09:31,BUY,Swing,4056.247,4048.873,73.7,69.6,71.4,0.94,0.97,1,1,62,1,1,62,1,5,62,1,27,62,0,,,0,,,0,,,0,,,0,,,SL,-73.74,126
2026.08.03 11:25,2026.08.03 12:43,BUY,LienKe,4047.675,4042.314,53.6,170.2,48.6,3.18,0.91,1,1,72,1,1,72,1,8,72,1,15,72,1,23,72,1,24,72,1,27,72,0,,,0,,,SL,-53.61,78
2026.08.03 10:59,2026.08.03 12:43,BUY,LienKe,4047.105,4042.720,43.9,175.9,42.9,4.01,0.98,1,0,18,1,0,18,1,4,18,1,5,18,1,48,98,1,50,98,1,52,98,0,,,0,,,SL,-43.85,104
2026.08.03 10:55,2026.08.03 12:43,BUY,LienKe,4048.617,4042.720,59.0,160.8,58.1,2.73,0.98,1,5,5,1,8,17,1,9,17,1,46,96,1,54,96,1,54,96,1,65,96,0,,,0,,,SL,-58.97,108
2026.08.03 06:05,2026.08.03 13:13,SELL,LienKe,4070.032,4074.245,42.1,290.6,21.7,6.90,0.52,1,1,14,1,2,14,1,5,14,1,29,-,1,29,-,1,58,-,1,72,-,1,205,-,0,,,TP,300.00,428
2026.08.03 06:05,2026.08.03 13:15,SELL,LienKe,4068.171,4074.245,60.7,292.7,40.3,4.82,0.66,1,3,4,1,7,11,1,28,-,1,29,-,1,59,-,1,72,-,1,75,-,1,206,-,0,,,TP,300.00,430
2026.08.03 15:52,2026.08.03 22:01,SELL,LienKe,4039.364,4044.065,47.0,96.5,191.1,2.05,4.07,1,2,49,1,3,49,1,3,49,1,72,170,1,121,170,0,,,0,,,0,,,0,,,SL,-47.01,368
2026.08.03 15:50,2026.08.03 22:01,SELL,LienKe,4037.608,4044.065,64.6,78.9,208.7,1.22,3.23,1,5,13,1,6,13,1,73,88,1,122,140,0,,,0,,,0,,,0,,,0,,,SL,-64.57,371
2026.08.03 23:21,2026.08.04 00:01,SELL,LienKe,4053.986,4058.153,41.7,27.7,35.6,0.67,0.85,1,2,26,1,3,26,0,,,0,,,0,,,0,,,0,,,0,,,0,,,SL,-41.67,40
2026.08.03 23:10,2026.08.04 00:01,SELL,LienKe,4051.919,4058.153,62.3,16.4,56.3,0.26,0.90,1,0,1,0,,,0,,,0,,,0,,,0,,,0,,,0,,,0,,,SL,-62.34,51
2026.08.04 05:35,2026.08.04 08:03,SELL,LienKe,4061.894,4070.652,87.6,60.5,67.4,0.69,0.77,1,2,4,1,5,8,1,19,22,1,58,71,0,,,0,,,0,,,0,,,0,,,SL,-87.58,148
2026.08.04 08:32,2026.08.04 08:46,BUY,LienKe,4061.615,4057.378,42.4,29.5,38.7,0.70,0.91,1,1,4,1,2,4,0,,,0,,,0,,,0,,,0,,,0,,,0,,,SL,-42.37,14
2026.08.04 08:30,2026.08.04 08:46,BUY,LienKe,4063.431,4057.378,60.5,11.4,56.8,0.19,0.94,1,5,5,0,,,0,,,0,,,0,,,0,,,0,,,0,,,0,,,SL,-60.53,16
2026.08.04 10:44,2026.08.04 11:48,BUY,LienKe,4046.942,4042.486,44.6,274.1,3.7,6.15,0.08,1,0,-,1,0,-,1,0,-,1,0,-,1,1,-,1,1,-,1,47,-,1,60,-,0,,,TP,300.00,64
2026.08.04 10:20,2026.08.04 11:48,BUY,LienKe,4048.525,4042.486,60.4,258.3,19.5,4.28,0.32,1,7,9,1,10,20,1,13,20,1,24,-,1,25,-,1,26,-,1,72,-,1,84,-,0,,,TP,300.00,88
2026.08.05 03:20,2026.08.05 04:07,SELL,LienKe,4131.057,4139.533,84.8,34.5,74.4,0.41,0.88,1,9,10,1,10,41,1,14,41,0,,,0,,,0,,,0,,,0,,,0,,,SL,-84.76,47
2026.08.05 16:10,2026.08.05 18:23,BUY,LienKe,4235.457,4221.624,138.3,280.7,37.4,2.03,0.27,1,7,8,1,12,-,1,13,-,1,13,-,1,20,-,1,28,-,1,89,-,1,116,-,0,,,TP,300.00,133
2026.08.05 22:05,2026.08.05 23:12,SELL,LienKe,4248.782,4257.074,82.9,28.4,60.0,0.34,0.72,1,0,3,1,1,3,0,,,0,,,0,,,0,,,0,,,0,,,0,,,SL,-82.92,67
2026.08.06 01:05,2026.08.06 03:25,SELL,LienKe,4293.018,4305.964,129.5,290.8,114.9,2.25,0.89,1,0,2,1,0,2,1,0,2,1,1,2,1,7,33,1,7,33,1,16,33,1,130,-,0,,,TP,300.00,140
2026.08.06 12:49,2026.08.06 12:56,BUY,LienKe,4254.740,4250.182,45.6,18.3,39.8,0.40,0.87,1,0,1,0,,,0,,,0,,,0,,,0,,,0,,,0,,,0,,,SL,-45.58,7
2026.08.06 12:20,2026.08.06 12:56,BUY,LienKe,4257.187,4250.182,70.1,135.7,64.3,1.94,0.92,1,0,6,1,0,6,1,0,6,1,0,6,1,10,29,1,11,29,0,,,0,,,0,,,SL,-70.05,36
2026.08.06 05:35,2026.08.06 13:06,BUY,LienKe,4257.796,4243.969,138.3,269.6,123.0,1.95,0.89,1,0,2,1,0,2,1,0,2,1,6,37,1,8,37,1,17,37,1,176,370,1,204,370,0,,,SL,-138.27,451
2026.08.06 14:34,2026.08.06 15:53,SELL,LienKe,4271.862,4278.336,64.7,262.3,36.1,4.05,0.56,1,5,6,1,12,20,1,14,20,1,15,20,1,16,20,1,42,-,1,43,-,1,49,-,0,,,TP,300.00,79
2026.08.06 14:15,2026.08.06 15:54,SELL,LienKe,4268.435,4278.336,99.0,281.8,70.4,2.85,0.71,1,0,14,1,0,14,1,0,14,1,1,14,1,11,14,1,62,-,1,67,-,1,80,-,0,,,TP,300.00,99
2026.08.07 00:49,2026.08.07 03:58,BUY,Swing,4232.505,4227.337,51.7,295.6,30.0,5.72,0.58,1,1,6,1,1,6,1,11,-,1,11,-,1,12,-,1,12,-,1,32,-,1,54,-,0,,,TP,300.00,189
2026.08.07 00:45,2026.08.07 03:58,BUY,Swing,4234.925,4227.337,75.9,271.4,54.2,3.58,0.71,1,0,1,1,0,1,1,15,-,1,16,-,1,16,-,1,22,-,1,36,-,1,58,-,0,,,TP,300.00,193
2026.08.07 12:14,2026.08.07 12:15,BUY,LienKe,4317.206,4312.466,47.4,0.0,24.7,0.00,0.52,0,,,0,,,0,,,0,,,0,,,0,,,0,,,0,,,0,,,SL,-47.40,1
2026.08.07 12:10,2026.08.07 12:15,BUY,LienKe,4319.405,4312.466,69.4,33.7,46.7,0.49,0.67,1,0,3,1,0,3,1,1,3,0,,,0,,,0,,,0,,,0,,,0,,,SL,-69.39,5
2026.08.09 22:10,2026.08.10 01:00,BUY,LienKe,4339.496,4329.725,97.7,96.6,88.9,0.99,0.91,1,0,12,1,1,12,1,1,12,1,1,12,1,54,105,0,,,0,,,0,,,0,,,SL,-97.71,170
2026.08.10 05:34,2026.08.10 05:40,SELL,LienKe,4339.556,4342.795,32.4,8.8,27.4,0.27,0.85,0,,,0,,,0,,,0,,,0,,,0,,,0,,,0,,,0,,,SL,-32.39,6
2026.08.10 05:10,2026.08.10 05:40,SELL,LienKe,4336.239,4342.795,65.6,45.4,60.6,0.69,0.92,1,2,5,1,2,5,1,8,13,0,,,0,,,0,,,0,,,0,,,0,,,SL,-65.56,30
2026.08.10 10:11,2026.08.10 10:58,BUY,LienKe,4339.769,4336.003,37.7,44.7,23.2,1.19,0.62,1,1,6,1,8,26,1,10,26,0,,,0,,,0,,,0,,,0,,,0,,,SL,-37.66,47
2026.08.10 10:05,2026.08.10 10:58,BUY,LienKe,4340.803,4336.003,48.0,34.3,33.5,0.72,0.70,1,15,28,1,16,28,1,17,28,0,,,0,,,0,,,0,,,0,,,0,,,SL,-48.00,53
2026.08.10 16:08,2026.08.10 18:25,SELL,LienKe,4361.290,4367.251,59.6,120.1,45.8,2.02,0.77,1,23,81,1,23,81,1,23,81,1,23,81,1,23,81,1,23,81,0,,,0,,,0,,,SL,-59.61,137
2026.08.10 16:08,2026.08.10 18:25,SELL,Swing,4361.290,4367.251,59.6,120.1,45.8,2.02,0.77,1,23,81,1,23,81,1,23,81,1,23,81,1,23,81,1,23,81,0,,,0,,,0,,,SL,-59.61,137
2026.08.10 16:05,2026.08.10 18:25,SELL,LienKe,4357.891,4367.251,93.6,86.1,79.8,0.92,0.85,1,26,30,1,26,30,1,26,30,1,26,30,1,27,30,0,,,0,,,0,,,0,,,SL,-93.60,140
2026.08.10 16:05,2026.08.10 18:25,SELL,Swing,4357.891,4367.251,93.6,86.1,79.8,0.92,0.85,1,26,30,1,26,30,1,26,30,1,26,30,1,27,30,0,,,0,,,0,,,0,,,SL,-93.60,140
2026.08.10 22:15,2026.08.10 22:42,SELL,LienKe,4392.084,4396.016,39.3,1.6,24.6,0.04,0.63,0,,,0,,,0,,,0,,,0,,,0,,,0,,,0,,,0,,,SL,-39.32,27
2026.08.10 22:15,2026.08.10 22:42,SELL,LienKe,4391.200,4396.016,48.2,0.0,33.5,0.00,0.69,0,,,0,,,0,,,0,,,0,,,0,,,0,,,0,,,0,,,SL,-48.16,27
2026.08.11 01:28,2026.08.11 01:48,SELL,LienKe,4417.157,4423.490,63.3,24.6,61.0,0.39,0.96,1,16,17,1,16,17,0,,,0,,,0,,,0,,,0,,,0,,,0,,,SL,-63.33,20
2026.08.11 01:25,2026.08.11 01:48,SELL,LienKe,4414.900,4423.490,85.9,11.7,83.6,0.14,0.97,1,0,0,0,,,0,,,0,,,0,,,0,,,0,,,0,,,0,,,SL,-85.90,23
2026.08.11 05:11,2026.08.11 05:12,BUY,LienKe,4404.029,4399.523,45.1,0.0,27.3,0.00,0.61,0,,,0,,,0,,,0,,,0,,,0,,,0,,,0,,,0,,,SL,-45.06,1
2026.08.11 05:10,2026.08.11 05:12,BUY,LienKe,4406.298,4399.523,67.7,0.0,50.0,0.00,0.74,0,,,0,,,0,,,0,,,0,,,0,,,0,,,0,,,0,,,SL,-67.75,2
2026.08.11 10:17,2026.08.11 10:25,SELL,LienKe,4374.696,4379.054,43.6,21.6,34.6,0.50,0.79,1,1,5,1,2,5,0,,,0,,,0,,,0,,,0,,,0,,,0,,,SL,-43.58,8
2026.08.11 10:15,2026.08.11 10:25,SELL,LienKe,4373.208,4379.054,58.5,6.7,49.5,0.12,0.85,0,,,0,,,0,,,0,,,0,,,0,,,0,,,0,,,0,,,SL,-58.46,10
2026.08.11 19:56,2026.08.11 22:28,SELL,LienKe,4372.760,4377.316,45.6,54.8,41.9,1.20,0.92,1,1,2,1,3,123,1,5,123,1,48,123,0,,,0,,,0,,,0,,,0,,,SL,-45.56,152
2026.08.11 19:35,2026.08.11 22:28,SELL,LienKe,4371.082,4377.316,62.3,47.3,58.6,0.76,0.94,1,0,20,1,1,20,1,8,20,0,,,0,,,0,,,0,,,0,,,0,,,SL,-62.34,173
2026.08.11 22:16,2026.08.11 22:46,SELL,Swing,4374.484,4378.458,39.7,6.8,36.1,0.17,0.91,0,,,0,,,0,,,0,,,0,,,0,,,0,,,0,,,0,,,SL,-39.74,29
2026.08.11 22:15,2026.08.11 22:46,SELL,Swing,4373.809,4378.458,46.5,3.1,42.9,0.07,0.92,0,,,0,,,0,,,0,,,0,,,0,,,0,,,0,,,0,,,SL,-46.49,31
2026.08.12 23:45,2026.08.12 23:59,SELL,LienKe,4409.685,4413.493,38.1,16.6,32.2,0.43,0.85,1,3,7,0,,,0,,,0,,,0,,,0,,,0,,,0,,,0,,,SL,-38.08,14
2026.08.12 23:35,2026.08.12 23:59,SELL,LienKe,4408.611,4413.493,48.8,12.2,43.0,0.25,0.88,1,5,7,0,,,0,,,0,,,0,,,0,,,0,,,0,,,0,,,SL,-48.82,24
2026.08.12 18:05,2026.08.13 00:19,BUY,LienKe,4398.973,4393.059,59.1,293.8,8.0,4.97,0.13,1,1,261,1,1,261,1,3,261,1,4,261,1,12,261,1,17,261,1,40,261,1,358,-,0,,,TP,283.95,374
2026.08.12 18:05,2026.08.13 00:19,BUY,Swing,4398.973,4393.059,59.1,293.8,8.0,4.97,0.13,1,1,261,1,1,261,1,3,261,1,4,261,1,12,261,1,17,261,1,40,261,1,358,-,0,,,TP,283.95,374
2026.08.13 13:10,2026.08.13 14:30,SELL,LienKe,4393.552,4405.283,117.3,265.8,21.7,2.27,0.18,1,0,1,1,2,3,1,14,-,1,15,-,1,19,-,1,21,-,1,24,-,1,41,-,0,,,TP,300.00,80
2026.08.13 18:50,2026.08.13 19:13,BUY,LienKe,4355.982,4351.529,44.5,29.5,38.2,0.66,0.86,1,4,11,1,5,11,0,,,0,,,0,,,0,,,0,,,0,,,0,,,SL,-44.53,23
2026.08.13 18:30,2026.08.13 19:13,BUY,LienKe,4357.981,4351.529,64.5,25.3,58.2,0.39,0.90,1,0,0,1,7,11,0,,,0,,,0,,,0,,,0,,,0,,,0,,,SL,-64.52,43
2026.08.14 03:13,2026.08.14 03:30,SELL,LienKe,4321.527,4326.466,49.4,14.8,48.6,0.30,0.98,1,1,3,0,,,0,,,0,,,0,,,0,,,0,,,0,,,0,,,SL,-49.39,17
2026.08.14 03:10,2026.08.14 03:30,SELL,LienKe,4319.507,4326.466,69.6,7.6,68.8,0.11,0.99,0,,,0,,,0,,,0,,,0,,,0,,,0,,,0,,,0,,,SL,-69.59,20
2026.08.14 08:09,2026.08.14 09:14,SELL,LienKe,4345.721,4350.937,52.2,28.3,42.0,0.54,0.80,1,1,2,1,13,19,0,,,0,,,0,,,0,,,0,,,0,,,0,,,SL,-52.16,65
2026.08.14 08:05,2026.08.14 09:14,SELL,LienKe,4342.732,4350.937,82.0,7.6,71.9,0.09,0.88,0,,,0,,,0,,,0,,,0,,,0,,,0,,,0,,,0,,,SL,-82.05,69
2026.08.14 10:10,2026.08.14 11:34,SELL,LienKe,4355.956,4361.772,58.2,76.7,49.9,1.32,0.86,1,4,70,1,6,70,1,9,70,1,19,70,0,,,0,,,0,,,0,,,0,,,SL,-58.16,84
2026.08.14 16:05,2026.08.17 00:57,SELL,LienKe,4390.944,4399.816,88.7,237.0,79.9,2.67,0.90,1,4,10,1,6,10,1,21,3383,1,25,3383,1,28,3383,1,28,3383,1,160,3383,1,3327,3383,0,,,SL,-88.72,3412
2026.08.17 03:27,2026.08.17 12:26,BUY,LienKe,4389.025,4384.838,41.9,223.7,22.4,5.34,0.54,1,1,64,1,2,64,1,2,64,1,5,64,1,15,64,1,35,64,1,205,-,1,249,-,0,,,SL,-41.87,539
2026.08.17 03:20,2026.08.17 12:26,BUY,LienKe,4391.166,4384.838,63.3,202.3,43.9,3.20,0.69,1,9,10,1,9,10,1,12,68,1,22,68,1,42,68,1,132,-,1,250,-,1,257,-,0,,,SL,-63.28,546
2026.08.17 02:39,2026.08.17 12:26,BUY,LienKe,4391.743,4386.691,50.5,196.5,49.6,3.89,0.98,1,2,6,1,2,6,1,4,6,1,63,109,1,170,570,1,252,570,1,291,570,0,,,0,,,SL,-50.52,587
2026.08.17 02:25,2026.08.17 12:26,BUY,LienKe,4394.918,4386.691,82.3,164.8,81.4,2.00,0.99,1,1,4,1,1,4,1,6,8,1,185,190,1,267,381,1,304,381,1,312,381,0,,,0,,,SL,-82.27,601
2026.08.18 01:10,2026.08.18 02:06,SELL,LienKe,4430.305,4439.253,89.5,292.1,19.0,3.26,0.21,1,0,0,1,6,-,1,6,-,1,8,-,1,11,-,1,31,-,1,34,-,1,35,-,0,,,TP,300.00,56
2026.08.18 12:25,2026.08.18 13:41,SELL,LienKe,4395.889,4403.978,80.9,198.9,76.6,2.46,0.95,1,0,1,1,0,1,1,2,4,1,35,38,1,65,67,1,65,67,1,65,67,0,,,0,,,SL,-80.89,76
2026.08.18 12:25,2026.08.18 13:41,SELL,Swing,4395.889,4403.978,80.9,198.9,76.6,2.46,0.95,1,0,1,1,0,1,1,2,4,1,35,38,1,65,67,1,65,67,1,65,67,0,,,0,,,SL,-80.89,76
2026.08.18 17:37,2026.08.18 17:48,BUY,LienKe,4362.900,4358.282,46.2,22.6,44.9,0.49,0.97,1,3,4,1,3,4,0,,,0,,,0,,,0,,,0,,,0,,,0,,,SL,-46.18,11
2026.08.18 17:35,2026.08.18 17:48,BUY,LienKe,4364.723,4358.282,64.4,4.9,63.2,0.08,0.98,0,,,0,,,0,,,0,,,0,,,0,,,0,,,0,,,0,,,SL,-64.41,13
2026.08.19 08:10,2026.08.19 10:16,SELL,Swing,4361.147,4366.075,49.3,77.1,35.4,1.56,0.72,1,3,4,1,10,14,1,11,14,1,46,99,0,,,0,,,0,,,0,,,0,,,SL,-49.28,126
2026.08.19 07:40,2026.08.19 10:16,SELL,Swing,4357.581,4366.075,84.9,63.9,71.1,0.75,0.84,1,1,12,1,3,12,1,3,12,1,22,24,0,,,0,,,0,,,0,,,0,,,SL,-84.94,156
2026.08.19 17:15,2026.08.19 17:31,BUY,LienKe,4490.680,4485.809,48.7,5.3,46.7,0.11,0.96,0,,,0,,,0,,,0,,,0,,,0,,,0,,,0,,,0,,,SL,-48.71,16
2026.08.19 17:15,2026.08.19 17:31,BUY,LienKe,4492.867,4485.809,70.6,0.0,68.6,0.00,0.97,0,,,0,,,0,,,0,,,0,,,0,,,0,,,0,,,0,,,SL,-70.58,16
2026.08.19 16:07,2026.08.19 19:08,SELL,LienKe,4495.627,4500.539,49.1,234.4,40.1,4.77,0.82,1,13,13,1,19,27,1,19,27,1,64,116,1,71,116,1,84,116,1,139,166,1,141,166,0,,,SL,-49.12,181
2026.08.19 16:05,2026.08.19 19:08,SELL,LienKe,4493.183,4500.539,73.6,210.0,64.5,2.85,0.88,1,1,2,1,1,2,1,66,69,1,73,117,1,86,117,1,132,166,1,141,166,1,143,166,0,,,SL,-73.56,183
2026.08.19 23:26,2026.08.19 23:54,BUY,LienKe,4516.971,4512.122,48.5,13.3,48.1,0.27,0.99,1,1,2,0,,,0,,,0,,,0,,,0,,,0,,,0,,,0,,,SL,-48.49,27
2026.08.19 23:25,2026.08.19 23:54,BUY,LienKe,4519.337,4512.122,72.2,0.0,71.8,0.00,0.99,0,,,0,,,0,,,0,,,0,,,0,,,0,,,0,,,0,,,SL,-72.15,29
2026.08.19 22:10,2026.08.20 01:49,SELL,LienKe,4520.858,4530.584,97.3,290.1,31.3,2.98,0.32,1,0,2,1,22,38,1,29,38,1,73,127,1,103,127,1,110,127,1,152,-,1,171,-,0,,,TP,300.00,219
2026.08.20 03:15,2026.08.20 05:14,BUY,LienKe,4492.901,4484.776,81.3,81.5,66.9,1.00,0.82,1,6,6,1,8,15,1,8,15,1,19,73,1,40,73,0,,,0,,,0,,,0,,,SL,-81.25,119
2026.08.20 14:11,2026.08.20 14:24,SELL,LienKe,4487.152,4493.796,66.4,51.7,47.0,0.78,0.71,1,0,1,1,0,1,1,4,5,1,8,9,0,,,0,,,0,,,0,,,0,,,SL,-66.44,13
2026.08.20 14:05,2026.08.20 14:24,SELL,LienKe,4483.291,4493.796,105.1,23.5,85.7,0.22,0.82,1,0,1,1,1,1,0,,,0,,,0,,,0,,,0,,,0,,,0,,,SL,-105.05,19
2026.08.20 16:25,2026.08.20 16:27,BUY,LienKe,4509.832,4505.445,43.9,0.0,22.4,0.00,0.51,0,,,0,,,0,,,0,,,0,,,0,,,0,,,0,,,0,,,SL,-43.87,2
2026.08.20 16:25,2026.08.20 16:27,BUY,LienKe,4512.116,4505.445,66.7,0.0,45.2,0.00,0.68,0,,,0,,,0,,,0,,,0,,,0,,,0,,,0,,,0,,,SL,-66.71,2
2026.08.20 18:26,2026.08.20 18:52,SELL,LienKe,4518.544,4525.490,69.5,6.0,64.0,0.09,0.92,0,,,0,,,0,,,0,,,0,,,0,,,0,,,0,,,0,,,SL,-69.46,26
2026.08.20 18:10,2026.08.20 18:52,SELL,LienKe,4516.604,4525.490,88.9,82.9,83.4,0.93,0.94,1,0,11,1,0,11,1,1,11,1,2,11,1,6,11,0,,,0,,,0,,,0,,,SL,-88.86,42
2026.08.21 00:29,2026.08.21 00:41,BUY,Swing,4516.052,4511.417,46.3,10.6,45.4,0.23,0.98,1,2,3,0,,,0,,,0,,,0,,,0,,,0,,,0,,,0,,,SL,-46.35,12
2026.08.21 00:20,2026.08.21 00:41,BUY,Swing,4517.971,4511.417,65.5,28.4,64.6,0.43,0.99,1,3,4,1,5,8,0,,,0,,,0,,,0,,,0,,,0,,,0,,,SL,-65.54,21
2026.08.21 05:15,2026.08.21 05:17,BUY,LienKe,4536.028,4531.528,45.0,0.0,21.4,0.00,0.47,0,,,0,,,0,,,0,,,0,,,0,,,0,,,0,,,0,,,SL,-45.00,2
2026.08.21 05:15,2026.08.21 05:17,BUY,LienKe,4537.435,4531.528,59.1,13.5,35.4,0.23,0.60,1,0,0,0,,,0,,,0,,,0,,,0,,,0,,,0,,,0,,,SL,-59.07,2
2026.08.21 11:40,2026.08.21 12:38,SELL,Swing,4597.384,4607.593,102.1,277.9,46.5,2.72,0.46,1,0,4,1,0,4,1,1,4,1,29,-,1,32,-,1,38,-,1,41,-,1,52,-,0,,,TP,300.00,58
2026.08.21 19:28,2026.08.21 20:00,BUY,LienKe,4619.777,4615.403,43.7,40.3,42.3,0.92,0.97,1,19,27,1,20,27,1,21,27,0,,,0,,,0,,,0,,,0,,,0,,,SL,-43.74,32
2026.08.21 19:10,2026.08.21 20:00,BUY,LienKe,4621.267,4615.403,58.6,25.4,57.2,0.43,0.98,1,2,6,1,3,6,0,,,0,,,0,,,0,,,0,,,0,,,0,,,SL,-58.64,50
2026.08.21 20:08,2026.08.21 20:19,BUY,LienKe,4616.056,4611.954,41.0,16.4,34.7,0.40,0.85,1,4,8,0,,,0,,,0,,,0,,,0,,,0,,,0,,,0,,,SL,-41.02,11
2026.08.21 20:05,2026.08.21 20:19,BUY,LienKe,4617.734,4611.954,57.8,0.0,51.5,0.00,0.89,0,,,0,,,0,,,0,,,0,,,0,,,0,,,0,,,0,,,SL,-57.80,14
2026.08.23 23:10,2026.08.24 00:07,BUY,LienKe,4608.135,4601.499,66.4,287.3,14.0,4.33,0.21,1,2,2,1,11,32,1,11,32,1,15,32,1,16,32,1,24,32,1,45,-,1,55,-,0,,,TP,300.00,57
2026.08.24 05:10,2026.08.24 05:17,SELL,LienKe,4641.493,4645.946,44.5,10.0,43.2,0.23,0.97,1,3,4,0,,,0,,,0,,,0,,,0,,,0,,,0,,,0,,,SL,-44.53,7
2026.08.24 05:10,2026.08.24 05:17,SELL,LienKe,4639.910,4645.946,60.4,6.6,59.1,0.11,0.98,0,,,0,,,0,,,0,,,0,,,0,,,0,,,0,,,0,,,SL,-60.36,7
2026.08.24 14:51,2026.08.24 15:48,BUY,LienKe,4660.193,4652.215,79.8,195.6,55.2,2.45,0.69,1,2,52,1,2,52,1,2,52,1,2,52,1,3,52,1,5,52,1,6,52,0,,,0,,,SL,-79.78,57
2026.08.24 14:20,2026.08.24 15:48,BUY,LienKe,4665.489,4652.215,132.7,142.7,108.2,1.07,0.81,1,0,4,1,0,4,1,0,4,1,7,29,1,8,29,1,14,29,0,,,0,,,0,,,SL,-132.74,88
2026.08.25 00:07,2026.08.25 00:32,SELL,LienKe,4684.504,4692.206,77.0,77.2,76.3,1.00,0.99,1,1,1,1,2,5,1,2,5,1,12,23,0,,,0,,,0,,,0,,,0,,,SL,-77.02,24
2026.08.25 00:05,2026.08.25 00:32,SELL,LienKe,4677.141,4692.206,150.7,15.2,149.9,0.10,1.00,1,0,0,0,,,0,,,0,,,0,,,0,,,0,,,0,,,0,,,SL,-150.65,27
2026.08.25 01:15,2026.08.25 01:24,BUY,LienKe,4673.784,4667.592,61.9,63.0,61.5,1.02,0.99,1,1,7,1,1,7,1,1,7,1,1,7,0,,,0,,,0,,,0,,,0,,,SL,-61.92,9
2026.08.25 01:10,2026.08.25 01:24,BUY,LienKe,4678.738,4667.592,111.5,13.7,111.0,0.12,1.00,1,0,0,0,,,0,,,0,,,0,,,0,,,0,,,0,,,0,,,SL,-111.46,14
2026.08.25 03:04,2026.08.25 06:25,BUY,Swing,4622.312,4614.730,75.8,299.3,2.8,3.95,0.04,1,0,-,1,1,-,1,1,-,1,1,-,1,2,-,1,2,-,1,5,-,1,134,-,0,,,TP,300.00,201
2026.08.25 07:28,2026.08.25 07:51,BUY,LienKe,4637.678,4633.242,44.4,29.6,38.8,0.67,0.87,1,3,4,1,16,19,0,,,0,,,0,,,0,,,0,,,0,,,0,,,SL,-44.36,23
2026.08.25 07:10,2026.08.25 07:51,BUY,LienKe,4641.144,4633.242,79.0,27.1,73.5,0.34,0.93,1,9,10,1,13,14,0,,,0,,,0,,,0,,,0,,,0,,,0,,,SL,-79.02,41
2026.08.25 03:00,2026.08.25 07:56,BUY,Swing,4629.718,4614.730,149.9,238.2,76.9,1.59,0.51,1,0,0,1,6,86,1,6,86,1,7,86,1,9,86,1,33,86,1,140,-,1,190,-,0,,,SL,0.00,296
2026.08.25 19:05,2026.08.25 19:10,SELL,LienKe,4656.107,4660.848,47.4,2.9,44.5,0.06,0.94,0,,,0,,,0,,,0,,,0,,,0,,,0,,,0,,,0,,,SL,-47.41,5
2026.08.25 19:05,2026.08.25 19:10,SELL,LienKe,4654.155,4660.848,66.9,4.9,64.0,0.07,0.96,0,,,0,,,0,,,0,,,0,,,0,,,0,,,0,,,0,,,SL,-66.93,5
2026.08.26 03:06,2026.08.26 03:08,BUY,LienKe,4654.933,4650.030,49.0,0.0,47.6,0.00,0.97,0,,,0,,,0,,,0,,,0,,,0,,,0,,,0,,,0,,,SL,-49.03,2
2026.08.26 03:05,2026.08.26 03:08,BUY,LienKe,4657.155,4650.030,71.3,0.5,69.8,0.01,0.98,0,,,0,,,0,,,0,,,0,,,0,,,0,,,0,,,0,,,SL,-71.25,3
2026.08.26 09:16,2026.08.26 09:21,BUY,Swing,4623.872,4619.086,47.9,0.0,39.9,0.00,0.83,0,,,0,,,0,,,0,,,0,,,0,,,0,,,0,,,0,,,SL,-47.86,4
2026.08.26 08:25,2026.08.26 09:21,BUY,Swing,4626.549,4619.086,74.6,45.2,66.6,0.61,0.89,1,0,1,1,2,5,1,4,5,0,,,0,,,0,,,0,,,0,,,0,,,SL,-74.63,56
2026.08.27 00:05,2026.08.27 01:39,SELL,LienKe,4624.455,4630.152,57.0,238.1,56.6,4.18,0.99,1,0,69,1,0,69,1,0,69,1,1,69,1,8,69,1,12,69,1,37,69,1,47,69,0,,,SL,-56.97,94
2026.08.27 05:29,2026.08.27 05:30,BUY,LienKe,4617.338,4612.963,43.8,25.7,5.9,0.59,0.13,1,0,-,1,0,-,0,,,0,,,0,,,0,,,0,,,0,,,0,,,SL,-43.75,1
2026.08.27 05:05,2026.08.27 05:30,BUY,LienKe,4620.329,4612.963,73.7,13.9,35.8,0.19,0.49,1,4,4,0,,,0,,,0,,,0,,,0,,,0,,,0,,,0,,,SL,-73.66,25
2026.08.27 02:08,2026.08.27 05:32,SELL,LienKe,4641.570,4646.181,46.1,297.1,12.0,6.44,0.26,1,0,1,1,0,1,1,10,-,1,19,-,1,21,-,1,23,-,1,29,-,1,140,-,0,,,TP,300.00,204
2026.08.27 02:05,2026.08.27 05:35,SELL,LienKe,4638.779,4646.181,74.0,294.0,39.9,3.97,0.54,1,13,13,1,22,79,1,23,79,1,23,79,1,26,79,1,28,79,1,136,-,1,149,-,0,,,TP,300.00,210
2026.08.27 13:32,2026.08.27 13:34,BUY,LienKe,4582.715,4576.467,62.5,24.1,14.0,0.39,0.22,1,1,-,1,1,-,0,,,0,,,0,,,0,,,0,,,0,,,0,,,SL,-62.48,2
2026.08.27 13:05,2026.08.27 13:34,BUY,LienKe,4588.432,4576.467,119.7,49.8,71.2,0.42,0.59,1,0,1,1,1,1,1,21,26,0,,,0,,,0,,,0,,,0,,,0,,,SL,-119.65,29
2026.08.27 12:20,2026.08.27 13:48,SELL,LienKe,4599.856,4604.273,44.2,278.9,11.9,6.32,0.27,1,0,-,1,0,-,1,0,-,1,8,-,1,17,-,1,17,-,1,28,-,1,40,-,0,,,TP,300.00,88
2026.08.27 12:05,2026.08.27 13:48,SELL,LienKe,4598.446,4604.273,58.3,264.8,26.0,4.55,0.45,1,0,15,1,0,15,1,1,15,1,9,15,1,32,-,1,33,-,1,44,-,1,89,-,0,,,TP,300.00,103
2026.08.27 13:54,2026.08.27 15:40,BUY,Swing,4570.858,4561.795,90.6,286.2,26.4,3.16,0.29,1,0,6,1,1,6,1,1,6,1,2,6,1,11,-,1,23,-,1,40,-,1,42,-,0,,,TP,300.00,106
2026.08.27 13:50,2026.08.27 15:53,BUY,Swing,4577.120,4561.795,153.2,290.9,89.0,1.90,0.58,1,0,3,1,0,3,1,0,3,1,1,3,1,40,-,1,45,-,1,53,-,1,54,-,0,,,TP,300.00,123
2026.08.27 22:00,2026.08.27 23:47,BUY,Swing,4606.683,4596.905,97.8,48.6,86.0,0.50,0.88,1,21,26,1,33,50,1,40,50,0,,,0,,,0,,,0,,,0,,,0,,,SL,-97.78,107
2026.08.27 23:28,2026.08.27 23:48,BUY,LienKe,4600.960,4596.693,42.7,14.8,41.8,0.35,0.98,1,8,9,0,,,0,,,0,,,0,,,0,,,0,,,0,,,0,,,SL,-42.67,20
2026.08.27 23:28,2026.08.27 23:48,BUY,Swing,4600.960,4596.693,42.7,14.8,41.8,0.35,0.98,1,8,9,0,,,0,,,0,,,0,,,0,,,0,,,0,,,0,,,SL,-42.67,20
2026.08.27 23:25,2026.08.27 23:48,BUY,LienKe,4602.759,4596.693,60.7,1.1,59.8,0.02,0.98,0,,,0,,,0,,,0,,,0,,,0,,,0,,,0,,,0,,,SL,-60.66,23
2026.08.27 23:25,2026.08.27 23:48,BUY,Swing,4602.759,4596.693,60.7,1.1,59.8,0.02,0.98,0,,,0,,,0,,,0,,,0,,,0,,,0,,,0,,,0,,,SL,-60.66,23
2026.08.28 04:39,2026.08.28 05:39,BUY,LienKe,4578.488,4574.778,37.1,79.5,36.1,2.14,0.97,1,1,6,1,8,30,1,9,30,1,17,30,0,,,0,,,0,,,0,,,0,,,SL,-37.10,60
2026.08.28 04:10,2026.08.28 05:39,BUY,LienKe,4579.175,4574.778,44.0,72.6,42.9,1.65,0.98,1,3,5,1,6,28,1,8,28,1,11,28,0,,,0,,,0,,,0,,,0,,,SL,-43.97,89
2026.08.28 13:25,2026.08.28 13:46,SELL,LienKe,4602.978,4608.511,55.3,39.4,52.6,0.71,0.95,1,0,3,1,0,3,1,1,3,0,,,0,,,0,,,0,,,0,,,0,,,SL,-55.33,21
2026.08.28 13:10,2026.08.28 13:46,SELL,LienKe,4600.389,4608.511,81.2,65.8,78.5,0.81,0.97,1,0,2,1,1,2,1,5,14,1,5,14,0,,,0,,,0,,,0,,,0,,,SL,-81.22,36
2026.08.30 22:25,2026.08.31 00:36,SELL,LienKe,4462.385,4469.004,66.2,265.1,54.9,4.00,0.83,1,2,15,1,2,15,1,3,15,1,6,15,1,9,15,1,65,108,1,76,108,1,80,108,0,,,SL,-66.19,131
2026.08.30 22:25,2026.08.31 00:36,SELL,LienKe,4462.331,4469.004,66.7,264.5,55.5,3.96,0.83,1,0,0,1,2,16,1,3,16,1,6,16,1,9,16,1,65,108,1,76,108,1,80,108,0,,,SL,-66.73,131
2026.08.31 01:07,2026.08.31 02:00,BUY,LienKe,4447.090,4434.952,121.4,74.2,113.2,0.61,0.93,1,10,10,1,10,10,1,11,13,1,12,13,0,,,0,,,0,,,0,,,0,,,SL,-121.38,53
2026.08.31 10:14,2026.08.31 11:02,SELL,Swing,4451.031,4456.794,57.6,42.4,54.2,0.74,0.94,1,2,22,1,2,22,1,3,22,0,,,0,,,0,,,0,,,0,,,0,,,SL,-57.63,47
2026.08.31 10:10,2026.08.31 11:02,SELL,Swing,4448.323,4456.794,84.7,20.4,81.3,0.24,0.96,1,2,2,1,2,2,0,,,0,,,0,,,0,,,0,,,0,,,0,,,SL,-84.71,52
2026.09.01 07:37,2026.09.01 07:39,BUY,Swing,4422.314,4416.120,61.9,0.0,29.2,0.00,0.47,0,,,0,,,0,,,0,,,0,,,0,,,0,,,0,,,0,,,SL,-61.94,2
2026.09.01 07:35,2026.09.01 07:39,BUY,Swing,4425.857,4416.120,97.4,0.4,64.6,0.00,0.66,0,,,0,,,0,,,0,,,0,,,0,,,0,,,0,,,0,,,SL,-97.37,4
2026.09.02 00:06,2026.09.02 01:02,BUY,LienKe,4320.129,4312.569,75.6,143.6,62.0,1.90,0.82,1,1,5,1,1,5,1,2,5,1,2,5,1,8,47,1,9,47,0,,,0,,,0,,,SL,-75.60,56
2026.09.02 00:06,2026.09.02 01:02,BUY,Swing,4320.129,4312.569,75.6,143.6,62.0,1.90,0.82,1,1,5,1,1,5,1,2,5,1,2,5,1,8,47,1,9,47,0,,,0,,,0,,,SL,-75.60,56
2026.09.02 00:05,2026.09.02 01:02,BUY,Swing,4329.709,4312.569,171.4,47.8,157.8,0.28,0.92,1,11,11,1,12,14,1,12,14,0,,,0,,,0,,,0,,,0,,,0,,,SL,-171.40,57
2026.09.02 07:24,2026.09.02 12:00,SELL,LienKe,4328.961,4334.118,51.6,269.6,42.6,5.23,0.83,1,1,2,1,1,2,1,1,2,1,19,44,1,26,44,1,87,250,1,90,250,1,121,250,0,,,SL,-51.57,276
2026.09.02 07:15,2026.09.02 12:00,SELL,LienKe,4326.748,4334.118,73.7,247.4,64.7,3.36,0.88,1,6,7,1,27,49,1,28,49,1,35,49,1,96,257,1,98,257,1,126,257,1,130,257,0,,,SL,-73.70,285
2026.09.02 11:54,2026.09.02 12:04,SELL,Swing,4328.496,4335.959,74.6,0.0,60.9,0.00,0.82,0,,,0,,,0,,,0,,,0,,,0,,,0,,,0,,,0,,,SL,-74.63,10
2026.09.02 11:45,2026.09.02 12:04,SELL,Swing,4324.820,4335.959,111.4,13.0,97.7,0.12,0.88,1,0,0,0,,,0,,,0,,,0,,,0,,,0,,,0,,,0,,,SL,-111.39,19
2026.09.02 08:20,2026.09.02 12:04,SELL,LienKe,4325.564,4334.733,91.7,235.6,90.2,2.57,0.98,1,1,2,1,7,10,1,12,19,1,15,19,1,32,192,1,34,192,1,63,192,1,67,192,0,,,SL,-91.69,224
2026.09.03 02:11,2026.09.03 02:50,SELL,LienKe,4413.234,4418.521,52.9,64.1,51.8,1.21,0.98,1,0,1,1,0,1,1,2,5,1,12,19,0,,,0,,,0,,,0,,,0,,,SL,-52.87,39
2026.09.03 02:05,2026.09.03 02:50,SELL,LienKe,4410.810,4418.521,77.1,39.9,76.1,0.52,0.99,1,4,5,1,18,19,1,18,19,0,,,0,,,0,,,0,,,0,,,0,,,SL,-77.11,45
2026.09.03 05:05,2026.09.03 08:05,SELL,LienKe,4436.502,4443.370,68.7,174.5,51.8,2.54,0.75,1,0,44,1,0,44,1,1,44,1,4,44,1,10,44,1,15,44,1,78,178,0,,,0,,,SL,-68.68,180
2026.09.03 08:21,2026.09.03 12:03,SELL,Swing,4439.108,4446.700,75.9,200.0,70.0,2.63,0.92,1,1,6,1,2,6,1,2,6,1,18,25,1,77,199,1,84,199,1,109,199,1,123,199,0,,,SL,-75.92,222
2026.09.03 08:10,2026.09.03 12:03,SELL,Swing,4435.478,4446.700,112.2,163.7,106.3,1.46,0.95,1,0,0,1,1,2,1,3,7,1,94,185,1,96,185,1,119,185,1,134,185,0,,,0,,,SL,-112.22,233
2026.09.03 17:05,2026.09.03 18:29,BUY,LienKe,4487.387,4480.130,72.6,73.7,65.3,1.01,0.90,1,0,1,1,16,51,1,17,51,1,24,51,0,,,0,,,0,,,0,,,0,,,SL,-72.57,84
2026.09.04 06:24,2026.09.04 06:37,BUY,LienKe,4467.654,4463.508,41.5,40.5,34.9,0.98,0.84,1,1,7,1,1,7,1,2,7,0,,,0,,,0,,,0,,,0,,,0,,,SL,-41.46,13
2026.09.04 06:20,2026.09.04 06:37,BUY,LienKe,4468.952,4463.508,54.4,27.5,47.9,0.51,0.88,1,0,2,1,0,2,0,,,0,,,0,,,0,,,0,,,0,,,0,,,SL,-54.44,17
2026.09.07 10:11,2026.09.07 10:22,BUY,LienKe,4403.671,4399.556,41.2,10.7,40.7,0.26,0.99,1,8,9,0,,,0,,,0,,,0,,,0,,,0,,,0,,,0,,,SL,-41.15,11
2026.09.07 10:10,2026.09.07 10:22,BUY,LienKe,4404.988,4399.556,54.3,0.2,53.9,0.00,0.99,0,,,0,,,0,,,0,,,0,,,0,,,0,,,0,,,0,,,SL,-54.32,12
2026.09.07 16:15,2026.09.07 23:35,SELL,LienKe,4415.114,4420.377,52.6,116.7,31.3,2.22,0.59,1,2,45,1,4,45,1,24,45,1,79,438,1,105,438,1,119,438,0,,,0,,,0,,,SL,-52.63,440
2026.09.08 03:59,2026.09.08 04:05,SELL,LienKe,4438.318,4443.003,46.8,5.2,42.0,0.11,0.90,0,,,0,,,0,,,0,,,0,,,0,,,0,,,0,,,0,,,SL,-46.85,6
2026.09.08 03:25,2026.09.08 04:05,SELL,LienKe,4436.696,4443.003,63.1,61.1,58.2,0.97,0.92,1,0,24,1,1,24,1,2,24,1,3,24,0,,,0,,,0,,,0,,,0,,,SL,-63.07,40
2026.09.08 09:40,2026.09.08 09:41,SELL,LienKe,4398.293,4402.279,39.9,0.0,32.0,0.00,0.80,0,,,0,,,0,,,0,,,0,,,0,,,0,,,0,,,0,,,SL,-39.86,1
2026.09.08 09:20,2026.09.08 09:41,SELL,LienKe,4396.925,4402.279,53.5,59.5,45.7,1.11,0.85,1,1,12,1,1,12,1,6,12,1,10,12,0,,,0,,,0,,,0,,,0,,,SL,-53.54,21
2026.09.08 11:15,2026.09.08 12:15,BUY,LienKe,4395.111,4388.004,71.1,128.8,48.9,1.81,0.69,1,0,57,1,1,57,1,1,57,1,1,57,1,18,57,1,20,57,0,,,0,,,0,,,SL,-71.07,60
2026.09.08 08:09,2026.09.08 12:15,BUY,LienKe,4389.957,4385.616,43.4,180.4,22.6,4.16,0.52,1,3,4,1,3,4,1,10,12,1,16,-,1,25,-,1,91,-,1,102,-,0,,,0,,,SL,-43.41,246
2026.09.08 08:05,2026.09.08 12:15,BUY,LienKe,4391.429,4385.616,58.1,165.6,37.3,2.85,0.64,1,0,3,1,1,3,1,1,3,1,20,40,1,95,187,1,96,187,1,135,187,0,,,0,,,SL,-58.13,250
2026.09.08 11:41,2026.09.08 12:59,SELL,LienKe,4406.438,4410.994,45.6,210.3,20.7,4.62,0.46,1,0,2,1,3,18,1,3,18,1,6,18,1,11,18,1,31,51,1,33,51,1,34,51,0,,,SL,-45.56,78
2026.09.08 11:40,2026.09.08 12:59,SELL,LienKe,4404.553,4410.994,64.4,191.4,39.6,2.97,0.61,1,4,5,1,6,18,1,7,18,1,8,18,1,32,52,1,32,52,1,35,52,0,,,0,,,SL,-64.41,79
2026.09.08 10:25,2026.09.08 12:59,SELL,LienKe,4400.681,4410.072,93.9,152.7,78.3,1.63,0.83,1,4,51,1,4,51,1,8,51,1,12,51,1,47,51,1,109,124,1,110,124,0,,,0,,,SL,-93.91,154
2026.09.08 16:07,2026.09.08 16:09,BUY,LienKe,4392.893,4388.082,48.1,0.0,33.1,0.00,0.69,0,,,0,,,0,,,0,,,0,,,0,,,0,,,0,,,0,,,SL,-48.11,2
2026.09.08 16:05,2026.09.08 16:09,BUY,LienKe,4394.835,4388.082,67.5,0.0,52.6,0.00,0.78,0,,,0,,,0,,,0,,,0,,,0,,,0,,,0,,,0,,,SL,-67.53,4
2026.09.08 12:20,2026.09.08 16:09,BUY,LienKe,4391.103,4382.152,89.5,220.8,37.5,2.47,0.42,1,0,2,1,0,2,1,0,2,1,1,2,1,7,82,1,9,82,1,12,82,1,39,82,0,,,SL,-89.51,229
2026.09.08 12:20,2026.09.08 16:09,BUY,Swing,4388.304,4382.152,61.5,248.8,9.5,4.04,0.15,1,0,-,1,0,-,1,0,-,1,0,-,1,1,-,1,6,-,1,10,-,1,39,-,0,,,SL,-61.52,229
2026.09.08 12:20,2026.09.08 16:09,BUY,LienKe,4391.662,4382.152,95.1,215.2,43.1,2.26,0.45,1,0,2,1,0,2,1,1,2,1,5,82,1,9,82,1,9,82,1,12,82,1,39,82,0,,,SL,-95.10,229
2026.09.08 12:20,2026.09.08 16:09,BUY,Swing,4391.662,4382.152,95.1,215.2,43.1,2.26,0.45,1,0,2,1,0,2,1,1,2,1,5,82,1,9,82,1,9,82,1,12,82,1,39,82,0,,,SL,-95.10,229
2026.09.09 00:16,2026.09.09 00:25,BUY,Swing,4346.843,4341.445,54.0,18.2,42.4,0.34,0.79,1,2,2,0,,,0,,,0,,,0,,,0,,,0,,,0,,,0,,,SL,-53.98,8
2026.09.09 00:11,2026.09.09 00:25,BUY,LienKe,4348.079,4341.445,66.3,45.4,54.8,0.68,0.83,1,0,5,1,0,5,1,0,5,0,,,0,,,0,,,0,,,0,,,0,,,SL,-66.34,14
2026.09.09 00:10,2026.09.09 00:25,BUY,LienKe,4349.265,4341.445,78.2,33.6,66.6,0.43,0.85,1,0,1,1,1,5,1,1,5,0,,,0,,,0,,,0,,,0,,,0,,,SL,-78.20,15
2026.09.09 00:10,2026.09.09 00:25,BUY,Swing,4349.265,4341.445,78.2,33.6,66.6,0.43,0.85,1,0,1,1,1,5,1,1,5,0,,,0,,,0,,,0,,,0,,,0,,,SL,-78.20,15
2026.09.09 10:05,2026.09.09 13:22,BUY,LienKe,4390.403,4383.168,72.4,291.2,10.5,4.03,0.14,1,0,9,1,2,9,1,7,9,1,15,-,1,32,-,1,48,-,1,79,-,1,104,-,0,,,TP,300.00,197
2026.09.09 15:11,2026.09.09 15:22,BUY,Swing,4385.798,4377.207,85.9,77.1,59.3,0.90,0.69,1,0,1,1,0,1,1,0,1,1,3,3,0,,,0,,,0,,,0,,,0,,,SL,-85.91,11
2026.09.09 15:10,2026.09.09 15:22,BUY,Swing,4391.582,4377.207,143.8,19.3,117.1,0.13,0.81,1,0,0,0,,,0,,,0,,,0,,,0,,,0,,,0,,,0,,,SL,-143.75,12
2026.09.10 02:51,2026.09.10 05:32,SELL,LienKe,4419.484,4423.894,44.1,137.4,38.2,3.12,0.87,1,5,6,1,7,8,1,12,145,1,17,145,1,35,145,1,36,145,0,,,0,,,0,,,SL,-44.10,161
2026.09.10 02:45,2026.09.10 05:32,SELL,LienKe,4418.309,4423.894,55.9,125.7,50.0,2.25,0.89,1,1,1,1,5,5,1,21,148,1,23,148,1,41,148,1,54,148,0,,,0,,,0,,,SL,-55.85,167
2026.09.10 08:30,2026.09.10 08:33,BUY,LienKe,4404.765,4400.807,39.6,13.7,35.6,0.35,0.90,1,0,1,0,,,0,,,0,,,0,,,0,,,0,,,0,,,0,,,SL,-39.58,3
2026.09.10 08:30,2026.09.10 08:33,BUY,LienKe,4405.713,4400.807,49.1,4.2,45.0,0.09,0.92,0,,,0,,,0,,,0,,,0,,,0,,,0,,,0,,,0,,,SL,-49.06,3
