time_vao,time_dong,chieu,nguon,gia_vao,sl_goc,R_pip,mfe_pip,mae_pip,mfe_R,mae_R,cham10,phut10,phut_ve_entry_10,cham20,phut20,phut_ve_entry_20,cham30,phut30,phut_ve_entry_30,cham50,phut50,phut_ve_entry_50,cham80,phut80,phut_ve_entry_80,cham100,phut100,phut_ve_entry_100,cham150,phut150,phut_ve_entry_150,cham200,phut200,phut_ve_entry_200,cham300,phut300,phut_ve_entry_300,ket_cuc,lai_usd,phut_giu
2025.01.01 23:44,2025.01.02 15:34,BUY,LienKe,2622.381,2619.151,32.3,286.8,7.1,8.88,0.22,1,6,-,1,14,-,1,25,-,1,59,-,1,82,-,1,104,-,1,541,-,1,635,-,0,,,TP,283.95,950
2025.01.01 23:41,2025.01.02 15:34,BUY,LienKe,2622.769,2619.151,36.2,283.0,11.0,7.82,0.30,1,11,19,1,28,-,1,31,-,1,66,-,1,90,-,1,107,-,1,547,-,1,638,-,0,,,TP,283.95,953
2025.01.03 07:08,2025.01.03 07:22,BUY,LienKe,2656.243,2652.909,33.3,8.1,25.5,0.24,0.77,0,,,0,,,0,,,0,,,0,,,0,,,0,,,0,,,0,,,SL,-33.34,14
2025.01.03 05:54,2025.01.03 07:22,BUY,LienKe,2656.772,2652.909,38.6,34.7,30.8,0.90,0.80,1,2,36,1,6,36,1,14,36,0,,,0,,,0,,,0,,,0,,,0,,,SL,-38.63,88
2025.01.03 08:43,2025.01.03 13:23,BUY,LienKe,2651.815,2648.157,36.6,74.4,19.3,2.03,0.53,1,1,5,1,18,277,1,19,277,1,84,277,0,,,0,,,0,,,0,,,0,,,SL,-36.58,280
2025.01.03 08:36,2025.01.03 13:23,BUY,LienKe,2652.650,2648.157,44.9,66.1,27.6,1.47,0.61,1,25,282,1,26,282,1,30,282,1,143,282,0,,,0,,,0,,,0,,,0,,,SL,-44.93,287
2025.01.06 04:22,2025.01.06 05:30,BUY,Swing,2636.783,2633.490,32.9,18.2,25.9,0.55,0.79,1,7,15,0,,,0,,,0,,,0,,,0,,,0,,,0,,,0,,,SL,-32.93,67
2025.01.06 04:18,2025.01.06 05:30,BUY,Swing,2637.450,2633.490,39.6,11.5,32.5,0.29,0.82,1,13,14,0,,,0,,,0,,,0,,,0,,,0,,,0,,,0,,,SL,-39.60,72
2025.01.06 11:36,2025.01.06 14:17,SELL,Swing,2647.361,2651.273,39.1,290.7,23.1,7.43,0.59,1,0,7,1,1,7,1,3,7,1,54,72,1,117,-,1,119,-,1,121,-,1,123,-,0,,,TP,300.00,161
2025.01.06 11:36,2025.01.06 14:17,SELL,Swing,2646.448,2651.273,48.3,281.6,32.3,5.84,0.67,1,1,2,1,3,5,1,36,62,1,114,-,1,118,-,1,120,-,1,121,-,1,124,-,0,,,TP,300.00,161
2025.01.07 12:03,2025.01.07 12:40,SELL,LienKe,2648.535,2651.721,31.9,10.2,29.9,0.32,0.94,1,12,15,0,,,0,,,0,,,0,,,0,,,0,,,0,,,0,,,SL,-31.86,37
2025.01.07 12:01,2025.01.07 12:40,SELL,LienKe,2648.197,2651.721,35.2,6.8,33.3,0.19,0.94,0,,,0,,,0,,,0,,,0,,,0,,,0,,,0,,,0,,,SL,-35.24,39
2025.01.07 00:28,2025.01.07 13:54,BUY,LienKe,2633.182,2630.071,31.1,296.6,2.6,9.53,0.08,1,19,-,1,32,-,1,32,-,1,53,-,1,294,-,1,294,-,1,685,-,1,754,-,0,,,TP,300.00,806
2025.01.07 00:23,2025.01.07 13:57,BUY,LienKe,2633.532,2630.071,34.6,299.8,6.1,8.66,0.18,1,24,-,1,37,-,1,37,-,1,61,-,1,299,-,1,299,-,1,690,-,1,760,-,0,,,TP,300.00,814
2025.01.08 14:30,2025.01.08 14:37,SELL,Swing,2663.873,2667.508,36.3,6.4,28.8,0.17,0.79,0,,,0,,,0,,,0,,,0,,,0,,,0,,,0,,,0,,,SL,-36.35,7
2025.01.08 14:14,2025.01.08 14:37,SELL,Swing,2663.045,2667.508,44.6,24.6,37.1,0.55,0.83,1,1,1,1,2,12,0,,,0,,,0,,,0,,,0,,,0,,,0,,,SL,-44.63,23
2025.01.08 02:01,2025.01.09 13:37,BUY,LienKe,2647.861,2644.083,37.8,296.1,26.6,7.84,0.70,1,44,71,1,51,71,1,251,572,1,290,572,1,660,-,1,670,-,1,722,-,1,880,-,0,,,TP,283.95,2136
2025.01.08 01:44,2025.01.10 08:09,BUY,LienKe,2648.839,2644.083,47.6,299.1,36.4,6.29,0.76,1,67,76,1,268,584,1,273,584,1,326,584,1,679,-,1,697,-,1,739,-,1,904,-,0,,,TP,278.60,3265
2025.01.10 08:21,2025.01.10 09:25,SELL,LienKe,2678.293,2681.966,36.7,18.8,29.0,0.51,0.79,1,31,36,0,,,0,,,0,,,0,,,0,,,0,,,0,,,0,,,SL,-36.73,64
2025.01.10 08:11,2025.01.10 09:25,SELL,LienKe,2677.777,2681.966,41.9,13.7,34.2,0.33,0.82,1,3,6,0,,,0,,,0,,,0,,,0,,,0,,,0,,,0,,,SL,-41.89,74
2025.01.09 04:35,2025.01.10 14:05,BUY,LienKe,2656.307,2653.028,32.8,297.7,8.7,9.08,0.27,1,15,-,1,22,-,1,26,-,1,116,-,1,128,-,1,143,-,1,412,-,1,532,-,0,,,TP,294.65,2009
2025.01.09 04:35,2025.01.10 14:05,BUY,LienKe,2656.450,2653.028,34.2,296.3,10.1,8.66,0.30,1,21,-,1,23,-,1,26,-,1,117,-,1,128,-,1,143,-,1,412,-,1,532,-,0,,,TP,294.65,2010
2025.01.16 16:15,2025.01.16 17:25,SELL,LienKe,2719.766,2723.132,33.7,21.2,31.5,0.63,0.94,1,2,4,1,9,17,0,,,0,,,0,,,0,,,0,,,0,,,0,,,SL,-33.66,70
2025.01.16 16:14,2025.01.16 17:25,SELL,LienKe,2719.414,2723.132,37.2,17.7,35.0,0.48,0.94,1,0,1,0,,,0,,,0,,,0,,,0,,,0,,,0,,,0,,,SL,-37.18,71
2025.01.17 14:33,2025.01.19 23:16,BUY,LienKe,2705.038,2699.757,52.8,122.2,58.0,2.31,1.10,1,1,268,1,2,268,1,2,268,1,12,268,1,27,268,1,83,268,0,,,0,,,0,,,SL,-58.16,3403
2025.01.20 04:17,2025.01.20 05:44,SELL,LienKe,2703.971,2707.107,31.4,15.3,31.2,0.49,1.00,1,11,18,0,,,0,,,0,,,0,,,0,,,0,,,0,,,0,,,SL,-31.36,87
2025.01.20 04:13,2025.01.20 05:44,SELL,LienKe,2703.700,2707.107,34.1,12.6,33.9,0.37,1.00,1,18,22,0,,,0,,,0,,,0,,,0,,,0,,,0,,,0,,,SL,-34.07,91
2025.01.21 04:50,2025.01.21 07:38,SELL,LienKe,2726.974,2730.109,31.3,41.2,26.5,1.31,0.85,1,49,54,1,101,115,1,113,115,0,,,0,,,0,,,0,,,0,,,0,,,SL,-31.35,168
2025.01.21 04:31,2025.01.21 07:38,SELL,LienKe,2726.825,2730.109,32.8,39.7,28.0,1.21,0.85,1,4,6,1,11,16,1,11,16,0,,,0,,,0,,,0,,,0,,,0,,,SL,-32.84,187
2025.01.20 13:38,2025.01.21 14:44,BUY,LienKe,2704.119,2698.979,51.4,299.2,19.1,5.82,0.37,1,0,3,1,0,3,1,0,3,1,9,14,1,709,-,1,723,-,1,738,-,1,781,-,0,,,TP,294.65,1506
2025.01.20 13:38,2025.01.21 14:56,BUY,LienKe,2706.718,2698.979,77.4,297.6,45.1,3.85,0.58,1,0,1,1,9,11,1,28,84,1,41,84,1,724,-,1,727,-,1,752,-,1,826,-,0,,,TP,294.65,1518
2025.01.21 16:14,2025.01.21 16:19,SELL,LienKe,2740.079,2743.386,33.1,0.0,25.2,0.00,0.76,0,,,0,,,0,,,0,,,0,,,0,,,0,,,0,,,0,,,SL,-33.07,5
2025.01.21 16:12,2025.01.21 16:19,SELL,LienKe,2739.669,2743.386,37.2,10.3,29.3,0.28,0.79,1,0,1,0,,,0,,,0,,,0,,,0,,,0,,,0,,,0,,,SL,-37.17,7
2025.01.27 14:26,2025.01.27 14:31,BUY,LienKe,2749.967,2746.210,37.6,14.1,21.3,0.38,0.57,1,1,2,0,,,0,,,0,,,0,,,0,,,0,,,0,,,0,,,SL,-37.57,5
2025.01.27 14:25,2025.01.27 14:31,BUY,LienKe,2750.932,2746.210,47.2,4.5,30.9,0.10,0.65,0,,,0,,,0,,,0,,,0,,,0,,,0,,,0,,,0,,,SL,-47.22,6
2025.01.27 16:13,2025.01.27 16:51,BUY,LienKe,2739.391,2735.500,38.9,37.8,35.1,0.97,0.90,1,1,7,1,14,29,1,24,29,0,,,0,,,0,,,0,,,0,,,0,,,SL,-38.91,38
2025.01.27 16:13,2025.01.27 16:51,BUY,LienKe,2739.792,2735.500,42.9,33.8,39.2,0.79,0.91,1,1,5,1,15,22,1,24,29,0,,,0,,,0,,,0,,,0,,,0,,,SL,-42.92,38
2025.01.28 08:05,2025.01.28 08:33,BUY,LienKe,2738.443,2735.016,34.3,13.5,33.3,0.39,0.97,1,3,8,0,,,0,,,0,,,0,,,0,,,0,,,0,,,0,,,SL,-34.27,28
2025.01.28 08:02,2025.01.28 08:33,BUY,LienKe,2739.125,2735.016,41.1,8.2,40.2,0.20,0.98,0,,,0,,,0,,,0,,,0,,,0,,,0,,,0,,,0,,,SL,-41.09,31
2025.01.30 04:05,2025.01.30 06:58,SELL,LienKe,2762.616,2765.771,31.6,38.2,26.1,1.21,0.83,1,27,157,1,36,157,1,93,157,0,,,0,,,0,,,0,,,0,,,0,,,SL,-31.55,173
2025.01.30 04:05,2025.01.30 06:58,SELL,LienKe,2762.447,2765.771,33.2,36.5,27.8,1.10,0.84,1,32,138,1,44,138,1,93,138,0,,,0,,,0,,,0,,,0,,,0,,,SL,-33.24,173
2025.01.31 07:28,2025.01.31 12:12,SELL,LienKe,2799.459,2802.920,34.6,82.7,33.5,2.39,0.97,1,16,22,1,33,264,1,39,264,1,54,264,1,185,264,0,,,0,,,0,,,0,,,SL,-34.61,284
2025.01.31 07:26,2025.01.31 12:12,SELL,LienKe,2798.844,2802.920,40.8,76.6,39.7,1.88,0.97,1,18,21,1,40,265,1,55,265,1,59,265,0,,,0,,,0,,,0,,,0,,,SL,-40.76,286
2025.01.31 20:02,2025.02.02 23:24,BUY,LienKe,2795.098,2791.775,33.2,95.5,23.7,2.88,0.71,1,6,3079,1,8,3079,1,42,3079,1,46,3079,1,3066,3079,0,,,0,,,0,,,0,,,SL,-38.58,3082
2025.01.31 20:02,2025.02.02 23:24,BUY,LienKe,2795.541,2791.775,37.7,91.1,28.1,2.42,0.75,1,7,3079,1,13,3079,1,42,3079,1,48,3079,1,3067,3079,0,,,0,,,0,,,0,,,SL,-43.01,3082
2025.02.02 23:25,2025.02.02 23:33,BUY,Swing,2791.753,2787.478,42.8,22.0,41.1,0.51,0.96,1,1,1,1,3,4,0,,,0,,,0,,,0,,,0,,,0,,,0,,,SL,-42.75,8
2025.02.02 23:25,2025.02.02 23:33,BUY,Swing,2793.221,2787.478,57.4,7.3,55.8,0.13,0.97,0,,,0,,,0,,,0,,,0,,,0,,,0,,,0,,,0,,,SL,-57.43,8
2025.02.03 12:30,2025.02.03 12:38,SELL,LienKe,2804.265,2807.623,33.6,21.7,17.8,0.65,0.53,1,1,2,1,5,6,0,,,0,,,0,,,0,,,0,,,0,,,0,,,SL,-33.58,8
2025.02.03 12:29,2025.02.03 12:38,SELL,LienKe,2803.902,2807.623,37.2,18.0,21.4,0.48,0.58,1,1,1,0,,,0,,,0,,,0,,,0,,,0,,,0,,,0,,,SL,-37.21,9
2025.02.02 23:07,2025.02.03 12:38,SELL,LienKe,2802.044,2806.070,40.3,297.3,40.0,7.38,0.99,1,0,1,1,0,1,1,0,1,1,14,721,1,15,721,1,17,721,1,26,721,1,130,721,0,,,SL,-40.26,811
2025.02.02 23:07,2025.02.03 12:38,SELL,LienKe,2799.713,2806.070,63.6,274.0,63.3,4.31,1.00,1,13,569,1,13,569,1,14,569,1,15,569,1,17,569,1,18,569,1,31,569,1,169,569,0,,,SL,-63.57,811
2025.02.03 12:36,2025.02.03 12:39,SELL,Swing,2804.696,2808.379,36.8,0.0,32.1,0.00,0.87,0,,,0,,,0,,,0,,,0,,,0,,,0,,,0,,,0,,,SL,-36.83,3
2025.02.03 12:34,2025.02.03 12:39,SELL,Swing,2804.325,2808.379,40.5,22.3,35.8,0.55,0.88,1,0,2,1,2,2,0,,,0,,,0,,,0,,,0,,,0,,,0,,,SL,-40.54,5
2025.02.04 06:25,2025.02.04 07:25,BUY,Swing,2812.204,2808.859,33.5,22.3,25.9,0.67,0.77,1,23,35,1,48,57,0,,,0,,,0,,,0,,,0,,,0,,,0,,,SL,-33.45,59
2025.02.04 06:24,2025.02.04 07:25,BUY,Swing,2812.677,2808.859,38.2,17.6,30.6,0.46,0.80,1,27,36,0,,,0,,,0,,,0,,,0,,,0,,,0,,,0,,,SL,-38.18,61
2025.02.05 01:37,2025.02.05 09:24,BUY,LienKe,2840.481,2837.278,32.0,293.5,7.9,9.16,0.25,1,1,3,1,11,-,1,13,-,1,25,-,1,29,-,1,33,-,1,155,-,1,256,-,0,,,TP,300.00,467
2025.02.05 01:37,2025.02.05 09:42,BUY,LienKe,2840.888,2837.278,36.1,296.9,12.0,8.22,0.33,1,1,2,1,12,-,1,13,-,1,25,-,1,29,-,1,33,-,1,156,-,1,287,-,0,,,TP,300.00,485
2025.02.05 20:03,2025.02.06 06:50,BUY,LienKe,2863.012,2859.193,38.2,103.2,31.3,2.70,0.82,1,8,12,1,26,38,1,31,38,1,200,645,1,352,645,1,359,645,0,,,0,,,0,,,SL,-54.24,647
2025.02.05 20:03,2025.02.06 06:50,BUY,LienKe,2863.871,2859.193,46.8,94.6,39.9,2.02,0.85,1,8,10,1,29,35,1,113,308,1,208,308,1,356,645,0,,,0,,,0,,,0,,,SL,-62.83,647
2025.02.06 08:03,2025.02.06 08:22,BUY,LienKe,2854.706,2850.811,38.9,18.9,27.9,0.49,0.72,1,2,3,0,,,0,,,0,,,0,,,0,,,0,,,0,,,0,,,SL,-38.95,19
2025.02.06 08:02,2025.02.06 08:22,BUY,LienKe,2855.818,2850.811,50.1,7.8,39.0,0.16,0.78,0,,,0,,,0,,,0,,,0,,,0,,,0,,,0,,,0,,,SL,-50.07,20
2025.02.07 13:05,2025.02.07 13:31,BUY,LienKe,2863.297,2859.979,33.2,76.8,30.2,2.31,0.91,1,2,5,1,24,25,1,24,25,1,24,25,0,,,0,,,0,,,0,,,0,,,SL,-33.18,26
2025.02.07 13:01,2025.02.07 13:31,BUY,LienKe,2863.993,2859.979,40.1,69.8,37.2,1.74,0.93,1,1,3,1,29,29,1,29,29,1,29,29,0,,,0,,,0,,,0,,,0,,,SL,-40.14,30
2025.02.07 13:39,2025.02.07 14:27,SELL,Swing,2867.707,2873.974,62.7,114.7,58.7,1.83,0.94,1,2,39,1,2,39,1,2,39,1,5,39,1,13,39,1,25,39,0,,,0,,,0,,,SL,-62.67,48
2025.02.07 13:31,2025.02.07 14:27,SELL,Swing,2863.056,2873.974,109.2,104.5,105.2,0.96,0.96,1,0,4,1,0,4,1,0,4,1,1,4,1,1,4,1,1,4,0,,,0,,,0,,,SL,-109.18,56
2025.02.10 04:12,2025.02.10 04:52,SELL,LienKe,2876.474,2879.749,32.7,3.8,32.0,0.11,0.98,0,,,0,,,0,,,0,,,0,,,0,,,0,,,0,,,0,,,SL,-32.75,39
2025.02.10 04:12,2025.02.10 04:52,SELL,LienKe,2876.203,2879.749,35.5,1.1,34.7,0.03,0.98,0,,,0,,,0,,,0,,,0,,,0,,,0,,,0,,,0,,,SL,-35.46,40
2025.02.12 05:26,2025.02.12 10:43,BUY,LienKe,2884.902,2880.637,42.6,109.5,30.2,2.57,0.71,1,6,306,1,8,306,1,26,306,1,44,306,1,50,306,1,54,306,0,,,0,,,0,,,SL,-42.65,317
2025.02.13 04:14,2025.02.13 05:23,SELL,LienKe,2917.965,2921.461,35.0,16.3,33.5,0.47,0.96,1,7,11,0,,,0,,,0,,,0,,,0,,,0,,,0,,,0,,,SL,-34.96,69
2025.02.13 04:09,2025.02.13 05:23,SELL,LienKe,2917.291,2921.461,41.7,9.6,40.2,0.23,0.96,0,,,0,,,0,,,0,,,0,,,0,,,0,,,0,,,0,,,SL,-41.70,74
2025.02.13 13:49,2025.02.14 10:25,BUY,LienKe,2909.341,2905.270,40.7,295.9,35.8,7.27,0.88,1,0,2,1,1,2,1,22,40,1,49,-,1,72,-,1,87,-,1,308,-,1,470,-,0,,,TP,294.65,1236
2025.02.13 13:32,2025.02.14 15:18,BUY,LienKe,2910.435,2905.270,51.6,295.7,46.7,5.73,0.90,1,0,16,1,0,16,1,0,16,1,1,16,1,91,-,1,139,-,1,328,-,1,594,-,0,,,SL,-5.35,1546
2025.02.17 09:21,2025.02.18 03:22,SELL,LienKe,2904.993,2909.321,43.3,128.3,42.4,2.96,0.98,1,5,1040,1,6,1040,1,18,1040,1,65,1040,1,73,1040,1,972,1040,0,,,0,,,0,,,SL,-43.28,1081
2025.02.17 09:19,2025.02.18 03:22,SELL,LienKe,2904.011,2909.321,53.1,118.5,52.2,2.23,0.98,1,8,24,1,21,24,1,66,105,1,68,105,1,75,105,1,974,1041,0,,,0,,,0,,,SL,-53.10,1083
2025.02.18 12:27,2025.02.18 12:46,SELL,LienKe,2914.636,2918.058,34.2,4.5,33.7,0.13,0.98,0,,,0,,,0,,,0,,,0,,,0,,,0,,,0,,,0,,,SL,-34.22,19
2025.02.18 12:01,2025.02.18 12:46,SELL,LienKe,2913.756,2918.058,43.0,15.2,42.5,0.35,0.99,1,8,19,0,,,0,,,0,,,0,,,0,,,0,,,0,,,0,,,SL,-43.02,45
2025.02.19 00:23,2025.02.19 00:56,BUY,LienKe,2932.377,2929.199,31.8,15.5,20.7,0.49,0.65,1,6,18,0,,,0,,,0,,,0,,,0,,,0,,,0,,,0,,,SL,-31.78,33
2025.02.19 00:22,2025.02.19 00:56,BUY,LienKe,2932.784,2929.199,35.9,11.4,24.7,0.32,0.69,1,8,15,0,,,0,,,0,,,0,,,0,,,0,,,0,,,0,,,SL,-35.85,34
2025.02.21 05:12,2025.02.21 08:17,BUY,LienKe,2926.506,2923.234,32.7,75.3,30.5,2.30,0.93,1,2,5,1,16,18,1,27,52,1,35,52,0,,,0,,,0,,,0,,,0,,,SL,-32.72,185
2025.02.21 05:09,2025.02.21 08:17,BUY,LienKe,2927.167,2923.234,39.3,68.7,37.1,1.75,0.94,1,2,2,1,25,26,1,30,55,1,38,55,0,,,0,,,0,,,0,,,0,,,SL,-39.33,188
2025.02.24 02:57,2025.02.24 03:16,SELL,LienKe,2940.464,2943.752,32.9,3.5,30.7,0.11,0.93,0,,,0,,,0,,,0,,,0,,,0,,,0,,,0,,,0,,,SL,-32.88,19
2025.02.24 02:57,2025.02.24 03:16,SELL,LienKe,2940.275,2943.752,34.8,1.6,32.6,0.05,0.94,0,,,0,,,0,,,0,,,0,,,0,,,0,,,0,,,0,,,SL,-34.77,19
2025.02.24 07:52,2025.02.24 08:54,SELL,LienKe,2944.510,2948.004,34.9,61.8,33.6,1.77,0.96,1,1,8,1,4,8,1,27,58,1,47,58,0,,,0,,,0,,,0,,,0,,,SL,-34.94,62
2025.02.24 07:51,2025.02.24 08:54,SELL,LienKe,2944.066,2948.004,39.4,57.4,38.1,1.46,0.97,1,3,8,1,26,59,1,30,59,1,50,59,0,,,0,,,0,,,0,,,0,,,SL,-39.38,63
2025.02.26 13:50,2025.02.26 13:57,BUY,LienKe,2909.921,2906.369,35.5,6.7,23.2,0.19,0.65,0,,,0,,,0,,,0,,,0,,,0,,,0,,,0,,,0,,,SL,-35.52,7
2025.02.26 13:43,2025.02.26 13:57,BUY,LienKe,2911.181,2906.369,48.1,5.4,35.8,0.11,0.74,0,,,0,,,0,,,0,,,0,,,0,,,0,,,0,,,0,,,SL,-48.12,14
2025.02.28 02:04,2025.02.28 03:21,BUY,LienKe,2872.205,2868.226,39.8,57.1,23.2,1.43,0.58,1,1,6,1,1,6,1,2,6,1,20,73,0,,,0,,,0,,,0,,,0,,,SL,-39.79,77
2025.02.28 02:02,2025.02.28 03:21,BUY,LienKe,2873.580,2868.226,53.5,43.3,37.0,0.81,0.69,1,3,8,1,5,8,1,20,53,0,,,0,,,0,,,0,,,0,,,0,,,SL,-53.54,79
2025.02.28 03:39,2025.02.28 03:42,BUY,Swing,2868.303,2864.648,36.5,3.7,6.1,0.10,0.17,0,,,0,,,0,,,0,,,0,,,0,,,0,,,0,,,0,,,SL,-36.55,3
2025.02.28 03:42,2025.02.28 03:43,BUY,Swing,2867.847,2864.648,32.0,0.0,33.9,0.00,1.06,0,,,0,,,0,,,0,,,0,,,0,,,0,,,0,,,0,,,SL,-31.99,1
2025.02.28 20:16,2025.03.02 23:05,SELL,LienKe,2853.807,2857.133,33.3,58.6,60.5,1.76,1.82,1,2,39,1,5,39,1,8,39,1,19,39,0,,,0,,,0,,,0,,,0,,,SL,-33.26,3048
2025.02.28 20:15,2025.03.02 23:05,SELL,LienKe,2853.505,2857.133,36.3,55.6,63.5,1.53,1.75,1,3,39,1,6,39,1,14,39,1,20,39,0,,,0,,,0,,,0,,,0,,,SL,-36.28,3050
2025.03.03 03:11,2025.03.03 03:22,BUY,LienKe,2863.957,2860.709,32.5,0.0,23.9,0.00,0.74,0,,,0,,,0,,,0,,,0,,,0,,,0,,,0,,,0,,,SL,-32.48,11
2025.03.03 03:11,2025.03.03 03:22,BUY,LienKe,2864.359,2860.709,36.5,0.0,27.9,0.00,0.77,0,,,0,,,0,,,0,,,0,,,0,,,0,,,0,,,0,,,SL,-36.50,11
2025.03.03 08:31,2025.03.03 15:29,BUY,Swing,2859.338,2855.830,35.1,291.5,1.8,8.31,0.05,1,1,-,1,3,-,1,4,-,1,8,-,1,21,-,1,32,-,1,160,-,1,364,-,0,,,TP,300.00,418
2025.03.03 08:28,2025.03.03 15:30,BUY,Swing,2860.004,2855.830,41.7,296.5,8.5,7.10,0.20,1,6,-,1,7,-,1,8,-,1,11,-,1,24,-,1,42,-,1,164,-,1,367,-,0,,,TP,300.00,422
2025.03.05 00:02,2025.03.05 01:11,BUY,LienKe,2913.427,2910.197,32.3,37.5,12.1,1.16,0.37,1,8,58,1,17,58,1,24,58,0,,,0,,,0,,,0,,,0,,,0,,,SL,-32.30,69
2025.03.05 00:02,2025.03.05 01:11,BUY,LienKe,2913.813,2910.197,36.2,33.6,15.9,0.93,0.44,1,8,50,1,18,50,1,24,50,0,,,0,,,0,,,0,,,0,,,0,,,SL,-36.16,69
2025.03.06 14:33,2025.03.06 14:49,SELL,LienKe,2910.922,2914.553,36.3,12.9,34.4,0.35,0.95,1,4,5,0,,,0,,,0,,,0,,,0,,,0,,,0,,,0,,,SL,-36.31,16
2025.03.06 14:33,2025.03.06 14:49,SELL,LienKe,2909.840,2914.553,47.1,2.0,45.2,0.04,0.96,0,,,0,,,0,,,0,,,0,,,0,,,0,,,0,,,0,,,SL,-47.13,16
2025.03.06 20:51,2025.03.07 00:04,BUY,LienKe,2912.632,2909.290,33.4,9.9,42.6,0.30,1.27,0,,,0,,,0,,,0,,,0,,,0,,,0,,,0,,,0,,,SL,-38.77,193
2025.03.06 20:51,2025.03.07 00:04,BUY,LienKe,2913.346,2909.290,40.6,2.8,49.7,0.07,1.23,0,,,0,,,0,,,0,,,0,,,0,,,0,,,0,,,0,,,SL,-45.91,193
2025.03.10 05:25,2025.03.10 07:55,BUY,LienKe,2908.363,2904.974,33.9,70.5,26.8,2.08,0.79,1,14,25,1,35,148,1,40,148,1,70,148,0,,,0,,,0,,,0,,,0,,,SL,-33.89,150
2025.03.10 05:25,2025.03.10 07:55,BUY,LienKe,2908.919,2904.974,39.4,65.0,32.4,1.65,0.82,1,15,17,1,37,148,1,42,148,1,71,148,0,,,0,,,0,,,0,,,0,,,SL,-39.45,150
2025.03.10 09:49,2025.03.10 17:42,SELL,LienKe,2915.155,2918.447,32.9,280.7,2.6,8.53,0.08,1,3,-,1,8,-,1,10,-,1,11,-,1,14,-,1,31,-,1,44,-,1,431,-,0,,,TP,300.00,473
2025.03.10 09:49,2025.03.10 17:42,SELL,LienKe,2914.586,2918.447,38.6,275.0,8.3,7.12,0.21,1,3,4,1,10,-,1,10,-,1,12,-,1,29,-,1,34,-,1,44,-,1,431,-,0,,,TP,300.00,473
2025.03.10 00:07,2025.03.10 17:42,SELL,LienKe,2916.906,2920.180,32.7,298.2,15.7,9.11,0.48,1,8,9,1,18,58,1,30,58,1,108,-,1,210,-,1,467,-,1,506,-,1,533,-,0,,,TP,300.00,1055
2025.03.10 00:07,2025.03.10 17:42,SELL,LienKe,2916.623,2920.180,35.6,295.4,18.5,8.30,0.52,1,14,55,1,19,55,1,47,55,1,109,-,1,211,-,1,467,-,1,516,-,1,693,-,0,,,TP,300.00,1055
2025.03.11 11:34,2025.03.11 13:38,SELL,Swing,2915.131,2918.456,33.3,81.8,27.3,2.46,0.82,1,0,11,1,1,11,1,41,66,1,91,120,1,101,120,0,,,0,,,0,,,0,,,SL,-33.25,124
2025.03.11 11:34,2025.03.11 13:38,SELL,Swing,2914.807,2918.456,36.5,78.6,30.5,2.15,0.84,1,1,9,1,1,9,1,41,66,1,91,120,0,,,0,,,0,,,0,,,0,,,SL,-36.49,124
2025.03.13 12:04,2025.03.13 13:42,SELL,LienKe,2948.669,2951.975,33.1,95.7,26.9,2.90,0.81,1,5,7,1,10,15,1,17,91,1,22,91,1,56,91,0,,,0,,,0,,,0,,,SL,-33.06,97
2025.03.13 12:04,2025.03.13 13:42,SELL,LienKe,2948.294,2951.975,36.8,92.0,30.6,2.50,0.83,1,6,7,1,10,16,1,18,26,1,22,26,1,56,91,0,,,0,,,0,,,0,,,SL,-36.81,98
2025.03.13 16:01,2025.03.13 16:32,SELL,LienKe,2978.291,2981.784,34.9,15.5,32.3,0.44,0.92,1,3,4,0,,,0,,,0,,,0,,,0,,,0,,,0,,,0,,,SL,-34.93,31
2025.03.13 16:01,2025.03.13 16:32,SELL,LienKe,2977.738,2981.784,40.5,10.0,37.8,0.25,0.93,0,,,0,,,0,,,0,,,0,,,0,,,0,,,0,,,0,,,SL,-40.46,31
2025.03.14 09:07,2025.03.14 09:20,SELL,LienKe,2993.743,2996.937,31.9,0.0,28.8,0.00,0.90,0,,,0,,,0,,,0,,,0,,,0,,,0,,,0,,,0,,,SL,-31.94,13
2025.03.14 09:07,2025.03.14 09:20,SELL,LienKe,2993.505,2996.937,34.3,0.0,31.2,0.00,0.91,0,,,0,,,0,,,0,,,0,,,0,,,0,,,0,,,0,,,SL,-34.32,13
2025.03.14 13:58,2025.03.14 15:04,BUY,LienKe,2984.589,2980.157,44.3,87.9,37.6,1.98,0.85,1,0,1,1,3,31,1,3,31,1,10,31,1,14,31,0,,,0,,,0,,,0,,,SL,-44.32,66
2025.03.14 13:38,2025.03.14 15:04,BUY,LienKe,2986.155,2980.157,60.0,72.3,53.3,1.20,0.89,1,0,18,1,0,18,1,1,18,1,3,18,0,,,0,,,0,,,0,,,0,,,SL,-59.98,86
2025.03.17 09:14,2025.03.17 09:37,SELL,LienKe,2990.706,2993.986,32.8,1.4,28.7,0.04,0.88,0,,,0,,,0,,,0,,,0,,,0,,,0,,,0,,,0,,,SL,-32.80,23
2025.03.17 09:13,2025.03.17 09:37,SELL,LienKe,2990.432,2993.986,35.5,0.9,31.5,0.03,0.89,0,,,0,,,0,,,0,,,0,,,0,,,0,,,0,,,0,,,SL,-35.54,24
2025.03.18 04:50,2025.03.18 07:12,SELL,LienKe,3014.997,3018.217,32.2,87.7,29.3,2.72,0.91,1,13,74,1,15,74,1,16,74,1,27,74,1,35,74,0,,,0,,,0,,,0,,,SL,-32.20,142
2025.03.18 04:50,2025.03.18 07:12,SELL,LienKe,3014.778,3018.217,34.4,85.5,31.5,2.49,0.92,1,14,73,1,15,73,1,23,73,1,28,73,1,35,73,0,,,0,,,0,,,0,,,SL,-34.39,142
2025.03.19 03:45,2025.03.19 05:16,SELL,LienKe,3035.906,3039.212,33.1,14.9,32.8,0.45,0.99,1,23,31,0,,,0,,,0,,,0,,,0,,,0,,,0,,,0,,,SL,-33.06,91
2025.03.19 03:45,2025.03.19 05:16,SELL,LienKe,3035.488,3039.212,37.2,10.7,37.0,0.29,0.99,1,24,27,0,,,0,,,0,,,0,,,0,,,0,,,0,,,0,,,SL,-37.24,91
2025.03.19 05:34,2025.03.19 05:37,SELL,LienKe,3038.918,3042.293,33.8,0.0,29.6,0.00,0.88,0,,,0,,,0,,,0,,,0,,,0,,,0,,,0,,,0,,,SL,-33.75,3
2025.03.19 05:17,2025.03.19 05:37,SELL,LienKe,3038.515,3042.293,37.8,12.0,33.7,0.32,0.89,1,6,7,0,,,0,,,0,,,0,,,0,,,0,,,0,,,0,,,SL,-37.78,20
2025.03.20 05:53,2025.03.20 07:57,BUY,LienKe,3045.196,3041.941,32.6,63.2,31.5,1.94,0.97,1,2,68,1,7,68,1,13,68,1,29,68,0,,,0,,,0,,,0,,,0,,,SL,-32.55,123
2025.03.20 05:42,2025.03.20 07:57,BUY,LienKe,3045.622,3041.941,36.8,59.0,35.7,1.60,0.97,1,2,9,1,24,79,1,24,79,1,40,79,0,,,0,,,0,,,0,,,0,,,SL,-36.81,135
2025.03.24 00:31,2025.03.24 00:51,BUY,LienKe,3022.447,3019.142,33.1,8.9,27.3,0.27,0.82,0,,,0,,,0,,,0,,,0,,,0,,,0,,,0,,,0,,,SL,-33.05,20
2025.03.24 00:31,2025.03.24 00:51,BUY,LienKe,3022.933,3019.142,37.9,4.0,32.1,0.11,0.85,0,,,0,,,0,,,0,,,0,,,0,,,0,,,0,,,0,,,SL,-37.91,20
2025.03.24 08:54,2025.03.24 10:27,SELL,LienKe,3028.617,3031.927,33.1,57.8,28.5,1.75,0.86,1,43,83,1,44,83,1,47,83,1,53,83,0,,,0,,,0,,,0,,,0,,,SL,-33.10,93
2025.03.24 08:54,2025.03.24 10:27,SELL,LienKe,3028.006,3031.927,39.2,51.7,34.6,1.32,0.88,1,44,81,1,47,81,1,48,81,1,57,81,0,,,0,,,0,,,0,,,0,,,SL,-39.21,93
2025.03.25 03:22,2025.03.25 05:10,SELL,LienKe,3014.691,3017.917,32.3,7.2,31.1,0.22,0.96,0,,,0,,,0,,,0,,,0,,,0,,,0,,,0,,,0,,,SL,-32.26,108
2025.03.25 00:55,2025.03.25 05:10,SELL,LienKe,3014.396,3017.917,35.2,67.3,34.0,1.91,0.97,1,5,7,1,22,49,1,25,49,1,74,146,0,,,0,,,0,,,0,,,0,,,SL,-35.21,255
2025.03.25 08:50,2025.03.25 10:11,SELL,LienKe,3020.965,3024.270,33.0,18.2,31.7,0.55,0.96,1,16,20,0,,,0,,,0,,,0,,,0,,,0,,,0,,,0,,,SL,-33.05,81
2025.03.25 08:49,2025.03.25 10:11,SELL,LienKe,3020.890,3024.270,33.8,17.4,32.5,0.52,0.96,1,44,46,0,,,0,,,0,,,0,,,0,,,0,,,0,,,0,,,SL,-33.80,82
2025.03.26 00:38,2025.03.26 04:27,BUY,LienKe,3018.793,3015.572,32.2,83.4,29.2,2.59,0.91,1,38,41,1,57,171,1,64,171,1,75,171,1,117,171,0,,,0,,,0,,,0,,,SL,-32.21,229
2025.03.26 00:38,2025.03.26 04:27,BUY,LienKe,3019.184,3015.572,36.1,79.5,33.1,2.20,0.92,1,40,41,1,63,167,1,65,167,1,75,167,0,,,0,,,0,,,0,,,0,,,SL,-36.12,229
2025.03.26 04:06,2025.03.26 05:11,BUY,LienKe,3016.611,3013.355,32.6,10.7,31.3,0.33,0.96,1,12,14,0,,,0,,,0,,,0,,,0,,,0,,,0,,,0,,,SL,-32.56,64
2025.03.26 04:02,2025.03.26 05:11,BUY,LienKe,3017.036,3013.355,36.8,6.4,35.5,0.17,0.97,0,,,0,,,0,,,0,,,0,,,0,,,0,,,0,,,0,,,SL,-36.81,69
2025.03.26 13:58,2025.03.26 15:02,BUY,LienKe,3016.888,3012.873,40.1,48.2,34.6,1.20,0.86,1,0,1,1,9,20,1,44,54,0,,,0,,,0,,,0,,,0,,,0,,,SL,-40.15,64
2025.03.26 13:58,2025.03.26 15:02,BUY,LienKe,3017.238,3012.873,43.6,44.7,38.1,1.02,0.87,1,4,4,1,10,17,1,48,54,0,,,0,,,0,,,0,,,0,,,0,,,SL,-43.65,64
2025.03.28 13:52,2025.03.28 14:00,SELL,LienKe,3081.343,3084.869,35.3,2.4,29.3,0.07,0.83,0,,,0,,,0,,,0,,,0,,,0,,,0,,,0,,,0,,,SL,-35.26,8
2025.03.28 12:55,2025.03.28 14:00,SELL,LienKe,3080.866,3084.869,40.0,99.8,34.1,2.49,0.85,1,0,56,1,0,56,1,4,56,1,6,56,1,15,56,0,,,0,,,0,,,0,,,SL,-40.03,65
2025.04.01 16:03,2025.04.01 16:07,BUY,LienKe,3113.614,3108.425,51.9,13.3,48.7,0.26,0.94,1,1,2,0,,,0,,,0,,,0,,,0,,,0,,,0,,,0,,,SL,-51.89,3
2025.04.01 16:02,2025.04.01 16:07,BUY,LienKe,3115.843,3108.425,74.2,9.7,71.0,0.13,0.96,0,,,0,,,0,,,0,,,0,,,0,,,0,,,0,,,0,,,SL,-74.18,5
2025.04.03 10:31,2025.04.03 10:35,BUY,Swing,3105.489,3101.571,39.2,2.5,30.9,0.06,0.79,0,,,0,,,0,,,0,,,0,,,0,,,0,,,0,,,0,,,SL,-39.18,4
2025.04.03 10:29,2025.04.03 10:35,BUY,Swing,3107.034,3101.571,54.6,15.5,46.3,0.28,0.85,1,0,1,0,,,0,,,0,,,0,,,0,,,0,,,0,,,0,,,SL,-54.63,6
2025.04.04 02:25,2025.04.04 02:31,BUY,LienKe,3106.695,3103.017,36.8,20.9,35.7,0.57,0.97,1,1,4,1,2,4,0,,,0,,,0,,,0,,,0,,,0,,,0,,,SL,-36.78,5
2025.04.04 00:37,2025.04.04 02:31,BUY,LienKe,3107.490,3103.017,44.7,83.3,43.6,1.86,0.98,1,0,1,1,3,85,1,5,85,1,27,85,1,36,85,0,,,0,,,0,,,0,,,SL,-44.73,114
2025.04.04 08:17,2025.04.04 08:21,BUY,Swing,3087.600,3083.797,38.0,0.0,24.4,0.00,0.64,0,,,0,,,0,,,0,,,0,,,0,,,0,,,0,,,0,,,SL,-38.03,4
2025.04.04 08:17,2025.04.04 08:21,BUY,Swing,3088.608,3083.797,48.1,6.4,34.5,0.13,0.72,0,,,0,,,0,,,0,,,0,,,0,,,0,,,0,,,0,,,SL,-48.11,4
2025.04.07 01:36,2025.04.07 01:39,SELL,LienKe,3026.853,3035.692,88.4,46.9,31.6,0.53,0.36,1,0,1,1,0,1,1,1,2,0,,,0,,,0,,,0,,,0,,,0,,,SL,-88.39,3
2025.04.07 01:39,2025.04.07 01:39,SELL,LienKe,3030.818,3035.692,48.7,0.0,190.7,0.00,3.91,0,,,0,,,0,,,0,,,0,,,0,,,0,,,0,,,0,,,SL,-48.74,0
2025.04.11 08:16,2025.04.11 08:22,SELL,LienKe,3218.791,3222.563,37.7,22.9,27.6,0.61,0.73,1,1,2,1,1,2,0,,,0,,,0,,,0,,,0,,,0,,,0,,,SL,-37.72,6
2025.04.11 08:15,2025.04.11 08:22,SELL,LienKe,3218.004,3222.563,45.6,20.7,35.4,0.45,0.78,1,0,1,1,0,1,0,,,0,,,0,,,0,,,0,,,0,,,0,,,SL,-45.59,7
2025.04.14 02:11,2025.04.14 10:20,SELL,Swing,3244.624,3248.757,41.3,279.1,4.1,6.75,0.10,1,1,-,1,4,-,1,4,-,1,6,-,1,9,-,1,14,-,1,50,-,1,173,-,0,,,TP,300.00,489
2025.04.21 09:21,2025.04.21 11:36,SELL,LienKe,3395.305,3399.560,42.6,87.4,37.0,2.05,0.87,1,1,5,1,28,33,1,30,33,1,110,129,1,111,129,0,,,0,,,0,,,0,,,SL,-42.55,135
2025.04.21 09:14,2025.04.21 11:36,SELL,LienKe,3394.035,3399.560,55.3,74.7,49.7,1.35,0.90,1,3,5,1,4,5,1,117,136,1,117,136,0,,,0,,,0,,,0,,,0,,,SL,-55.25,142
2025.04.22 12:45,2025.04.22 12:45,BUY,LienKe,3445.648,3438.724,69.2,1.5,1.6,0.02,0.02,0,,,0,,,0,,,0,,,0,,,0,,,0,,,0,,,0,,,SL,-69.24,0
2025.04.22 12:45,2025.04.22 12:45,BUY,LienKe,3443.253,3438.724,45.3,0.0,53.3,0.00,1.18,0,,,0,,,0,,,0,,,0,,,0,,,0,,,0,,,0,,,SL,-45.29,0
2025.04.22 15:28,2025.04.22 16:02,BUY,Swing,3413.203,3405.591,76.1,168.5,36.1,2.21,0.47,1,0,1,1,0,1,1,5,32,1,5,32,1,9,32,1,10,32,1,15,32,0,,,0,,,SL,-76.12,33
2025.04.22 13:46,2025.04.22 16:02,BUY,Swing,3416.918,3405.591,113.3,220.5,73.3,1.95,0.65,1,0,0,1,0,0,1,1,101,1,1,101,1,2,101,1,3,101,1,14,101,1,47,101,0,,,SL,-113.27,136
2025.04.22 16:16,2025.04.22 16:17,BUY,LienKe,3407.483,3402.087,54.0,0.0,51.4,0.00,0.95,0,,,0,,,0,,,0,,,0,,,0,,,0,,,0,,,0,,,SL,-53.96,0
2025.04.22 16:03,2025.04.22 16:17,BUY,LienKe,3412.261,3402.087,101.7,72.7,99.2,0.71,0.97,1,0,3,1,0,3,1,0,3,1,0,3,0,,,0,,,0,,,0,,,0,,,SL,-101.74,14
2025.04.24 08:52,2025.04.24 12:40,SELL,LienKe,3339.828,3344.630,48.0,142.4,43.2,2.97,0.90,1,1,12,1,2,12,1,4,12,1,38,152,1,39,152,1,43,152,0,,,0,,,0,,,SL,-48.02,227
2025.04.24 08:51,2025.04.24 12:40,SELL,LienKe,3339.131,3344.630,55.0,135.4,50.2,2.46,0.91,1,0,0,1,5,9,1,7,9,1,39,152,1,41,152,1,47,152,0,,,0,,,0,,,SL,-54.99,229
2025.04.25 05:45,2025.04.25 05:46,BUY,Swing,3307.788,3303.714,40.7,0.0,25.2,0.00,0.62,0,,,0,,,0,,,0,,,0,,,0,,,0,,,0,,,0,,,SL,-40.74,1
2025.04.25 05:45,2025.04.25 05:46,BUY,Swing,3309.579,3303.714,58.7,0.0,43.1,0.00,0.73,0,,,0,,,0,,,0,,,0,,,0,,,0,,,0,,,0,,,SL,-58.65,1
2025.04.28 12:10,2025.04.28 12:25,SELL,LienKe,3297.041,3300.432,33.9,41.7,22.7,1.23,0.67,1,4,10,1,5,10,1,6,10,0,,,0,,,0,,,0,,,0,,,0,,,SL,-33.91,15
2025.04.28 12:10,2025.04.28 12:25,SELL,LienKe,3296.678,3300.432,37.5,38.1,26.3,1.01,0.70,1,5,10,1,6,10,1,8,10,0,,,0,,,0,,,0,,,0,,,0,,,SL,-37.54,15
2025.04.30 01:04,2025.04.30 02:00,BUY,LienKe,3311.899,3307.680,42.2,108.2,41.1,2.57,0.97,1,6,50,1,7,50,1,7,50,1,12,50,1,20,50,1,22,50,0,,,0,,,0,,,SL,-42.19,56
2025.04.30 01:01,2025.04.30 02:00,BUY,LienKe,3313.399,3307.680,57.2,93.2,56.1,1.63,0.98,1,0,1,1,13,52,1,15,52,1,17,52,1,24,52,0,,,0,,,0,,,0,,,SL,-57.19,59
2025.05.01 12:03,2025.05.01 20:14,BUY,LienKe,3204.689,3198.862,58.3,293.9,13.8,5.04,0.24,1,0,6,1,0,6,1,1,6,1,2,6,1,17,-,1,21,-,1,25,-,1,28,-,0,,,TP,300.00,491
2025.05.02 16:07,2025.05.02 16:58,BUY,Swing,3227.865,3223.586,42.8,84.1,34.8,1.97,0.81,1,1,1,1,1,1,1,9,11,1,17,46,1,20,46,0,,,0,,,0,,,0,,,SL,-42.79,51
2025.05.02 16:02,2025.05.02 16:58,BUY,Swing,3230.239,3223.586,66.5,60.4,58.5,0.91,0.88,1,0,2,1,1,2,1,1,2,1,25,30,0,,,0,,,0,,,0,,,0,,,SL,-66.53,56
2025.05.05 08:22,2025.05.05 08:29,SELL,LienKe,3267.954,3271.409,34.5,0.0,31.9,0.00,0.92,0,,,0,,,0,,,0,,,0,,,0,,,0,,,0,,,0,,,SL,-34.55,7
2025.05.05 08:22,2025.05.05 08:29,SELL,LienKe,3267.502,3271.409,39.1,2.3,36.5,0.06,0.93,0,,,0,,,0,,,0,,,0,,,0,,,0,,,0,,,0,,,SL,-39.07,7
2025.05.05 08:32,2025.05.05 08:43,SELL,Swing,3272.800,3276.680,38.8,26.3,19.4,0.68,0.50,1,0,3,1,1,3,0,,,0,,,0,,,0,,,0,,,0,,,0,,,SL,-38.80,11
2025.05.05 08:30,2025.05.05 08:43,SELL,Swing,3271.872,3276.680,48.1,17.0,28.6,0.35,0.60,1,1,1,0,,,0,,,0,,,0,,,0,,,0,,,0,,,0,,,SL,-48.08,13
2025.05.06 12:37,2025.05.06 12:40,SELL,LienKe,3385.027,3389.277,42.5,0.0,39.2,0.00,0.92,0,,,0,,,0,,,0,,,0,,,0,,,0,,,0,,,0,,,SL,-42.50,3
2025.05.06 20:06,2025.05.06 20:34,SELL,LienKe,3423.765,3427.156,33.9,44.4,30.2,1.31,0.89,1,6,23,1,9,23,1,16,23,0,,,0,,,0,,,0,,,0,,,0,,,SL,-33.91,28
2025.05.06 20:06,2025.05.06 20:34,SELL,LienKe,3423.424,3427.156,37.3,41.0,33.6,1.10,0.90,1,6,14,1,9,14,1,17,22,0,,,0,,,0,,,0,,,0,,,0,,,SL,-37.32,28
2025.05.13 12:01,2025.05.13 12:02,BUY,LienKe,3248.111,3244.367,37.4,1.7,5.0,0.04,0.13,0,,,0,,,0,,,0,,,0,,,0,,,0,,,0,,,0,,,SL,-37.44,1
2025.05.13 12:01,2025.05.13 12:02,BUY,LienKe,3248.944,3244.367,45.8,10.1,13.4,0.22,0.29,1,0,0,0,,,0,,,0,,,0,,,0,,,0,,,0,,,0,,,SL,-45.77,1
2025.05.14 11:59,2025.05.14 12:02,BUY,LienKe,3220.846,3216.436,44.1,2.3,28.2,0.05,0.64,0,,,0,,,0,,,0,,,0,,,0,,,0,,,0,,,0,,,SL,-44.10,2
2025.05.14 11:58,2025.05.14 12:02,BUY,LienKe,3222.582,3216.436,61.5,0.0,45.6,0.00,0.74,0,,,0,,,0,,,0,,,0,,,0,,,0,,,0,,,0,,,SL,-61.46,4
2025.05.14 18:50,2025.05.14 19:00,BUY,LienKe,3174.898,3170.685,42.1,13.0,32.3,0.31,0.77,1,2,4,0,,,0,,,0,,,0,,,0,,,0,,,0,,,0,,,SL,-42.13,10
2025.05.14 16:44,2025.05.14 19:00,BUY,LienKe,3177.985,3170.685,73.0,129.1,63.1,1.77,0.86,1,0,82,1,0,82,1,1,82,1,3,82,1,9,82,1,10,82,0,,,0,,,0,,,SL,-73.00,136
2025.05.19 22:47,2025.05.19 23:12,BUY,LienKe,3225.365,3221.915,34.5,20.7,31.3,0.60,0.91,1,1,4,1,13,20,0,,,0,,,0,,,0,,,0,,,0,,,0,,,SL,-34.50,25
2025.05.19 22:19,2025.05.19 23:12,BUY,LienKe,3226.141,3221.915,42.3,16.4,39.1,0.39,0.93,1,3,3,0,,,0,,,0,,,0,,,0,,,0,,,0,,,0,,,SL,-42.26,53
2025.05.20 00:33,2025.05.20 02:11,BUY,Swing,3217.751,3214.027,37.2,150.6,36.9,4.04,0.99,1,8,96,1,9,96,1,11,96,1,14,96,1,29,96,1,31,96,1,66,96,0,,,0,,,SL,-37.24,97
2025.05.20 00:26,2025.05.20 02:11,BUY,Swing,3218.855,3214.027,48.3,139.5,47.9,2.89,0.99,1,3,7,1,4,7,1,21,102,1,34,102,1,37,102,1,39,102,0,,,0,,,0,,,SL,-48.28,105
2025.05.21 05:50,2025.05.21 05:53,SELL,LienKe,3314.885,3318.699,38.1,7.5,15.8,0.20,0.42,0,,,0,,,0,,,0,,,0,,,0,,,0,,,0,,,0,,,SL,-38.14,3
2025.05.21 05:48,2025.05.21 05:53,SELL,LienKe,3312.072,3318.699,66.3,9.7,44.0,0.15,0.66,0,,,0,,,0,,,0,,,0,,,0,,,0,,,0,,,0,,,SL,-66.27,5
2025.05.21 17:59,2025.05.21 19:04,SELL,LienKe,3315.224,3318.547,33.2,31.6,28.9,0.95,0.87,1,3,35,1,5,35,1,5,35,0,,,0,,,0,,,0,,,0,,,0,,,SL,-33.23,65
2025.05.21 17:25,2025.05.21 19:04,SELL,LienKe,3314.951,3318.547,36.0,82.2,31.6,2.29,0.88,1,0,1,1,3,33,1,4,33,1,5,33,1,6,33,0,,,0,,,0,,,0,,,SL,-35.96,99
2025.05.22 00:08,2025.05.22 01:05,SELL,LienKe,3324.068,3327.534,34.7,45.2,27.1,1.30,0.78,1,7,7,1,12,44,1,13,44,0,,,0,,,0,,,0,,,0,,,0,,,SL,-34.66,56
2025.05.22 00:08,2025.05.22 01:05,SELL,LienKe,3323.554,3327.534,39.8,40.1,32.3,1.01,0.81,1,7,7,1,12,36,1,14,36,0,,,0,,,0,,,0,,,0,,,0,,,SL,-39.80,57
2025.05.23 00:53,2025.05.23 05:25,BUY,LienKe,3291.601,3283.942,76.6,297.3,17.7,3.88,0.23,1,0,1,1,1,97,1,1,97,1,2,97,1,5,97,1,7,97,1,202,-,1,211,-,0,,,TP,300.00,272
2025.05.26 14:03,2025.05.26 16:42,SELL,LienKe,3339.522,3342.933,34.1,38.6,31.9,1.13,0.93,1,4,10,1,7,10,1,25,34,0,,,0,,,0,,,0,,,0,,,0,,,SL,-34.11,159
2025.05.26 14:03,2025.05.26 16:42,SELL,LienKe,3338.488,3342.933,44.5,28.3,42.2,0.64,0.95,1,7,8,1,26,32,0,,,0,,,0,,,0,,,0,,,0,,,0,,,SL,-44.45,159
2025.05.27 00:51,2025.05.27 01:24,BUY,LienKe,3343.045,3339.446,36.0,42.8,34.2,1.19,0.95,1,1,2,1,6,12,1,9,12,0,,,0,,,0,,,0,,,0,,,0,,,SL,-35.99,33
2025.05.27 00:42,2025.05.27 01:24,BUY,LienKe,3344.292,3339.446,48.5,30.3,46.7,0.63,0.96,1,2,7,1,18,20,1,19,20,0,,,0,,,0,,,0,,,0,,,0,,,SL,-48.46,42
2025.05.29 01:16,2025.05.29 01:18,BUY,LienKe,3250.607,3246.259,43.5,0.0,39.5,0.00,0.91,0,,,0,,,0,,,0,,,0,,,0,,,0,,,0,,,0,,,SL,-43.48,2
2025.05.29 01:08,2025.05.29 01:18,BUY,LienKe,3252.538,3246.259,62.8,39.6,58.9,0.63,0.94,1,0,5,1,0,5,1,1,5,0,,,0,,,0,,,0,,,0,,,0,,,SL,-62.79,10
2025.05.30 13:45,2025.05.30 13:53,BUY,Swing,3285.296,3279.785,55.1,36.7,16.7,0.67,0.30,1,1,1,1,1,1,1,5,6,0,,,0,,,0,,,0,,,0,,,0,,,SL,-55.11,8
2025.05.30 12:11,2025.05.30 13:53,BUY,Swing,3287.992,3279.785,82.1,203.2,43.6,2.48,0.53,1,0,94,1,0,94,1,0,94,1,0,94,1,1,94,1,1,94,1,2,94,1,59,94,0,,,SL,-82.07,102
2025.06.02 11:40,2025.06.02 12:25,SELL,LienKe,3359.416,3363.152,37.4,61.4,35.5,1.64,0.95,1,2,28,1,2,28,1,2,28,1,9,28,0,,,0,,,0,,,0,,,0,,,SL,-37.36,45
2025.06.02 11:40,2025.06.02 12:25,SELL,LienKe,3358.759,3363.152,43.9,54.9,42.1,1.25,0.96,1,2,27,1,2,27,1,3,27,1,13,27,0,,,0,,,0,,,0,,,0,,,SL,-43.93,45
2025.06.03 00:38,2025.06.03 01:00,BUY,LienKe,3377.102,3372.575,45.3,19.3,33.4,0.43,0.74,1,5,6,0,,,0,,,0,,,0,,,0,,,0,,,0,,,0,,,SL,-45.27,22
2025.06.03 00:19,2025.06.03 01:00,BUY,LienKe,3378.775,3372.575,62.0,27.3,50.1,0.44,0.81,1,1,16,1,2,16,0,,,0,,,0,,,0,,,0,,,0,,,0,,,SL,-62.00,41
2025.06.03 12:18,2025.06.03 13:46,BUY,Swing,3351.015,3347.040,39.7,121.1,23.8,3.05,0.60,1,1,2,1,4,83,1,7,83,1,12,83,1,21,83,1,23,83,0,,,0,,,0,,,SL,-39.75,88
2025.06.03 12:08,2025.06.03 13:46,BUY,Swing,3352.214,3347.040,51.7,109.1,35.8,2.11,0.69,1,0,3,1,1,3,1,17,84,1,29,84,1,33,84,1,34,84,0,,,0,,,0,,,SL,-51.74,98
2025.06.05 02:17,2025.06.05 04:16,BUY,LienKe,3369.990,3366.398,35.9,74.2,18.8,2.07,0.52,1,9,23,1,13,23,1,14,23,1,75,100,0,,,0,,,0,,,0,,,0,,,SL,-35.92,119
2025.06.05 02:16,2025.06.05 04:16,BUY,LienKe,3371.418,3366.398,50.2,59.9,33.1,1.19,0.66,1,14,23,1,66,100,1,74,100,1,79,100,0,,,0,,,0,,,0,,,0,,,SL,-50.20,120
2025.06.04 20:03,2025.06.05 04:16,BUY,LienKe,3371.841,3367.508,43.3,123.4,37.3,2.85,0.86,1,3,21,1,4,21,1,30,345,1,197,345,1,257,345,1,301,345,0,,,0,,,0,,,SL,-59.38,493
2025.06.06 09:49,2025.06.06 12:30,BUY,LienKe,3353.935,3349.703,42.3,103.9,1.6,2.46,0.04,1,0,158,1,1,158,1,2,158,1,12,158,1,72,158,1,79,158,0,,,0,,,0,,,SL,-42.32,161
2025.06.09 15:17,2025.06.09 15:23,SELL,LienKe,3325.253,3329.839,45.9,7.2,44.0,0.16,0.96,0,,,0,,,0,,,0,,,0,,,0,,,0,,,0,,,0,,,SL,-45.86,6
2025.06.09 14:16,2025.06.09 15:23,SELL,LienKe,3323.736,3329.839,61.0,74.5,59.2,1.22,0.97,1,4,7,1,6,7,1,11,47,1,19,47,0,,,0,,,0,,,0,,,0,,,SL,-61.03,67
2025.06.12 07:34,2025.06.12 07:35,BUY,LienKe,3362.761,3358.956,38.0,0.0,7.5,0.00,0.20,0,,,0,,,0,,,0,,,0,,,0,,,0,,,0,,,0,,,SL,-38.05,1
2025.06.12 07:34,2025.06.12 07:35,BUY,LienKe,3363.699,3358.956,47.4,8.1,16.9,0.17,0.36,0,,,0,,,0,,,0,,,0,,,0,,,0,,,0,,,0,,,SL,-47.43,1
2025.06.16 05:43,2025.06.16 06:22,BUY,Swing,3419.101,3415.491,36.1,59.2,35.8,1.64,0.99,1,1,19,1,1,19,1,4,19,1,8,19,0,,,0,,,0,,,0,,,0,,,SL,-36.10,39
2025.06.16 05:43,2025.06.16 06:22,BUY,Swing,3419.839,3415.491,43.5,51.8,43.1,1.19,0.99,1,2,17,1,3,17,1,6,17,1,8,17,0,,,0,,,0,,,0,,,0,,,SL,-43.48,39
2025.06.17 00:37,2025.06.17 14:35,SELL,LienKe,3402.600,3406.253,36.5,289.8,8.2,7.93,0.22,1,1,1,1,3,35,1,9,35,1,12,35,1,14,35,1,18,35,1,148,-,1,154,-,0,,,TP,300.00,838
2025.06.17 00:36,2025.06.17 14:36,SELL,LienKe,3401.939,3406.253,43.1,297.7,14.8,6.90,0.34,1,0,1,1,6,36,1,12,36,1,13,36,1,19,36,1,19,36,1,149,-,1,155,-,0,,,TP,300.00,840
2025.06.18 04:07,2025.06.18 04:29,SELL,LienKe,3391.163,3394.536,33.7,0.1,32.3,0.00,0.96,0,,,0,,,0,,,0,,,0,,,0,,,0,,,0,,,0,,,SL,-33.73,22
2025.06.18 04:03,2025.06.18 04:29,SELL,LienKe,3390.730,3394.536,38.1,11.5,36.6,0.30,0.96,1,1,4,0,,,0,,,0,,,0,,,0,,,0,,,0,,,0,,,SL,-38.06,26
2025.06.18 19:08,2025.06.18 19:14,BUY,LienKe,3374.980,3370.202,47.8,40.3,29.9,0.84,0.63,1,2,5,1,2,5,1,4,5,0,,,0,,,0,,,0,,,0,,,0,,,SL,-47.78,6
2025.06.18 19:06,2025.06.18 19:14,BUY,LienKe,3377.012,3370.202,68.1,20.0,50.2,0.29,0.74,1,0,1,0,,,0,,,0,,,0,,,0,,,0,,,0,,,0,,,SL,-68.10,8
2025.06.18 19:24,2025.06.18 19:29,BUY,Swing,3370.428,3365.571,48.6,12.8,39.2,0.26,0.81,1,1,2,0,,,0,,,0,,,0,,,0,,,0,,,0,,,0,,,SL,-48.57,5
2025.06.18 19:15,2025.06.18 19:29,BUY,Swing,3372.474,3365.571,69.0,41.3,59.7,0.60,0.86,1,0,6,1,0,6,1,1,6,0,,,0,,,0,,,0,,,0,,,0,,,SL,-69.03,14
2025.06.19 00:25,2025.06.19 00:46,SELL,LienKe,3379.730,3383.029,33.0,17.7,30.2,0.54,0.92,1,0,3,0,,,0,,,0,,,0,,,0,,,0,,,0,,,0,,,SL,-32.99,21
2025.06.19 00:25,2025.06.19 00:46,SELL,LienKe,3379.292,3383.029,37.4,13.3,34.6,0.36,0.93,1,2,3,0,,,0,,,0,,,0,,,0,,,0,,,0,,,0,,,SL,-37.37,21
2025.06.19 13:32,2025.06.20 01:18,BUY,LienKe,3362.164,3358.497,36.7,119.8,36.4,3.27,0.99,1,0,6,1,1,6,1,1,6,1,9,57,1,15,57,1,20,57,0,,,0,,,0,,,SL,-42.02,706
2025.06.19 13:30,2025.06.20 01:18,BUY,LienKe,3363.097,3358.497,46.0,110.4,45.8,2.40,0.99,1,0,1,1,3,7,1,4,7,1,12,57,1,21,57,1,220,522,0,,,0,,,0,,,SL,-51.35,708
2025.06.23 15:30,2025.06.23 16:22,SELL,Swing,3388.676,3392.083,34.1,26.0,31.0,0.76,0.91,1,2,5,1,2,5,0,,,0,,,0,,,0,,,0,,,0,,,0,,,SL,-34.07,52
2025.06.23 15:18,2025.06.23 16:22,SELL,Swing,3388.170,3392.083,39.1,20.9,36.0,0.53,0.92,1,9,11,1,24,31,0,,,0,,,0,,,0,,,0,,,0,,,0,,,SL,-39.13,64
2025.06.24 17:37,2025.06.24 19:37,SELL,LienKe,3320.937,3324.223,32.9,51.1,24.9,1.56,0.76,1,2,4,1,14,117,1,25,117,1,37,117,0,,,0,,,0,,,0,,,0,,,SL,-32.86,120
2025.06.24 17:36,2025.06.24 19:37,SELL,LienKe,3320.481,3324.223,37.4,46.6,29.5,1.24,0.79,1,12,115,1,16,115,1,27,115,0,,,0,,,0,,,0,,,0,,,0,,,SL,-37.42,121
2025.06.26 07:10,2025.06.26 07:32,SELL,LienKe,3343.045,3346.377,33.3,17.6,30.9,0.53,0.93,1,2,3,0,,,0,,,0,,,0,,,0,,,0,,,0,,,0,,,SL,-33.32,21
2025.06.26 07:10,2025.06.26 07:32,SELL,LienKe,3342.447,3346.377,39.3,11.6,36.8,0.30,0.94,1,2,3,0,,,0,,,0,,,0,,,0,,,0,,,0,,,0,,,SL,-39.30,22
2025.06.26 08:02,2025.06.26 08:57,SELL,LienKe,3346.798,3350.269,34.7,21.9,29.2,0.63,0.84,1,2,3,1,5,12,0,,,0,,,0,,,0,,,0,,,0,,,0,,,SL,-34.71,55
2025.06.26 08:02,2025.06.26 08:57,SELL,LienKe,3346.244,3350.269,40.2,16.4,34.7,0.41,0.86,1,5,11,0,,,0,,,0,,,0,,,0,,,0,,,0,,,0,,,SL,-40.25,55
2025.06.27 08:22,2025.06.27 11:38,BUY,LienKe,3283.018,3279.353,36.6,81.1,33.3,2.21,0.91,1,2,5,1,3,5,1,19,94,1,23,94,1,35,94,0,,,0,,,0,,,0,,,SL,-36.65,195
2025.06.27 08:15,2025.06.27 11:38,BUY,LienKe,3283.796,3279.353,44.4,73.4,41.0,1.65,0.92,1,0,7,1,0,7,1,0,7,1,31,100,0,,,0,,,0,,,0,,,0,,,SL,-44.43,203
2025.07.01 17:28,2025.07.02 01:25,BUY,LienKe,3337.159,3333.965,31.9,78.4,30.6,2.45,0.96,1,1,9,1,19,79,1,24,79,1,297,336,0,,,0,,,0,,,0,,,0,,,SL,-37.29,477
2025.07.01 17:21,2025.07.02 01:25,BUY,LienKe,3337.907,3333.965,39.4,70.9,38.1,1.80,0.97,1,23,50,1,29,50,1,302,343,1,304,343,0,,,0,,,0,,,0,,,0,,,SL,-44.77,484
2025.07.01 22:39,2025.07.02 11:02,SELL,LienKe,3343.460,3346.747,32.9,157.1,32.5,4.78,0.99,1,3,91,1,18,91,1,21,91,1,24,91,1,84,91,1,166,404,1,510,688,0,,,0,,,SL,-32.87,743
2025.07.01 22:34,2025.07.02 11:02,SELL,LienKe,3343.121,3346.747,36.3,153.7,35.9,4.24,0.99,1,2,5,1,24,95,1,26,95,1,30,95,1,89,95,1,171,410,1,529,690,0,,,0,,,SL,-36.26,748
2025.07.02 00:13,2025.07.02 12:17,SELL,LienKe,3343.430,3347.999,45.7,156.8,44.8,3.43,0.98,1,3,310,1,5,310,1,13,310,1,15,310,1,60,310,1,72,310,1,416,594,0,,,0,,,SL,-45.69,724
2025.07.02 00:12,2025.07.02 12:17,SELL,LienKe,3341.989,3347.999,60.1,142.4,59.2,2.37,0.99,1,0,0,1,15,49,1,16,49,1,27,49,1,73,218,1,88,218,0,,,0,,,0,,,SL,-60.10,725
2025.07.03 09:38,2025.07.03 11:52,BUY,LienKe,3347.205,3343.687,35.2,81.6,34.3,2.32,0.98,1,39,40,1,43,100,1,55,100,1,63,100,1,73,100,0,,,0,,,0,,,0,,,SL,-35.18,134
2025.07.03 09:38,2025.07.03 11:52,BUY,LienKe,3347.917,3343.687,42.3,74.5,41.4,1.76,0.98,1,43,97,1,55,97,1,62,97,1,65,97,0,,,0,,,0,,,0,,,0,,,SL,-42.30,134
2025.07.03 12:11,2025.07.03 12:30,BUY,LienKe,3343.804,3339.952,38.5,85.0,1.6,2.21,0.04,1,0,-,1,1,-,1,3,-,1,6,-,1,9,-,0,,,0,,,0,,,0,,,SL,-38.52,19
2025.07.03 12:30,2025.07.03 12:30,BUY,LienKe,3343.277,3339.952,33.2,0.0,132.3,0.00,3.98,0,,,0,,,0,,,0,,,0,,,0,,,0,,,0,,,0,,,SL,-33.25,0
2025.07.04 04:05,2025.07.04 04:21,SELL,LienKe,3338.817,3341.955,31.4,0.0,28.9,0.00,0.92,0,,,0,,,0,,,0,,,0,,,0,,,0,,,0,,,0,,,SL,-31.38,16
2025.07.04 04:05,2025.07.04 04:21,SELL,LienKe,3338.661,3341.955,32.9,1.6,30.5,0.05,0.93,0,,,0,,,0,,,0,,,0,,,0,,,0,,,0,,,0,,,SL,-32.94,16
2025.07.04 14:11,2025.07.06 23:32,BUY,LienKe,3331.817,3328.328,34.9,101.0,30.3,2.90,0.87,1,0,2,1,18,27,1,141,3418,1,3353,3418,1,3353,3418,1,3354,3418,0,,,0,,,0,,,SL,-40.24,3441
2025.07.04 12:47,2025.07.06 23:32,BUY,LienKe,3332.649,3328.328,43.2,92.7,38.6,2.15,0.89,1,3,15,1,4,15,1,23,73,1,57,73,1,3438,3485,0,,,0,,,0,,,0,,,SL,-48.56,3525
2025.07.07 00:06,2025.07.07 00:26,BUY,LienKe,3326.110,3322.684,34.3,9.6,33.1,0.28,0.97,0,,,0,,,0,,,0,,,0,,,0,,,0,,,0,,,0,,,SL,-34.26,20
2025.07.07 00:05,2025.07.07 00:26,BUY,LienKe,3326.754,3322.684,40.7,3.2,39.5,0.08,0.97,0,,,0,,,0,,,0,,,0,,,0,,,0,,,0,,,0,,,SL,-40.70,21
2025.07.03 20:53,2025.07.07 00:26,BUY,LienKe,3325.752,3322.529,32.2,193.8,29.5,6.01,0.92,1,106,4511,1,110,4511,1,118,4511,1,153,4511,1,269,4511,1,404,4511,1,442,4511,0,,,0,,,SL,-42.93,4532
2025.07.03 20:51,2025.07.07 00:26,BUY,LienKe,3326.133,3322.529,36.0,189.9,33.3,5.27,0.92,1,108,204,1,118,204,1,121,204,1,156,204,1,272,4513,1,407,4513,1,446,4513,0,,,0,,,SL,-46.74,4535
2025.07.07 04:43,2025.07.07 07:52,BUY,LienKe,3306.050,3302.219,38.3,91.9,38.2,2.40,1.00,1,7,144,1,10,144,1,24,144,1,26,144,1,69,144,0,,,0,,,0,,,0,,,SL,-38.31,189
2025.07.07 04:28,2025.07.07 07:52,BUY,LienKe,3307.080,3302.219,48.6,81.6,48.5,1.68,1.00,1,2,13,1,3,13,1,40,159,1,49,159,1,90,159,0,,,0,,,0,,,0,,,SL,-48.61,204
2025.07.07 16:13,2025.07.07 16:22,SELL,LienKe,3321.993,3325.474,34.8,5.5,34.5,0.16,0.99,0,,,0,,,0,,,0,,,0,,,0,,,0,,,0,,,0,,,SL,-34.81,9
2025.07.07 16:13,2025.07.07 16:22,SELL,LienKe,3321.959,3325.474,35.2,5.1,34.8,0.15,0.99,0,,,0,,,0,,,0,,,0,,,0,,,0,,,0,,,0,,,SL,-35.15,9
2025.07.08 08:16,2025.07.08 09:00,BUY,LienKe,3327.255,3323.037,42.2,23.7,40.6,0.56,0.96,1,10,20,1,15,20,0,,,0,,,0,,,0,,,0,,,0,,,0,,,SL,-42.18,43
2025.07.08 08:08,2025.07.08 09:00,BUY,LienKe,3328.670,3323.037,56.3,15.5,54.8,0.28,0.97,1,2,4,0,,,0,,,0,,,0,,,0,,,0,,,0,,,0,,,SL,-56.33,52
2025.07.08 13:17,2025.07.08 13:49,BUY,LienKe,3320.129,3315.954,41.7,68.1,28.6,1.63,0.69,1,1,30,1,1,30,1,4,30,1,10,30,0,,,0,,,0,,,0,,,0,,,SL,-41.75,32
2025.07.08 13:17,2025.07.08 13:49,BUY,LienKe,3322.074,3315.954,61.2,48.6,48.1,0.79,0.79,1,4,21,1,9,21,1,10,21,0,,,0,,,0,,,0,,,0,,,0,,,SL,-61.20,32
2025.07.09 00:02,2025.07.09 00:03,SELL,LienKe,3304.392,3308.042,36.5,0.0,22.5,0.00,0.62,0,,,0,,,0,,,0,,,0,,,0,,,0,,,0,,,0,,,SL,-36.50,1
2025.07.09 00:02,2025.07.09 00:03,SELL,LienKe,3303.185,3308.042,48.6,7.1,34.6,0.15,0.71,0,,,0,,,0,,,0,,,0,,,0,,,0,,,0,,,0,,,SL,-48.57,1
2025.07.10 00:43,2025.07.10 01:30,SELL,LienKe,3321.333,3325.000,36.7,47.7,33.3,1.30,0.91,1,2,3,1,8,29,1,10,29,0,,,0,,,0,,,0,,,0,,,0,,,SL,-36.67,47
2025.07.10 00:43,2025.07.10 01:30,SELL,LienKe,3320.675,3325.000,43.2,41.1,39.9,0.95,0.92,1,5,27,1,10,27,1,11,27,0,,,0,,,0,,,0,,,0,,,0,,,SL,-43.25,47
2025.07.10 08:54,2025.07.11 00:31,SELL,LienKe,3329.432,3332.803,33.7,192.5,10.5,5.71,0.31,1,18,26,1,19,26,1,35,137,1,44,137,1,178,246,1,182,246,1,303,936,0,,,0,,,SL,-33.71,937
2025.07.10 08:54,2025.07.11 00:31,SELL,LienKe,3329.006,3332.803,38.0,188.3,14.7,4.96,0.39,1,18,22,1,35,127,1,40,127,1,44,127,1,178,246,1,183,246,1,303,936,0,,,0,,,SL,-37.97,937
2025.07.14 10:07,2025.07.14 14:38,SELL,Swing,3374.316,3378.078,37.6,293.1,4.9,7.79,0.13,1,8,-,1,9,-,1,20,-,1,83,-,1,106,-,1,112,-,1,134,-,1,150,-,0,,,TP,300.00,271
2025.07.14 07:31,2025.07.14 14:40,SELL,Swing,3373.583,3378.078,44.9,296.1,12.2,6.59,0.27,1,0,2,1,4,11,1,7,11,1,55,154,1,68,154,1,275,-,1,293,-,1,306,-,0,,,TP,300.00,429
2025.07.15 04:01,2025.07.15 04:45,SELL,LienKe,3358.250,3361.490,32.4,5.1,30.1,0.16,0.93,0,,,0,,,0,,,0,,,0,,,0,,,0,,,0,,,0,,,SL,-32.40,44
2025.07.15 04:01,2025.07.15 04:45,SELL,LienKe,3358.019,3361.490,34.7,2.8,32.4,0.08,0.93,0,,,0,,,0,,,0,,,0,,,0,,,0,,,0,,,0,,,SL,-34.71,44
2025.07.15 08:24,2025.07.15 12:02,BUY,LienKe,3357.033,3353.520,35.1,93.2,34.2,2.65,0.97,1,2,4,1,7,191,1,8,191,1,11,191,1,101,191,0,,,0,,,0,,,0,,,SL,-35.13,218
2025.07.15 08:24,2025.07.15 12:02,BUY,LienKe,3358.353,3353.520,48.3,80.0,47.4,1.66,0.98,1,7,179,1,8,179,1,9,179,1,18,179,1,101,179,0,,,0,,,0,,,0,,,SL,-48.33,218
2025.07.16 00:39,2025.07.16 04:30,SELL,LienKe,3332.134,3335.562,34.3,69.2,32.1,2.02,0.94,1,8,13,1,9,13,1,25,35,1,131,163,0,,,0,,,0,,,0,,,0,,,SL,-34.28,231
2025.07.16 00:34,2025.07.16 04:30,SELL,LienKe,3331.749,3335.562,38.1,65.4,35.9,1.71,0.94,1,1,4,1,26,38,1,92,168,1,136,168,0,,,0,,,0,,,0,,,0,,,SL,-38.13,236
2025.07.17 06:06,2025.07.17 06:13,BUY,LienKe,3336.343,3332.878,34.6,7.8,14.8,0.22,0.43,0,,,0,,,0,,,0,,,0,,,0,,,0,,,0,,,0,,,SL,-34.65,7
2025.07.17 05:46,2025.07.17 06:13,BUY,LienKe,3336.993,3332.878,41.1,27.4,21.3,0.67,0.52,1,3,4,1,12,19,0,,,0,,,0,,,0,,,0,,,0,,,0,,,SL,-41.15,27
2025.07.17 14:36,2025.07.17 15:00,SELL,LienKe,3332.296,3336.010,37.1,12.9,30.2,0.35,0.81,1,9,12,0,,,0,,,0,,,0,,,0,,,0,,,0,,,0,,,SL,-37.14,24
2025.07.17 14:34,2025.07.17 15:00,SELL,LienKe,3331.556,3336.010,44.5,10.7,37.6,0.24,0.85,1,1,2,0,,,0,,,0,,,0,,,0,,,0,,,0,,,0,,,SL,-44.54,26
2025.07.18 01:24,2025.07.18 04:45,BUY,LienKe,3337.378,3333.939,34.4,68.8,33.4,2.00,0.97,1,26,35,1,27,35,1,43,91,1,46,91,0,,,0,,,0,,,0,,,0,,,SL,-34.39,201
2025.07.18 01:08,2025.07.18 04:45,BUY,LienKe,3338.170,3333.939,42.3,60.9,41.3,1.44,0.98,1,0,1,1,44,46,1,59,103,1,64,103,0,,,0,,,0,,,0,,,0,,,SL,-42.31,217
2025.07.17 22:07,2025.07.18 07:14,SELL,LienKe,3341.181,3344.875,36.9,92.2,36.8,2.50,1.00,1,4,29,1,9,29,1,144,174,1,203,240,1,473,520,0,,,0,,,0,,,0,,,SL,-36.94,546
2025.07.17 22:06,2025.07.18 07:14,SELL,LienKe,3340.523,3344.875,43.5,85.6,43.4,1.97,1.00,1,9,19,1,15,19,1,180,241,1,211,241,1,476,510,0,,,0,,,0,,,0,,,SL,-43.52,548
2025.07.21 05:00,2025.07.21 05:11,SELL,LienKe,3358.453,3361.729,32.8,2.6,21.8,0.08,0.67,0,,,0,,,0,,,0,,,0,,,0,,,0,,,0,,,0,,,SL,-32.76,11
2025.07.21 04:58,2025.07.21 05:11,SELL,LienKe,3358.142,3361.729,35.9,3.1,24.9,0.09,0.69,0,,,0,,,0,,,0,,,0,,,0,,,0,,,0,,,0,,,SL,-35.87,13
2025.07.21 22:21,2025.07.21 23:31,SELL,LienKe,3399.740,3402.910,31.7,7.2,21.0,0.23,0.66,0,,,0,,,0,,,0,,,0,,,0,,,0,,,0,,,0,,,SL,-31.70,70
2025.07.21 22:15,2025.07.21 23:31,SELL,LienKe,3399.234,3402.910,36.8,2.1,26.1,0.06,0.71,0,,,0,,,0,,,0,,,0,,,0,,,0,,,0,,,0,,,SL,-36.76,76
2025.07.21 23:28,2025.07.22 12:42,SELL,Swing,3401.468,3404.683,32.2,180.7,14.8,5.62,0.46,1,5,781,1,7,781,1,7,781,1,8,781,1,14,781,1,36,781,1,148,781,0,,,0,,,SL,-32.15,794
2025.07.21 23:28,2025.07.22 12:42,SELL,Swing,3401.256,3404.683,34.3,178.6,16.9,5.21,0.49,1,5,782,1,7,782,1,7,782,1,8,782,1,35,782,1,36,782,1,148,782,0,,,0,,,SL,-34.27,794
2025.07.23 09:02,2025.07.23 09:20,SELL,LienKe,3429.608,3432.950,33.4,12.0,31.9,0.36,0.96,1,2,4,0,,,0,,,0,,,0,,,0,,,0,,,0,,,0,,,SL,-33.42,18
2025.07.23 09:02,2025.07.23 09:20,SELL,LienKe,3429.285,3432.950,36.6,8.8,35.2,0.24,0.96,0,,,0,,,0,,,0,,,0,,,0,,,0,,,0,,,0,,,SL,-36.65,18
2025.07.25 00:18,2025.07.25 10:56,SELL,LienKe,3371.700,3375.102,34.0,293.5,20.4,8.63,0.60,1,49,-,1,50,-,1,61,-,1,68,-,1,136,-,1,162,-,1,324,-,1,481,-,0,,,TP,300.00,638
2025.07.25 00:18,2025.07.25 10:57,SELL,LienKe,3371.272,3375.102,38.3,299.5,24.7,7.82,0.64,1,50,53,1,54,97,1,61,97,1,68,97,1,154,-,1,171,-,1,331,-,1,481,-,0,,,TP,300.00,639
2025.07.25 12:35,2025.07.25 14:17,BUY,LienKe,3338.759,3335.357,34.0,87.4,24.5,2.57,0.72,1,9,13,1,10,13,1,10,13,1,55,100,1,61,100,0,,,0,,,0,,,0,,,SL,-34.02,102
2025.07.25 12:35,2025.07.25 14:17,BUY,LienKe,3339.268,3335.357,39.1,82.3,29.6,2.10,0.76,1,9,12,1,10,12,1,33,35,1,55,100,1,61,100,0,,,0,,,0,,,0,,,SL,-39.11,102
2025.07.28 13:36,2025.07.28 13:46,BUY,Swing,3323.555,3319.721,38.3,36.4,29.0,0.95,0.76,1,0,1,1,2,6,1,3,6,0,,,0,,,0,,,0,,,0,,,0,,,SL,-38.34,10
2025.07.28 13:35,2025.07.28 13:46,BUY,Swing,3324.588,3319.721,48.7,26.0,39.3,0.53,0.81,1,3,6,1,4,6,0,,,0,,,0,,,0,,,0,,,0,,,0,,,SL,-48.67,11
2025.07.30 01:41,2025.07.30 12:48,BUY,LienKe,3324.566,3320.917,36.5,94.6,26.9,2.59,0.74,1,22,256,1,23,256,1,25,256,1,32,256,1,404,605,0,,,0,,,0,,,0,,,SL,-36.49,667
2025.07.30 01:41,2025.07.30 12:48,BUY,LienKe,3325.170,3320.917,42.5,88.6,32.9,2.08,0.77,1,22,201,1,25,201,1,29,201,1,32,201,1,433,565,0,,,0,,,0,,,0,,,SL,-42.53,667
2025.07.31 08:09,2025.07.31 08:18,SELL,LienKe,3309.545,3312.857,33.1,24.8,4.9,0.75,0.15,1,1,8,1,5,8,0,,,0,,,0,,,0,,,0,,,0,,,0,,,SL,-33.12,9
2025.07.31 08:09,2025.07.31 08:18,SELL,LienKe,3309.264,3312.857,35.9,22.0,7.7,0.61,0.21,1,1,7,1,6,7,0,,,0,,,0,,,0,,,0,,,0,,,0,,,SL,-35.93,9
2025.07.31 16:06,2025.08.01 00:00,BUY,LienKe,3291.448,3287.661,37.9,70.0,34.8,1.85,0.92,1,1,5,1,2,5,1,31,198,1,40,198,0,,,0,,,0,,,0,,,0,,,SL,-43.22,473
2025.07.31 16:06,2025.08.01 00:00,BUY,LienKe,3292.302,3287.661,46.4,61.5,43.4,1.32,0.93,1,2,3,1,31,197,1,34,197,1,42,197,0,,,0,,,0,,,0,,,0,,,SL,-51.76,474
2025.08.07 18:09,2025.08.07 19:33,SELL,LienKe,3393.710,3396.999,32.9,62.7,31.4,1.91,0.95,1,4,82,1,5,82,1,11,82,1,28,82,0,,,0,,,0,,,0,,,0,,,SL,-32.89,84
2025.08.07 18:08,2025.08.07 19:33,SELL,LienKe,3393.423,3396.999,35.8,59.9,34.3,1.67,0.96,1,5,82,1,7,82,1,12,82,1,38,82,0,,,0,,,0,,,0,,,0,,,SL,-35.76,85
2025.08.08 11:25,2025.08.08 18:00,BUY,Swing,3381.582,3377.792,37.9,203.6,17.8,5.37,0.47,1,1,2,1,6,186,1,7,186,1,8,186,1,35,186,1,57,186,1,65,186,1,78,186,0,,,SL,-37.90,394
2025.08.08 11:25,2025.08.08 18:00,BUY,Swing,3382.639,3377.792,48.5,193.0,28.4,3.98,0.59,1,6,185,1,7,185,1,7,185,1,22,185,1,55,185,1,58,185,1,65,185,0,,,0,,,SL,-48.47,395
2025.08.11 09:12,2025.08.11 09:53,BUY,LienKe,3357.226,3353.942,32.8,64.6,29.1,1.97,0.89,1,10,30,1,10,30,1,10,30,1,15,30,0,,,0,,,0,,,0,,,0,,,SL,-32.84,41
2025.08.11 09:10,2025.08.11 09:53,BUY,LienKe,3357.628,3353.942,36.9,60.6,33.2,1.64,0.90,1,12,32,1,12,32,1,13,32,1,17,32,0,,,0,,,0,,,0,,,0,,,SL,-36.86,43
2025.08.12 11:05,2025.08.12 11:35,BUY,LienKe,3342.907,3338.952,39.5,19.4,35.3,0.49,0.89,1,1,11,0,,,0,,,0,,,0,,,0,,,0,,,0,,,0,,,SL,-39.55,30
2025.08.12 11:05,2025.08.12 11:35,BUY,LienKe,3343.416,3338.952,44.6,14.3,40.4,0.32,0.90,1,2,6,0,,,0,,,0,,,0,,,0,,,0,,,0,,,0,,,SL,-44.64,30
2025.08.11 17:33,2025.08.12 11:35,BUY,LienKe,3343.512,3338.273,52.4,153.2,41.4,2.92,0.79,1,0,1,1,0,1,1,2,194,1,2,194,1,4,194,1,5,194,1,11,194,0,,,0,,,SL,-57.74,1082
2025.08.11 17:33,2025.08.12 11:35,BUY,LienKe,3345.886,3338.273,76.1,129.5,65.1,1.70,0.85,1,2,192,1,2,192,1,2,192,1,3,192,1,5,192,1,6,192,0,,,0,,,0,,,SL,-81.48,1082
2025.08.14 03:37,2025.08.14 07:44,BUY,LienKe,3356.531,3352.404,41.3,99.5,35.5,2.41,0.86,1,6,115,1,14,115,1,19,115,1,54,115,1,204,242,0,,,0,,,0,,,0,,,SL,-41.27,247
2025.08.14 07:46,2025.08.14 07:52,BUY,Swing,3350.767,3346.843,39.2,15.9,31.1,0.41,0.79,1,1,3,0,,,0,,,0,,,0,,,0,,,0,,,0,,,0,,,SL,-39.24,6
2025.08.14 07:46,2025.08.14 07:52,BUY,Swing,3351.892,3346.843,50.5,4.7,42.3,0.09,0.84,0,,,0,,,0,,,0,,,0,,,0,,,0,,,0,,,0,,,SL,-50.49,6
2025.08.13 00:18,2025.08.14 08:00,BUY,LienKe,3346.247,3342.222,40.2,286.1,35.7,7.11,0.89,1,49,64,1,55,64,1,80,326,1,88,326,1,150,326,1,363,1899,1,507,1899,1,574,1899,0,,,SL,-56.30,1902
2025.08.13 00:18,2025.08.14 08:00,BUY,LienKe,3346.300,3342.222,40.8,285.6,36.2,7.00,0.89,1,49,64,1,55,64,1,80,326,1,89,326,1,150,326,1,363,1899,1,507,1899,1,574,1899,0,,,SL,-56.83,1902
2025.08.18 04:19,2025.08.18 04:40,SELL,LienKe,3351.569,3354.800,32.3,7.6,31.3,0.24,0.97,0,,,0,,,0,,,0,,,0,,,0,,,0,,,0,,,0,,,SL,-32.31,21
2025.08.18 04:19,2025.08.18 04:40,SELL,LienKe,3351.345,3354.800,34.6,5.4,33.6,0.16,0.97,0,,,0,,,0,,,0,,,0,,,0,,,0,,,0,,,0,,,SL,-34.55,21
2025.08.18 16:07,2025.08.19 00:00,BUY,LienKe,3332.307,3328.956,33.5,25.2,21.3,0.75,0.64,1,5,10,1,32,55,0,,,0,,,0,,,0,,,0,,,0,,,0,,,SL,-38.86,473
2025.08.18 16:07,2025.08.19 00:00,BUY,LienKe,3332.827,3328.956,38.7,20.0,26.5,0.52,0.68,1,31,37,1,99,115,0,,,0,,,0,,,0,,,0,,,0,,,0,,,SL,-44.06,473
2025.08.19 07:13,2025.08.19 10:17,SELL,LienKe,3341.064,3344.821,37.6,44.8,36.8,1.19,0.98,1,0,3,1,1,3,1,24,46,0,,,0,,,0,,,0,,,0,,,0,,,SL,-37.57,184
2025.08.20 10:31,2025.08.20 11:18,SELL,LienKe,3327.376,3330.783,34.1,17.9,30.5,0.52,0.89,1,12,14,0,,,0,,,0,,,0,,,0,,,0,,,0,,,0,,,SL,-34.07,46
2025.08.20 10:31,2025.08.20 11:18,SELL,LienKe,3326.929,3330.783,38.5,13.4,34.9,0.35,0.91,1,21,29,0,,,0,,,0,,,0,,,0,,,0,,,0,,,0,,,SL,-38.54,47
2025.08.20 12:01,2025.08.20 12:17,SELL,LienKe,3332.658,3336.024,33.7,1.7,29.5,0.05,0.87,0,,,0,,,0,,,0,,,0,,,0,,,0,,,0,,,0,,,SL,-33.66,16
2025.08.20 12:01,2025.08.20 12:17,SELL,LienKe,3332.343,3336.024,36.8,0.0,32.6,0.00,0.89,0,,,0,,,0,,,0,,,0,,,0,,,0,,,0,,,0,,,SL,-36.81,16
2025.08.26 00:03,2025.08.26 00:43,BUY,LienKe,3352.269,3348.252,40.2,298.6,1.6,7.43,0.04,1,0,-,1,0,-,1,0,-,1,0,-,1,4,-,1,8,-,1,10,-,1,12,-,0,,,TP,300.00,40
2025.08.27 04:03,2025.08.27 04:30,BUY,LienKe,3380.462,3377.139,33.2,0.0,32.9,0.00,0.99,0,,,0,,,0,,,0,,,0,,,0,,,0,,,0,,,0,,,SL,-33.23,26
2025.08.27 04:02,2025.08.27 04:30,BUY,LienKe,3380.980,3377.139,38.4,1.0,38.1,0.03,0.99,0,,,0,,,0,,,0,,,0,,,0,,,0,,,0,,,0,,,SL,-38.41,28
2025.08.27 14:58,2025.08.27 15:11,SELL,LienKe,3385.662,3388.989,33.3,3.6,32.9,0.11,0.99,0,,,0,,,0,,,0,,,0,,,0,,,0,,,0,,,0,,,SL,-33.27,13
2025.08.27 14:56,2025.08.27 15:11,SELL,LienKe,3385.190,3388.989,38.0,4.5,37.6,0.12,0.99,0,,,0,,,0,,,0,,,0,,,0,,,0,,,0,,,0,,,SL,-37.99,15
2025.08.27 23:30,2025.08.28 11:25,SELL,LienKe,3398.917,3402.073,31.6,141.5,29.5,4.48,0.94,1,18,547,1,19,547,1,27,547,1,84,547,1,90,547,1,111,547,0,,,0,,,0,,,SL,-31.56,715
2025.08.27 23:08,2025.08.28 11:25,SELL,LienKe,3398.775,3402.073,33.0,140.1,30.9,4.25,0.94,1,1,21,1,41,569,1,49,569,1,106,569,1,112,569,1,133,569,0,,,0,,,0,,,SL,-32.98,737
2025.08.27 11:39,2025.08.28 11:30,BUY,LienKe,3374.573,3370.698,38.8,297.1,3.2,7.67,0.08,1,1,27,1,10,27,1,12,27,1,42,-,1,49,-,1,96,-,1,213,-,1,296,-,0,,,TP,283.95,1431
2025.09.01 01:06,2025.09.01 01:13,BUY,LienKe,3442.621,3439.013,36.1,0.0,33.3,0.00,0.92,0,,,0,,,0,,,0,,,0,,,0,,,0,,,0,,,0,,,SL,-36.08,7
2025.09.01 01:05,2025.09.01 01:13,BUY,LienKe,3443.437,3439.013,44.2,4.6,41.4,0.10,0.94,0,,,0,,,0,,,0,,,0,,,0,,,0,,,0,,,0,,,SL,-44.24,8
2025.09.01 23:46,2025.09.02 00:35,SELL,Swing,3480.726,3484.516,37.9,21.8,36.2,0.58,0.96,1,12,15,1,13,15,0,,,0,,,0,,,0,,,0,,,0,,,0,,,SL,-37.90,48
2025.09.01 23:25,2025.09.02 00:35,SELL,Swing,3479.959,3484.516,45.6,27.9,43.9,0.61,0.96,1,0,14,1,1,14,0,,,0,,,0,,,0,,,0,,,0,,,0,,,SL,-45.57,70
2025.09.02 16:04,2025.09.02 16:06,SELL,LienKe,3520.027,3523.754,37.3,4.3,23.3,0.12,0.62,0,,,0,,,0,,,0,,,0,,,0,,,0,,,0,,,0,,,SL,-37.27,2
2025.09.02 16:03,2025.09.02 16:06,SELL,LienKe,3519.174,3523.754,45.8,9.0,31.8,0.20,0.69,0,,,0,,,0,,,0,,,0,,,0,,,0,,,0,,,0,,,SL,-45.80,3
2025.09.04 02:55,2025.09.04 03:12,BUY,Swing,3527.202,3523.345,38.6,46.0,32.8,1.19,0.85,1,1,5,1,2,5,1,3,5,0,,,0,,,0,,,0,,,0,,,0,,,SL,-38.57,17
2025.09.04 02:55,2025.09.04 03:12,BUY,Swing,3528.258,3523.345,49.1,35.4,43.4,0.72,0.88,1,0,0,1,3,5,1,3,5,0,,,0,,,0,,,0,,,0,,,0,,,SL,-49.13,17
2025.09.04 13:23,2025.09.04 13:37,SELL,LienKe,3551.726,3556.912,51.9,8.9,46.9,0.17,0.90,0,,,0,,,0,,,0,,,0,,,0,,,0,,,0,,,0,,,SL,-51.86,14
2025.09.04 12:16,2025.09.04 13:37,SELL,LienKe,3549.566,3556.912,73.5,97.0,68.5,1.32,0.93,1,3,4,1,3,4,1,8,61,1,12,61,1,20,61,0,,,0,,,0,,,0,,,SL,-73.46,81
2025.09.04 22:09,2025.09.05 12:30,BUY,LienKe,3543.045,3539.474,35.7,181.1,31.4,5.07,0.88,1,69,74,1,84,-,1,85,-,1,86,-,1,94,-,1,98,-,1,323,-,0,,,0,,,TP,294.65,861
2025.09.04 14:22,2025.09.05 12:30,BUY,LienKe,3535.964,3532.049,39.1,251.9,7.2,6.43,0.18,1,0,1,1,0,1,1,4,-,1,6,-,1,16,-,1,21,-,1,83,-,1,119,-,0,,,TP,294.65,1328
2025.09.04 14:05,2025.09.05 12:30,BUY,LienKe,3537.136,3532.049,50.9,240.1,18.9,4.72,0.37,1,0,16,1,0,16,1,0,16,1,1,16,1,6,16,1,60,-,1,109,-,1,807,-,0,,,TP,294.65,1345
2025.09.04 22:09,2025.09.05 12:31,BUY,LienKe,3544.242,3539.474,47.7,298.7,43.3,6.26,0.91,1,84,-,1,85,-,1,85,-,1,87,-,1,98,-,1,106,-,1,391,-,1,861,-,0,,,TP,294.65,862
2025.09.08 00:12,2025.09.08 03:47,BUY,LienKe,3588.039,3583.886,41.5,91.7,41.4,2.21,1.00,1,1,6,1,3,6,1,13,18,1,44,57,1,49,57,0,,,0,,,0,,,0,,,SL,-41.53,215
2025.09.09 04:43,2025.09.09 05:39,SELL,LienKe,3654.752,3657.931,31.8,17.5,25.2,0.55,0.79,1,36,38,0,,,0,,,0,,,0,,,0,,,0,,,0,,,0,,,SL,-31.79,56
2025.09.09 04:43,2025.09.09 05:39,SELL,LienKe,3654.529,3657.931,34.0,15.3,27.4,0.45,0.81,1,36,38,0,,,0,,,0,,,0,,,0,,,0,,,0,,,0,,,SL,-34.02,56
2025.09.10 09:38,2025.09.10 09:45,SELL,LienKe,3648.619,3652.216,36.0,0.0,27.9,0.00,0.78,0,,,0,,,0,,,0,,,0,,,0,,,0,,,0,,,0,,,SL,-35.97,7
2025.09.10 09:37,2025.09.10 09:45,SELL,LienKe,3647.791,3652.216,44.2,2.6,36.2,0.06,0.82,0,,,0,,,0,,,0,,,0,,,0,,,0,,,0,,,0,,,SL,-44.25,8
2025.09.11 00:01,2025.09.11 01:30,SELL,LienKe,3645.588,3649.024,34.4,28.8,32.3,0.84,0.94,1,17,18,1,48,59,0,,,0,,,0,,,0,,,0,,,0,,,0,,,SL,-34.36,88
2025.09.11 00:01,2025.09.11 01:30,SELL,LienKe,3645.216,3649.024,38.1,25.1,36.0,0.66,0.95,1,34,34,1,52,59,0,,,0,,,0,,,0,,,0,,,0,,,0,,,SL,-38.08,89
2025.09.11 09:07,2025.09.11 09:14,BUY,LienKe,3622.710,3619.213,35.0,8.9,29.5,0.25,0.85,0,,,0,,,0,,,0,,,0,,,0,,,0,,,0,,,0,,,SL,-34.97,7
2025.09.11 09:06,2025.09.11 09:14,BUY,LienKe,3623.677,3619.213,44.6,0.7,39.2,0.02,0.88,0,,,0,,,0,,,0,,,0,,,0,,,0,,,0,,,0,,,SL,-44.64,8
2025.09.11 12:49,2025.09.11 13:03,SELL,LienKe,3630.902,3634.804,39.0,45.7,25.0,1.17,0.64,1,1,3,1,1,3,1,1,3,0,,,0,,,0,,,0,,,0,,,0,,,SL,-39.02,14
2025.09.11 12:49,2025.09.11 13:03,SELL,LienKe,3629.975,3634.804,48.3,36.4,34.3,0.75,0.71,1,1,3,1,2,3,1,3,3,0,,,0,,,0,,,0,,,0,,,0,,,SL,-48.29,14
2025.09.14 23:33,2025.09.15 00:39,BUY,Swing,3637.794,3634.572,32.2,47.7,30.2,1.48,0.94,1,27,28,1,38,57,1,38,57,0,,,0,,,0,,,0,,,0,,,0,,,SL,-32.22,66
2025.09.14 23:24,2025.09.15 00:39,BUY,Swing,3638.468,3634.572,39.0,41.0,37.0,1.05,0.95,1,2,8,1,47,66,1,50,66,0,,,0,,,0,,,0,,,0,,,0,,,SL,-38.96,75
2025.09.15 04:01,2025.09.15 12:50,SELL,LienKe,3646.383,3649.632,32.5,124.8,26.0,3.84,0.80,1,19,387,1,36,387,1,69,387,1,134,387,1,172,387,1,179,387,0,,,0,,,0,,,SL,-32.49,529
2025.09.15 04:01,2025.09.15 12:50,SELL,LienKe,3646.069,3649.632,35.6,121.7,29.1,3.42,0.82,1,21,89,1,45,89,1,69,89,1,135,302,1,172,302,1,179,302,0,,,0,,,0,,,SL,-35.63,529
2025.09.16 13:05,2025.09.16 15:06,BUY,LienKe,3686.134,3682.624,35.1,169.5,33.9,4.83,0.96,1,1,5,1,9,13,1,16,106,1,19,106,1,24,106,1,30,106,1,72,106,0,,,0,,,SL,-35.10,121
2025.09.16 13:04,2025.09.16 15:06,BUY,LienKe,3687.435,3682.624,48.1,156.5,46.9,3.25,0.97,1,10,11,1,17,107,1,19,107,1,21,107,1,30,107,1,34,107,1,73,107,0,,,0,,,SL,-48.11,122
2025.09.17 06:38,2025.09.17 06:44,BUY,LienKe,3674.471,3670.985,34.9,0.0,22.6,0.00,0.65,0,,,0,,,0,,,0,,,0,,,0,,,0,,,0,,,0,,,SL,-34.86,6
2025.09.17 06:36,2025.09.17 06:44,BUY,LienKe,3675.997,3670.985,50.1,2.9,37.9,0.06,0.76,0,,,0,,,0,,,0,,,0,,,0,,,0,,,0,,,0,,,SL,-50.12,8
2025.09.17 00:03,2025.09.17 08:03,SELL,LienKe,3694.856,3698.352,35.0,298.4,6.8,8.54,0.20,1,1,6,1,2,6,1,43,-,1,80,-,1,86,-,1,87,-,1,93,-,1,155,-,0,,,TP,300.00,480
2025.09.17 00:03,2025.09.17 08:15,SELL,LienKe,3694.395,3698.352,39.6,299.8,11.4,7.58,0.29,1,2,4,1,42,-,1,49,-,1,80,-,1,86,-,1,87,-,1,93,-,1,155,-,0,,,TP,300.00,492
2025.09.17 12:12,2025.09.17 12:41,SELL,LienKe,3670.965,3674.604,36.4,18.2,32.4,0.50,0.89,1,2,7,0,,,0,,,0,,,0,,,0,,,0,,,0,,,0,,,SL,-36.39,29
2025.09.17 12:12,2025.09.17 12:41,SELL,LienKe,3670.752,3674.604,38.5,16.1,34.6,0.42,0.90,1,2,7,0,,,0,,,0,,,0,,,0,,,0,,,0,,,0,,,SL,-38.52,29
2025.09.18 01:16,2025.09.18 01:38,BUY,LienKe,3656.003,3652.150,38.5,18.4,37.0,0.48,0.96,1,0,2,0,,,0,,,0,,,0,,,0,,,0,,,0,,,0,,,SL,-38.53,22
2025.09.18 01:12,2025.09.18 01:38,BUY,LienKe,3657.977,3652.150,58.3,34.2,56.7,0.59,0.97,1,0,3,1,0,3,1,2,3,0,,,0,,,0,,,0,,,0,,,0,,,SL,-58.27,26
2025.09.18 13:44,2025.09.18 13:44,BUY,Swing,3636.640,3630.762,58.8,0.0,1.6,0.00,0.03,0,,,0,,,0,,,0,,,0,,,0,,,0,,,0,,,0,,,SL,-58.78,0
2025.09.18 13:44,2025.09.18 13:44,BUY,Swing,3635.167,3630.762,44.0,0.0,52.7,0.00,1.20,0,,,0,,,0,,,0,,,0,,,0,,,0,,,0,,,0,,,SL,-44.05,0
2025.09.22 01:02,2025.09.22 01:15,SELL,LienKe,3692.262,3696.746,44.8,50.3,33.4,1.12,0.74,1,1,7,1,1,7,1,1,7,1,3,7,0,,,0,,,0,,,0,,,0,,,SL,-44.84,13
2025.09.22 01:01,2025.09.22 01:15,SELL,LienKe,3690.749,3696.746,60.0,35.1,48.5,0.59,0.81,1,0,0,1,4,7,1,4,7,0,,,0,,,0,,,0,,,0,,,0,,,SL,-59.97,14
2025.09.22 05:25,2025.09.22 06:08,SELL,LienKe,3697.345,3700.762,34.2,17.2,31.7,0.50,0.93,1,4,6,0,,,0,,,0,,,0,,,0,,,0,,,0,,,0,,,SL,-34.17,43
2025.09.24 10:17,2025.09.24 10:26,BUY,LienKe,3764.078,3760.090,39.9,0.0,37.4,0.00,0.94,0,,,0,,,0,,,0,,,0,,,0,,,0,,,0,,,0,,,SL,-39.88,8
2025.09.24 09:42,2025.09.24 10:26,BUY,LienKe,3765.249,3760.090,51.6,37.0,49.1,0.72,0.95,1,0,25,1,1,25,1,1,25,0,,,0,,,0,,,0,,,0,,,0,,,SL,-51.59,44
2025.09.30 00:04,2025.09.30 00:05,SELL,LienKe,3834.000,3837.166,31.7,0.0,20.0,0.00,0.63,0,,,0,,,0,,,0,,,0,,,0,,,0,,,0,,,0,,,SL,-31.66,1
2025.09.30 00:04,2025.09.30 00:05,SELL,LienKe,3833.793,3837.166,33.7,5.5,22.0,0.16,0.65,0,,,0,,,0,,,0,,,0,,,0,,,0,,,0,,,0,,,SL,-33.73,1
2025.10.01 18:07,2025.10.02 11:37,BUY,LienKe,3855.819,3851.868,39.5,295.7,29.9,7.48,0.76,1,1,2,1,3,413,1,4,413,1,6,413,1,11,413,1,24,413,1,102,413,1,877,-,0,,,TP,283.95,1050
2025.10.01 18:06,2025.10.02 12:03,BUY,LienKe,3857.438,3851.868,55.7,295.7,46.1,5.31,0.83,1,0,1,1,7,374,1,7,374,1,10,374,1,25,374,1,96,374,1,729,-,1,890,-,0,,,TP,283.95,1077
2025.10.02 12:02,2025.10.02 12:06,SELL,LienKe,3886.752,3890.005,32.5,1.1,22.4,0.03,0.69,0,,,0,,,0,,,0,,,0,,,0,,,0,,,0,,,0,,,SL,-32.53,4
2025.10.02 12:02,2025.10.02 12:06,SELL,LienKe,3886.481,3890.005,35.2,3.4,25.1,0.10,0.71,0,,,0,,,0,,,0,,,0,,,0,,,0,,,0,,,0,,,SL,-35.24,4
2025.10.03 08:58,2025.10.03 12:34,SELL,LienKe,3865.316,3868.705,33.9,104.7,33.5,3.09,0.99,1,2,63,1,4,63,1,6,63,1,8,63,1,23,63,1,156,196,0,,,0,,,0,,,SL,-33.89,215
2025.10.03 08:10,2025.10.03 12:34,SELL,LienKe,3863.452,3868.705,52.5,86.0,52.1,1.64,0.99,1,0,19,1,7,19,1,12,19,1,71,106,1,204,222,0,,,0,,,0,,,0,,,SL,-52.53,264
2025.10.05 22:14,2025.10.05 22:17,SELL,LienKe,3889.182,3892.739,35.6,0.0,32.4,0.00,0.91,0,,,0,,,0,,,0,,,0,,,0,,,0,,,0,,,0,,,SL,-35.57,3
2025.10.05 22:07,2025.10.05 22:17,SELL,LienKe,3886.259,3892.739,64.8,20.7,61.7,0.32,0.95,1,3,4,1,3,4,0,,,0,,,0,,,0,,,0,,,0,,,0,,,SL,-64.80,10
2025.10.10 08:48,2025.10.10 09:10,SELL,Swing,3994.206,3997.832,36.3,40.7,32.2,1.12,0.89,1,0,1,1,2,13,1,3,13,0,,,0,,,0,,,0,,,0,,,0,,,SL,-36.26,22
2025.10.10 08:48,2025.10.10 09:10,SELL,Swing,3993.745,3997.832,40.9,36.1,36.8,0.88,0.90,1,2,13,1,2,13,1,4,13,0,,,0,,,0,,,0,,,0,,,0,,,SL,-40.87,22
2025.10.15 05:23,2025.10.15 06:44,SELL,LienKe,4190.992,4194.497,35.1,66.2,33.6,1.89,0.96,1,8,19,1,8,19,1,8,19,1,8,19,0,,,0,,,0,,,0,,,0,,,SL,-35.05,80
2025.10.15 05:23,2025.10.15 06:44,SELL,LienKe,4190.669,4194.497,38.3,63.0,36.8,1.65,0.96,1,8,10,1,8,10,1,8,10,1,9,10,0,,,0,,,0,,,0,,,0,,,SL,-38.28,81
2025.10.16 00:18,2025.10.16 00:26,SELL,LienKe,4216.482,4220.595,41.1,1.9,40.8,0.05,0.99,0,,,0,,,0,,,0,,,0,,,0,,,0,,,0,,,0,,,SL,-41.13,7
2025.10.16 00:16,2025.10.16 00:26,SELL,LienKe,4215.331,4220.595,52.6,2.4,52.3,0.05,0.99,0,,,0,,,0,,,0,,,0,,,0,,,0,,,0,,,0,,,SL,-52.64,10
2025.10.16 12:35,2025.10.16 12:37,SELL,LienKe,4247.252,4251.200,39.5,0.0,32.3,0.00,0.82,0,,,0,,,0,,,0,,,0,,,0,,,0,,,0,,,0,,,SL,-39.48,2
2025.10.16 12:35,2025.10.16 12:37,SELL,LienKe,4246.334,4251.200,48.7,0.6,41.5,0.01,0.85,0,,,0,,,0,,,0,,,0,,,0,,,0,,,0,,,0,,,SL,-48.66,2
2025.10.20 12:12,2025.10.20 12:18,SELL,LienKe,4280.269,4284.296,40.3,16.9,34.0,0.42,0.84,1,4,5,0,,,0,,,0,,,0,,,0,,,0,,,0,,,0,,,SL,-40.27,6
2025.10.20 12:01,2025.10.20 12:18,SELL,LienKe,4277.960,4284.296,63.4,50.7,57.1,0.80,0.90,1,0,1,1,1,1,1,6,8,1,6,8,0,,,0,,,0,,,0,,,0,,,SL,-63.36,17
2025.10.21 05:13,2025.10.21 05:30,BUY,LienKe,4332.948,4328.893,40.6,27.1,34.3,0.67,0.85,1,1,2,1,1,2,0,,,0,,,0,,,0,,,0,,,0,,,0,,,SL,-40.55,17
2025.10.21 05:13,2025.10.21 05:30,BUY,LienKe,4335.028,4328.893,61.4,12.6,55.1,0.21,0.90,1,0,0,0,,,0,,,0,,,0,,,0,,,0,,,0,,,0,,,SL,-61.35,17
2025.10.21 12:33,2025.10.21 12:46,BUY,Swing,4218.981,4211.886,70.9,68.2,27.8,0.96,0.39,1,1,1,1,3,3,1,4,9,1,7,9,0,,,0,,,0,,,0,,,0,,,SL,-70.95,13
2025.10.21 12:15,2025.10.21 12:46,BUY,Swing,4225.808,4211.886,139.2,74.1,96.0,0.53,0.69,1,0,1,1,0,1,1,0,1,1,0,1,0,,,0,,,0,,,0,,,0,,,SL,-139.22,31
2025.10.23 20:04,2025.10.23 20:10,BUY,LienKe,4115.518,4111.202,43.2,34.4,26.0,0.80,0.60,1,1,3,1,1,3,1,1,3,0,,,0,,,0,,,0,,,0,,,0,,,SL,-43.16,6
2025.10.23 20:01,2025.10.23 20:10,BUY,LienKe,4116.967,4111.202,57.6,24.7,40.5,0.43,0.70,1,0,1,1,1,1,0,,,0,,,0,,,0,,,0,,,0,,,0,,,SL,-57.65,9
2025.10.24 20:03,2025.10.24 20:11,BUY,LienKe,4101.959,4098.270,36.9,13.8,11.4,0.37,0.31,1,2,3,0,,,0,,,0,,,0,,,0,,,0,,,0,,,0,,,SL,-36.89,8
2025.10.24 20:02,2025.10.24 20:11,BUY,LienKe,4102.827,4098.270,45.6,13.7,20.1,0.30,0.44,1,0,0,0,,,0,,,0,,,0,,,0,,,0,,,0,,,0,,,SL,-45.57,9
2025.10.27 00:02,2025.10.27 01:08,BUY,LienKe,4061.663,4055.794,58.7,291.4,35.5,4.96,0.61,1,1,1,1,1,1,1,2,-,1,5,-,1,6,-,1,6,-,1,32,-,1,57,-,0,,,TP,300.00,66
2025.10.27 00:01,2025.10.27 01:26,BUY,LienKe,4067.719,4055.794,119.3,284.8,96.1,2.39,0.81,1,6,17,1,7,17,1,7,17,1,31,-,1,33,-,1,44,-,1,58,-,1,64,-,0,,,TP,300.00,85
2025.10.28 08:17,2025.10.28 08:19,BUY,LienKe,3920.923,3917.024,39.0,3.0,33.4,0.08,0.86,0,,,0,,,0,,,0,,,0,,,0,,,0,,,0,,,0,,,SL,-38.99,1
2025.10.28 08:16,2025.10.28 08:19,BUY,LienKe,3922.216,3917.024,51.9,22.0,46.3,0.42,0.89,1,0,1,1,0,1,0,,,0,,,0,,,0,,,0,,,0,,,0,,,SL,-51.92,3
2025.10.30 14:10,2025.10.30 17:47,SELL,LienKe,4011.728,4016.820,50.9,248.4,46.6,4.88,0.92,1,1,4,1,1,4,1,2,4,1,2,4,1,13,215,1,13,215,1,17,215,1,26,215,0,,,SL,-50.92,217
2025.10.30 14:10,2025.10.30 17:47,SELL,LienKe,4009.588,4016.820,72.3,227.0,68.0,3.14,0.94,1,2,3,1,2,3,1,2,3,1,13,212,1,13,212,1,14,212,1,23,212,1,29,212,0,,,SL,-72.32,217
2025.10.31 04:08,2025.10.31 07:21,BUY,LienKe,3991.095,3987.103,39.9,291.8,20.2,7.31,0.51,1,5,6,1,8,-,1,9,-,1,16,-,1,20,-,1,22,-,1,24,-,1,98,-,0,,,TP,300.00,193
2025.10.31 04:08,2025.10.31 07:22,BUY,LienKe,3992.249,3987.103,51.5,289.9,31.7,5.63,0.62,1,8,-,1,9,-,1,9,-,1,19,-,1,21,-,1,23,-,1,44,-,1,118,-,0,,,TP,300.00,194
2025.11.04 05:58,2025.11.04 06:02,BUY,LienKe,3974.923,3970.464,44.6,10.5,41.3,0.23,0.93,1,0,1,0,,,0,,,0,,,0,,,0,,,0,,,0,,,0,,,SL,-44.59,3
2025.11.04 05:46,2025.11.04 06:02,BUY,LienKe,3976.764,3970.464,63.0,48.7,59.7,0.77,0.95,1,0,5,1,0,5,1,1,5,0,,,0,,,0,,,0,,,0,,,0,,,SL,-63.00,16
2025.11.04 08:04,2025.11.04 14:05,SELL,LienKe,3996.627,4001.137,45.1,285.7,42.4,6.33,0.94,1,1,3,1,1,3,1,9,18,1,11,18,1,116,132,1,116,132,1,330,-,1,334,-,0,,,TP,300.00,361
2025.11.04 08:02,2025.11.04 14:05,SELL,LienKe,3995.215,4001.137,59.2,271.5,56.6,4.59,0.96,1,2,2,1,11,17,1,12,17,1,118,133,1,118,133,1,272,309,1,332,-,1,348,-,0,,,TP,300.00,363
2025.11.04 14:06,2025.11.04 14:29,BUY,Swing,3967.801,3961.320,64.8,99.3,10.7,1.53,0.16,1,0,2,1,0,2,1,0,2,1,5,19,1,7,19,0,,,0,,,0,,,0,,,SL,-64.81,23
2025.11.04 14:29,2025.11.04 14:29,BUY,Swing,3966.002,3961.320,46.8,0.0,149.5,0.00,3.19,0,,,0,,,0,,,0,,,0,,,0,,,0,,,0,,,0,,,SL,-46.82,0
2025.11.05 00:43,2025.11.05 03:45,BUY,LienKe,3931.139,3926.741,44.0,283.7,15.4,6.45,0.35,1,0,2,1,0,2,1,3,-,1,4,-,1,16,-,1,17,-,1,42,-,1,140,-,0,,,TP,300.00,182
2025.11.05 00:42,2025.11.05 03:48,BUY,LienKe,3933.579,3926.741,68.4,287.3,39.8,4.20,0.58,1,0,0,1,5,9,1,5,9,1,17,-,1,18,-,1,22,-,1,45,-,1,143,-,0,,,TP,300.00,186
2025.11.06 17:20,2025.11.06 17:21,BUY,LienKe,3974.416,3970.127,42.9,4.2,4.6,0.10,0.11,0,,,0,,,0,,,0,,,0,,,0,,,0,,,0,,,0,,,SL,-42.89,1
2025.11.06 17:18,2025.11.06 17:21,BUY,LienKe,3976.627,3970.127,65.0,13.8,26.7,0.21,0.41,1,0,0,0,,,0,,,0,,,0,,,0,,,0,,,0,,,0,,,SL,-65.00,3
2025.11.12 00:05,2025.11.12 03:52,SELL,LienKe,4144.806,4148.066,32.6,293.4,8.8,9.00,0.27,1,2,3,1,5,-,1,12,-,1,22,-,1,46,-,1,52,-,1,55,-,1,156,-,0,,,TP,300.00,227
2025.11.12 00:05,2025.11.12 03:52,SELL,LienKe,4144.576,4148.066,34.9,291.1,11.1,8.34,0.32,1,2,4,1,5,9,1,12,-,1,42,-,1,46,-,1,52,-,1,55,-,1,156,-,0,,,TP,300.00,227
2025.11.13 00:13,2025.11.13 01:17,BUY,LienKe,4187.485,4182.809,46.8,219.0,11.9,4.68,0.25,1,0,2,1,0,2,1,1,2,1,10,63,1,17,63,1,18,63,1,24,63,1,41,63,0,,,SL,-46.76,64
2025.11.13 03:57,2025.11.13 04:06,SELL,Swing,4211.991,4215.696,37.0,23.8,17.9,0.64,0.48,1,0,1,1,5,8,0,,,0,,,0,,,0,,,0,,,0,,,0,,,SL,-37.05,9
2025.11.13 03:57,2025.11.13 04:06,SELL,Swing,4211.074,4215.696,46.2,14.6,27.1,0.32,0.59,1,5,5,0,,,0,,,0,,,0,,,0,,,0,,,0,,,0,,,SL,-46.22,9
2025.11.17 08:02,2025.11.17 08:07,SELL,LienKe,4089.322,4093.514,41.9,0.0,31.3,0.00,0.75,0,,,0,,,0,,,0,,,0,,,0,,,0,,,0,,,0,,,SL,-41.92,5
2025.11.17 08:01,2025.11.17 08:07,SELL,LienKe,4087.599,4093.514,59.1,6.0,48.5,0.10,0.82,0,,,0,,,0,,,0,,,0,,,0,,,0,,,0,,,0,,,SL,-59.15,6
2025.11.18 04:18,2025.11.18 07:12,BUY,LienKe,4007.641,4003.721,39.2,175.9,28.6,4.49,0.73,1,1,2,1,4,5,1,4,5,1,8,19,1,9,19,1,10,19,1,81,139,0,,,0,,,SL,-39.20,174
2025.11.18 04:18,2025.11.18 07:12,BUY,Swing,4007.641,4003.721,39.2,175.9,28.6,4.49,0.73,1,1,2,1,4,5,1,4,5,1,8,19,1,9,19,1,10,19,1,81,139,0,,,0,,,SL,-39.20,174
2025.11.18 04:18,2025.11.18 07:12,BUY,LienKe,4008.814,4003.721,50.9,164.1,40.3,3.22,0.79,1,4,5,1,4,5,1,8,19,1,8,19,1,9,19,1,63,123,1,84,123,0,,,0,,,SL,-50.93,174
2025.11.18 04:18,2025.11.18 07:12,BUY,Swing,4008.814,4003.721,50.9,164.1,40.3,3.22,0.79,1,4,5,1,4,5,1,8,19,1,8,19,1,9,19,1,63,123,1,84,123,0,,,0,,,SL,-50.93,174
2025.11.19 17:09,2025.11.19 18:51,BUY,Swing,4057.627,4052.572,50.5,289.6,1.6,5.73,0.03,1,0,-,1,0,-,1,0,-,1,1,-,1,2,-,1,2,-,1,19,-,1,33,-,0,,,TP,300.00,102
2025.11.19 17:09,2025.11.19 18:52,BUY,Swing,4060.226,4052.572,76.5,283.9,27.6,3.71,0.36,1,0,1,1,1,-,1,1,-,1,2,-,1,3,-,1,3,-,1,32,-,1,42,-,0,,,TP,300.00,103
2025.11.19 23:43,2025.11.19 23:48,SELL,LienKe,4097.842,4101.938,41.0,14.3,35.5,0.35,0.87,1,1,2,0,,,0,,,0,,,0,,,0,,,0,,,0,,,0,,,SL,-40.96,5
2025.11.19 23:42,2025.11.19 23:48,SELL,LienKe,4096.762,4101.938,51.8,19.7,46.3,0.38,0.89,1,0,1,0,,,0,,,0,,,0,,,0,,,0,,,0,,,0,,,SL,-51.76,6
2025.11.21 20:32,2025.11.21 20:37,BUY,LienKe,4063.240,4058.094,51.5,19.1,38.2,0.37,0.74,1,2,3,0,,,0,,,0,,,0,,,0,,,0,,,0,,,0,,,SL,-51.46,5
2025.11.21 20:32,2025.11.21 20:37,BUY,LienKe,4063.847,4058.094,57.5,13.0,44.3,0.23,0.77,1,2,2,0,,,0,,,0,,,0,,,0,,,0,,,0,,,0,,,SL,-57.53,5
2025.11.24 05:23,2025.11.24 09:11,BUY,LienKe,4043.201,4036.842,63.6,272.3,18.3,4.28,0.29,1,0,10,1,0,10,1,1,10,1,19,25,1,41,-,1,42,-,1,129,-,1,135,-,0,,,TP,300.00,228
2025.11.25 17:04,2025.11.25 17:33,SELL,LienKe,4148.129,4154.322,61.9,31.4,60.2,0.51,0.97,1,0,1,1,0,1,1,0,1,0,,,0,,,0,,,0,,,0,,,0,,,SL,-61.93,29
2025.11.25 17:03,2025.11.25 17:33,SELL,LienKe,4144.313,4154.322,100.1,33.0,98.3,0.33,0.98,1,0,0,1,0,0,1,0,0,0,,,0,,,0,,,0,,,0,,,0,,,SL,-100.09,30
2025.11.28 05:24,2025.11.28 08:06,BUY,LienKe,4168.494,4152.874,156.2,201.9,115.0,1.29,0.74,1,0,159,1,0,159,1,0,159,1,0,159,1,0,159,1,0,159,1,0,159,1,84,159,0,,,SL,-156.20,162
2025.12.02 00:10,2025.12.02 01:01,BUY,LienKe,4224.235,4220.718,35.2,55.3,28.3,1.57,0.80,1,0,9,1,0,9,1,2,9,1,35,43,0,,,0,,,0,,,0,,,0,,,SL,-35.17,51
2025.12.02 00:09,2025.12.02 01:01,BUY,LienKe,4224.955,4220.718,42.4,48.1,35.5,1.14,0.84,1,1,9,1,1,9,1,4,9,0,,,0,,,0,,,0,,,0,,,0,,,SL,-42.37,52
2025.12.02 09:35,2025.12.02 09:36,BUY,Swing,4191.578,4187.505,40.7,0.0,4.3,0.00,0.11,0,,,0,,,0,,,0,,,0,,,0,,,0,,,0,,,0,,,SL,-40.73,1
2025.12.02 09:35,2025.12.02 09:36,BUY,Swing,4192.860,4187.505,53.5,0.0,17.1,0.00,0.32,0,,,0,,,0,,,0,,,0,,,0,,,0,,,0,,,0,,,SL,-53.55,1
2025.12.03 12:34,2025.12.03 12:42,SELL,LienKe,4209.792,4213.588,38.0,0.0,37.9,0.00,1.00,0,,,0,,,0,,,0,,,0,,,0,,,0,,,0,,,0,,,SL,-37.96,8
2025.12.03 12:01,2025.12.03 12:42,SELL,LienKe,4208.978,4213.588,46.1,37.0,46.0,0.80,1.00,1,1,8,1,1,8,1,18,23,0,,,0,,,0,,,0,,,0,,,0,,,SL,-46.10,41
2025.12.04 02:04,2025.12.04 02:07,BUY,LienKe,4202.986,4199.018,39.7,0.0,37.7,0.00,0.95,0,,,0,,,0,,,0,,,0,,,0,,,0,,,0,,,0,,,SL,-39.68,2
2025.12.04 02:04,2025.12.04 02:07,BUY,LienKe,4204.051,4199.018,50.3,0.9,48.4,0.02,0.96,0,,,0,,,0,,,0,,,0,,,0,,,0,,,0,,,0,,,SL,-50.33,3
2025.12.09 16:00,2025.12.09 16:11,SELL,LienKe,4212.522,4219.496,69.7,21.9,56.9,0.31,0.82,1,0,1,1,0,1,0,,,0,,,0,,,0,,,0,,,0,,,0,,,SL,-69.74,11
2025.12.10 00:40,2025.12.10 03:55,BUY,LienKe,4207.399,4204.092,33.1,113.8,31.0,3.44,0.94,1,9,19,1,17,19,1,20,23,1,27,169,1,34,169,1,40,169,0,,,0,,,0,,,SL,-33.07,195
2025.12.10 00:22,2025.12.10 03:55,BUY,LienKe,4207.780,4204.092,36.9,110.0,34.8,2.98,0.94,1,2,3,1,6,16,1,43,188,1,49,188,1,53,188,1,59,188,0,,,0,,,0,,,SL,-36.88,213
2025.12.10 08:42,2025.12.10 08:59,BUY,LienKe,4201.032,4197.090,39.4,11.2,36.3,0.28,0.92,1,5,6,0,,,0,,,0,,,0,,,0,,,0,,,0,,,0,,,SL,-39.42,17
2025.12.10 08:11,2025.12.10 08:59,BUY,LienKe,4202.165,4197.090,50.7,44.5,47.7,0.88,0.94,1,0,1,1,8,22,1,9,22,0,,,0,,,0,,,0,,,0,,,0,,,SL,-50.75,48
2025.12.10 14:12,2025.12.10 19:00,SELL,LienKe,4206.252,4209.659,34.1,171.4,10.2,5.03,0.30,1,1,3,1,5,-,1,6,-,1,9,-,1,14,-,1,15,-,1,64,-,0,,,0,,,SL,-34.07,288
2025.12.10 14:12,2025.12.10 19:00,SELL,LienKe,4205.841,4209.659,38.2,167.2,14.3,4.38,0.38,1,1,3,1,6,-,1,7,-,1,9,-,1,14,-,1,15,-,1,64,-,0,,,0,,,SL,-38.18,288
2025.12.10 19:11,2025.12.10 19:41,SELL,Swing,4217.475,4222.141,46.7,279.9,25.8,6.00,0.55,1,0,-,1,0,-,1,0,-,1,1,-,1,3,-,1,13,-,1,17,-,1,17,-,0,,,TP,300.00,30
2025.12.10 19:10,2025.12.10 19:41,SELL,Swing,4215.781,4222.141,63.6,263.0,42.7,4.14,0.67,1,0,0,1,0,0,1,2,5,1,2,5,1,12,-,1,14,-,1,18,-,1,18,-,0,,,TP,300.00,31
2025.12.11 03:25,2025.12.11 05:47,BUY,LienKe,4210.910,4206.428,44.8,76.2,41.8,1.70,0.93,1,1,1,1,4,63,1,7,63,1,9,63,0,,,0,,,0,,,0,,,0,,,SL,-44.82,142
2025.12.11 03:13,2025.12.11 05:47,BUY,LienKe,4212.630,4206.428,62.0,59.0,59.0,0.95,0.95,1,0,1,1,5,11,1,5,11,1,32,74,0,,,0,,,0,,,0,,,0,,,SL,-62.02,154
2025.12.11 13:15,2025.12.11 13:16,BUY,LienKe,4209.610,4205.776,38.3,8.7,7.6,0.23,0.20,0,,,0,,,0,,,0,,,0,,,0,,,0,,,0,,,0,,,SL,-38.34,1
2025.12.11 12:04,2025.12.11 13:16,BUY,LienKe,4210.375,4205.776,46.0,121.4,15.3,2.64,0.33,1,0,67,1,1,67,1,3,67,1,13,67,1,26,67,1,55,67,0,,,0,,,0,,,SL,-45.99,72
2025.12.12 05:57,2025.12.12 07:05,SELL,LienKe,4280.079,4283.577,35.0,32.8,32.8,0.94,0.94,1,2,3,1,7,26,1,16,26,0,,,0,,,0,,,0,,,0,,,0,,,SL,-34.98,68
2025.12.12 05:57,2025.12.12 07:05,SELL,LienKe,4279.565,4283.577,40.1,27.6,38.0,0.69,0.95,1,7,11,1,16,24,0,,,0,,,0,,,0,,,0,,,0,,,0,,,SL,-40.12,68
2025.12.12 13:28,2025.12.12 13:30,SELL,LienKe,4337.522,4342.557,50.3,32.8,8.7,0.65,0.17,1,0,-,1,1,-,1,1,-,0,,,0,,,0,,,0,,,0,,,0,,,SL,-50.35,2
2025.12.12 13:30,2025.12.12 13:30,SELL,LienKe,4338.981,4342.557,35.8,0.0,46.7,0.00,1.31,0,,,0,,,0,,,0,,,0,,,0,,,0,,,0,,,0,,,SL,-35.76,0
2025.12.15 04:22,2025.12.15 05:30,SELL,LienKe,4329.291,4332.685,33.9,59.8,22.2,1.76,0.65,1,4,61,1,4,61,1,10,61,1,13,61,0,,,0,,,0,,,0,,,0,,,SL,-33.94,68
2025.12.15 04:22,2025.12.15 05:30,SELL,LienKe,4328.740,4332.685,39.5,54.3,27.7,1.38,0.70,1,4,59,1,5,59,1,10,59,1,14,59,0,,,0,,,0,,,0,,,0,,,SL,-39.45,68
2025.12.16 03:14,2025.12.16 05:30,BUY,Swing,4284.215,4279.438,47.8,80.7,46.1,1.69,0.97,1,3,4,1,3,4,1,3,4,1,35,125,1,46,125,0,,,0,,,0,,,0,,,SL,-47.77,136
2025.12.16 03:13,2025.12.16 05:30,BUY,Swing,4286.682,4279.438,72.4,56.0,70.8,0.77,0.98,1,0,1,1,0,1,1,37,65,1,45,65,0,,,0,,,0,,,0,,,0,,,SL,-72.44,137
2025.12.16 12:17,2025.12.16 12:44,SELL,LienKe,4289.253,4293.081,38.3,14.1,35.5,0.37,0.93,1,19,20,0,,,0,,,0,,,0,,,0,,,0,,,0,,,0,,,SL,-38.28,27
2025.12.16 12:17,2025.12.16 12:44,SELL,LienKe,4289.029,4293.081,40.5,11.9,37.8,0.29,0.93,1,20,20,0,,,0,,,0,,,0,,,0,,,0,,,0,,,0,,,SL,-40.52,27
2025.12.16 14:04,2025.12.16 14:15,SELL,Swing,4318.450,4323.141,46.9,36.1,20.9,0.77,0.45,1,0,3,1,0,3,1,0,3,0,,,0,,,0,,,0,,,0,,,0,,,SL,-46.91,11
2025.12.16 14:04,2025.12.16 14:15,SELL,Swing,4316.813,4323.141,63.3,19.7,37.2,0.31,0.59,1,0,1,0,,,0,,,0,,,0,,,0,,,0,,,0,,,0,,,SL,-63.28,11
2025.12.17 04:40,2025.12.17 04:45,SELL,LienKe,4327.515,4331.148,36.3,3.5,29.0,0.10,0.80,0,,,0,,,0,,,0,,,0,,,0,,,0,,,0,,,0,,,SL,-36.33,5
2025.12.17 04:40,2025.12.17 04:45,SELL,LienKe,4327.002,4331.148,41.5,3.4,34.1,0.08,0.82,0,,,0,,,0,,,0,,,0,,,0,,,0,,,0,,,0,,,SL,-41.46,5
2025.12.19 13:16,2025.12.19 14:39,SELL,LienKe,4333.442,4337.765,43.2,81.9,37.5,1.89,0.87,1,3,4,1,6,13,1,8,13,1,9,13,1,55,75,0,,,0,,,0,,,0,,,SL,-43.23,82
2025.12.19 13:12,2025.12.19 14:39,SELL,LienKe,4332.153,4337.765,56.1,69.0,50.4,1.23,0.90,1,1,4,1,1,4,1,3,4,1,48,54,0,,,0,,,0,,,0,,,0,,,SL,-56.12,87
2025.12.21 23:20,2025.12.21 23:45,SELL,LienKe,4346.793,4350.347,35.5,5.3,35.0,0.15,0.98,0,,,0,,,0,,,0,,,0,,,0,,,0,,,0,,,0,,,SL,-35.54,25
2025.12.21 23:17,2025.12.21 23:45,SELL,LienKe,4346.245,4350.347,41.0,19.8,40.5,0.48,0.99,1,0,3,0,,,0,,,0,,,0,,,0,,,0,,,0,,,0,,,SL,-41.02,28
2025.12.26 09:01,2025.12.26 10:25,SELL,LienKe,4519.151,4523.265,41.1,71.4,40.6,1.74,0.99,1,3,72,1,4,72,1,9,72,1,41,72,0,,,0,,,0,,,0,,,0,,,SL,-41.14,84
2025.12.26 09:01,2025.12.26 10:25,SELL,LienKe,4519.025,4523.265,42.4,70.1,41.8,1.65,0.99,1,3,6,1,4,6,1,9,72,1,41,72,0,,,0,,,0,,,0,,,0,,,SL,-42.40,84
2025.12.26 15:27,2025.12.26 15:32,SELL,Swing,4532.361,4536.435,40.7,3.4,30.0,0.08,0.74,0,,,0,,,0,,,0,,,0,,,0,,,0,,,0,,,0,,,SL,-40.74,5
2025.12.26 14:35,2025.12.26 15:32,SELL,Swing,4531.392,4536.435,50.4,184.8,39.7,3.66,0.79,1,0,52,1,0,52,1,1,52,1,2,52,1,6,52,1,6,52,1,12,52,0,,,0,,,SL,-50.43,57
2026.01.02 00:45,2026.01.02 00:57,SELL,LienKe,4351.905,4356.298,43.9,10.2,30.3,0.23,0.69,1,5,6,0,,,0,,,0,,,0,,,0,,,0,,,0,,,0,,,SL,-43.93,12
2026.01.02 00:11,2026.01.02 00:57,SELL,LienKe,4350.528,4356.298,57.7,90.9,44.0,1.58,0.76,1,0,27,1,0,27,1,6,27,1,8,27,1,14,27,0,,,0,,,0,,,0,,,SL,-57.70,46
2026.01.05 15:00,2026.01.05 15:02,SELL,LienKe,4441.402,4445.879,44.8,0.0,41.8,0.00,0.93,0,,,0,,,0,,,0,,,0,,,0,,,0,,,0,,,0,,,SL,-44.77,2
2026.01.05 14:56,2026.01.05 15:02,SELL,LienKe,4440.003,4445.879,58.8,48.0,55.8,0.82,0.95,1,0,1,1,0,1,1,1,4,0,,,0,,,0,,,0,,,0,,,0,,,SL,-58.76,6
2026.01.06 08:28,2026.01.06 10:00,SELL,LienKe,4474.861,4479.002,41.4,299.0,1.9,7.22,0.05,1,0,-,1,0,-,1,1,-,1,2,-,1,4,-,1,13,-,1,42,-,1,43,-,0,,,TP,300.00,92
2026.01.06 08:28,2026.01.06 10:03,SELL,LienKe,4473.745,4479.002,52.6,292.7,13.0,5.57,0.25,1,0,1,1,1,-,1,2,-,1,3,-,1,13,-,1,35,-,1,43,-,1,47,-,0,,,TP,300.00,95
2026.01.08 05:28,2026.01.08 05:33,BUY,Swing,4424.244,4419.761,44.8,27.8,44.1,0.62,0.98,1,1,2,1,1,2,0,,,0,,,0,,,0,,,0,,,0,,,0,,,SL,-44.83,4
2026.01.08 05:17,2026.01.08 05:33,BUY,Swing,4425.912,4419.761,61.5,36.7,60.7,0.60,0.99,1,0,1,1,4,9,1,5,9,0,,,0,,,0,,,0,,,0,,,0,,,SL,-61.51,16
2026.01.09 09:21,2026.01.09 12:06,SELL,LienKe,4476.848,4480.674,38.3,94.9,33.9,2.48,0.89,1,1,159,1,3,159,1,8,159,1,14,159,1,69,159,0,,,0,,,0,,,0,,,SL,-38.26,164
2026.01.09 09:21,2026.01.09 12:06,SELL,LienKe,4475.959,4480.674,47.2,86.1,42.8,1.83,0.91,1,3,158,1,8,158,1,12,158,1,33,158,1,85,158,0,,,0,,,0,,,0,,,SL,-47.15,165
2026.01.09 13:20,2026.01.09 14:10,BUY,LienKe,4462.439,4457.898,45.4,295.3,35.3,6.50,0.78,1,0,10,1,0,10,1,0,10,1,0,10,1,2,10,1,4,10,1,11,-,1,12,-,0,,,TP,300.00,50
2026.01.09 12:34,2026.01.09 14:11,BUY,LienKe,4464.180,4457.898,62.8,290.7,52.7,4.63,0.84,1,1,2,1,1,2,1,12,20,1,28,45,1,31,45,1,51,56,1,57,-,1,58,-,0,,,TP,300.00,97
2026.01.13 12:26,2026.01.13 13:30,BUY,LienKe,4579.609,4576.161,34.5,268.9,17.6,7.80,0.51,1,0,1,1,9,-,1,9,-,1,12,-,1,21,-,1,23,-,1,33,-,1,45,-,0,,,TP,300.00,64
2026.01.13 12:26,2026.01.13 13:30,BUY,LienKe,4579.989,4576.161,38.3,265.1,21.4,6.93,0.56,1,3,4,1,9,-,1,10,-,1,15,-,1,21,-,1,23,-,1,33,-,1,45,-,0,,,TP,300.00,64
2026.01.14 04:03,2026.01.14 05:01,SELL,LienKe,4629.541,4633.246,37.0,41.2,18.3,1.11,0.49,1,2,13,1,7,13,1,20,33,0,,,0,,,0,,,0,,,0,,,0,,,SL,-37.05,58
2026.01.14 04:03,2026.01.14 05:01,SELL,LienKe,4628.908,4633.246,43.4,34.9,24.7,0.80,0.57,1,4,7,1,19,32,1,26,32,0,,,0,,,0,,,0,,,0,,,0,,,SL,-43.38,58
2026.01.14 19:03,2026.01.14 23:23,SELL,LienKe,4640.009,4646.164,61.5,293.0,17.3,4.76,0.28,1,0,22,1,1,22,1,1,22,1,2,22,1,59,67,1,59,67,1,131,-,1,154,-,0,,,TP,300.00,260
2026.01.16 00:47,2026.01.16 01:00,BUY,LienKe,4600.783,4596.807,39.8,12.4,22.5,0.31,0.57,1,8,9,0,,,0,,,0,,,0,,,0,,,0,,,0,,,0,,,SL,-39.76,13
2026.01.16 00:47,2026.01.16 01:00,BUY,LienKe,4600.978,4596.807,41.7,10.5,24.4,0.25,0.59,1,9,9,0,,,0,,,0,,,0,,,0,,,0,,,0,,,0,,,SL,-41.71,13
2026.01.16 05:49,2026.01.16 05:55,SELL,LienKe,4611.386,4615.171,37.8,3.3,23.1,0.09,0.61,0,,,0,,,0,,,0,,,0,,,0,,,0,,,0,,,0,,,SL,-37.85,6
2026.01.16 05:49,2026.01.16 05:55,SELL,LienKe,4610.638,4615.171,45.3,0.0,30.6,0.00,0.67,0,,,0,,,0,,,0,,,0,,,0,,,0,,,0,,,0,,,SL,-45.33,6
2026.01.21 14:11,2026.01.21 15:19,BUY,LienKe,4847.133,4838.595,85.4,252.9,79.3,2.96,0.93,1,0,1,1,2,2,1,2,2,1,5,8,1,9,42,1,9,42,1,17,42,1,19,42,0,,,SL,-85.38,68
2026.01.21 14:06,2026.01.21 15:19,BUY,LienKe,4858.499,4838.595,199.0,139.2,193.0,0.70,0.97,1,0,0,1,0,0,1,0,0,1,1,4,1,4,4,1,4,4,0,,,0,,,0,,,SL,-199.04,73
2026.01.23 08:01,2026.01.23 08:18,BUY,LienKe,4943.023,4938.697,43.3,45.6,38.8,1.05,0.90,1,0,10,1,1,10,1,1,10,0,,,0,,,0,,,0,,,0,,,0,,,SL,-43.26,17
2026.01.23 08:01,2026.01.23 08:18,BUY,LienKe,4945.220,4938.697,65.2,23.6,60.7,0.36,0.93,1,3,4,1,7,10,0,,,0,,,0,,,0,,,0,,,0,,,0,,,SL,-65.23,17
2026.01.23 14:11,2026.01.23 14:46,SELL,LienKe,4946.791,4950.993,42.0,138.3,31.3,3.29,0.74,1,0,1,1,1,1,1,4,25,1,4,25,1,19,25,1,19,25,0,,,0,,,0,,,SL,-42.02,35
2026.01.23 13:08,2026.01.23 14:46,SELL,LienKe,4944.771,4950.993,62.2,207.9,51.5,3.34,0.83,1,0,62,1,0,62,1,0,62,1,2,62,1,7,62,1,12,62,1,14,62,1,15,62,0,,,SL,-62.22,98
2026.01.26 13:01,2026.01.26 13:02,BUY,LienKe,5076.673,5072.173,45.0,40.4,2.0,0.90,0.04,1,0,-,1,0,-,1,0,-,0,,,0,,,0,,,0,,,0,,,0,,,SL,-45.00,1
2026.01.26 13:01,2026.01.26 13:02,BUY,LienKe,5078.226,5072.173,60.5,24.9,17.5,0.41,0.29,1,0,0,1,0,0,0,,,0,,,0,,,0,,,0,,,0,,,0,,,SL,-60.53,1
2026.01.27 16:21,2026.01.27 20:03,SELL,Swing,5099.525,5106.130,66.1,231.8,17.3,3.51,0.26,1,0,8,1,0,8,1,0,8,1,3,8,1,13,214,1,22,214,1,35,214,1,56,214,0,,,SL,-66.05,222
2026.01.28 15:09,2026.01.28 15:24,BUY,LienKe,5244.276,5232.248,120.3,299.3,31.1,2.49,0.26,1,1,-,1,1,-,1,1,-,1,1,-,1,1,-,1,1,-,1,1,-,1,6,-,0,,,TP,300.00,14
2026.01.28 16:59,2026.01.28 17:00,SELL,LienKe,5298.342,5302.788,44.5,0.0,20.2,0.00,0.45,0,,,0,,,0,,,0,,,0,,,0,,,0,,,0,,,0,,,SL,-44.46,1
2026.01.28 16:59,2026.01.28 17:00,SELL,LienKe,5297.205,5302.788,55.8,14.4,31.5,0.26,0.56,1,0,0,0,,,0,,,0,,,0,,,0,,,0,,,0,,,0,,,SL,-55.83,1
2026.01.30 02:08,2026.01.30 02:09,BUY,LienKe,5287.886,5276.364,115.2,0.0,80.1,0.00,0.70,0,,,0,,,0,,,0,,,0,,,0,,,0,,,0,,,0,,,SL,-115.22,1
2026.02.02 09:48,2026.02.02 09:49,SELL,LienKe,4708.341,4716.825,84.8,0.0,71.7,0.00,0.85,0,,,0,,,0,,,0,,,0,,,0,,,0,,,0,,,0,,,SL,-84.84,1
2026.02.02 09:42,2026.02.02 09:49,SELL,LienKe,4702.823,4716.825,140.0,179.9,126.9,1.28,0.91,1,0,5,1,0,5,1,0,5,1,0,5,1,0,5,1,0,5,1,2,5,0,,,0,,,SL,-140.02,7
2026.02.03 13:47,2026.02.03 14:00,SELL,LienKe,4948.285,4953.953,56.7,273.0,28.2,4.82,0.50,1,1,1,1,1,1,1,2,-,1,3,-,1,3,-,1,4,-,1,4,-,1,6,-,0,,,TP,300.00,13
2026.02.03 13:47,2026.02.03 14:15,SELL,LienKe,4945.688,4953.953,82.7,278.3,54.1,3.37,0.65,1,0,0,1,3,-,1,3,-,1,3,-,1,4,-,1,4,-,1,6,-,1,6,-,0,,,TP,300.00,28
2026.02.04 00:16,2026.02.04 00:18,SELL,Swing,4991.422,4997.322,59.0,33.2,55.5,0.56,0.94,1,0,1,1,0,1,1,0,1,0,,,0,,,0,,,0,,,0,,,0,,,SL,-59.00,2
2026.02.04 00:16,2026.02.04 00:18,SELL,Swing,4988.425,4997.322,89.0,37.0,85.5,0.42,0.96,1,0,0,1,0,0,1,0,0,0,,,0,,,0,,,0,,,0,,,0,,,SL,-88.97,2
2026.02.09 10:03,2026.02.09 10:27,BUY,LienKe,4998.719,4993.631,50.9,164.2,14.6,3.23,0.29,1,1,23,1,1,23,1,1,23,1,1,23,1,2,23,1,2,23,1,12,23,0,,,0,,,SL,-50.88,24
2026.02.09 10:03,2026.02.09 10:27,BUY,LienKe,5001.138,4993.631,75.1,140.0,38.8,1.87,0.52,1,1,22,1,1,22,1,1,22,1,2,22,1,2,22,1,3,22,0,,,0,,,0,,,SL,-75.07,24
2026.02.11 02:45,2026.02.11 03:31,SELL,LienKe,5054.087,5059.748,56.6,88.2,52.4,1.56,0.92,1,2,2,1,3,5,1,20,37,1,30,37,1,31,37,0,,,0,,,0,,,0,,,SL,-56.61,46
2026.02.11 02:02,2026.02.11 03:31,SELL,LienKe,5051.089,5059.748,86.6,183.5,82.3,2.12,0.95,1,0,40,1,0,40,1,0,40,1,0,40,1,4,40,1,4,40,1,12,40,0,,,0,,,SL,-86.59,89
2026.02.11 12:01,2026.02.11 12:34,SELL,LienKe,5114.196,5122.259,80.6,276.2,12.3,3.43,0.15,1,0,-,1,0,-,1,0,-,1,1,-,1,3,-,1,5,-,1,8,-,1,17,-,0,,,TP,300.00,33
2026.02.20 00:02,2026.02.20 03:42,BUY,LienKe,4990.059,4982.451,76.1,246.4,28.2,3.24,0.37,1,0,20,1,0,20,1,0,20,1,3,20,1,45,183,1,51,183,1,55,183,1,58,183,0,,,SL,-76.08,220
2026.02.20 06:25,2026.02.20 06:25,SELL,Swing,5021.994,5025.856,38.6,3.4,2.4,0.09,0.06,0,,,0,,,0,,,0,,,0,,,0,,,0,,,0,,,0,,,SL,-38.62,0
2026.02.20 06:25,2026.02.20 06:27,SELL,Swing,5022.406,5025.856,34.5,0.0,72.5,0.00,2.10,0,,,0,,,0,,,0,,,0,,,0,,,0,,,0,,,0,,,SL,-34.50,1
2026.02.23 07:35,2026.02.23 08:29,BUY,LienKe,5128.824,5122.562,62.6,107.4,38.9,1.72,0.62,1,1,2,1,1,2,1,1,2,1,5,49,1,10,49,1,18,49,0,,,0,,,0,,,SL,-62.62,54
2026.02.23 07:27,2026.02.23 08:29,BUY,LienKe,5132.584,5122.562,100.2,69.8,76.5,0.70,0.76,1,0,4,1,0,4,1,0,4,1,21,34,0,,,0,,,0,,,0,,,0,,,SL,-100.22,62
2026.02.24 20:34,2026.02.24 23:03,SELL,LienKe,5169.801,5173.528,37.3,292.3,35.9,7.84,0.96,1,15,16,1,17,-,1,17,-,1,17,-,1,19,-,1,21,-,1,50,-,1,59,-,0,,,TP,300.00,148
2026.02.24 20:34,2026.02.24 23:03,SELL,LienKe,5168.731,5173.528,48.0,281.5,46.6,5.87,0.97,1,17,-,1,17,-,1,17,-,1,18,-,1,21,-,1,21,-,1,56,-,1,61,-,0,,,TP,300.00,149
2026.02.26 05:13,2026.02.26 05:16,SELL,LienKe,5197.930,5202.325,43.9,9.3,31.4,0.21,0.71,0,,,0,,,0,,,0,,,0,,,0,,,0,,,0,,,0,,,SL,-43.95,2
2026.02.26 04:14,2026.02.26 05:16,SELL,LienKe,5196.279,5202.325,60.5,63.5,47.9,1.05,0.79,1,2,58,1,4,58,1,5,58,1,35,58,0,,,0,,,0,,,0,,,0,,,SL,-60.46,62
2026.02.27 00:38,2026.02.27 01:02,BUY,LienKe,5174.818,5169.043,57.8,26.3,48.5,0.46,0.84,1,1,1,1,5,7,0,,,0,,,0,,,0,,,0,,,0,,,0,,,SL,-57.75,24
2026.02.27 00:37,2026.02.27 01:02,BUY,LienKe,5177.869,5169.043,88.3,1.2,79.0,0.01,0.89,0,,,0,,,0,,,0,,,0,,,0,,,0,,,0,,,0,,,SL,-88.26,25
2026.03.10 18:20,2026.03.10 18:28,BUY,LienKe,5172.864,5157.212,156.5,282.6,29.5,1.81,0.19,1,0,-,1,0,-,1,0,-,1,0,-,1,0,-,1,0,-,1,2,-,1,3,-,0,,,TP,300.00,8
2026.03.11 22:54,2026.03.11 22:56,BUY,LienKe,5155.872,5150.321,55.5,24.4,7.4,0.44,0.13,1,0,1,1,0,1,0,,,0,,,0,,,0,,,0,,,0,,,0,,,SL,-55.51,2
2026.03.11 22:45,2026.03.11 22:56,BUY,LienKe,5159.146,5150.321,88.2,96.8,40.1,1.10,0.45,1,0,6,1,0,6,1,0,6,1,3,6,1,4,6,0,,,0,,,0,,,0,,,SL,-88.25,11
2026.03.13 16:02,2026.03.13 16:06,BUY,LienKe,5029.425,5023.717,57.1,39.1,49.9,0.69,0.87,1,1,2,1,1,2,1,1,2,0,,,0,,,0,,,0,,,0,,,0,,,SL,-57.08,4
2026.03.13 16:01,2026.03.13 16:06,BUY,LienKe,5032.447,5023.717,87.3,55.1,80.2,0.63,0.92,1,0,1,1,0,1,1,0,1,1,0,1,0,,,0,,,0,,,0,,,0,,,SL,-87.30,5
2026.03.15 22:02,2026.03.15 22:18,BUY,LienKe,5015.742,5007.246,85.0,146.6,27.2,1.73,0.32,1,1,2,1,1,2,1,1,2,1,3,15,1,4,15,1,4,15,0,,,0,,,0,,,SL,-84.96,16
2026.03.17 00:50,2026.03.17 01:03,BUY,LienKe,4999.338,4995.273,40.6,74.9,15.3,1.84,0.38,1,1,1,1,2,10,1,4,10,1,5,10,0,,,0,,,0,,,0,,,0,,,SL,-40.65,13
2026.03.17 00:44,2026.03.17 01:03,BUY,LienKe,5000.758,4995.273,54.8,60.7,29.5,1.11,0.54,1,1,4,1,1,4,1,3,4,1,13,16,0,,,0,,,0,,,0,,,0,,,SL,-54.85,19
2026.03.18 01:53,2026.03.18 03:04,BUY,LienKe,4995.856,4988.069,77.9,109.8,53.8,1.41,0.69,1,0,2,1,1,2,1,2,2,1,7,61,1,26,61,1,28,61,0,,,0,,,0,,,SL,-77.87,71
2026.03.18 04:35,2026.03.18 04:39,BUY,LienKe,4986.791,4982.774,40.2,0.0,31.1,0.00,0.77,0,,,0,,,0,,,0,,,0,,,0,,,0,,,0,,,0,,,SL,-40.17,4
2026.03.18 04:35,2026.03.18 04:39,BUY,LienKe,4988.686,4982.774,59.1,0.0,50.1,0.00,0.85,0,,,0,,,0,,,0,,,0,,,0,,,0,,,0,,,0,,,SL,-59.12,4
2026.03.18 10:33,2026.03.18 10:35,BUY,LienKe,4979.985,4974.089,59.0,25.8,8.0,0.44,0.14,1,0,-,1,0,-,0,,,0,,,0,,,0,,,0,,,0,,,0,,,SL,-58.96,2
2026.03.18 08:46,2026.03.18 10:35,BUY,LienKe,4983.248,4974.089,91.6,120.9,40.6,1.32,0.44,1,0,103,1,1,103,1,1,103,1,1,103,1,34,103,1,34,103,0,,,0,,,0,,,SL,-91.59,109
2026.03.19 19:08,2026.03.19 19:11,SELL,LienKe,4654.399,4660.806,64.1,123.7,41.9,1.93,0.65,1,1,2,1,1,2,1,1,2,1,1,2,1,1,2,1,1,2,0,,,0,,,0,,,SL,-64.07,3
2026.03.19 19:08,2026.03.19 19:11,SELL,LienKe,4650.923,4660.806,98.8,88.9,76.6,0.90,0.78,1,0,0,1,0,0,1,0,0,1,2,2,1,2,2,0,,,0,,,0,,,0,,,SL,-98.83,3
2026.03.20 09:59,2026.03.20 10:01,BUY,LienKe,4663.927,4656.802,71.3,62.3,8.6,0.87,0.12,1,0,-,1,0,-,1,0,-,1,1,-,0,,,0,,,0,,,0,,,0,,,SL,-71.25,2
2026.03.20 10:01,2026.03.20 10:01,BUY,LienKe,4661.690,4656.802,48.9,0.0,88.7,0.00,1.81,0,,,0,,,0,,,0,,,0,,,0,,,0,,,0,,,0,,,SL,-48.88,0
2026.03.20 13:36,2026.03.20 13:51,BUY,LienKe,4648.136,4633.439,147.0,173.0,42.9,1.18,0.29,1,0,5,1,0,5,1,0,5,1,0,5,1,0,5,1,0,5,1,6,14,0,,,0,,,SL,-146.97,15
2026.03.20 13:51,2026.03.20 13:51,BUY,LienKe,4640.948,4633.439,75.1,0.0,112.0,0.00,1.49,0,,,0,,,0,,,0,,,0,,,0,,,0,,,0,,,0,,,SL,-75.09,0
2026.03.20 18:53,2026.03.20 18:55,BUY,Swing,4505.310,4497.739,75.7,14.4,43.7,0.19,0.58,1,0,1,0,,,0,,,0,,,0,,,0,,,0,,,0,,,0,,,SL,-75.71,2
2026.03.20 18:51,2026.03.20 18:55,BUY,Swing,4510.130,4497.739,123.9,80.0,91.9,0.65,0.74,1,0,2,1,0,2,1,0,2,1,0,2,1,0,2,0,,,0,,,0,,,0,,,SL,-123.91,4
2026.03.23 12:51,2026.03.23 12:52,SELL,LienKe,4462.315,4477.903,155.9,0.0,130.1,0.00,0.83,0,,,0,,,0,,,0,,,0,,,0,,,0,,,0,,,0,,,SL,-155.88,1
2026.03.23 12:51,2026.03.23 12:52,SELL,LienKe,4461.334,4477.903,165.7,5.7,139.9,0.03,0.84,0,,,0,,,0,,,0,,,0,,,0,,,0,,,0,,,0,,,SL,-165.69,1
2026.03.25 09:49,2026.03.25 11:22,BUY,LienKe,4540.104,4524.474,156.3,290.6,39.9,1.86,0.26,1,0,0,1,0,0,1,2,-,1,4,-,1,5,-,1,6,-,1,10,-,1,12,-,0,,,TP,300.00,93
2026.03.26 05:44,2026.03.26 05:45,BUY,Swing,4484.023,4477.029,69.9,2.3,10.7,0.03,0.15,0,,,0,,,0,,,0,,,0,,,0,,,0,,,0,,,0,,,SL,-69.94,1
2026.03.26 05:32,2026.03.26 05:45,BUY,Swing,4488.971,4477.029,119.4,67.5,60.2,0.57,0.50,1,0,0,1,0,0,1,2,3,1,2,3,0,,,0,,,0,,,0,,,0,,,SL,-119.42,13
2026.03.27 08:28,2026.03.27 08:54,BUY,LienKe,4432.356,4427.619,47.4,77.0,35.4,1.63,0.75,1,0,6,1,1,6,1,2,6,1,4,6,0,,,0,,,0,,,0,,,0,,,SL,-47.37,26
2026.03.27 08:28,2026.03.27 08:54,BUY,LienKe,4434.553,4427.619,69.3,55.1,57.3,0.79,0.83,1,2,2,1,5,5,1,13,19,1,14,19,0,,,0,,,0,,,0,,,0,,,SL,-69.34,26
2026.04.01 23:16,2026.04.01 23:19,SELL,LienKe,4791.940,4798.978,70.4,32.5,21.5,0.46,0.30,1,0,1,1,0,1,1,0,1,0,,,0,,,0,,,0,,,0,,,0,,,SL,-70.38,3
2026.04.01 23:19,2026.04.01 23:30,SELL,LienKe,4793.932,4798.978,50.5,17.9,52.6,0.36,1.04,1,5,6,0,,,0,,,0,,,0,,,0,,,0,,,0,,,0,,,SL,-50.46,11
2026.04.02 14:00,2026.04.02 14:11,SELL,LienKe,4649.368,4654.334,49.7,174.7,22.2,3.52,0.45,1,0,6,1,0,6,1,0,6,1,0,6,1,0,6,1,0,6,1,1,6,0,,,0,,,SL,-49.66,11
2026.04.02 13:59,2026.04.02 14:11,SELL,LienKe,4645.720,4654.334,86.1,138.2,58.7,1.60,0.68,1,0,0,1,0,0,1,1,7,1,1,7,1,1,7,1,2,7,0,,,0,,,0,,,SL,-86.14,12
2026.04.06 09:03,2026.04.06 09:43,SELL,Swing,4700.406,4705.704,53.0,30.4,51.0,0.57,0.96,1,1,2,1,1,2,1,20,21,0,,,0,,,0,,,0,,,0,,,0,,,SL,-52.98,39
2026.04.06 09:01,2026.04.06 09:43,SELL,Swing,4698.050,4705.704,76.5,8.5,74.5,0.11,0.97,0,,,0,,,0,,,0,,,0,,,0,,,0,,,0,,,0,,,SL,-76.54,42
2026.04.09 08:45,2026.04.09 10:24,SELL,LienKe,4731.474,4736.102,46.3,81.3,23.5,1.76,0.51,1,2,3,1,2,3,1,7,24,1,11,24,1,21,24,0,,,0,,,0,,,0,,,SL,-46.28,99
2026.04.09 08:45,2026.04.09 10:24,SELL,Swing,4731.474,4736.102,46.3,81.3,23.5,1.76,0.51,1,2,3,1,2,3,1,7,24,1,11,24,1,21,24,0,,,0,,,0,,,0,,,SL,-46.28,99
2026.04.09 08:45,2026.04.09 10:24,SELL,LienKe,4729.918,4736.102,61.8,65.7,39.1,1.06,0.63,1,7,24,1,8,24,1,11,24,1,15,24,0,,,0,,,0,,,0,,,0,,,SL,-61.84,99
2026.04.09 08:45,2026.04.09 10:24,SELL,Swing,4729.918,4736.102,61.8,65.7,39.1,1.06,0.63,1,7,24,1,8,24,1,11,24,1,15,24,0,,,0,,,0,,,0,,,0,,,SL,-61.84,99
2026.04.09 13:15,2026.04.09 13:35,SELL,LienKe,4758.355,4762.840,44.9,75.5,3.9,1.68,0.09,1,1,7,1,1,7,1,2,7,1,3,7,0,,,0,,,0,,,0,,,0,,,SL,-44.85,20
2026.04.09 12:02,2026.04.09 13:35,SELL,LienKe,4755.190,4762.840,76.5,200.6,35.6,2.62,0.47,1,0,70,1,0,70,1,1,70,1,2,70,1,4,70,1,7,70,1,14,70,1,25,70,0,,,SL,-76.50,93
2026.04.10 12:16,2026.04.10 12:30,SELL,LienKe,4768.697,4772.947,42.5,85.4,27.7,2.01,0.65,1,1,2,1,4,-,1,5,-,1,7,-,1,8,-,0,,,0,,,0,,,0,,,SL,-42.50,14
2026.04.10 12:02,2026.04.10 12:30,SELL,LienKe,4766.404,4772.947,65.4,62.5,50.6,0.95,0.77,1,0,1,1,0,1,1,21,-,1,22,-,0,,,0,,,0,,,0,,,0,,,SL,-65.43,28
2026.04.10 16:04,2026.04.10 16:06,BUY,LienKe,4756.323,4751.759,45.6,0.0,44.9,0.00,0.98,0,,,0,,,0,,,0,,,0,,,0,,,0,,,0,,,0,,,SL,-45.64,2
2026.04.10 16:04,2026.04.10 16:06,BUY,LienKe,4758.908,4751.759,71.5,2.3,70.8,0.03,0.99,0,,,0,,,0,,,0,,,0,,,0,,,0,,,0,,,0,,,SL,-71.49,2
2026.04.13 16:51,2026.04.13 17:26,SELL,LienKe,4743.433,4749.229,58.0,175.4,47.5,3.03,0.82,1,0,28,1,0,28,1,0,28,1,1,28,1,5,28,1,8,28,1,16,28,0,,,0,,,SL,-57.96,35
2026.04.13 16:48,2026.04.13 17:26,SELL,LienKe,4740.863,4749.229,83.7,149.7,73.2,1.79,0.88,1,0,2,1,0,2,1,1,2,1,5,30,1,11,30,1,19,30,0,,,0,,,0,,,SL,-83.66,38
2026.04.14 10:41,2026.04.14 13:19,BUY,LienKe,4757.449,4748.773,86.8,282.4,5.3,3.25,0.06,1,0,0,1,1,-,1,1,-,1,1,-,1,3,-,1,3,-,1,24,-,1,35,-,0,,,TP,300.00,158
2026.04.14 10:40,2026.04.14 13:34,BUY,LienKe,4763.397,4748.773,146.2,289.7,64.8,1.98,0.44,1,0,1,1,0,1,1,0,1,1,5,102,1,13,102,1,26,102,1,44,102,1,156,-,0,,,TP,300.00,174
2026.04.15 00:11,2026.04.15 00:17,BUY,LienKe,4833.385,4829.619,37.7,5.8,28.9,0.15,0.77,0,,,0,,,0,,,0,,,0,,,0,,,0,,,0,,,0,,,SL,-37.66,6
2026.04.15 00:02,2026.04.15 00:17,BUY,LienKe,4834.533,4829.619,49.1,52.9,40.4,1.08,0.82,1,0,6,1,1,6,1,1,6,1,4,6,0,,,0,,,0,,,0,,,0,,,SL,-49.14,15
2026.04.16 05:07,2026.04.16 10:15,SELL,LienKe,4836.542,4841.319,47.8,298.7,4.8,6.25,0.10,1,0,3,1,1,3,1,17,-,1,24,-,1,25,-,1,28,-,1,52,-,1,81,-,0,,,TP,300.00,308
2026.04.16 14:04,2026.04.16 14:40,BUY,Swing,4788.743,4781.636,71.1,164.8,34.8,2.32,0.49,1,0,1,1,0,1,1,0,1,1,3,-,1,4,-,1,4,-,1,6,-,0,,,0,,,SL,-71.07,36
2026.04.16 13:56,2026.04.16 14:40,BUY,Swing,4793.232,4781.636,116.0,119.9,79.7,1.03,0.69,1,0,0,1,0,0,1,0,0,1,12,26,1,14,26,1,14,26,0,,,0,,,0,,,SL,-115.96,44
2026.04.17 01:23,2026.04.17 04:59,BUY,Swing,4773.854,4766.147,77.1,298.4,62.9,3.87,0.82,1,2,4,1,2,4,1,12,16,1,22,-,1,28,-,1,29,-,1,32,-,1,44,-,0,,,TP,300.00,215
2026.04.17 01:13,2026.04.17 07:50,BUY,Swing,4778.768,4766.147,126.2,275.4,112.1,2.18,0.89,1,0,1,1,0,1,1,2,8,1,3,8,1,40,-,1,42,-,1,54,-,1,204,-,0,,,SL,0.00,397
2026.04.21 04:20,2026.04.21 04:55,BUY,LienKe,4793.060,4788.891,41.7,21.7,41.0,0.52,0.98,1,0,3,1,1,3,0,,,0,,,0,,,0,,,0,,,0,,,0,,,SL,-41.69,35
2026.04.21 04:16,2026.04.21 04:55,BUY,LienKe,4795.102,4788.891,62.1,13.8,61.4,0.22,0.99,1,1,3,0,,,0,,,0,,,0,,,0,,,0,,,0,,,0,,,SL,-62.11,39
2026.04.21 13:06,2026.04.21 13:15,BUY,LienKe,4771.552,4763.799,77.5,23.9,70.9,0.31,0.91,1,1,2,1,1,2,0,,,0,,,0,,,0,,,0,,,0,,,0,,,SL,-77.53,8
2026.04.21 13:06,2026.04.21 13:15,BUY,Swing,4771.552,4763.799,77.5,23.9,70.9,0.31,0.91,1,1,2,1,1,2,0,,,0,,,0,,,0,,,0,,,0,,,0,,,SL,-77.53,8
2026.04.21 12:31,2026.04.21 13:15,BUY,LienKe,4776.485,4763.799,126.9,140.1,120.2,1.10,0.95,1,1,13,1,1,13,1,1,13,1,1,13,1,2,13,1,3,13,0,,,0,,,0,,,SL,-126.86,44
2026.04.21 12:31,2026.04.21 13:15,BUY,Swing,4776.485,4763.799,126.9,140.1,120.2,1.10,0.95,1,1,13,1,1,13,1,1,13,1,1,13,1,2,13,1,3,13,0,,,0,,,0,,,SL,-126.86,44
2026.04.21 16:29,2026.04.21 16:51,BUY,LienKe,4722.225,4716.576,56.5,52.0,40.5,0.92,0.72,1,2,4,1,2,4,1,3,4,1,6,8,0,,,0,,,0,,,0,,,0,,,SL,-56.49,22
2026.04.21 16:29,2026.04.21 16:51,BUY,LienKe,4725.091,4716.576,85.2,23.3,69.2,0.27,0.81,1,6,7,1,6,7,0,,,0,,,0,,,0,,,0,,,0,,,0,,,SL,-85.15,22
2026.04.22 10:02,2026.04.22 10:03,BUY,LienKe,4752.195,4748.779,34.2,0.0,15.9,0.00,0.47,0,,,0,,,0,,,0,,,0,,,0,,,0,,,0,,,0,,,SL,-34.16,1
2026.04.22 08:38,2026.04.22 10:03,BUY,LienKe,4753.017,4748.779,42.4,94.6,24.1,2.23,0.57,1,1,2,1,5,77,1,7,77,1,18,77,1,28,77,0,,,0,,,0,,,0,,,SL,-42.38,85
2026.04.22 12:42,2026.04.22 13:00,BUY,LienKe,4747.134,4742.656,44.8,20.7,43.0,0.46,0.96,1,1,2,1,1,2,0,,,0,,,0,,,0,,,0,,,0,,,0,,,SL,-44.78,18
2026.04.22 12:42,2026.04.22 13:00,BUY,LienKe,4748.652,4742.656,60.0,8.2,58.2,0.14,0.97,0,,,0,,,0,,,0,,,0,,,0,,,0,,,0,,,0,,,SL,-59.96,18
2026.04.22 23:04,2026.04.23 00:07,BUY,LienKe,4724.580,4720.353,42.3,52.3,42.0,1.24,0.99,1,1,2,1,6,35,1,6,35,1,16,35,0,,,0,,,0,,,0,,,0,,,SL,-58.32,63
2026.04.22 23:02,2026.04.23 00:07,BUY,LienKe,4726.602,4720.353,62.5,32.0,62.2,0.51,1.00,1,9,12,1,17,22,1,18,22,0,,,0,,,0,,,0,,,0,,,0,,,SL,-78.54,65
2026.04.23 16:06,2026.04.23 17:09,BUY,LienKe,4719.020,4712.546,64.7,179.2,23.7,2.77,0.37,1,2,2,1,5,8,1,6,8,1,18,61,1,27,61,1,28,61,1,38,61,0,,,0,,,SL,-64.74,63
2026.04.23 17:09,2026.04.23 17:09,BUY,LienKe,4716.597,4712.546,40.5,0.0,76.4,0.00,1.89,0,,,0,,,0,,,0,,,0,,,0,,,0,,,0,,,0,,,SL,-40.51,0
2026.04.24 04:16,2026.04.24 04:22,BUY,LienKe,4668.714,4664.137,45.8,18.9,11.2,0.41,0.25,1,0,1,0,,,0,,,0,,,0,,,0,,,0,,,0,,,0,,,SL,-45.77,6
2026.04.24 04:01,2026.04.24 04:22,BUY,LienKe,4670.461,4664.137,63.2,40.7,28.7,0.64,0.45,1,3,5,1,7,12,1,8,12,0,,,0,,,0,,,0,,,0,,,0,,,SL,-63.24,21
2026.04.28 12:02,2026.04.28 12:20,BUY,LienKe,4558.021,4551.677,63.4,288.1,8.4,4.54,0.13,1,0,-,1,0,-,1,0,-,1,0,-,1,1,-,1,2,-,1,3,-,1,10,-,0,,,TP,300.00,18
2026.04.29 12:38,2026.04.29 12:52,BUY,LienKe,4552.602,4547.947,46.5,73.9,35.0,1.59,0.75,1,1,13,1,1,13,1,1,13,1,2,13,0,,,0,,,0,,,0,,,0,,,SL,-46.55,14
2026.04.29 12:35,2026.04.29 12:52,BUY,LienKe,4555.283,4547.947,73.4,47.1,61.8,0.64,0.84,1,0,1,1,0,1,1,9,14,0,,,0,,,0,,,0,,,0,,,0,,,SL,-73.36,17
2026.05.01 02:17,2026.05.01 05:56,SELL,LienKe,4634.161,4637.585,34.2,285.6,20.9,8.34,0.61,1,3,-,1,4,-,1,4,-,1,11,-,1,25,-,1,27,-,1,35,-,1,135,-,0,,,TP,300.00,219
2026.05.01 02:14,2026.05.01 06:14,SELL,LienKe,4631.470,4637.585,61.1,299.1,47.8,4.89,0.78,1,7,10,1,8,10,1,21,81,1,28,81,1,31,81,1,32,81,1,136,-,1,153,-,0,,,TP,300.00,240
2026.05.01 20:06,2026.05.04 00:21,BUY,LienKe,4608.166,4604.311,38.6,211.6,37.7,5.49,0.98,1,0,3115,1,3,3115,1,6,3115,1,21,3115,1,46,3115,1,2996,3115,1,2996,3115,1,3037,3115,0,,,SL,-43.90,3135
2026.05.01 20:05,2026.05.04 00:21,BUY,LienKe,4609.522,4604.311,52.1,198.1,51.3,3.80,0.98,1,7,3115,1,9,3115,1,20,3115,1,23,3115,1,2998,3115,1,2998,3115,1,2998,3115,0,,,0,,,SL,-57.46,3136
2026.05.05 08:58,2026.05.05 11:42,SELL,LienKe,4558.401,4562.156,37.6,184.2,27.1,4.90,0.72,1,2,9,1,2,9,1,2,9,1,22,32,1,88,155,1,91,155,1,113,155,0,,,0,,,SL,-37.55,164
2026.05.05 08:58,2026.05.05 11:42,SELL,LienKe,4557.760,4562.156,44.0,177.8,33.5,4.04,0.76,1,2,7,1,2,7,1,2,7,1,31,32,1,88,150,1,91,150,1,113,150,0,,,0,,,SL,-43.96,164
2026.05.05 12:13,2026.05.05 12:24,SELL,LienKe,4565.433,4570.137,47.0,41.6,41.1,0.88,0.87,1,0,1,1,4,7,1,5,7,0,,,0,,,0,,,0,,,0,,,0,,,SL,-47.04,11
2026.05.05 12:13,2026.05.05 12:24,SELL,LienKe,4563.966,4570.137,61.7,27.0,55.8,0.44,0.90,1,5,7,1,6,7,0,,,0,,,0,,,0,,,0,,,0,,,0,,,SL,-61.71,11
2026.05.05 23:14,2026.05.05 23:49,SELL,Swing,4586.986,4591.957,49.7,71.6,38.5,1.44,0.77,1,2,4,1,3,4,1,3,4,1,16,24,0,,,0,,,0,,,0,,,0,,,SL,-49.71,35
2026.05.05 23:14,2026.05.05 23:49,SELL,Swing,4585.323,4591.957,66.3,54.9,55.1,0.83,0.83,1,3,4,1,14,19,1,15,19,1,16,19,0,,,0,,,0,,,0,,,0,,,SL,-66.34,35
2026.05.06 12:17,2026.05.06 12:19,BUY,LienKe,4671.991,4662.034,99.6,4.2,73.2,0.04,0.74,0,,,0,,,0,,,0,,,0,,,0,,,0,,,0,,,0,,,SL,-99.57,1
2026.05.06 12:16,2026.05.06 12:19,BUY,LienKe,4675.107,4662.034,130.7,17.3,104.4,0.13,0.80,1,0,0,0,,,0,,,0,,,0,,,0,,,0,,,0,,,0,,,SL,-130.73,3
2026.05.07 22:05,2026.05.07 22:45,BUY,LienKe,4687.846,4683.305,45.4,113.4,18.9,2.50,0.42,1,1,2,1,1,2,1,1,2,1,1,2,1,7,9,1,16,29,0,,,0,,,0,,,SL,-45.41,40
2026.05.07 22:01,2026.05.07 22:45,BUY,LienKe,4689.485,4683.305,61.8,97.0,35.3,1.57,0.57,1,1,4,1,1,4,1,1,4,1,9,13,1,11,13,0,,,0,,,0,,,0,,,SL,-61.80,44
2026.05.11 00:19,2026.05.11 00:52,BUY,LienKe,4678.138,4673.550,45.9,152.7,24.7,3.33,0.54,1,1,-,1,1,-,1,1,-,1,2,-,1,6,-,1,12,-,1,13,-,0,,,0,,,SL,-45.88,33
2026.05.11 00:18,2026.05.11 00:52,BUY,LienKe,4680.072,4673.550,65.2,133.4,44.0,2.05,0.67,1,1,1,1,3,-,1,3,-,1,5,-,1,13,-,1,13,-,0,,,0,,,0,,,SL,-65.22,34
2026.05.12 10:41,2026.05.12 13:16,BUY,LienKe,4687.668,4682.108,55.6,240.1,42.7,4.32,0.77,1,0,24,1,0,24,1,0,24,1,9,24,1,29,153,1,29,153,1,54,153,1,70,153,0,,,SL,-55.60,155
2026.05.13 12:26,2026.05.13 12:30,BUY,LienKe,4686.303,4681.677,46.3,9.7,28.8,0.21,0.62,0,,,0,,,0,,,0,,,0,,,0,,,0,,,0,,,0,,,SL,-46.26,4
2026.05.13 12:23,2026.05.13 12:30,BUY,LienKe,4688.397,4681.677,67.2,19.5,49.8,0.29,0.74,1,0,1,0,,,0,,,0,,,0,,,0,,,0,,,0,,,0,,,SL,-67.20,7
2026.05.13 16:11,2026.05.13 16:24,SELL,LienKe,4701.580,4706.021,44.4,27.7,24.8,0.62,0.56,1,0,2,1,2,2,0,,,0,,,0,,,0,,,0,,,0,,,0,,,SL,-44.41,13
2026.05.14 04:28,2026.05.14 04:32,SELL,LienKe,4703.719,4710.498,67.8,27.6,20.3,0.41,0.30,1,0,1,1,0,1,0,,,0,,,0,,,0,,,0,,,0,,,0,,,SL,-67.79,4
2026.05.14 04:32,2026.05.14 04:33,SELL,LienKe,4705.578,4710.498,49.2,0.0,54.3,0.00,1.10,0,,,0,,,0,,,0,,,0,,,0,,,0,,,0,,,0,,,SL,-49.20,0
2026.05.14 04:34,2026.05.14 07:35,SELL,Swing,4709.438,4713.732,42.9,232.3,36.5,5.41,0.85,1,3,179,1,3,179,1,6,179,1,9,179,1,28,179,1,41,179,1,52,179,1,85,179,0,,,SL,-42.94,181
2026.05.14 04:34,2026.05.14 07:35,SELL,Swing,4708.079,4713.732,56.5,218.8,50.1,3.87,0.89,1,3,4,1,8,178,1,8,178,1,23,178,1,29,178,1,44,178,1,85,178,1,88,178,0,,,SL,-56.53,181
2026.05.14 19:20,2026.05.14 19:29,BUY,LienKe,4667.742,4663.008,47.3,15.2,8.3,0.32,0.18,1,0,1,0,,,0,,,0,,,0,,,0,,,0,,,0,,,0,,,SL,-47.34,9
2026.05.14 19:29,2026.05.14 19:30,BUY,LienKe,4666.635,4663.008,36.3,0.0,37.4,0.00,1.03,0,,,0,,,0,,,0,,,0,,,0,,,0,,,0,,,0,,,SL,-36.27,0
2026.05.19 01:01,2026.05.19 01:22,BUY,LienKe,4559.896,4554.425,54.7,92.4,50.2,1.69,0.92,1,0,18,1,0,18,1,0,18,1,0,18,1,6,18,0,,,0,,,0,,,0,,,SL,-54.71,21
2026.05.19 01:01,2026.05.19 01:22,BUY,LienKe,4562.575,4554.425,81.5,65.6,77.0,0.81,0.95,1,0,2,1,0,2,1,1,2,1,6,8,0,,,0,,,0,,,0,,,0,,,SL,-81.50,21
2026.05.20 08:29,2026.05.20 08:30,SELL,LienKe,4485.305,4489.587,42.8,0.0,10.8,0.00,0.25,0,,,0,,,0,,,0,,,0,,,0,,,0,,,0,,,0,,,SL,-42.82,1
2026.05.20 08:25,2026.05.20 08:30,SELL,LienKe,4484.031,4489.587,55.6,13.6,23.6,0.25,0.42,1,3,4,0,,,0,,,0,,,0,,,0,,,0,,,0,,,0,,,SL,-55.56,5
2026.05.21 17:01,2026.05.21 17:10,SELL,LienKe,4519.373,4525.254,58.8,51.0,16.4,0.87,0.28,1,2,-,1,2,-,1,3,-,1,5,-,0,,,0,,,0,,,0,,,0,,,SL,-58.81,9
2026.05.21 17:10,2026.05.21 17:10,SELL,LienKe,4520.805,4525.254,44.5,0.0,82.8,0.00,1.86,0,,,0,,,0,,,0,,,0,,,0,,,0,,,0,,,0,,,SL,-44.49,0
2026.05.22 09:55,2026.05.22 14:01,SELL,LienKe,4535.077,4539.083,40.1,287.1,20.5,7.17,0.51,1,1,13,1,2,13,1,5,13,1,6,13,1,32,144,1,34,144,1,37,144,1,41,144,0,,,TP,300.00,245
2026.05.22 09:55,2026.05.22 14:13,SELL,LienKe,4533.034,4539.083,60.5,299.4,41.0,4.95,0.68,1,5,11,1,5,11,1,7,11,1,31,144,1,34,144,1,36,144,1,41,144,1,47,144,0,,,TP,300.00,258
2026.05.25 05:26,2026.05.25 05:50,BUY,LienKe,4556.477,4552.190,42.9,43.2,37.9,1.01,0.89,1,7,17,1,8,17,1,10,17,0,,,0,,,0,,,0,,,0,,,0,,,SL,-42.87,24
2026.05.25 05:26,2026.05.25 05:50,BUY,LienKe,4557.121,4552.190,49.3,36.8,44.4,0.75,0.90,1,8,15,1,8,15,1,10,15,0,,,0,,,0,,,0,,,0,,,0,,,SL,-49.31,24
2026.05.25 09:48,2026.05.25 09:58,SELL,LienKe,4565.803,4569.181,33.8,0.0,30.6,0.00,0.91,0,,,0,,,0,,,0,,,0,,,0,,,0,,,0,,,0,,,SL,-33.78,10
2026.05.25 09:48,2026.05.25 09:58,SELL,LienKe,4565.309,4569.181,38.7,0.3,35.5,0.01,0.92,0,,,0,,,0,,,0,,,0,,,0,,,0,,,0,,,0,,,SL,-38.72,10
2026.05.25 17:14,2026.05.26 00:18,SELL,Swing,4575.075,4581.131,60.6,266.6,55.4,4.40,0.91,1,0,302,1,7,302,1,9,302,1,19,302,1,26,302,1,31,302,1,381,-,1,406,-,0,,,TP,300.00,424
2026.05.27 20:20,2026.05.27 22:00,SELL,LienKe,4458.428,4461.892,34.6,67.2,4.1,1.94,0.12,1,1,-,1,3,-,1,7,-,1,17,-,0,,,0,,,0,,,0,,,0,,,SL,-34.64,99
2026.05.27 20:20,2026.05.27 22:00,SELL,LienKe,4457.956,4461.892,39.4,62.5,8.9,1.59,0.23,1,2,-,1,6,-,1,8,-,1,18,-,0,,,0,,,0,,,0,,,0,,,SL,-39.36,100
2026.05.29 01:16,2026.05.29 01:18,SELL,Swing,4516.296,4520.598,43.0,9.8,14.2,0.23,0.33,0,,,0,,,0,,,0,,,0,,,0,,,0,,,0,,,0,,,SL,-43.02,2
2026.05.29 01:16,2026.05.29 01:18,SELL,Swing,4514.984,4520.598,56.1,0.0,27.3,0.00,0.49,0,,,0,,,0,,,0,,,0,,,0,,,0,,,0,,,0,,,SL,-56.14,2
2026.06.01 06:20,2026.06.01 06:22,BUY,LienKe,4509.410,4505.237,41.7,15.0,14.4,0.36,0.35,1,0,-,0,,,0,,,0,,,0,,,0,,,0,,,0,,,0,,,SL,-41.73,2
2026.06.01 04:50,2026.06.01 06:22,BUY,LienKe,4510.804,4505.237,55.7,144.0,28.4,2.59,0.51,1,0,1,1,3,87,1,4,87,1,13,87,1,22,87,1,28,87,0,,,0,,,0,,,SL,-55.67,92
2026.06.01 08:23,2026.06.01 13:11,BUY,LienKe,4492.459,4488.585,38.7,204.9,33.3,5.29,0.86,1,1,69,1,2,69,1,6,69,1,19,69,1,22,69,1,25,69,1,139,-,1,180,-,0,,,SL,-38.74,288
2026.06.01 08:17,2026.06.01 13:11,BUY,LienKe,4494.132,4488.585,55.5,188.2,50.1,3.39,0.90,1,0,1,1,4,6,1,25,74,1,26,74,1,32,74,1,60,74,1,150,293,0,,,0,,,SL,-55.47,294
2026.06.03 08:05,2026.06.03 08:51,BUY,LienKe,4453.291,4447.862,54.3,56.8,27.4,1.05,0.50,1,0,12,1,0,12,1,1,12,1,25,-,0,,,0,,,0,,,0,,,0,,,SL,-54.29,46
2026.06.03 08:02,2026.06.03 08:51,BUY,LienKe,4454.075,4447.862,62.1,50.1,35.2,0.81,0.57,1,0,3,1,1,3,1,2,3,1,2,3,0,,,0,,,0,,,0,,,0,,,SL,-62.13,49
2026.06.03 23:05,2026.06.03 23:45,SELL,LienKe,4450.254,4456.022,57.7,44.6,40.1,0.77,0.69,1,1,17,1,2,17,1,2,17,0,,,0,,,0,,,0,,,0,,,0,,,SL,-57.68,40
2026.06.03 22:58,2026.06.03 23:45,SELL,LienKe,4447.161,4456.022,88.6,15.5,71.0,0.17,0.80,1,5,5,0,,,0,,,0,,,0,,,0,,,0,,,0,,,0,,,SL,-88.61,47
2026.06.04 01:11,2026.06.04 01:20,SELL,LienKe,4463.571,4468.354,47.8,35.4,40.7,0.74,0.85,1,4,7,1,4,7,1,4,7,0,,,0,,,0,,,0,,,0,,,0,,,SL,-47.83,9
2026.06.04 00:03,2026.06.04 01:20,SELL,LienKe,4461.659,4468.354,67.0,184.6,59.8,2.76,0.89,1,0,2,1,0,2,1,0,2,1,4,67,1,11,67,1,12,67,1,35,67,0,,,0,,,SL,-66.95,77
2026.06.04 22:51,2026.06.04 22:58,BUY,LienKe,4472.957,4469.220,37.4,0.0,34.3,0.00,0.92,0,,,0,,,0,,,0,,,0,,,0,,,0,,,0,,,0,,,SL,-37.37,7
2026.06.04 22:50,2026.06.04 22:58,BUY,LienKe,4473.772,4469.220,45.5,4.7,42.4,0.10,0.93,0,,,0,,,0,,,0,,,0,,,0,,,0,,,0,,,0,,,SL,-45.52,8
2026.06.07 22:05,2026.06.07 23:55,BUY,LienKe,4316.139,4307.686,84.5,277.4,59.5,3.28,0.70,1,4,5,1,4,5,1,7,25,1,7,25,1,8,25,1,8,25,1,67,-,1,87,-,0,,,TP,300.00,110
2026.06.09 05:34,2026.06.09 05:41,SELL,LienKe,4342.267,4346.806,45.4,20.0,32.0,0.44,0.70,1,4,5,1,4,5,0,,,0,,,0,,,0,,,0,,,0,,,0,,,SL,-45.39,7
2026.06.09 05:34,2026.06.09 05:41,SELL,LienKe,4339.193,4346.806,76.1,0.0,62.7,0.00,0.82,0,,,0,,,0,,,0,,,0,,,0,,,0,,,0,,,0,,,SL,-76.13,7
2026.06.10 04:46,2026.06.10 05:48,BUY,LienKe,4174.078,4169.132,49.5,258.6,7.1,5.23,0.14,1,4,5,1,16,18,1,16,18,1,27,-,1,37,-,1,42,-,1,44,-,1,49,-,0,,,TP,300.00,62
2026.06.10 12:07,2026.06.10 12:10,BUY,LienKe,4146.666,4142.415,42.5,12.9,21.5,0.30,0.51,1,0,1,0,,,0,,,0,,,0,,,0,,,0,,,0,,,0,,,SL,-42.51,3
2026.06.10 12:02,2026.06.10 12:10,BUY,LienKe,4147.957,4142.415,55.4,42.9,34.4,0.77,0.62,1,0,2,1,0,2,1,1,2,0,,,0,,,0,,,0,,,0,,,0,,,SL,-55.42,8
2026.06.11 01:02,2026.06.11 01:16,SELL,LienKe,4084.103,4092.997,88.9,176.3,61.4,1.98,0.69,1,0,2,1,0,2,1,0,2,1,0,2,1,2,9,1,5,9,1,5,9,0,,,0,,,SL,-88.94,14
2026.06.11 01:01,2026.06.11 01:16,SELL,LienKe,4078.261,4092.997,147.4,117.8,119.8,0.80,0.81,1,0,0,1,0,0,1,0,0,1,0,0,1,6,8,1,6,8,0,,,0,,,0,,,SL,-147.36,15
2026.06.11 08:02,2026.06.11 09:26,SELL,LienKe,4110.841,4115.140,43.0,299.1,21.3,6.96,0.50,1,1,7,1,1,7,1,2,7,1,2,7,1,18,-,1,19,-,1,30,-,1,40,-,0,,,TP,300.00,84
2026.06.11 08:02,2026.06.11 09:29,SELL,LienKe,4109.378,4115.140,57.6,299.9,35.9,5.20,0.62,1,2,5,1,2,5,1,3,5,1,15,-,1,19,-,1,27,-,1,31,-,1,43,-,0,,,TP,300.00,87
2026.06.17 00:09,2026.06.17 00:16,SELL,LienKe,4337.954,4341.416,34.6,3.0,23.9,0.09,0.69,0,,,0,,,0,,,0,,,0,,,0,,,0,,,0,,,0,,,SL,-34.62,7
2026.06.17 00:09,2026.06.17 00:16,SELL,LienKe,4337.215,4341.416,42.0,0.0,31.3,0.00,0.75,0,,,0,,,0,,,0,,,0,,,0,,,0,,,0,,,0,,,SL,-42.01,7
2026.06.17 10:47,2026.06.17 13:36,SELL,LienKe,4333.860,4338.855,49.9,140.0,47.4,2.80,0.95,1,1,3,1,7,119,1,15,119,1,17,119,1,47,119,1,61,119,0,,,0,,,0,,,SL,-49.95,169
2026.06.17 09:31,2026.06.17 13:36,SELL,LienKe,4331.528,4338.855,73.3,116.6,70.7,1.59,0.97,1,0,73,1,1,73,1,10,73,1,20,73,1,145,185,1,145,185,0,,,0,,,0,,,SL,-73.27,245
2026.06.17 08:46,2026.06.17 14:23,BUY,LienKe,4319.239,4314.060,51.8,277.1,9.1,5.35,0.18,1,3,4,1,4,-,1,5,-,1,8,-,1,33,-,1,39,-,1,44,-,1,291,-,0,,,TP,300.00,337
2026.06.22 13:21,2026.06.22 13:28,BUY,LienKe,4189.507,4185.617,38.9,39.7,22.1,1.02,0.57,1,1,4,1,1,4,1,1,4,0,,,0,,,0,,,0,,,0,,,0,,,SL,-38.90,7
2026.06.22 13:08,2026.06.22 13:28,BUY,LienKe,4190.722,4185.617,51.0,62.2,34.2,1.22,0.67,1,1,1,1,1,1,1,3,4,1,7,12,0,,,0,,,0,,,0,,,0,,,SL,-51.05,20
2026.06.23 01:01,2026.06.23 01:37,SELL,LienKe,4196.033,4201.671,56.4,290.9,10.0,5.16,0.18,1,0,1,1,0,1,1,2,-,1,2,-,1,4,-,1,5,-,1,16,-,1,16,-,0,,,TP,300.00,36
2026.06.23 01:01,2026.06.23 01:37,SELL,LienKe,4193.093,4201.671,85.8,261.5,39.4,3.05,0.46,1,2,7,1,2,7,1,3,7,1,4,7,1,14,-,1,15,-,1,16,-,1,18,-,0,,,TP,300.00,36
2026.06.24 11:09,2026.06.24 11:14,BUY,Swing,4049.690,4044.980,47.1,40.5,21.0,0.86,0.45,1,1,4,1,2,4,1,2,4,0,,,0,,,0,,,0,,,0,,,0,,,SL,-47.10,5
2026.06.24 11:07,2026.06.24 11:14,BUY,Swing,4051.610,4044.980,66.3,21.3,40.2,0.32,0.61,1,1,2,1,1,2,0,,,0,,,0,,,0,,,0,,,0,,,0,,,SL,-66.30,7
2026.06.25 16:13,2026.06.26 02:19,SELL,LienKe,4041.317,4045.902,45.9,295.8,32.6,6.45,0.71,1,0,4,1,0,4,1,0,4,1,18,132,1,24,132,1,27,132,1,32,132,1,367,-,0,,,TP,300.00,606
2026.06.25 16:02,2026.06.26 02:20,SELL,LienKe,4039.201,4045.902,67.0,299.1,53.7,4.46,0.80,1,0,3,1,0,3,1,0,3,1,7,11,1,38,136,1,43,136,1,43,136,1,466,-,0,,,TP,300.00,618
2026.06.30 20:25,2026.06.30 20:36,BUY,LienKe,4014.639,4010.740,39.0,3.0,36.1,0.08,0.93,0,,,0,,,0,,,0,,,0,,,0,,,0,,,0,,,0,,,SL,-38.99,11
2026.06.30 20:01,2026.06.30 20:36,BUY,LienKe,4015.790,4010.740,50.5,52.7,47.6,1.04,0.94,1,0,23,1,2,23,1,2,23,1,14,23,0,,,0,,,0,,,0,,,0,,,SL,-50.50,35
2026.07.06 01:49,2026.07.06 02:36,SELL,LienKe,4199.678,4206.185,65.1,285.1,6.0,4.38,0.09,1,0,-,1,0,-,1,0,-,1,0,-,1,1,-,1,9,-,1,13,-,1,18,-,0,,,TP,300.00,47
2026.07.06 17:25,2026.07.06 17:57,SELL,LienKe,4157.922,4161.793,38.7,35.5,35.9,0.92,0.93,1,3,9,1,4,9,1,4,9,0,,,0,,,0,,,0,,,0,,,0,,,SL,-38.71,32
2026.07.06 17:25,2026.07.06 17:57,SELL,LienKe,4157.024,4161.793,47.7,26.6,44.9,0.56,0.94,1,4,6,1,4,6,0,,,0,,,0,,,0,,,0,,,0,,,0,,,SL,-47.69,32
2026.07.07 12:02,2026.07.07 12:06,SELL,LienKe,4157.898,4162.125,42.3,7.0,24.6,0.16,0.58,0,,,0,,,0,,,0,,,0,,,0,,,0,,,0,,,0,,,SL,-42.27,4
2026.07.07 12:01,2026.07.07 12:06,SELL,LienKe,4156.371,4162.125,57.5,17.7,39.8,0.31,0.69,1,0,1,0,,,0,,,0,,,0,,,0,,,0,,,0,,,0,,,SL,-57.54,5
2026.07.12 23:01,2026.07.13 00:34,BUY,Swing,4072.232,4066.754,54.8,189.1,38.3,3.45,0.70,1,1,2,1,27,35,1,38,90,1,38,90,1,49,90,1,50,90,1,64,90,0,,,0,,,SL,-54.78,93
2026.07.12 22:49,2026.07.13 00:34,BUY,Swing,4074.965,4066.754,82.1,161.7,65.7,1.97,0.80,1,0,11,1,0,11,1,0,11,1,2,11,1,63,99,1,71,99,1,80,99,0,,,0,,,SL,-82.11,105
2026.07.13 04:15,2026.07.13 06:04,BUY,LienKe,4053.252,4049.116,41.4,200.0,30.3,4.83,0.73,1,1,28,1,2,28,1,2,28,1,41,75,1,50,75,1,51,75,1,53,75,0,,,0,,,SL,-41.36,109
2026.07.13 04:15,2026.07.13 06:04,BUY,LienKe,4054.714,4049.116,56.0,185.3,44.9,3.31,0.80,1,2,13,1,2,13,1,4,13,1,49,75,1,50,75,1,52,75,1,54,75,0,,,0,,,SL,-55.98,109
2026.07.14 00:20,2026.07.14 02:14,BUY,Swing,3986.742,3980.307,64.4,293.3,11.6,4.56,0.18,1,1,3,1,1,3,1,1,3,1,7,-,1,8,-,1,8,-,1,13,-,1,15,-,0,,,TP,300.00,114
2026.07.14 00:08,2026.07.14 04:32,BUY,Swing,3990.713,3980.307,104.1,285.0,51.3,2.74,0.49,1,0,9,1,1,9,1,1,9,1,2,9,1,2,9,1,25,-,1,26,-,1,110,-,0,,,TP,300.00,264
2026.07.15 16:19,2026.07.15 16:34,BUY,LienKe,4036.319,4032.533,37.9,15.9,37.6,0.42,0.99,1,4,5,0,,,0,,,0,,,0,,,0,,,0,,,0,,,0,,,SL,-37.86,15
2026.07.15 16:19,2026.07.15 16:34,BUY,LienKe,4036.970,4032.533,44.4,9.4,44.1,0.21,0.99,0,,,0,,,0,,,0,,,0,,,0,,,0,,,0,,,0,,,SL,-44.37,15
2026.07.16 02:40,2026.07.16 06:38,BUY,Swing,4026.692,4022.938,37.5,113.3,36.6,3.02,0.98,1,4,11,1,5,11,1,9,11,1,16,169,1,55,169,1,77,169,0,,,0,,,0,,,SL,-37.54,237
2026.07.16 02:40,2026.07.16 06:38,BUY,Swing,4027.578,4022.938,46.4,104.4,45.5,2.25,0.98,1,5,11,1,8,11,1,16,161,1,18,161,1,63,161,1,94,161,0,,,0,,,0,,,SL,-46.40,238
2026.07.16 06:36,2026.07.16 12:16,BUY,LienKe,4025.008,4020.503,45.0,183.5,39.2,4.07,0.87,1,3,5,1,3,5,1,12,39,1,17,39,1,86,280,1,115,280,1,310,-,0,,,0,,,SL,-45.05,340
2026.07.16 06:36,2026.07.16 12:16,BUY,LienKe,4026.703,4020.503,62.0,166.6,56.2,2.69,0.91,1,9,11,1,12,38,1,17,38,1,72,77,1,115,277,1,144,277,1,312,339,0,,,0,,,SL,-62.00,340
2026.07.20 00:22,2026.07.20 00:59,SELL,LienKe,4002.764,4008.813,60.5,40.9,50.0,0.68,0.83,1,0,2,1,0,2,1,8,12,0,,,0,,,0,,,0,,,0,,,0,,,SL,-60.49,37
2026.07.21 12:38,2026.07.21 13:29,BUY,LienKe,4054.566,4050.619,39.5,76.8,38.3,1.95,0.97,1,1,1,1,9,17,1,9,17,1,10,17,0,,,0,,,0,,,0,,,0,,,SL,-39.47,51
2026.07.21 12:38,2026.07.21 13:29,BUY,LienKe,4055.851,4050.619,52.3,64.0,51.2,1.22,0.98,1,9,15,1,10,15,1,10,15,1,10,15,0,,,0,,,0,,,0,,,0,,,SL,-52.32,51
2026.07.22 20:52,2026.07.22 22:00,BUY,LienKe,4128.771,4125.210,35.6,16.6,4.1,0.47,0.11,1,1,-,0,,,0,,,0,,,0,,,0,,,0,,,0,,,0,,,SL,-35.61,67
2026.07.22 20:47,2026.07.22 22:00,BUY,LienKe,4129.317,4125.210,41.1,18.5,9.5,0.45,0.23,1,1,3,0,,,0,,,0,,,0,,,0,,,0,,,0,,,0,,,SL,-41.07,73
2026.07.24 00:06,2026.07.24 00:14,BUY,LienKe,4046.334,4042.792,35.4,2.2,32.7,0.06,0.92,0,,,0,,,0,,,0,,,0,,,0,,,0,,,0,,,0,,,SL,-35.42,8
2026.07.24 00:06,2026.07.24 00:14,BUY,LienKe,4046.907,4042.792,41.2,2.8,38.5,0.07,0.93,0,,,0,,,0,,,0,,,0,,,0,,,0,,,0,,,0,,,SL,-41.15,8
2026.07.24 13:16,2026.07.24 15:14,BUY,LienKe,4045.588,4041.565,40.2,292.5,10.7,7.27,0.27,1,1,2,1,4,13,1,5,13,1,19,-,1,21,-,1,22,-,1,32,-,1,42,-,0,,,TP,300.00,118
2026.07.24 13:11,2026.07.24 15:15,BUY,LienKe,4047.448,4041.565,58.8,291.9,29.3,4.96,0.50,1,1,2,1,2,2,1,24,-,1,26,-,1,27,-,1,37,-,1,47,-,1,48,-,0,,,TP,300.00,124
2026.07.29 13:33,2026.07.29 13:56,BUY,Swing,4011.195,4006.110,50.9,68.0,46.6,1.34,0.92,1,0,14,1,0,14,1,0,14,1,1,14,0,,,0,,,0,,,0,,,0,,,SL,-50.85,23
2026.07.29 12:31,2026.07.29 13:56,BUY,Swing,4014.732,4006.110,86.2,117.8,82.0,1.37,0.95,1,0,0,1,3,44,1,3,44,1,7,44,1,16,44,1,29,44,0,,,0,,,0,,,SL,-86.22,85
2026.07.30 13:22,2026.07.30 13:37,SELL,LienKe,4083.234,4089.946,67.1,88.1,20.9,1.31,0.31,1,1,14,1,1,14,1,4,14,1,5,14,1,5,14,0,,,0,,,0,,,0,,,SL,-67.12,15
2026.07.30 12:31,2026.07.30 13:37,SELL,LienKe,4079.764,4089.946,101.8,146.5,55.6,1.44,0.55,1,0,10,1,0,10,1,0,10,1,0,10,1,20,50,1,21,50,0,,,0,,,0,,,SL,-101.82,66
2026.07.31 12:25,2026.07.31 12:30,BUY,LienKe,4050.332,4046.784,35.5,19.8,34.8,0.56,0.98,1,0,2,0,,,0,,,0,,,0,,,0,,,0,,,0,,,0,,,SL,-35.48,5
2026.07.31 12:24,2026.07.31 12:30,BUY,LienKe,4051.301,4046.784,45.2,10.1,44.5,0.22,0.99,1,2,2,0,,,0,,,0,,,0,,,0,,,0,,,0,,,0,,,SL,-45.17,6
2026.08.04 12:43,2026.08.04 13:23,SELL,LienKe,4083.463,4087.490,40.3,222.9,4.8,5.53,0.12,1,0,-,1,0,-,1,0,-,1,1,-,1,9,-,1,14,-,1,17,-,1,21,-,0,,,SL,-40.27,40
2026.08.04 12:41,2026.08.04 13:23,SELL,LienKe,4081.916,4087.490,55.7,207.4,20.3,3.72,0.36,1,1,1,1,1,1,1,3,41,1,4,41,1,12,41,1,17,41,1,22,41,1,25,41,0,,,SL,-55.74,42
2026.08.05 01:12,2026.08.05 01:38,SELL,LienKe,4085.669,4089.850,41.8,54.9,39.2,1.31,0.94,1,1,2,1,1,2,1,21,23,1,21,23,0,,,0,,,0,,,0,,,0,,,SL,-41.81,26
2026.08.05 01:12,2026.08.05 01:38,SELL,LienKe,4083.765,4089.850,60.9,35.8,58.2,0.59,0.96,1,21,22,1,21,22,1,21,22,0,,,0,,,0,,,0,,,0,,,0,,,SL,-60.85,26
2026.08.05 11:31,2026.08.05 11:36,SELL,LienKe,4179.431,4183.824,43.9,13.5,35.0,0.31,0.80,1,0,1,0,,,0,,,0,,,0,,,0,,,0,,,0,,,0,,,SL,-43.93,5
2026.08.05 11:29,2026.08.05 11:36,SELL,LienKe,4178.233,4183.824,55.9,43.0,47.0,0.77,0.84,1,0,2,1,0,2,1,0,2,0,,,0,,,0,,,0,,,0,,,0,,,SL,-55.91,7
2026.08.05 12:03,2026.08.05 12:05,SELL,LienKe,4192.525,4196.582,40.6,0.0,30.7,0.00,0.76,0,,,0,,,0,,,0,,,0,,,0,,,0,,,0,,,0,,,SL,-40.57,2
2026.08.05 12:03,2026.08.05 12:05,SELL,LienKe,4191.173,4196.582,54.1,0.3,44.2,0.01,0.82,0,,,0,,,0,,,0,,,0,,,0,,,0,,,0,,,0,,,SL,-54.09,2
2026.08.07 04:05,2026.08.07 05:33,SELL,LienKe,4266.287,4272.281,59.9,52.6,56.7,0.88,0.95,1,1,2,1,8,9,1,12,17,1,36,37,0,,,0,,,0,,,0,,,0,,,SL,-59.94,88
2026.08.07 04:02,2026.08.07 05:33,SELL,LienKe,4264.943,4272.281,73.4,39.1,70.1,0.53,0.96,1,0,2,1,0,2,1,40,40,0,,,0,,,0,,,0,,,0,,,0,,,SL,-73.38,91
2026.08.10 00:57,2026.08.10 01:00,BUY,LienKe,4331.346,4327.608,37.4,21.0,7.1,0.56,0.19,1,0,1,1,3,-,0,,,0,,,0,,,0,,,0,,,0,,,0,,,SL,-37.38,3
2026.08.10 00:57,2026.08.10 01:00,BUY,LienKe,4332.287,4327.608,46.8,11.6,16.5,0.25,0.35,1,3,-,0,,,0,,,0,,,0,,,0,,,0,,,0,,,0,,,SL,-46.79,3
2026.08.10 05:50,2026.08.10 05:51,SELL,LienKe,4346.521,4350.273,37.5,0.0,18.1,0.00,0.48,0,,,0,,,0,,,0,,,0,,,0,,,0,,,0,,,0,,,SL,-37.52,1
2026.08.10 05:50,2026.08.10 05:51,SELL,LienKe,4345.595,4350.273,46.8,3.4,27.4,0.07,0.59,0,,,0,,,0,,,0,,,0,,,0,,,0,,,0,,,0,,,SL,-46.78,1
2026.08.11 17:59,2026.08.11 18:02,BUY,LienKe,4369.958,4365.744,42.1,0.0,35.6,0.00,0.85,0,,,0,,,0,,,0,,,0,,,0,,,0,,,0,,,0,,,SL,-42.14,3
2026.08.11 17:58,2026.08.11 18:02,BUY,LienKe,4371.537,4365.744,57.9,1.9,51.4,0.03,0.89,0,,,0,,,0,,,0,,,0,,,0,,,0,,,0,,,0,,,SL,-57.93,4
2026.08.12 02:22,2026.08.12 02:43,SELL,Swing,4403.355,4407.897,45.4,53.6,41.3,1.18,0.91,1,0,1,1,0,1,1,9,19,1,12,19,0,,,0,,,0,,,0,,,0,,,SL,-45.42,20
2026.08.12 02:15,2026.08.12 02:43,SELL,Swing,4401.758,4407.897,61.4,37.6,57.3,0.61,0.93,1,0,1,1,1,1,1,17,25,0,,,0,,,0,,,0,,,0,,,0,,,SL,-61.39,28
2026.08.13 12:47,2026.08.13 14:30,SELL,LienKe,4396.058,4404.291,82.3,290.9,64.8,3.53,0.79,1,1,2,1,3,5,1,4,5,1,31,-,1,38,-,1,42,-,1,46,-,1,49,-,0,,,TP,300.00,103
2026.08.13 12:31,2026.08.13 14:30,SELL,LienKe,4389.628,4404.291,146.6,226.6,129.1,1.55,0.88,1,0,3,1,0,3,1,0,3,1,0,3,1,1,3,1,62,-,1,80,-,1,98,-,0,,,TP,300.00,119
2026.08.17 00:20,2026.08.17 00:28,SELL,LienKe,4386.713,4390.641,39.3,25.3,30.6,0.64,0.78,1,2,4,1,3,4,0,,,0,,,0,,,0,,,0,,,0,,,0,,,SL,-39.28,8
2026.08.17 00:19,2026.08.17 00:28,SELL,LienKe,4385.276,4390.641,53.6,12.7,44.9,0.24,0.84,1,0,1,0,,,0,,,0,,,0,,,0,,,0,,,0,,,0,,,SL,-53.65,9
2026.08.18 01:46,2026.08.18 01:47,BUY,LienKe,4410.525,4406.390,41.3,15.3,7.0,0.37,0.17,1,0,-,0,,,0,,,0,,,0,,,0,,,0,,,0,,,0,,,SL,-41.35,1
2026.08.18 01:46,2026.08.18 01:47,BUY,LienKe,4411.863,4406.390,54.7,1.9,20.4,0.03,0.37,0,,,0,,,0,,,0,,,0,,,0,,,0,,,0,,,0,,,SL,-54.73,1
2026.08.18 04:07,2026.08.18 05:31,BUY,LienKe,4390.569,4386.939,36.3,54.8,30.4,1.51,0.84,1,3,30,1,3,30,1,8,30,1,73,83,0,,,0,,,0,,,0,,,0,,,SL,-36.30,84
2026.08.18 04:01,2026.08.18 05:31,BUY,LienKe,4391.442,4386.939,45.0,46.1,39.1,1.02,0.87,1,10,11,1,15,17,1,48,61,0,,,0,,,0,,,0,,,0,,,0,,,SL,-45.03,90
2026.08.18 12:22,2026.08.18 13:41,SELL,LienKe,4398.751,4403.978,52.3,227.5,48.0,4.35,0.92,1,1,2,1,2,72,1,2,72,1,3,72,1,39,72,1,48,72,1,68,72,1,68,72,0,,,SL,-52.27,79
2026.08.19 01:03,2026.08.19 01:40,BUY,LienKe,4327.222,4321.382,58.4,291.6,5.1,4.99,0.09,1,0,-,1,1,-,1,1,-,1,1,-,1,2,-,1,2,-,1,5,-,1,30,-,0,,,TP,300.00,36
2026.08.19 01:03,2026.08.19 02:18,BUY,LienKe,4330.531,4321.382,91.5,288.1,38.2,3.15,0.42,1,0,0,1,1,-,1,2,-,1,2,-,1,3,-,1,3,-,1,12,-,1,31,-,0,,,TP,300.00,75
2026.08.20 05:17,2026.08.20 05:34,BUY,LienKe,4484.882,4481.031,38.5,21.6,36.5,0.56,0.95,1,0,1,1,7,8,0,,,0,,,0,,,0,,,0,,,0,,,0,,,SL,-38.51,17
2026.08.20 05:15,2026.08.20 05:34,BUY,LienKe,4485.713,4481.031,46.8,13.3,44.8,0.28,0.96,1,2,3,0,,,0,,,0,,,0,,,0,,,0,,,0,,,0,,,SL,-46.82,19
2026.08.20 11:42,2026.08.20 11:45,BUY,LienKe,4477.794,4473.632,41.6,9.4,37.0,0.23,0.89,0,,,0,,,0,,,0,,,0,,,0,,,0,,,0,,,0,,,SL,-41.62,3
2026.08.20 11:42,2026.08.20 11:45,BUY,LienKe,4479.289,4473.632,56.6,0.0,51.9,0.00,0.92,0,,,0,,,0,,,0,,,0,,,0,,,0,,,0,,,0,,,SL,-56.57,3
2026.08.20 14:43,2026.08.20 14:46,SELL,LienKe,4498.694,4503.888,51.9,0.0,39.0,0.00,0.75,0,,,0,,,0,,,0,,,0,,,0,,,0,,,0,,,0,,,SL,-51.94,3
2026.08.20 14:38,2026.08.20 14:46,SELL,LienKe,4496.681,4503.888,72.1,26.8,59.2,0.37,0.82,1,0,1,1,2,2,0,,,0,,,0,,,0,,,0,,,0,,,0,,,SL,-72.07,8
2026.08.20 15:03,2026.08.20 15:17,SELL,Swing,4525.668,4539.370,137.0,38.1,119.9,0.28,0.87,1,0,0,1,6,7,1,6,7,0,,,0,,,0,,,0,,,0,,,0,,,SL,-137.02,14
2026.08.21 04:26,2026.08.21 05:52,SELL,LienKe,4544.660,4549.140,44.8,151.4,40.5,3.38,0.90,1,6,7,1,10,83,1,12,83,1,35,83,1,42,83,1,50,83,1,63,83,0,,,0,,,SL,-44.80,86
2026.08.21 04:22,2026.08.21 05:52,SELL,LienKe,4543.585,4549.140,55.6,140.7,51.3,2.53,0.92,1,0,1,1,0,1,1,23,82,1,39,82,1,46,82,1,55,82,0,,,0,,,0,,,SL,-55.55,90
2026.08.21 15:28,2026.08.21 15:42,SELL,LienKe,4605.066,4610.729,56.6,54.2,40.2,0.96,0.71,1,1,5,1,1,5,1,2,5,1,2,5,0,,,0,,,0,,,0,,,0,,,SL,-56.63,14
2026.08.21 15:26,2026.08.21 15:42,SELL,LienKe,4601.613,4610.729,91.2,19.7,74.7,0.22,0.82,1,0,1,0,,,0,,,0,,,0,,,0,,,0,,,0,,,0,,,SL,-91.16,16
2026.08.21 16:02,2026.08.21 16:21,SELL,LienKe,4615.132,4619.311,41.8,57.7,29.2,1.38,0.70,1,4,5,1,6,11,1,6,11,1,7,11,0,,,0,,,0,,,0,,,0,,,SL,-41.79,19
2026.08.21 16:02,2026.08.21 16:21,SELL,LienKe,4613.708,4619.311,56.0,43.5,43.5,0.78,0.78,1,6,8,1,6,8,1,6,8,0,,,0,,,0,,,0,,,0,,,0,,,SL,-56.03,19
2026.08.24 00:03,2026.08.24 00:05,SELL,LienKe,4624.946,4628.693,37.5,0.0,33.6,0.00,0.90,0,,,0,,,0,,,0,,,0,,,0,,,0,,,0,,,0,,,SL,-37.47,2
2026.08.24 00:02,2026.08.24 00:05,SELL,LienKe,4621.158,4628.693,75.3,2.7,71.5,0.04,0.95,0,,,0,,,0,,,0,,,0,,,0,,,0,,,0,,,0,,,SL,-75.35,3
2026.08.24 00:26,2026.08.24 00:26,BUY,LienKe,4610.046,4600.694,93.5,17.2,2.6,0.18,0.03,1,0,-,0,,,0,,,0,,,0,,,0,,,0,,,0,,,0,,,SL,-93.52,0
2026.08.24 00:26,2026.08.24 00:26,BUY,LienKe,4606.709,4600.694,60.1,0.0,107.3,0.00,1.78,0,,,0,,,0,,,0,,,0,,,0,,,0,,,0,,,0,,,SL,-60.15,0
2026.08.24 11:36,2026.08.24 11:37,SELL,LienKe,4656.925,4664.485,75.6,0.0,74.1,0.00,0.98,0,,,0,,,0,,,0,,,0,,,0,,,0,,,0,,,0,,,SL,-75.60,1
2026.08.24 11:36,2026.08.24 11:37,SELL,LienKe,4652.293,4664.485,121.9,7.0,120.5,0.06,0.99,0,,,0,,,0,,,0,,,0,,,0,,,0,,,0,,,0,,,SL,-121.92,1
2026.08.26 08:23,2026.08.26 09:21,BUY,LienKe,4623.810,4619.639,41.7,72.6,39.3,1.74,0.94,1,1,53,1,1,53,1,2,53,1,5,53,0,,,0,,,0,,,0,,,0,,,SL,-41.71,57
2026.08.26 08:16,2026.08.26 09:21,BUY,LienKe,4624.916,4619.639,52.8,61.5,50.3,1.17,0.95,1,0,2,1,0,2,1,0,2,1,17,52,0,,,0,,,0,,,0,,,0,,,SL,-52.77,65
2026.08.26 12:58,2026.08.26 13:16,BUY,LienKe,4613.216,4607.206,60.1,80.9,50.1,1.35,0.83,1,1,1,1,1,1,1,1,1,1,3,5,1,4,5,0,,,0,,,0,,,0,,,SL,-60.10,18
2026.08.26 12:55,2026.08.26 13:16,BUY,LienKe,4616.359,4607.206,91.5,49.4,81.5,0.54,0.89,1,0,0,1,2,3,1,7,8,0,,,0,,,0,,,0,,,0,,,0,,,SL,-91.53,21
2026.08.26 15:01,2026.08.26 15:02,BUY,Swing,4601.620,4594.820,68.0,14.2,19.8,0.21,0.29,1,0,-,0,,,0,,,0,,,0,,,0,,,0,,,0,,,0,,,SL,-68.00,1
2026.08.26 13:17,2026.08.26 15:02,BUY,Swing,4605.624,4594.820,108.0,278.9,59.8,2.58,0.55,1,0,4,1,1,4,1,1,4,1,1,4,1,1,4,1,13,102,1,26,102,1,33,102,0,,,SL,-108.04,105
2026.08.27 06:57,2026.08.27 07:19,BUY,LienKe,4599.957,4596.378,35.8,57.9,29.1,1.62,0.81,1,3,5,1,3,5,1,7,18,1,8,18,0,,,0,,,0,,,0,,,0,,,SL,-35.79,22
2026.08.27 06:04,2026.08.27 07:19,BUY,LienKe,4604.434,4596.378,80.6,73.0,73.9,0.91,0.92,1,0,0,1,10,12,1,15,44,1,17,44,0,,,0,,,0,,,0,,,0,,,SL,-80.56,75
2026.08.27 13:49,2026.08.27 15:40,BUY,LienKe,4570.216,4561.795,84.2,292.6,20.0,3.47,0.24,1,0,11,1,0,11,1,0,11,1,0,11,1,1,11,1,1,11,1,41,-,1,47,-,0,,,TP,300.00,111
2026.08.27 20:56,2026.08.27 23:47,BUY,LienKe,4600.302,4596.940,33.6,112.4,22.2,3.34,0.66,1,63,144,1,63,144,1,63,144,1,63,144,1,86,144,1,120,144,0,,,0,,,0,,,SL,-33.62,171
2026.08.27 20:56,2026.08.27 23:47,BUY,LienKe,4600.870,4596.940,39.3,106.7,27.9,2.72,0.71,1,64,144,1,64,144,1,64,144,1,64,144,1,97,144,1,123,144,0,,,0,,,0,,,SL,-39.30,171
2026.08.30 22:21,2026.08.30 23:08,SELL,LienKe,4462.385,4466.743,43.6,92.3,42.1,2.12,0.97,1,0,1,1,6,20,1,7,20,1,10,20,1,13,20,0,,,0,,,0,,,0,,,SL,-43.58,47
2026.08.30 22:21,2026.08.30 23:08,SELL,LienKe,4462.105,4466.743,46.4,89.5,44.9,1.93,0.97,1,0,1,1,6,19,1,7,19,1,10,19,1,13,19,0,,,0,,,0,,,0,,,SL,-46.38,47
2026.09.02 00:02,2026.09.02 00:02,BUY,LienKe,4325.497,4317.376,81.2,0.0,2.6,0.00,0.03,0,,,0,,,0,,,0,,,0,,,0,,,0,,,0,,,0,,,SL,-81.21,0
2026.09.02 00:02,2026.09.02 00:02,BUY,Swing,4325.497,4317.376,81.2,0.0,2.6,0.00,0.03,0,,,0,,,0,,,0,,,0,,,0,,,0,,,0,,,0,,,SL,-81.21,0
2026.09.02 00:02,2026.09.02 00:54,BUY,LienKe,4322.848,4317.376,54.7,116.4,72.8,2.13,1.33,1,1,4,1,1,4,1,1,4,1,1,4,1,15,25,1,15,25,0,,,0,,,0,,,SL,-54.72,52
2026.09.02 00:02,2026.09.02 00:54,BUY,Swing,4322.848,4317.376,54.7,116.4,72.8,2.13,1.33,1,1,4,1,1,4,1,1,4,1,1,4,1,15,25,1,15,25,0,,,0,,,0,,,SL,-54.72,52
2026.09.04 07:47,2026.09.04 12:30,SELL,LienKe,4487.531,4491.454,39.2,235.2,36.3,6.00,0.93,1,3,-,1,3,-,1,4,-,1,10,-,1,23,-,1,53,-,1,84,-,1,91,-,0,,,TP,300.00,283
2026.09.04 07:47,2026.09.04 12:30,SELL,LienKe,4486.425,4491.454,50.3,224.1,47.4,4.46,0.94,1,3,9,1,4,9,1,5,9,1,22,-,1,45,-,1,61,-,1,85,-,1,93,-,0,,,TP,300.00,283
2026.09.09 05:08,2026.09.09 05:15,SELL,LienKe,4384.319,4388.146,38.3,2.3,38.1,0.06,1.00,0,,,0,,,0,,,0,,,0,,,0,,,0,,,0,,,0,,,SL,-38.27,6
2026.09.09 05:08,2026.09.09 05:15,SELL,LienKe,4383.487,4388.146,46.6,0.0,46.4,0.00,1.00,0,,,0,,,0,,,0,,,0,,,0,,,0,,,0,,,0,,,SL,-46.59,7
2026.09.10 06:01,2026.09.10 08:38,SELL,Swing,4429.572,4438.004,84.3,297.6,18.7,3.53,0.22,1,1,-,1,1,-,1,4,-,1,5,-,1,11,-,1,11,-,1,14,-,1,85,-,0,,,TP,300.00,157
