time_vao,time_dong,chieu,nguon,gia_vao,sl_goc,R_pip,mfe_pip,mae_pip,mfe_R,mae_R,cham10,phut10,phut_ve_entry_10,cham20,phut20,phut_ve_entry_20,cham30,phut30,phut_ve_entry_30,cham50,phut50,phut_ve_entry_50,cham80,phut80,phut_ve_entry_80,cham100,phut100,phut_ve_entry_100,cham150,phut150,phut_ve_entry_150,cham200,phut200,phut_ve_entry_200,cham300,phut300,phut_ve_entry_300,ket_cuc,lai_usd,phut_giu
2025.01.02 13:54,2025.01.02 14:31,SELL,LienKe,2645.371,2649.482,41.1,48.5,38.6,1.18,0.94,1,4,19,1,5,19,1,7,19,0,,,0,,,0,,,0,,,0,,,0,,,SL,-41.11,36
2025.01.02 13:00,2025.01.02 14:31,SELL,LienKe,2643.336,2649.482,61.5,71.3,58.9,1.16,0.96,1,0,5,1,1,5,1,13,50,1,17,50,0,,,0,,,0,,,0,,,0,,,SL,-61.46,91
2025.01.03 06:30,2025.01.03 07:22,BUY,LienKe,2657.230,2652.909,43.2,30.2,35.4,0.70,0.82,1,2,5,1,10,35,1,25,35,0,,,0,,,0,,,0,,,0,,,0,,,SL,-43.21,52
2025.01.03 06:00,2025.01.03 07:22,BUY,LienKe,2658.698,2652.909,57.9,15.5,50.1,0.27,0.86,1,1,3,0,,,0,,,0,,,0,,,0,,,0,,,0,,,0,,,SL,-57.89,82
2025.01.03 09:00,2025.01.03 13:38,BUY,LienKe,2653.135,2646.890,62.5,61.2,51.4,0.98,0.82,1,1,11,1,4,11,1,65,96,1,123,258,0,,,0,,,0,,,0,,,0,,,SL,-62.45,278
2025.01.06 04:37,2025.01.06 05:47,BUY,Swing,2636.454,2631.992,44.6,8.5,43.3,0.19,0.97,0,,,0,,,0,,,0,,,0,,,0,,,0,,,0,,,0,,,SL,-44.62,69
2025.01.06 04:30,2025.01.06 05:47,BUY,Swing,2638.048,2631.992,60.6,5.5,59.2,0.09,0.98,0,,,0,,,0,,,0,,,0,,,0,,,0,,,0,,,0,,,SL,-60.56,77
2025.01.07 11:41,2025.01.07 12:07,SELL,LienKe,2645.917,2649.946,40.3,0.0,33.4,0.00,0.83,0,,,0,,,0,,,0,,,0,,,0,,,0,,,0,,,0,,,SL,-40.29,26
2025.01.07 11:15,2025.01.07 12:07,SELL,LienKe,2644.879,2649.946,50.7,27.3,43.8,0.54,0.86,1,1,10,1,6,10,0,,,0,,,0,,,0,,,0,,,0,,,0,,,SL,-50.67,52
2025.01.07 12:40,2025.01.07 13:03,SELL,LienKe,2649.857,2654.366,45.1,10.0,37.9,0.22,0.84,1,1,2,0,,,0,,,0,,,0,,,0,,,0,,,0,,,0,,,SL,-45.09,23
2025.01.07 12:40,2025.01.07 13:03,SELL,Swing,2649.857,2654.366,45.1,10.0,37.9,0.22,0.84,1,1,2,0,,,0,,,0,,,0,,,0,,,0,,,0,,,0,,,SL,-45.09,23
2025.01.07 12:15,2025.01.07 13:03,SELL,LienKe,2648.239,2654.366,61.3,7.2,54.1,0.12,0.88,0,,,0,,,0,,,0,,,0,,,0,,,0,,,0,,,0,,,SL,-61.27,48
2025.01.07 12:15,2025.01.07 13:03,SELL,Swing,2648.239,2654.366,61.3,7.2,54.1,0.12,0.88,0,,,0,,,0,,,0,,,0,,,0,,,0,,,0,,,0,,,SL,-61.27,48
2025.01.09 12:53,2025.01.09 13:35,SELL,LienKe,2673.700,2677.573,38.7,15.5,33.9,0.40,0.88,1,19,20,0,,,0,,,0,,,0,,,0,,,0,,,0,,,0,,,SL,-38.73,41
2025.01.09 12:45,2025.01.09 13:35,SELL,LienKe,2672.847,2677.573,47.3,13.9,42.4,0.29,0.90,1,4,7,0,,,0,,,0,,,0,,,0,,,0,,,0,,,0,,,SL,-47.26,50
2025.01.08 02:01,2025.01.09 13:37,BUY,LienKe,2647.622,2644.083,35.4,298.5,24.2,8.44,0.68,1,42,72,1,50,72,1,226,572,1,267,572,1,660,-,1,670,-,1,722,-,1,759,-,0,,,TP,283.95,2136
2025.01.08 02:00,2025.01.10 08:10,BUY,LienKe,2648.939,2644.083,48.6,299.7,37.4,6.17,0.77,1,52,57,1,252,568,1,257,568,1,310,568,1,663,-,1,681,-,1,723,-,1,888,-,0,,,TP,278.60,3250
2025.01.10 08:21,2025.01.10 09:25,SELL,LienKe,2677.846,2681.966,41.2,14.4,33.5,0.35,0.81,1,31,36,0,,,0,,,0,,,0,,,0,,,0,,,0,,,0,,,SL,-41.20,64
2025.01.10 08:15,2025.01.10 09:25,SELL,LienKe,2676.753,2681.966,52.1,3.4,44.4,0.07,0.85,0,,,0,,,0,,,0,,,0,,,0,,,0,,,0,,,0,,,SL,-52.13,70
2025.01.10 13:04,2025.01.10 13:30,BUY,LienKe,2675.841,2671.747,40.9,51.1,7.2,1.25,0.18,1,1,-,1,2,-,1,6,-,1,16,-,0,,,0,,,0,,,0,,,0,,,SL,-40.94,26
2025.01.10 12:45,2025.01.10 13:30,BUY,LienKe,2677.742,2671.747,60.0,32.1,26.3,0.54,0.44,1,1,15,1,5,15,1,35,40,0,,,0,,,0,,,0,,,0,,,0,,,SL,-59.95,45
2025.01.15 05:06,2025.01.15 06:00,SELL,LienKe,2676.206,2679.716,35.1,15.3,33.4,0.44,0.95,1,6,27,0,,,0,,,0,,,0,,,0,,,0,,,0,,,0,,,SL,-35.10,54
2025.01.15 04:30,2025.01.15 06:00,SELL,LienKe,2675.386,2679.716,43.3,10.4,41.6,0.24,0.96,1,12,19,0,,,0,,,0,,,0,,,0,,,0,,,0,,,0,,,SL,-43.30,90
2025.01.13 17:00,2025.01.15 13:30,BUY,LienKe,2661.209,2657.625,35.8,278.6,44.4,7.77,1.24,1,9,21,1,15,21,1,363,1238,1,390,1238,1,410,1238,1,480,1238,1,1598,-,1,2231,-,0,,,TP,289.30,2670
2025.01.15 13:48,2025.01.15 23:02,SELL,LienKe,2690.117,2696.435,63.2,133.2,75.8,2.11,1.20,1,1,2,1,4,5,1,31,36,1,46,190,1,46,190,1,48,190,0,,,0,,,0,,,SL,-63.18,553
2025.01.15 13:45,2025.01.15 23:02,SELL,LienKe,2686.834,2696.435,96.0,100.3,108.7,1.05,1.13,1,48,180,1,49,180,1,49,180,1,50,180,1,51,180,1,79,180,0,,,0,,,0,,,SL,-96.01,557
2025.01.13 16:30,2025.01.15 23:02,BUY,LienKe,2667.069,2657.625,94.4,304.7,103.0,3.23,1.09,1,435,451,1,440,451,1,493,1029,1,510,1029,1,752,1029,1,1730,-,1,2261,-,1,2472,-,1,3161,-,TP,289.30,3272
2025.01.17 08:00,2025.01.17 09:42,BUY,LienKe,2710.737,2705.585,51.5,22.5,51.0,0.44,0.99,1,44,64,1,46,64,0,,,0,,,0,,,0,,,0,,,0,,,0,,,SL,-51.52,102
2025.01.17 15:47,2025.01.21 01:55,SELL,LienKe,2713.686,2717.949,42.6,241.7,37.3,5.67,0.88,1,81,3785,1,81,3785,1,155,3785,1,162,3785,1,192,3785,1,247,3785,1,3334,3785,1,3336,3785,0,,,SL,-42.63,4928
2025.01.17 15:15,2025.01.21 01:55,SELL,LienKe,2712.440,2717.949,55.1,229.3,49.8,4.16,0.90,1,1,8,1,3,8,1,190,3817,1,212,3817,1,278,3817,1,285,3817,1,3367,3817,1,3372,3817,0,,,SL,-55.09,4960
2025.01.22 23:05,2025.01.23 01:47,BUY,LienKe,2755.346,2751.802,35.4,13.1,25.9,0.37,0.73,1,42,44,0,,,0,,,0,,,0,,,0,,,0,,,0,,,0,,,SL,-51.49,162
2025.01.22 20:45,2025.01.23 01:47,BUY,LienKe,2756.138,2751.802,43.4,9.9,33.9,0.23,0.78,0,,,0,,,0,,,0,,,0,,,0,,,0,,,0,,,0,,,SL,-59.41,302
2025.01.24 11:45,2025.01.24 13:20,SELL,LienKe,2776.658,2783.193,65.4,10.4,62.5,0.16,0.96,1,12,13,0,,,0,,,0,,,0,,,0,,,0,,,0,,,0,,,SL,-65.35,95
2025.01.24 08:33,2025.01.26 23:05,BUY,LienKe,2770.829,2767.117,37.1,151.8,9.4,4.09,0.25,1,6,499,1,11,499,1,14,499,1,44,499,1,181,499,1,275,499,1,423,499,0,,,0,,,SL,-42.47,3751
2025.01.24 08:30,2025.01.26 23:05,BUY,LienKe,2772.196,2767.117,50.8,138.2,23.0,2.72,0.45,1,17,66,1,17,66,1,18,66,1,60,66,1,273,500,1,283,500,0,,,0,,,0,,,SL,-56.14,3755
2025.01.27 16:42,2025.01.27 16:51,BUY,LienKe,2739.671,2735.162,45.1,7.0,37.9,0.15,0.84,0,,,0,,,0,,,0,,,0,,,0,,,0,,,0,,,0,,,SL,-45.09,9
2025.01.27 16:30,2025.01.27 16:51,BUY,LienKe,2741.253,2735.162,60.9,19.2,53.8,0.32,0.88,1,6,9,0,,,0,,,0,,,0,,,0,,,0,,,0,,,0,,,SL,-60.91,21
2025.01.28 10:01,2025.01.28 13:31,SELL,LienKe,2744.541,2748.151,36.1,34.6,34.0,0.96,0.94,1,17,27,1,47,86,1,49,86,0,,,0,,,0,,,0,,,0,,,0,,,SL,-36.10,210
2025.01.28 10:00,2025.01.28 13:31,SELL,LienKe,2743.429,2748.151,47.2,23.5,45.1,0.50,0.95,1,49,58,1,50,58,0,,,0,,,0,,,0,,,0,,,0,,,0,,,SL,-47.22,211
2025.01.29 04:56,2025.01.29 07:07,BUY,LienKe,2762.547,2758.457,40.9,5.1,39.7,0.12,0.97,0,,,0,,,0,,,0,,,0,,,0,,,0,,,0,,,0,,,SL,-40.90,131
2025.01.29 04:30,2025.01.29 07:07,BUY,LienKe,2763.738,2758.457,52.8,6.2,51.6,0.12,0.98,0,,,0,,,0,,,0,,,0,,,0,,,0,,,0,,,0,,,SL,-52.81,157
2025.01.29 11:01,2025.01.29 13:17,BUY,LienKe,2757.632,2754.008,36.2,21.5,20.9,0.59,0.58,1,4,6,1,20,63,0,,,0,,,0,,,0,,,0,,,0,,,0,,,SL,-36.24,136
2025.01.29 11:00,2025.01.29 13:17,BUY,LienKe,2758.376,2754.008,43.7,14.1,28.3,0.32,0.65,1,22,30,0,,,0,,,0,,,0,,,0,,,0,,,0,,,0,,,SL,-43.68,137
2025.01.30 18:24,2025.01.31 12:01,SELL,LienKe,2796.947,2801.505,45.6,60.9,42.8,1.34,0.94,1,4,143,1,5,143,1,7,143,1,59,143,0,,,0,,,0,,,0,,,0,,,SL,-45.58,1057
2025.01.30 16:15,2025.01.31 12:01,SELL,LienKe,2793.940,2801.505,75.7,49.8,72.8,0.66,0.96,1,1,2,1,9,18,1,13,18,0,,,0,,,0,,,0,,,0,,,0,,,SL,-75.65,1186
2025.01.31 20:15,2025.02.02 23:24,BUY,LienKe,2797.399,2791.029,63.7,72.5,46.7,1.14,0.73,1,29,3066,1,30,3066,1,35,3066,1,52,3066,0,,,0,,,0,,,0,,,0,,,SL,-69.05,3069
2025.02.02 23:48,2025.02.03 01:31,BUY,Swing,2790.794,2781.271,95.2,57.0,93.4,0.60,0.98,1,1,36,1,1,36,1,5,36,1,17,36,0,,,0,,,0,,,0,,,0,,,SL,-95.23,102
2025.02.02 23:45,2025.02.03 01:31,BUY,Swing,2792.755,2781.271,114.8,37.4,113.0,0.33,0.98,1,8,9,1,8,9,1,20,23,0,,,0,,,0,,,0,,,0,,,0,,,SL,-114.84,106
2025.02.04 07:00,2025.02.04 07:27,BUY,Swing,2811.500,2807.868,36.3,29.3,30.7,0.81,0.85,1,1,22,1,3,22,0,,,0,,,0,,,0,,,0,,,0,,,0,,,SL,-36.32,27
2025.02.04 06:45,2025.02.04 07:27,BUY,Swing,2812.940,2807.868,50.7,14.9,45.1,0.29,0.89,1,12,15,0,,,0,,,0,,,0,,,0,,,0,,,0,,,0,,,SL,-50.72,42
2025.02.05 20:41,2025.02.06 06:50,BUY,LienKe,2862.840,2859.178,36.6,104.9,29.6,2.86,0.81,1,57,607,1,59,607,1,70,607,1,143,607,1,189,607,1,321,607,0,,,0,,,0,,,SL,-52.67,609
2025.02.05 20:30,2025.02.06 06:50,BUY,LienKe,2864.942,2859.178,57.6,83.9,50.6,1.45,0.88,1,4,6,1,86,281,1,155,281,1,197,281,1,332,417,0,,,0,,,0,,,0,,,SL,-73.69,620
2025.02.07 03:15,2025.02.07 14:27,SELL,Swing,2868.043,2873.645,56.0,154.4,55.3,2.76,0.99,1,40,45,1,106,350,1,135,350,1,144,350,1,216,350,1,617,624,1,617,624,0,,,0,,,SL,-56.02,672
2025.02.13 20:33,2025.02.13 23:35,SELL,LienKe,2927.600,2931.894,42.9,25.6,42.4,0.60,0.99,1,12,21,1,14,21,0,,,0,,,0,,,0,,,0,,,0,,,0,,,SL,-42.94,182
2025.02.13 20:30,2025.02.13 23:35,SELL,LienKe,2925.891,2931.894,60.0,8.5,59.5,0.14,0.99,0,,,0,,,0,,,0,,,0,,,0,,,0,,,0,,,0,,,SL,-60.03,185
2025.02.17 09:30,2025.02.18 03:22,SELL,LienKe,2902.767,2909.455,66.9,106.0,64.6,1.59,0.97,1,33,37,1,55,88,1,56,88,1,61,88,1,963,1029,1,964,1029,0,,,0,,,0,,,SL,-66.88,1072
2025.02.19 12:28,2025.02.19 15:59,BUY,LienKe,2932.904,2928.202,47.0,87.1,42.8,1.85,0.91,1,3,31,1,6,31,1,9,31,1,34,85,1,39,85,0,,,0,,,0,,,0,,,SL,-47.02,211
2025.02.19 12:15,2025.02.19 15:59,BUY,LienKe,2934.791,2928.202,65.9,68.2,61.6,1.03,0.94,1,0,1,1,47,96,1,47,96,1,49,96,0,,,0,,,0,,,0,,,0,,,SL,-65.89,224
2025.02.21 03:10,2025.02.21 08:17,BUY,LienKe,2932.536,2923.286,92.5,16.8,90.8,0.18,0.98,1,1,2,0,,,0,,,0,,,0,,,0,,,0,,,0,,,0,,,SL,-92.50,307
2025.02.21 02:15,2025.02.21 08:17,BUY,LienKe,2938.495,2923.286,152.1,25.9,150.4,0.17,0.99,1,2,6,1,18,28,0,,,0,,,0,,,0,,,0,,,0,,,0,,,SL,-152.09,362
2025.02.24 13:03,2025.02.24 13:57,SELL,LienKe,2949.425,2954.141,47.2,23.6,44.8,0.50,0.95,1,1,3,1,17,17,0,,,0,,,0,,,0,,,0,,,0,,,0,,,SL,-47.16,54
2025.02.24 12:15,2025.02.24 13:57,SELL,LienKe,2946.424,2954.141,77.2,8.2,74.9,0.11,0.97,0,,,0,,,0,,,0,,,0,,,0,,,0,,,0,,,0,,,SL,-77.17,102
2025.02.24 11:00,2025.02.24 15:07,BUY,LienKe,2938.550,2931.892,66.6,176.8,60.2,2.66,0.90,1,5,7,1,5,7,1,23,215,1,33,215,1,50,215,1,61,215,1,173,215,0,,,0,,,SL,-66.58,247
2025.02.24 15:00,2025.02.24 15:09,BUY,LienKe,2938.575,2931.596,69.8,0.8,69.2,0.01,0.99,0,,,0,,,0,,,0,,,0,,,0,,,0,,,0,,,0,,,SL,-69.79,9
2025.02.25 14:45,2025.02.25 15:30,SELL,LienKe,2938.729,2947.949,92.2,285.1,13.9,3.09,0.15,1,1,-,1,2,-,1,7,-,1,13,-,1,23,-,1,25,-,1,32,-,1,36,-,0,,,TP,300.00,45
2025.02.26 04:35,2025.02.26 06:12,BUY,LienKe,2913.941,2909.639,43.0,70.9,39.3,1.65,0.91,1,20,93,1,21,93,1,32,93,1,50,93,0,,,0,,,0,,,0,,,0,,,SL,-43.02,97
2025.02.26 04:30,2025.02.26 06:12,BUY,LienKe,2915.427,2909.639,57.9,56.0,54.1,0.97,0.94,1,36,51,1,38,51,1,54,71,1,58,71,0,,,0,,,0,,,0,,,0,,,SL,-57.88,102
2025.02.27 05:50,2025.02.27 08:11,BUY,Swing,2890.945,2885.571,53.7,74.8,45.8,1.39,0.85,1,3,5,1,16,78,1,16,78,1,18,78,0,,,0,,,0,,,0,,,0,,,SL,-53.74,141
2025.02.27 05:45,2025.02.27 08:11,BUY,Swing,2893.452,2885.571,78.8,49.7,70.9,0.63,0.90,1,0,1,1,23,31,1,35,75,0,,,0,,,0,,,0,,,0,,,0,,,SL,-78.81,146
2025.02.28 03:17,2025.02.28 03:42,BUY,LienKe,2872.397,2867.339,50.6,0.0,47.5,0.00,0.94,0,,,0,,,0,,,0,,,0,,,0,,,0,,,0,,,0,,,SL,-50.58,25
2025.02.28 02:15,2025.02.28 03:42,BUY,LienKe,2874.628,2867.339,72.9,32.9,69.8,0.45,0.96,1,7,18,1,7,18,1,11,18,0,,,0,,,0,,,0,,,0,,,0,,,SL,-72.89,87
2025.02.28 12:30,2025.02.28 15:00,SELL,LienKe,2862.887,2867.990,51.0,293.0,3.0,5.74,0.06,1,0,-,1,3,-,1,6,-,1,12,-,1,23,-,1,62,-,1,91,-,1,98,-,0,,,TP,300.00,150
2025.03.03 12:26,2025.03.03 14:34,SELL,LienKe,2875.385,2879.389,40.0,63.9,25.3,1.60,0.63,1,37,48,1,40,48,1,40,48,1,42,48,0,,,0,,,0,,,0,,,0,,,SL,-40.04,128
2025.03.03 12:15,2025.03.03 14:34,SELL,LienKe,2874.243,2879.389,51.5,52.5,36.7,1.02,0.71,1,51,58,1,51,58,1,53,58,1,55,58,0,,,0,,,0,,,0,,,0,,,SL,-51.46,139
2025.03.04 07:19,2025.03.04 07:27,SELL,LienKe,2893.521,2897.468,39.5,2.2,14.4,0.06,0.36,0,,,0,,,0,,,0,,,0,,,0,,,0,,,0,,,0,,,SL,-39.47,8
2025.03.04 05:30,2025.03.04 07:27,SELL,LienKe,2892.457,2897.468,50.1,79.1,25.0,1.58,0.50,1,8,106,1,17,106,1,23,106,1,47,106,0,,,0,,,0,,,0,,,0,,,SL,-50.11,117
2025.03.05 01:06,2025.03.05 01:11,BUY,LienKe,2913.198,2909.219,39.8,6.9,7.0,0.17,0.17,0,,,0,,,0,,,0,,,0,,,0,,,0,,,0,,,0,,,SL,-39.79,5
2025.03.05 00:15,2025.03.05 01:11,BUY,LienKe,2914.344,2909.219,51.3,28.3,18.4,0.55,0.36,1,4,21,1,11,21,0,,,0,,,0,,,0,,,0,,,0,,,0,,,SL,-51.25,56
2025.03.05 15:45,2025.03.05 16:18,SELL,LienKe,2919.723,2926.778,70.5,44.3,66.7,0.63,0.94,1,1,2,1,9,13,1,10,13,0,,,0,,,0,,,0,,,0,,,0,,,SL,-70.55,33
2025.03.06 05:50,2025.03.06 07:37,BUY,LienKe,2915.646,2911.524,41.2,74.2,25.3,1.80,0.61,1,1,98,1,5,98,1,6,98,1,6,98,0,,,0,,,0,,,0,,,0,,,SL,-41.22,107
2025.03.06 05:30,2025.03.06 07:37,BUY,LienKe,2916.364,2911.524,48.4,67.0,32.5,1.39,0.67,1,0,17,1,2,17,1,4,17,1,30,113,0,,,0,,,0,,,0,,,0,,,SL,-48.40,127
2025.03.07 18:30,2025.03.10 08:45,BUY,LienKe,2906.306,2898.860,74.5,120.1,62.1,1.61,0.83,1,0,6,1,53,59,1,54,59,1,174,3684,1,3096,3684,1,3171,3684,0,,,0,,,0,,,SL,-79.81,3735
2025.03.11 01:15,2025.03.11 12:43,BUY,LienKe,2885.789,2877.121,86.7,297.9,2.8,3.44,0.03,1,0,-,1,2,-,1,6,-,1,36,-,1,59,-,1,67,-,1,318,-,1,426,-,0,,,TP,300.00,688
2025.03.11 01:15,2025.03.11 12:43,BUY,Swing,2885.789,2877.121,86.7,297.9,2.8,3.44,0.03,1,0,-,1,2,-,1,6,-,1,36,-,1,59,-,1,67,-,1,318,-,1,426,-,0,,,TP,300.00,688
2025.03.13 12:18,2025.03.13 13:42,SELL,LienKe,2947.748,2952.124,43.8,86.5,36.1,1.98,0.82,1,3,12,1,3,12,1,6,12,1,9,12,1,42,77,0,,,0,,,0,,,0,,,SL,-43.76,83
2025.03.13 12:15,2025.03.13 13:42,SELL,LienKe,2946.104,2952.124,60.2,70.1,52.5,1.16,0.87,1,9,15,1,10,15,1,11,15,1,43,75,0,,,0,,,0,,,0,,,0,,,SL,-60.20,87
2025.03.13 06:59,2025.03.13 14:48,BUY,LienKe,2936.911,2932.389,45.2,293.2,39.9,6.48,0.88,1,2,5,1,72,-,1,73,-,1,75,-,1,98,-,1,144,-,1,402,-,1,458,-,0,,,TP,300.00,469
2025.03.13 06:15,2025.03.13 14:48,BUY,LienKe,2938.520,2932.389,61.3,277.2,56.0,4.52,0.91,1,6,9,1,117,-,1,118,-,1,138,-,1,188,-,1,213,-,1,471,-,1,505,-,0,,,TP,300.00,513
2025.03.14 20:26,2025.03.18 03:13,BUY,LienKe,2982.576,2978.677,39.0,296.3,4.2,7.60,0.11,1,9,3390,1,11,3390,1,12,3390,1,18,3390,1,3021,3390,1,3056,3390,1,3734,-,1,4514,-,0,,,TP,289.30,4727
2025.03.14 20:15,2025.03.18 03:15,BUY,LienKe,2983.592,2978.677,49.1,298.6,14.3,6.08,0.29,1,22,3374,1,23,3374,1,25,3374,1,30,3374,1,3062,3374,1,3071,3374,1,3759,-,1,4627,-,0,,,TP,289.30,4740
2025.03.18 06:04,2025.03.18 08:17,SELL,LienKe,3015.820,3020.137,43.2,50.3,42.3,1.17,0.98,1,1,1,1,16,43,1,20,43,1,21,43,0,,,0,,,0,,,0,,,0,,,SL,-43.17,133
2025.03.18 05:00,2025.03.18 08:17,SELL,LienKe,3014.475,3020.137,56.6,82.5,55.8,1.46,0.99,1,5,63,1,5,63,1,15,63,1,23,63,1,28,63,0,,,0,,,0,,,0,,,SL,-56.62,197
2025.03.19 05:07,2025.03.19 05:37,SELL,Swing,3037.677,3042.029,43.5,5.7,42.1,0.13,0.97,0,,,0,,,0,,,0,,,0,,,0,,,0,,,0,,,0,,,SL,-43.52,30
2025.03.19 04:00,2025.03.19 05:37,SELL,Swing,3036.291,3042.029,57.4,18.8,55.9,0.33,0.97,1,3,17,0,,,0,,,0,,,0,,,0,,,0,,,0,,,0,,,SL,-57.38,97
2025.03.19 18:32,2025.03.19 18:36,SELL,LienKe,3039.916,3044.265,43.5,12.5,18.9,0.29,0.43,1,0,1,0,,,0,,,0,,,0,,,0,,,0,,,0,,,0,,,SL,-43.49,4
2025.03.19 18:30,2025.03.19 18:36,SELL,LienKe,3037.604,3044.265,66.6,0.0,42.0,0.00,0.63,0,,,0,,,0,,,0,,,0,,,0,,,0,,,0,,,0,,,SL,-66.61,6
2025.03.20 06:03,2025.03.20 07:57,BUY,LienKe,3045.854,3041.873,39.8,56.6,38.1,1.42,0.96,1,1,33,1,3,33,1,3,33,1,19,33,0,,,0,,,0,,,0,,,0,,,SL,-39.81,114
2025.03.20 06:00,2025.03.20 07:57,BUY,LienKe,3046.997,3041.873,51.2,45.2,49.5,0.88,0.97,1,6,35,1,10,35,1,22,35,0,,,0,,,0,,,0,,,0,,,0,,,SL,-51.24,117
2025.03.20 05:00,2025.03.21 05:42,SELL,LienKe,3052.523,3060.484,79.6,267.3,12.4,3.36,0.16,1,6,10,1,21,-,1,24,-,1,27,-,1,141,-,1,175,-,1,307,-,1,317,-,0,,,TP,300.00,1482
2025.03.21 12:48,2025.03.21 13:57,SELL,LienKe,3036.791,3041.045,42.5,282.2,15.0,6.63,0.35,1,7,16,1,8,16,1,13,16,1,34,-,1,42,-,1,44,-,1,50,-,1,51,-,0,,,TP,300.00,69
2025.03.21 12:15,2025.03.21 13:58,SELL,LienKe,3035.504,3041.045,55.4,291.1,27.8,5.25,0.50,1,3,3,1,47,48,1,67,-,1,70,-,1,77,-,1,77,-,1,83,-,1,84,-,0,,,TP,300.00,103
2025.03.24 07:30,2025.03.24 10:27,SELL,Swing,3025.099,3031.914,68.2,39.9,63.7,0.59,0.93,1,0,37,1,5,37,1,6,37,0,,,0,,,0,,,0,,,0,,,0,,,SL,-68.15,177
2025.03.26 15:15,2025.03.27 10:16,BUY,Swing,3017.554,3009.325,82.3,294.8,26.6,3.58,0.32,1,0,2,1,70,84,1,173,230,1,526,-,1,582,-,1,609,-,1,688,-,1,795,-,0,,,TP,283.95,1141
2025.04.02 20:17,2025.04.02 20:29,BUY,Swing,3111.271,3101.742,95.3,269.1,47.6,2.82,0.50,1,1,-,1,1,-,1,1,-,1,1,-,1,1,-,1,1,-,1,3,-,1,10,-,0,,,TP,300.00,12
2025.04.02 20:15,2025.04.02 22:16,BUY,Swing,3117.924,3101.742,161.8,289.8,114.1,1.79,0.71,1,0,2,1,0,2,1,0,2,1,0,2,1,1,2,1,1,2,1,13,-,1,13,-,0,,,TP,300.00,121
2025.04.03 10:17,2025.04.03 10:26,BUY,LienKe,3115.674,3109.101,65.7,0.0,60.9,0.00,0.93,0,,,0,,,0,,,0,,,0,,,0,,,0,,,0,,,0,,,SL,-65.73,9
2025.04.03 10:15,2025.04.03 10:26,BUY,LienKe,3119.501,3109.101,104.0,4.7,99.2,0.05,0.95,0,,,0,,,0,,,0,,,0,,,0,,,0,,,0,,,0,,,SL,-104.00,11
2025.04.03 10:52,2025.04.03 10:58,BUY,Swing,3106.104,3097.947,81.6,11.8,47.6,0.14,0.58,1,1,2,0,,,0,,,0,,,0,,,0,,,0,,,0,,,0,,,SL,-81.57,6
2025.04.03 10:45,2025.04.03 10:58,BUY,Swing,3107.368,3097.947,94.2,56.1,60.3,0.60,0.64,1,0,5,1,0,5,1,0,5,1,1,5,0,,,0,,,0,,,0,,,0,,,SL,-94.21,13
2025.04.04 02:02,2025.04.04 02:31,BUY,LienKe,3107.610,3103.017,45.9,54.0,44.8,1.18,0.98,1,1,21,1,1,21,1,2,21,1,5,21,0,,,0,,,0,,,0,,,0,,,SL,-45.93,29
2025.04.04 00:45,2025.04.04 02:31,BUY,LienKe,3110.970,3103.017,79.5,48.5,78.4,0.61,0.99,1,16,17,1,20,49,1,21,49,0,,,0,,,0,,,0,,,0,,,0,,,SL,-79.53,106
2025.04.04 12:46,2025.04.04 13:35,BUY,LienKe,3079.838,3067.792,120.5,75.9,104.8,0.63,0.87,1,3,3,1,21,22,1,29,40,1,29,40,0,,,0,,,0,,,0,,,0,,,SL,-120.46,49
2025.04.07 11:45,2025.04.07 13:35,SELL,LienKe,3039.398,3049.148,97.5,249.3,12.0,2.56,0.12,1,1,5,1,2,5,1,3,5,1,11,-,1,14,-,1,15,-,1,49,-,1,50,-,0,,,TP,300.00,110
2025.04.08 05:49,2025.04.08 05:54,SELL,LienKe,3004.678,3008.320,36.4,23.0,2.3,0.63,0.06,1,1,-,1,3,-,0,,,0,,,0,,,0,,,0,,,0,,,0,,,SL,-36.42,5
2025.04.08 05:45,2025.04.08 05:54,SELL,LienKe,3000.455,3008.320,78.7,0.3,44.5,0.00,0.57,0,,,0,,,0,,,0,,,0,,,0,,,0,,,0,,,0,,,SL,-78.65,9
2025.04.10 13:19,2025.04.10 14:05,SELL,Swing,3130.123,3136.993,68.7,139.5,66.6,2.03,0.97,1,13,43,1,13,43,1,13,43,1,14,43,1,15,43,1,15,43,0,,,0,,,0,,,SL,-68.70,46
2025.04.10 13:00,2025.04.10 14:05,SELL,Swing,3123.139,3136.993,138.5,69.7,136.5,0.50,0.98,1,2,3,1,3,4,1,34,35,1,58,60,0,,,0,,,0,,,0,,,0,,,SL,-138.54,65
2025.04.10 08:54,2025.04.10 14:07,BUY,LienKe,3108.363,3101.686,66.8,297.1,51.8,4.45,0.78,1,23,24,1,32,36,1,43,-,1,60,-,1,64,-,1,69,-,1,156,-,1,195,-,0,,,TP,300.00,313
2025.04.10 08:45,2025.04.10 14:09,BUY,LienKe,3112.297,3101.686,106.1,295.4,91.2,2.78,0.86,1,0,2,1,70,-,1,71,-,1,74,-,1,97,-,1,102,-,1,204,-,1,225,-,0,,,TP,300.00,324
2025.04.11 08:46,2025.04.11 10:10,SELL,Swing,3223.395,3230.497,71.0,113.0,69.2,1.59,0.97,1,0,1,1,0,1,1,3,5,1,8,57,1,13,57,1,44,57,0,,,0,,,0,,,SL,-71.02,83
2025.04.11 08:30,2025.04.11 10:10,SELL,Swing,3219.264,3230.497,112.3,71.7,110.5,0.64,0.98,1,0,6,1,1,6,1,3,6,1,12,15,0,,,0,,,0,,,0,,,0,,,SL,-112.33,100
2025.04.15 04:30,2025.04.15 20:02,SELL,LienKe,3229.224,3233.103,38.8,175.1,36.4,4.51,0.94,1,3,12,1,47,220,1,48,220,1,57,220,1,77,220,1,180,220,1,561,792,0,,,0,,,SL,-38.79,932
2025.04.15 04:15,2025.04.15 20:02,SELL,LienKe,3227.920,3233.103,51.8,162.0,49.4,3.13,0.95,1,63,118,1,66,118,1,70,118,1,88,118,1,195,228,1,201,228,1,578,806,0,,,0,,,SL,-51.83,947
2025.04.15 22:06,2025.04.15 22:38,SELL,LienKe,3232.430,3236.674,42.4,11.0,37.5,0.26,0.88,1,4,7,0,,,0,,,0,,,0,,,0,,,0,,,0,,,0,,,SL,-42.44,32
2025.04.15 22:06,2025.04.15 22:38,SELL,Swing,3232.430,3236.674,42.4,11.0,37.5,0.26,0.88,1,4,7,0,,,0,,,0,,,0,,,0,,,0,,,0,,,0,,,SL,-42.44,32
2025.04.15 20:15,2025.04.15 22:38,SELL,LienKe,3231.185,3236.674,54.9,45.7,49.9,0.83,0.91,1,3,37,1,3,37,1,4,37,0,,,0,,,0,,,0,,,0,,,0,,,SL,-54.89,143
2025.04.15 20:15,2025.04.15 22:38,SELL,Swing,3231.185,3236.674,54.9,45.7,49.9,0.83,0.91,1,3,37,1,3,37,1,4,37,0,,,0,,,0,,,0,,,0,,,0,,,SL,-54.89,143
2025.04.16 15:31,2025.04.16 15:41,SELL,LienKe,3315.643,3322.620,69.8,4.2,42.5,0.06,0.61,0,,,0,,,0,,,0,,,0,,,0,,,0,,,0,,,0,,,SL,-69.77,10
2025.04.16 14:15,2025.04.16 15:41,SELL,LienKe,3309.110,3322.620,135.1,37.3,107.9,0.28,0.80,1,1,1,1,42,42,1,54,58,0,,,0,,,0,,,0,,,0,,,0,,,SL,-135.10,86
2025.04.17 01:47,2025.04.17 01:51,BUY,LienKe,3336.155,3326.527,96.3,0.2,80.3,0.00,0.83,0,,,0,,,0,,,0,,,0,,,0,,,0,,,0,,,0,,,SL,-96.28,4
2025.04.17 01:45,2025.04.17 01:51,BUY,LienKe,3342.915,3326.527,163.9,0.0,147.8,0.00,0.90,0,,,0,,,0,,,0,,,0,,,0,,,0,,,0,,,0,,,SL,-163.88,6
2025.04.17 12:30,2025.04.17 14:32,SELL,LienKe,3325.596,3345.433,198.4,291.5,66.1,1.47,0.33,1,0,0,1,0,0,1,25,25,1,60,65,1,82,-,1,82,-,1,90,-,1,92,-,0,,,TP,300.00,122
2025.04.23 06:15,2025.04.23 06:51,BUY,Swing,3316.675,3304.896,117.8,92.8,44.9,0.79,0.38,1,1,28,1,1,28,1,2,28,1,2,28,1,4,28,0,,,0,,,0,,,0,,,SL,-117.79,36
2025.04.23 06:51,2025.04.23 06:53,BUY,Swing,3312.185,3304.896,72.9,0.0,73.5,0.00,1.01,0,,,0,,,0,,,0,,,0,,,0,,,0,,,0,,,0,,,SL,-72.89,2
2025.04.24 09:00,2025.04.24 12:40,SELL,LienKe,3339.410,3344.630,52.2,138.2,47.4,2.65,0.91,1,1,4,1,1,4,1,2,4,1,30,143,1,32,143,1,35,143,0,,,0,,,0,,,SL,-52.20,219
2025.04.24 09:00,2025.04.24 12:40,SELL,LienKe,3336.159,3344.630,84.7,105.7,79.9,1.25,0.94,1,26,27,1,30,58,1,30,58,1,32,58,1,46,58,1,48,58,0,,,0,,,0,,,SL,-84.71,220
2025.04.24 12:51,2025.04.24 14:04,SELL,LienKe,3341.455,3347.719,62.6,287.6,2.4,4.59,0.04,1,1,4,1,2,4,1,7,-,1,7,-,1,9,-,1,10,-,1,29,-,1,46,-,0,,,TP,300.00,73
2025.04.24 12:45,2025.04.24 14:06,SELL,LienKe,3338.138,3347.719,95.8,285.4,35.5,2.98,0.37,1,0,1,1,14,-,1,15,-,1,15,-,1,18,-,1,30,-,1,47,-,1,59,-,0,,,TP,300.00,81
2025.04.24 20:00,2025.04.24 20:55,SELL,LienKe,3342.266,3350.026,77.6,39.8,77.3,0.51,1.00,1,0,4,1,0,4,1,9,30,0,,,0,,,0,,,0,,,0,,,0,,,SL,-77.60,55
2025.04.24 23:00,2025.04.25 03:49,SELL,Swing,3368.141,3373.789,56.5,288.5,2.1,5.11,0.04,1,0,-,1,0,-,1,0,-,1,0,-,1,0,-,1,21,-,1,24,-,1,38,-,0,,,TP,300.00,289
2025.04.24 22:45,2025.04.25 03:52,SELL,Swing,3365.583,3373.789,82.1,281.1,27.6,3.43,0.34,1,0,12,1,1,12,1,1,12,1,15,-,1,36,-,1,38,-,1,49,-,1,185,-,0,,,TP,300.00,307
2025.04.27 23:46,2025.04.28 01:24,BUY,LienKe,3304.167,3297.242,69.2,118.0,58.4,1.70,0.84,1,1,2,1,15,89,1,17,89,1,20,89,1,20,89,1,64,89,0,,,0,,,0,,,SL,-69.25,98
2025.04.27 23:30,2025.04.28 01:24,BUY,LienKe,3308.225,3297.242,109.8,77.4,98.9,0.70,0.90,1,36,41,1,36,41,1,36,41,1,36,41,0,,,0,,,0,,,0,,,0,,,SL,-109.83,114
2025.04.28 12:20,2025.04.28 12:27,SELL,LienKe,3296.830,3301.031,42.0,26.9,37.0,0.64,0.88,1,0,3,1,0,3,0,,,0,,,0,,,0,,,0,,,0,,,0,,,SL,-42.01,7
2025.04.28 12:15,2025.04.28 12:27,SELL,LienKe,3295.686,3301.031,53.4,28.2,48.4,0.53,0.91,1,1,2,1,3,4,0,,,0,,,0,,,0,,,0,,,0,,,0,,,SL,-53.45,12
2025.04.29 12:16,2025.04.29 12:21,BUY,LienKe,3307.656,3302.962,46.9,1.0,41.4,0.02,0.88,0,,,0,,,0,,,0,,,0,,,0,,,0,,,0,,,0,,,SL,-46.94,5
2025.04.29 12:15,2025.04.29 12:21,BUY,LienKe,3310.152,3302.962,71.9,0.5,66.4,0.01,0.92,0,,,0,,,0,,,0,,,0,,,0,,,0,,,0,,,0,,,SL,-71.90,6
2025.04.30 01:57,2025.04.30 02:57,BUY,LienKe,3310.670,3305.206,54.6,25.4,47.6,0.46,0.87,1,7,8,1,13,24,0,,,0,,,0,,,0,,,0,,,0,,,0,,,SL,-54.64,60
2025.04.30 01:15,2025.04.30 02:57,BUY,LienKe,3315.930,3305.206,107.2,67.9,100.2,0.63,0.93,1,1,31,1,2,31,1,6,31,1,10,31,0,,,0,,,0,,,0,,,0,,,SL,-107.24,102
2025.04.30 04:21,2025.04.30 08:10,BUY,LienKe,3303.632,3299.498,41.3,110.3,25.6,2.67,0.62,1,13,15,1,23,160,1,25,160,1,31,160,1,48,160,1,67,160,0,,,0,,,0,,,SL,-41.34,229
2025.04.30 04:15,2025.04.30 08:10,BUY,LienKe,3305.766,3299.498,62.7,88.9,47.0,1.42,0.75,1,31,129,1,34,129,1,38,129,1,52,129,1,73,129,0,,,0,,,0,,,0,,,SL,-62.68,235
2025.04.29 12:37,2025.04.30 08:11,BUY,Swing,3305.198,3297.403,78.0,248.2,59.8,3.18,0.77,1,1,70,1,1,70,1,2,70,1,3,70,1,16,70,1,29,70,1,61,70,1,245,860,0,,,SL,-83.30,1174
2025.04.29 12:30,2025.04.30 08:11,BUY,Swing,3311.611,3297.403,142.1,184.0,123.9,1.30,0.87,1,23,25,1,24,25,1,29,30,1,41,73,1,68,73,1,247,646,1,252,646,0,,,0,,,SL,-147.43,1181
2025.05.02 20:36,2025.05.04 22:42,SELL,LienKe,3239.544,3244.192,46.5,18.2,42.2,0.39,0.91,1,11,14,0,,,0,,,0,,,0,,,0,,,0,,,0,,,0,,,SL,-46.48,3006
2025.05.02 20:30,2025.05.04 22:42,SELL,LienKe,3237.875,3244.192,63.2,1.5,58.9,0.02,0.93,0,,,0,,,0,,,0,,,0,,,0,,,0,,,0,,,0,,,SL,-63.17,3012
2025.05.04 22:30,2025.05.04 23:32,SELL,LienKe,3240.651,3245.819,51.7,17.2,41.0,0.33,0.79,1,27,30,0,,,0,,,0,,,0,,,0,,,0,,,0,,,0,,,SL,-51.68,62
2025.05.04 22:30,2025.05.04 23:32,SELL,LienKe,3240.183,3245.819,56.4,12.5,45.6,0.22,0.81,1,29,30,0,,,0,,,0,,,0,,,0,,,0,,,0,,,0,,,SL,-56.36,62
2025.05.05 02:04,2025.05.05 08:37,SELL,Swing,3268.144,3274.092,59.5,148.8,57.0,2.50,0.96,1,1,36,1,3,36,1,6,36,1,7,36,1,13,36,1,77,375,0,,,0,,,0,,,SL,-59.48,393
2025.05.05 01:45,2025.05.05 08:37,SELL,Swing,3263.884,3274.092,102.1,106.2,99.6,1.04,0.98,1,5,5,1,28,35,1,29,35,1,93,298,1,112,298,1,118,298,0,,,0,,,0,,,SL,-102.08,412
2025.05.07 19:42,2025.05.08 01:51,BUY,Swing,3368.296,3360.692,76.0,297.5,45.6,3.91,0.60,1,1,35,1,2,35,1,2,35,1,5,35,1,241,-,1,272,-,1,278,-,1,320,-,0,,,TP,283.95,369
2025.05.07 19:30,2025.05.08 01:52,BUY,Swing,3373.355,3360.692,126.6,288.2,96.2,2.28,0.76,1,5,6,1,8,11,1,10,11,1,284,-,1,288,-,1,290,-,1,332,-,1,333,-,0,,,TP,283.95,382
2025.05.09 16:30,2025.05.11 22:09,SELL,LienKe,3339.783,3350.556,107.7,144.8,33.6,1.34,0.31,1,0,2,1,27,35,1,29,35,1,159,-,1,177,-,1,180,-,0,,,0,,,0,,,TP,300.00,3219
2025.05.14 08:15,2025.05.14 12:36,SELL,LienKe,3235.517,3246.897,113.8,267.7,41.1,2.35,0.36,1,13,15,1,14,15,1,20,42,1,56,89,1,214,-,1,220,-,1,222,-,1,238,-,0,,,TP,300.00,261
2025.05.19 04:15,2025.05.19 08:52,BUY,LienKe,3211.299,3203.584,77.2,299.9,3.8,3.89,0.05,1,1,-,1,1,-,1,2,-,1,15,-,1,46,-,1,51,-,1,111,-,1,125,-,0,,,TP,300.00,277
2025.05.19 22:38,2025.05.19 23:12,BUY,LienKe,3225.868,3221.915,39.5,15.7,36.4,0.40,0.92,1,5,7,0,,,0,,,0,,,0,,,0,,,0,,,0,,,0,,,SL,-39.53,34
2025.05.19 22:30,2025.05.19 23:12,BUY,LienKe,3227.081,3221.915,51.7,7.0,48.5,0.13,0.94,0,,,0,,,0,,,0,,,0,,,0,,,0,,,0,,,0,,,SL,-51.66,42
2025.05.20 02:08,2025.05.20 02:20,BUY,Swing,3218.062,3211.064,70.0,0.9,64.7,0.01,0.93,0,,,0,,,0,,,0,,,0,,,0,,,0,,,0,,,0,,,SL,-69.98,11
2025.05.20 00:45,2025.05.20 02:20,BUY,Swing,3220.968,3211.064,99.0,118.4,93.8,1.20,0.95,1,2,5,1,3,5,1,15,74,1,17,74,1,20,74,1,53,74,0,,,0,,,0,,,SL,-99.04,95
2025.05.21 17:40,2025.05.21 19:04,SELL,LienKe,3313.364,3318.547,51.8,15.1,47.5,0.29,0.92,1,2,4,0,,,0,,,0,,,0,,,0,,,0,,,0,,,0,,,SL,-51.83,84
2025.05.21 17:30,2025.05.21 19:04,SELL,LienKe,3310.961,3318.547,75.9,42.3,71.5,0.56,0.94,1,0,4,1,0,4,1,0,4,0,,,0,,,0,,,0,,,0,,,0,,,SL,-75.86,94
2025.05.22 10:54,2025.05.22 11:00,BUY,Swing,3294.932,3287.550,73.8,15.3,64.6,0.21,0.87,1,0,1,0,,,0,,,0,,,0,,,0,,,0,,,0,,,0,,,SL,-73.82,6
2025.05.22 10:45,2025.05.22 11:00,BUY,Swing,3299.538,3287.550,119.9,10.7,110.6,0.09,0.92,1,0,1,0,,,0,,,0,,,0,,,0,,,0,,,0,,,0,,,SL,-119.88,15
2025.05.27 01:03,2025.05.27 01:24,BUY,LienKe,3343.427,3339.446,39.8,7.6,38.0,0.19,0.95,0,,,0,,,0,,,0,,,0,,,0,,,0,,,0,,,0,,,SL,-39.81,21
2025.05.27 01:00,2025.05.27 01:24,BUY,LienKe,3345.276,3339.446,58.3,20.5,56.5,0.35,0.97,1,0,2,1,1,2,0,,,0,,,0,,,0,,,0,,,0,,,0,,,SL,-58.30,24
2025.05.27 15:38,2025.05.28 07:48,BUY,LienKe,3290.181,3282.089,80.9,296.3,5.8,3.66,0.07,1,2,-,1,2,-,1,10,-,1,12,-,1,46,-,1,99,-,1,215,-,1,473,-,0,,,TP,294.65,970
2025.05.27 14:15,2025.05.28 13:43,BUY,LienKe,3298.152,3282.089,160.6,273.8,85.5,1.70,0.53,1,22,27,1,22,27,1,36,57,1,42,57,1,323,531,1,540,784,1,615,784,1,1050,-,0,,,SL,-5.35,1408
2025.05.28 20:49,2025.05.28 20:51,BUY,Swing,3291.310,3285.560,57.5,6.6,30.3,0.11,0.53,0,,,0,,,0,,,0,,,0,,,0,,,0,,,0,,,0,,,SL,-57.50,2
2025.05.28 17:00,2025.05.28 20:51,BUY,Swing,3293.576,3285.560,80.2,94.9,53.0,1.18,0.66,1,13,192,1,14,192,1,15,192,1,21,192,1,84,192,0,,,0,,,0,,,0,,,SL,-80.16,231
2025.05.29 01:33,2025.05.29 07:15,BUY,LienKe,3250.939,3242.439,85.0,292.3,28.2,3.44,0.33,1,3,-,1,3,-,1,4,-,1,6,-,1,17,-,1,18,-,1,35,-,1,72,-,0,,,TP,300.00,342
2025.05.29 01:30,2025.05.29 07:57,BUY,LienKe,3256.409,3242.439,139.7,290.0,82.9,2.08,0.59,1,0,1,1,19,-,1,20,-,1,21,-,1,30,-,1,60,-,1,76,-,1,113,-,0,,,TP,300.00,387
2025.05.30 00:50,2025.05.30 02:04,BUY,LienKe,3312.737,3307.432,53.1,100.1,46.6,1.89,0.88,1,10,12,1,10,12,1,16,42,1,22,42,1,31,42,1,31,42,0,,,0,,,0,,,SL,-53.05,74
2025.05.30 00:45,2025.05.30 02:04,BUY,LienKe,3313.358,3307.432,59.3,93.8,52.8,1.58,0.89,1,15,17,1,16,17,1,22,47,1,27,47,1,36,47,0,,,0,,,0,,,0,,,SL,-59.26,79
2025.06.02 05:02,2025.06.02 05:41,SELL,Swing,3316.475,3321.296,48.2,14.2,36.1,0.29,0.75,1,3,5,0,,,0,,,0,,,0,,,0,,,0,,,0,,,0,,,SL,-48.21,39
2025.06.02 05:00,2025.06.02 05:41,SELL,LienKe,3315.211,3321.296,60.9,1.5,48.7,0.03,0.80,0,,,0,,,0,,,0,,,0,,,0,,,0,,,0,,,0,,,SL,-60.85,41
2025.06.02 05:00,2025.06.02 05:41,SELL,LienKe,3313.883,3321.296,74.1,0.0,62.0,0.00,0.84,0,,,0,,,0,,,0,,,0,,,0,,,0,,,0,,,0,,,SL,-74.13,41
2025.06.02 05:00,2025.06.02 05:41,SELL,Swing,3313.883,3321.296,74.1,0.0,62.0,0.00,0.84,0,,,0,,,0,,,0,,,0,,,0,,,0,,,0,,,0,,,SL,-74.13,41
2025.06.02 16:15,2025.06.02 22:01,SELL,LienKe,3372.634,3382.250,96.2,31.9,104.8,0.33,1.09,1,5,12,1,6,12,1,38,46,0,,,0,,,0,,,0,,,0,,,0,,,SL,-96.16,346
2025.06.02 22:01,2025.06.02 22:01,SELL,LienKe,3376.785,3382.250,54.7,0.0,72.1,0.00,1.32,0,,,0,,,0,,,0,,,0,,,0,,,0,,,0,,,0,,,SL,-54.65,0
2025.06.03 00:38,2025.06.03 01:00,BUY,LienKe,3377.685,3372.575,51.1,13.5,39.2,0.26,0.77,1,10,11,0,,,0,,,0,,,0,,,0,,,0,,,0,,,0,,,SL,-51.10,22
2025.06.03 00:30,2025.06.03 01:00,BUY,LienKe,3379.996,3372.575,74.2,15.1,62.4,0.20,0.84,1,0,4,0,,,0,,,0,,,0,,,0,,,0,,,0,,,0,,,SL,-74.21,30
2025.06.03 05:28,2025.06.03 06:42,BUY,LienKe,3360.817,3356.177,46.4,69.0,45.7,1.49,0.99,1,14,16,1,19,42,1,20,42,1,21,42,0,,,0,,,0,,,0,,,0,,,SL,-46.40,74
2025.06.03 04:45,2025.06.03 06:42,BUY,LienKe,3362.634,3356.177,64.6,50.8,63.9,0.79,0.99,1,3,6,1,64,84,1,64,84,1,68,84,0,,,0,,,0,,,0,,,0,,,SL,-64.57,117
2025.06.03 13:41,2025.06.03 13:46,BUY,Swing,3351.628,3346.030,56.0,5.7,30.0,0.10,0.54,0,,,0,,,0,,,0,,,0,,,0,,,0,,,0,,,0,,,SL,-55.98,5
2025.06.03 12:30,2025.06.03 13:46,BUY,Swing,3354.819,3346.030,87.9,83.0,61.9,0.94,0.70,1,0,1,1,7,60,1,9,60,1,10,60,1,13,60,0,,,0,,,0,,,0,,,SL,-87.89,76
2025.06.05 02:40,2025.06.05 04:16,BUY,LienKe,3369.990,3365.246,47.4,74.2,18.8,1.56,0.40,1,3,3,1,23,31,1,41,77,1,52,77,0,,,0,,,0,,,0,,,0,,,SL,-47.44,96
2025.06.05 02:30,2025.06.05 04:16,BUY,LienKe,3371.896,3365.246,66.5,55.1,37.9,0.83,0.57,1,1,8,1,52,85,1,61,85,1,66,85,0,,,0,,,0,,,0,,,0,,,SL,-66.50,106
2025.06.05 14:42,2025.06.05 14:58,BUY,LienKe,3371.295,3364.589,67.1,58.3,66.5,0.87,0.99,1,0,4,1,0,4,1,0,4,1,1,4,0,,,0,,,0,,,0,,,0,,,SL,-67.06,16
2025.06.05 14:15,2025.06.05 14:58,BUY,LienKe,3375.199,3364.589,106.1,80.6,105.5,0.76,0.99,1,0,7,1,0,7,1,2,7,1,2,7,1,19,26,0,,,0,,,0,,,0,,,SL,-106.10,43
2025.06.06 07:45,2025.06.06 07:51,BUY,LienKe,3357.199,3353.083,41.2,3.4,39.1,0.08,0.95,0,,,0,,,0,,,0,,,0,,,0,,,0,,,0,,,0,,,SL,-41.16,6
2025.06.06 07:15,2025.06.06 07:51,BUY,LienKe,3361.617,3353.083,85.3,7.5,83.3,0.09,0.98,0,,,0,,,0,,,0,,,0,,,0,,,0,,,0,,,0,,,SL,-85.34,36
2025.06.06 10:00,2025.06.06 12:30,BUY,LienKe,3356.885,3349.703,71.8,74.4,29.7,1.04,0.41,1,1,10,1,1,10,1,1,10,1,61,130,0,,,0,,,0,,,0,,,0,,,SL,-71.82,150
2025.06.09 00:38,2025.06.09 00:45,BUY,LienKe,3307.376,3301.612,57.6,14.2,57.1,0.25,0.99,1,0,1,0,,,0,,,0,,,0,,,0,,,0,,,0,,,0,,,SL,-57.64,7
2025.06.09 00:38,2025.06.09 00:45,BUY,Swing,3307.376,3301.612,57.6,14.2,57.1,0.25,0.99,1,0,1,0,,,0,,,0,,,0,,,0,,,0,,,0,,,0,,,SL,-57.64,7
2025.06.09 00:30,2025.06.09 00:45,BUY,LienKe,3310.329,3301.612,87.2,16.4,86.6,0.19,0.99,1,3,5,0,,,0,,,0,,,0,,,0,,,0,,,0,,,0,,,SL,-87.17,15
2025.06.09 00:30,2025.06.09 00:45,BUY,Swing,3310.329,3301.612,87.2,16.4,86.6,0.19,0.99,1,3,5,0,,,0,,,0,,,0,,,0,,,0,,,0,,,0,,,SL,-87.17,15
2025.06.16 00:45,2025.06.16 01:00,BUY,LienKe,3440.622,3434.077,65.4,12.9,63.1,0.20,0.96,1,0,1,0,,,0,,,0,,,0,,,0,,,0,,,0,,,0,,,SL,-65.45,15
2025.06.16 13:39,2025.06.16 13:54,BUY,LienKe,3410.263,3402.914,73.5,22.9,72.9,0.31,0.99,1,0,1,1,1,1,0,,,0,,,0,,,0,,,0,,,0,,,0,,,SL,-73.49,15
2025.06.16 13:39,2025.06.16 13:54,BUY,Swing,3410.263,3402.914,73.5,22.9,72.9,0.31,0.99,1,0,1,1,1,1,0,,,0,,,0,,,0,,,0,,,0,,,0,,,SL,-73.49,15
2025.06.16 13:30,2025.06.16 13:54,BUY,Swing,3416.306,3402.914,133.9,11.3,133.3,0.08,1.00,1,4,4,0,,,0,,,0,,,0,,,0,,,0,,,0,,,0,,,SL,-133.92,24
2025.06.17 06:43,2025.06.17 14:37,BUY,Swing,3382.686,3370.463,122.2,175.2,109.9,1.43,0.90,1,3,121,1,4,121,1,4,121,1,7,121,1,41,121,1,212,462,1,237,462,0,,,0,,,SL,-122.23,474
2025.06.17 03:30,2025.06.17 14:37,BUY,LienKe,3385.814,3370.463,153.5,143.9,141.1,0.94,0.92,1,4,11,1,29,191,1,32,191,1,60,191,1,76,191,1,84,191,0,,,0,,,0,,,SL,-153.51,667
2025.06.17 03:30,2025.06.17 14:37,BUY,Swing,3385.814,3370.463,153.5,143.9,141.1,0.94,0.92,1,4,11,1,29,191,1,32,191,1,60,191,1,76,191,1,84,191,0,,,0,,,0,,,SL,-153.51,667
2025.06.17 01:12,2025.06.17 14:37,SELL,LienKe,3401.592,3406.256,46.6,297.3,10.4,6.37,0.22,1,2,5,1,3,5,1,18,25,1,34,-,1,39,-,1,54,-,1,115,-,1,119,-,0,,,TP,300.00,805
2025.06.17 00:45,2025.06.17 14:37,SELL,LienKe,3399.956,3406.256,63.0,281.0,26.7,4.46,0.42,1,3,22,1,4,22,1,4,22,1,6,22,1,10,22,1,134,625,1,144,625,1,158,625,0,,,TP,300.00,832
2025.06.17 10:36,2025.06.17 22:03,SELL,LienKe,3395.647,3400.528,48.8,294.1,47.2,6.02,0.97,1,45,45,1,50,55,1,62,68,1,75,161,1,84,161,1,85,161,1,230,-,1,237,-,0,,,SL,0.00,687
2025.06.17 10:30,2025.06.17 22:03,SELL,LienKe,3393.799,3400.528,67.3,275.6,65.6,4.10,0.98,1,68,68,1,81,163,1,81,163,1,88,163,1,92,163,1,110,163,1,242,-,1,245,-,0,,,SL,0.00,693
2025.06.20 10:09,2025.06.20 13:36,SELL,LienKe,3356.751,3362.224,54.7,147.0,53.3,2.69,0.97,1,15,20,1,56,196,1,56,196,1,79,196,1,95,196,1,108,196,0,,,0,,,0,,,SL,-54.73,207
2025.06.20 10:00,2025.06.20 13:36,SELL,LienKe,3355.301,3362.224,69.2,132.5,67.8,1.91,0.98,1,65,97,1,66,97,1,88,97,1,105,202,1,117,202,1,152,202,0,,,0,,,0,,,SL,-69.23,216
2025.06.23 05:45,2025.06.23 13:44,BUY,LienKe,3353.377,3343.971,94.1,286.8,17.4,3.05,0.18,1,0,52,1,1,52,1,4,52,1,17,52,1,137,-,1,196,-,1,210,-,1,325,-,0,,,TP,300.00,479
2025.06.23 14:00,2025.06.23 16:18,SELL,LienKe,3383.320,3390.768,74.5,133.5,66.6,1.79,0.89,1,0,1,1,0,1,1,4,40,1,4,40,1,5,40,1,5,40,0,,,0,,,0,,,SL,-74.48,138
2025.06.23 14:00,2025.06.23 16:18,SELL,LienKe,3380.514,3390.768,102.5,105.4,94.7,1.03,0.92,1,4,21,1,4,21,1,4,21,1,5,21,1,6,21,1,6,21,0,,,0,,,0,,,SL,-102.54,138
2025.06.24 00:15,2025.06.24 05:47,BUY,LienKe,3345.090,3330.168,149.2,128.2,133.3,0.86,0.89,1,1,2,1,2,2,1,5,81,1,15,81,1,32,81,1,33,81,0,,,0,,,0,,,SL,-149.22,332
2025.06.25 08:00,2025.06.25 23:56,SELL,LienKe,3330.656,3340.096,94.4,186.0,93.5,1.97,0.99,1,9,9,1,14,511,1,15,511,1,65,511,1,72,511,1,284,511,1,310,511,0,,,0,,,SL,-94.40,956
2025.06.27 05:11,2025.06.27 06:39,BUY,LienKe,3292.278,3288.048,42.3,86.6,36.4,2.05,0.86,1,3,83,1,4,83,1,6,83,1,8,83,1,29,83,0,,,0,,,0,,,0,,,SL,-42.30,88
2025.06.27 04:15,2025.06.27 06:39,BUY,LienKe,3293.654,3288.048,56.1,72.9,50.2,1.30,0.89,1,3,4,1,23,41,1,24,41,1,64,113,0,,,0,,,0,,,0,,,0,,,SL,-56.06,144
2025.07.02 10:30,2025.07.02 11:04,SELL,LienKe,3343.259,3347.626,43.7,3.8,42.0,0.09,0.96,0,,,0,,,0,,,0,,,0,,,0,,,0,,,0,,,0,,,SL,-43.67,33
2025.07.02 10:15,2025.07.02 11:04,SELL,LienKe,3341.892,3347.626,57.3,11.5,55.7,0.20,0.97,1,1,7,0,,,0,,,0,,,0,,,0,,,0,,,0,,,0,,,SL,-57.34,49
2025.07.02 07:20,2025.07.02 20:07,BUY,LienKe,3329.832,3324.969,48.6,296.9,22.4,6.10,0.46,1,10,12,1,26,-,1,26,-,1,28,-,1,79,-,1,132,-,1,197,-,1,300,-,0,,,TP,300.00,767
2025.07.01 12:35,2025.07.02 20:07,SELL,LienKe,3354.654,3360.113,54.6,269.1,50.3,4.93,0.92,1,1,1,1,11,14,1,31,1823,1,33,1823,1,40,1823,1,136,1823,1,160,1823,1,769,1823,0,,,SL,-54.59,1892
2025.07.01 12:30,2025.07.02 20:07,SELL,LienKe,3352.163,3360.113,79.5,244.2,75.2,3.07,0.95,1,1,4,1,37,88,1,39,88,1,46,88,1,144,1786,1,165,1786,1,205,1786,1,790,1786,0,,,SL,-79.50,1897
2025.07.02 07:15,2025.07.02 22:15,BUY,LienKe,3331.910,3324.969,69.4,288.4,43.2,4.16,0.62,1,31,-,1,32,-,1,33,-,1,63,-,1,137,-,1,162,-,1,228,-,1,661,-,0,,,TP,300.00,900
2025.07.03 12:15,2025.07.03 12:30,BUY,LienKe,3347.846,3339.952,78.9,44.6,3.2,0.57,0.04,1,2,-,1,2,-,1,5,-,0,,,0,,,0,,,0,,,0,,,0,,,SL,-78.94,15
2025.07.03 12:30,2025.07.03 12:30,BUY,LienKe,3344.497,3339.952,45.4,0.0,144.5,0.00,3.18,0,,,0,,,0,,,0,,,0,,,0,,,0,,,0,,,0,,,SL,-45.45,0
2025.07.06 23:30,2025.07.07 00:04,BUY,Swing,3330.938,3326.025,49.1,0.0,47.5,0.00,0.97,0,,,0,,,0,,,0,,,0,,,0,,,0,,,0,,,0,,,SL,-49.13,34
2025.07.03 22:02,2025.07.07 00:31,BUY,LienKe,3326.004,3322.321,36.8,191.2,36.3,5.19,0.99,1,37,133,1,44,133,1,50,133,1,85,133,1,200,4442,1,336,4442,1,375,4442,0,,,0,,,SL,-47.53,4469
2025.07.03 22:02,2025.07.07 00:31,BUY,LienKe,3326.327,3322.321,40.1,188.0,39.6,4.69,0.99,1,39,131,1,48,131,1,50,131,1,86,131,1,331,4426,1,336,4426,1,378,4426,0,,,0,,,SL,-50.76,4469
2025.07.08 08:36,2025.07.08 09:56,BUY,LienKe,3326.971,3321.517,54.5,13.0,53.5,0.24,0.98,1,1,6,0,,,0,,,0,,,0,,,0,,,0,,,0,,,0,,,SL,-54.54,80
2025.07.08 08:30,2025.07.08 09:56,BUY,LienKe,3328.717,3321.517,72.0,9.1,71.0,0.13,0.99,0,,,0,,,0,,,0,,,0,,,0,,,0,,,0,,,0,,,SL,-72.00,86
2025.07.09 08:56,2025.07.09 19:04,BUY,LienKe,3285.137,3279.656,54.8,294.8,19.7,5.38,0.36,1,5,170,1,9,170,1,12,170,1,25,170,1,98,170,1,100,170,1,295,-,1,299,-,0,,,TP,300.00,608
2025.07.09 08:56,2025.07.09 19:04,BUY,Swing,3285.137,3279.656,54.8,294.8,19.7,5.38,0.36,1,5,170,1,9,170,1,12,170,1,25,170,1,98,170,1,100,170,1,295,-,1,299,-,0,,,TP,300.00,608
2025.07.09 17:09,2025.07.09 19:12,SELL,LienKe,3312.606,3316.324,37.2,43.8,31.1,1.18,0.84,1,23,72,1,24,72,1,47,72,0,,,0,,,0,,,0,,,0,,,0,,,SL,-37.18,123
2025.07.09 17:00,2025.07.09 19:12,SELL,LienKe,3311.906,3316.324,44.2,36.8,38.1,0.83,0.86,1,3,6,1,56,78,1,57,78,0,,,0,,,0,,,0,,,0,,,0,,,SL,-44.18,132
2025.07.09 08:45,2025.07.09 22:11,BUY,LienKe,3287.182,3279.656,75.3,297.3,40.1,3.95,0.53,1,1,2,1,4,6,1,40,165,1,108,165,1,112,165,1,253,-,1,308,-,1,331,-,0,,,TP,300.00,806
2025.07.09 08:45,2025.07.09 22:11,BUY,Swing,3287.182,3279.656,75.3,297.3,40.1,3.95,0.53,1,1,2,1,4,6,1,40,165,1,108,165,1,112,165,1,253,-,1,308,-,1,331,-,0,,,TP,300.00,806
2025.07.10 22:28,2025.07.11 00:30,SELL,LienKe,3325.842,3329.476,36.3,38.5,24.3,1.06,0.67,1,4,74,1,18,74,1,25,74,0,,,0,,,0,,,0,,,0,,,0,,,SL,-36.34,122
2025.07.10 22:15,2025.07.11 00:30,SELL,LienKe,3325.166,3329.476,43.1,31.7,31.1,0.74,0.72,1,1,11,1,37,78,1,39,78,0,,,0,,,0,,,0,,,0,,,0,,,SL,-43.10,135
2025.07.10 07:00,2025.07.11 00:31,SELL,LienKe,3326.704,3331.535,48.3,165.3,37.7,3.42,0.78,1,35,106,1,36,106,1,41,106,1,49,106,1,296,360,1,407,1024,1,420,1024,0,,,0,,,SL,-48.31,1051
2025.07.10 06:30,2025.07.11 00:31,SELL,LienKe,3324.808,3331.535,67.3,146.3,56.7,2.17,0.84,1,18,21,1,73,129,1,79,129,1,326,383,1,437,761,1,447,761,0,,,0,,,0,,,SL,-67.27,1081
2025.07.14 05:28,2025.07.14 12:41,BUY,LienKe,3354.622,3350.735,38.9,204.6,37.2,5.26,0.96,1,0,428,1,2,428,1,6,428,1,45,428,1,76,428,1,81,428,1,87,428,1,122,428,0,,,SL,-38.87,433
2025.07.14 04:30,2025.07.14 12:41,BUY,LienKe,3356.353,3350.735,56.2,187.2,54.6,3.33,0.97,1,3,54,1,7,54,1,7,54,1,9,54,1,139,481,1,142,481,1,160,481,0,,,0,,,SL,-56.18,491
2025.07.16 14:45,2025.07.16 15:16,BUY,Swing,3325.391,3316.529,88.6,285.6,14.8,3.22,0.17,1,2,6,1,2,6,1,9,-,1,9,-,1,9,-,1,9,-,1,11,-,1,19,-,0,,,TP,300.00,31
2025.07.23 00:46,2025.07.23 15:56,SELL,LienKe,3433.384,3441.980,86.0,293.1,6.3,3.41,0.07,1,2,514,1,4,514,1,6,514,1,14,514,1,18,514,1,30,514,1,297,514,1,737,-,0,,,TP,300.00,909
2025.07.23 00:46,2025.07.23 15:56,SELL,Swing,3433.384,3441.980,86.0,293.1,6.3,3.41,0.07,1,2,514,1,4,514,1,6,514,1,14,514,1,18,514,1,30,514,1,297,514,1,737,-,0,,,TP,300.00,909
2025.07.23 00:30,2025.07.23 15:56,SELL,LienKe,3432.376,3441.980,96.0,283.0,16.4,2.95,0.17,1,1,10,1,2,10,1,3,10,1,30,529,1,35,529,1,46,529,1,315,529,1,772,-,0,,,TP,300.00,926
2025.07.23 00:30,2025.07.23 15:56,SELL,Swing,3432.376,3441.980,96.0,283.0,16.4,2.95,0.17,1,1,10,1,2,10,1,3,10,1,30,529,1,35,529,1,46,529,1,315,529,1,772,-,0,,,TP,300.00,926
2025.07.24 01:33,2025.07.24 02:13,BUY,LienKe,3386.988,3381.027,59.6,39.3,54.4,0.66,0.91,1,1,2,1,6,30,1,8,30,0,,,0,,,0,,,0,,,0,,,0,,,SL,-59.61,40
2025.07.24 00:48,2025.07.24 11:30,SELL,LienKe,3391.749,3396.259,45.1,295.7,18.5,6.56,0.41,1,14,15,1,18,27,1,19,27,1,19,27,1,83,-,1,84,-,1,140,-,1,342,-,0,,,TP,300.00,642
2025.07.24 00:15,2025.07.24 12:01,SELL,LienKe,3390.255,3396.259,60.0,296.2,33.4,4.93,0.56,1,13,23,1,52,57,1,52,57,1,53,57,1,117,-,1,168,-,1,173,-,1,375,-,0,,,TP,300.00,706
2025.07.25 02:33,2025.07.25 03:37,BUY,LienKe,3364.880,3360.580,43.0,2.3,40.2,0.05,0.93,0,,,0,,,0,,,0,,,0,,,0,,,0,,,0,,,0,,,SL,-43.00,64
2025.07.25 02:30,2025.07.25 03:37,BUY,LienKe,3366.390,3360.580,58.1,4.0,55.3,0.07,0.95,0,,,0,,,0,,,0,,,0,,,0,,,0,,,0,,,0,,,SL,-58.10,67
2025.07.25 12:49,2025.07.25 14:39,BUY,LienKe,3338.403,3333.312,50.9,91.0,47.2,1.79,0.93,1,4,5,1,10,14,1,11,14,1,41,86,1,47,86,0,,,0,,,0,,,0,,,SL,-50.91,110
2025.07.25 12:45,2025.07.25 14:39,BUY,LienKe,3340.651,3333.312,73.4,68.5,69.6,0.93,0.95,1,0,2,1,41,58,1,45,58,1,48,58,0,,,0,,,0,,,0,,,0,,,SL,-73.39,114
2025.07.28 01:33,2025.07.28 03:57,SELL,LienKe,3336.916,3341.761,48.4,61.9,45.9,1.28,0.95,1,1,3,1,19,92,1,19,92,1,25,92,0,,,0,,,0,,,0,,,0,,,SL,-48.45,144
2025.07.28 01:30,2025.07.28 03:57,SELL,LienKe,3335.402,3341.761,63.6,46.7,61.1,0.73,0.96,1,22,59,1,25,59,1,27,59,0,,,0,,,0,,,0,,,0,,,0,,,SL,-63.59,147
2025.07.27 23:00,2025.07.28 13:45,BUY,Swing,3329.747,3320.817,89.3,156.1,78.7,1.75,0.88,1,0,35,1,1,35,1,1,35,1,3,35,1,126,806,1,285,806,1,420,806,0,,,0,,,SL,-89.30,885
2025.07.29 13:46,2025.07.30 13:13,BUY,LienKe,3316.506,3309.842,66.6,176.4,59.4,2.65,0.89,1,8,15,1,8,15,1,14,15,1,36,1386,1,39,1386,1,52,1386,1,79,1386,0,,,0,,,SL,-71.99,1407
2025.07.29 13:45,2025.07.30 13:13,BUY,LienKe,3320.355,3309.842,105.1,137.9,97.9,1.31,0.93,1,37,123,1,38,123,1,39,123,1,50,123,1,61,123,1,79,123,0,,,0,,,0,,,SL,-110.48,1408
2025.07.30 10:08,2025.07.30 13:31,SELL,Swing,3332.649,3337.025,43.8,283.0,5.1,6.47,0.12,1,1,-,1,1,-,1,1,-,1,37,-,1,98,-,1,159,-,1,163,-,1,167,-,0,,,TP,300.00,203
2025.07.30 10:00,2025.07.30 13:43,SELL,Swing,3331.245,3337.025,57.8,293.8,19.2,5.08,0.33,1,1,2,1,1,2,1,12,117,1,66,117,1,152,-,1,168,-,1,173,-,1,175,-,0,,,TP,300.00,223
2025.07.31 14:49,2025.07.31 23:20,BUY,LienKe,3293.975,3288.300,56.7,51.6,52.4,0.91,0.92,1,4,12,1,4,12,1,6,12,1,30,53,0,,,0,,,0,,,0,,,0,,,SL,-56.75,511
2025.07.31 14:45,2025.07.31 23:20,BUY,LienKe,3297.740,3288.300,94.4,14.0,90.1,0.15,0.95,1,35,35,0,,,0,,,0,,,0,,,0,,,0,,,0,,,0,,,SL,-94.40,515
2025.08.01 06:00,2025.08.01 12:21,SELL,LienKe,3296.669,3303.470,68.0,112.9,66.0,1.66,0.97,1,7,7,1,19,275,1,26,275,1,32,275,1,92,275,1,98,275,0,,,0,,,0,,,SL,-68.01,381
2025.08.07 01:07,2025.08.07 01:15,SELL,LienKe,3373.578,3377.828,42.5,4.7,32.2,0.11,0.76,0,,,0,,,0,,,0,,,0,,,0,,,0,,,0,,,0,,,SL,-42.50,8
2025.08.07 00:45,2025.08.07 01:15,SELL,LienKe,3371.631,3377.828,62.0,14.0,51.7,0.23,0.83,1,2,4,0,,,0,,,0,,,0,,,0,,,0,,,0,,,0,,,SL,-61.97,30
2025.08.07 19:30,2025.08.07 19:33,SELL,LienKe,3393.089,3396.999,39.1,0.0,37.6,0.00,0.96,0,,,0,,,0,,,0,,,0,,,0,,,0,,,0,,,0,,,SL,-39.10,2
2025.08.07 18:15,2025.08.07 19:33,SELL,LienKe,3391.404,3396.999,55.9,39.7,54.5,0.71,0.97,1,5,75,1,7,75,1,31,75,0,,,0,,,0,,,0,,,0,,,0,,,SL,-55.95,78
2025.08.07 00:15,2025.08.07 19:45,BUY,LienKe,3369.955,3362.222,77.3,299.0,7.1,3.87,0.09,1,1,2,1,11,-,1,14,-,1,55,-,1,61,-,1,76,-,1,387,-,1,429,-,0,,,TP,300.00,1170
2025.08.11 09:32,2025.08.11 11:27,BUY,LienKe,3358.999,3351.311,76.9,48.0,76.0,0.62,0.99,1,1,1,1,44,78,1,47,78,0,,,0,,,0,,,0,,,0,,,0,,,SL,-76.88,115
2025.08.11 09:30,2025.08.11 11:27,BUY,LienKe,3363.688,3351.311,123.8,1.1,122.9,0.01,0.99,0,,,0,,,0,,,0,,,0,,,0,,,0,,,0,,,0,,,SL,-123.77,117
2025.08.12 06:51,2025.08.12 11:35,BUY,LienKe,3345.634,3339.242,63.9,125.1,62.6,1.96,0.98,1,10,17,1,14,17,1,38,121,1,41,121,1,44,121,1,45,121,0,,,0,,,0,,,SL,-63.92,284
2025.08.12 06:45,2025.08.12 11:35,BUY,LienKe,3348.981,3339.242,97.4,91.7,96.0,0.94,0.99,1,46,104,1,48,104,1,48,104,1,50,104,1,53,104,0,,,0,,,0,,,0,,,SL,-97.39,290
2025.08.11 22:05,2025.08.12 11:35,BUY,LienKe,3343.298,3338.273,50.2,148.5,39.2,2.96,0.78,1,4,28,1,5,28,1,9,28,1,72,497,1,129,497,1,148,497,0,,,0,,,0,,,SL,-55.60,810
2025.08.12 11:34,2025.08.12 11:36,BUY,Swing,3341.228,3336.377,48.5,0.0,36.1,0.00,0.74,0,,,0,,,0,,,0,,,0,,,0,,,0,,,0,,,0,,,SL,-48.51,1
2025.08.12 11:30,2025.08.12 11:36,BUY,LienKe,3342.850,3336.377,64.7,13.7,52.3,0.21,0.81,1,1,3,0,,,0,,,0,,,0,,,0,,,0,,,0,,,0,,,SL,-64.73,5
2025.08.12 11:30,2025.08.12 11:36,BUY,LienKe,3343.170,3336.377,67.9,10.5,55.5,0.15,0.82,1,2,2,0,,,0,,,0,,,0,,,0,,,0,,,0,,,0,,,SL,-67.93,6
2025.08.12 11:30,2025.08.12 11:36,BUY,Swing,3343.170,3336.377,67.9,10.5,55.5,0.15,0.82,1,2,2,0,,,0,,,0,,,0,,,0,,,0,,,0,,,0,,,SL,-67.93,6
2025.08.12 13:00,2025.08.13 07:25,SELL,LienKe,3353.940,3361.031,70.9,227.0,65.5,3.20,0.92,1,1,44,1,1,44,1,1,44,1,2,44,1,11,44,1,12,44,1,72,148,1,75,148,0,,,SL,-70.91,1104
2025.08.12 13:00,2025.08.13 07:25,SELL,LienKe,3349.810,3361.031,112.2,185.7,106.8,1.65,0.95,1,0,0,1,6,17,1,7,17,1,11,17,1,39,44,1,71,147,1,75,147,0,,,0,,,SL,-112.21,1105
2025.08.14 13:24,2025.08.14 14:05,BUY,Swing,3347.517,3339.001,85.2,18.2,58.2,0.21,0.68,1,8,9,0,,,0,,,0,,,0,,,0,,,0,,,0,,,0,,,SL,-85.16,41
2025.08.14 12:45,2025.08.14 14:05,BUY,Swing,3353.159,3339.001,141.6,33.4,114.6,0.24,0.81,1,0,4,1,1,4,1,1,4,0,,,0,,,0,,,0,,,0,,,0,,,SL,-141.58,80
2025.08.13 00:32,2025.08.14 14:05,BUY,LienKe,3345.155,3340.672,44.8,297.0,37.1,6.63,0.83,1,2,8,1,35,51,1,41,51,1,73,1885,1,128,1885,1,344,1885,1,412,1885,1,550,1885,0,,,SL,-60.88,2253
2025.08.13 00:30,2025.08.14 14:05,BUY,LienKe,3346.799,3340.672,61.3,280.6,53.5,4.58,0.87,1,37,40,1,45,50,1,69,99,1,78,99,1,346,1882,1,377,1882,1,495,1882,1,621,1882,0,,,SL,-77.32,2255
2025.08.18 04:00,2025.08.18 04:40,SELL,Swing,3347.112,3354.786,76.7,2.0,75.9,0.03,0.99,0,,,0,,,0,,,0,,,0,,,0,,,0,,,0,,,0,,,SL,-76.74,40
2025.08.19 01:35,2025.08.19 03:00,SELL,LienKe,3333.862,3338.283,44.2,42.0,43.7,0.95,0.99,1,0,10,1,25,48,1,27,48,0,,,0,,,0,,,0,,,0,,,0,,,SL,-44.21,85
2025.08.21 04:39,2025.08.21 06:22,BUY,LienKe,3339.549,3335.644,39.1,10.9,26.9,0.28,0.69,1,55,57,0,,,0,,,0,,,0,,,0,,,0,,,0,,,0,,,SL,-39.05,103
2025.08.21 04:30,2025.08.21 06:22,BUY,LienKe,3340.177,3335.644,45.3,8.7,33.2,0.19,0.73,0,,,0,,,0,,,0,,,0,,,0,,,0,,,0,,,0,,,SL,-45.33,112
2025.08.26 08:16,2025.08.26 15:23,SELL,LienKe,3378.162,3382.541,43.8,107.4,41.6,2.45,0.95,1,3,13,1,5,13,1,44,62,1,74,189,1,93,189,1,139,189,0,,,0,,,0,,,SL,-43.79,427
2025.08.26 08:15,2025.08.26 15:23,SELL,LienKe,3376.781,3382.541,57.6,93.6,55.4,1.63,0.96,1,9,9,1,45,51,1,75,175,1,85,175,1,139,175,0,,,0,,,0,,,0,,,SL,-57.60,428
2025.08.26 20:31,2025.08.27 16:34,SELL,LienKe,3390.516,3394.011,34.9,166.6,32.3,4.77,0.92,1,103,112,1,270,1122,1,273,1122,1,289,1122,1,369,1122,1,450,1122,1,491,1122,0,,,0,,,SL,-34.95,1203
2025.08.26 20:30,2025.08.27 16:34,SELL,LienKe,3390.225,3394.011,37.9,163.7,35.2,4.32,0.93,1,105,113,1,273,1123,1,276,1123,1,291,1123,1,413,1123,1,454,1123,1,492,1123,0,,,0,,,SL,-37.86,1204
2025.08.26 10:45,2025.08.28 08:37,BUY,LienKe,3369.606,3364.258,53.5,299.0,6.4,5.59,0.12,1,5,-,1,9,-,1,14,-,1,22,-,1,34,-,1,48,-,1,297,-,1,541,-,0,,,TP,278.60,2752
2025.08.28 13:43,2025.08.28 14:12,SELL,LienKe,3407.693,3411.791,41.0,30.7,37.3,0.75,0.91,1,0,3,1,1,3,1,2,3,0,,,0,,,0,,,0,,,0,,,0,,,SL,-40.98,29
2025.08.28 12:30,2025.08.28 14:12,SELL,LienKe,3407.027,3411.791,47.6,125.9,44.0,2.64,0.92,1,0,72,1,0,72,1,0,72,1,1,72,1,19,72,1,30,72,0,,,0,,,0,,,SL,-47.64,102
2025.08.29 16:32,2025.08.29 19:50,SELL,LienKe,3446.958,3451.429,44.7,58.1,39.0,1.30,0.87,1,8,11,1,68,186,1,70,186,1,77,186,0,,,0,,,0,,,0,,,0,,,SL,-44.71,198
2025.08.29 16:15,2025.08.29 19:50,SELL,LienKe,3444.190,3451.429,72.4,30.4,66.7,0.42,0.92,1,0,1,1,94,99,1,95,99,0,,,0,,,0,,,0,,,0,,,0,,,SL,-72.39,215
2025.09.01 23:39,2025.09.02 00:35,SELL,Swing,3479.763,3484.516,47.5,12.2,45.8,0.26,0.96,1,20,21,0,,,0,,,0,,,0,,,0,,,0,,,0,,,0,,,SL,-47.53,55
2025.09.01 23:30,2025.09.02 00:35,SELL,Swing,3478.014,3484.516,65.0,3.3,63.3,0.05,0.97,0,,,0,,,0,,,0,,,0,,,0,,,0,,,0,,,0,,,SL,-65.02,65
2025.09.02 08:15,2025.09.02 14:42,BUY,LienKe,3477.141,3467.194,99.5,282.0,29.5,2.84,0.30,1,1,2,1,20,39,1,28,39,1,115,261,1,163,261,1,216,261,1,228,261,1,353,-,0,,,TP,300.00,387
2025.09.03 00:37,2025.09.03 12:55,SELL,LienKe,3542.044,3549.950,79.1,151.0,77.1,1.91,0.98,1,0,3,1,0,3,1,1,3,1,22,87,1,42,87,1,42,87,1,318,514,0,,,0,,,SL,-79.06,738
2025.09.03 00:37,2025.09.03 12:55,SELL,Swing,3542.044,3549.950,79.1,151.0,77.1,1.91,0.98,1,0,3,1,0,3,1,1,3,1,22,87,1,42,87,1,42,87,1,318,514,0,,,0,,,SL,-79.06,738
2025.09.03 00:30,2025.09.03 12:55,SELL,LienKe,3537.109,3549.950,128.4,101.7,126.4,0.79,0.98,1,0,1,1,48,56,1,49,56,1,49,56,1,325,374,1,325,374,0,,,0,,,0,,,SL,-128.41,745
2025.09.03 00:30,2025.09.03 12:55,SELL,Swing,3537.109,3549.950,128.4,101.7,126.4,0.79,0.98,1,0,1,1,48,56,1,49,56,1,49,56,1,325,374,1,325,374,0,,,0,,,0,,,SL,-128.41,745
2025.09.05 00:33,2025.09.05 05:02,SELL,LienKe,3554.518,3559.504,49.9,83.6,48.9,1.68,0.98,1,3,29,1,7,29,1,11,29,1,117,156,1,119,156,0,,,0,,,0,,,0,,,SL,-49.86,269
2025.09.05 00:15,2025.09.05 05:02,SELL,LienKe,3550.974,3559.504,85.3,48.2,84.3,0.57,0.99,1,0,4,1,135,145,1,136,145,0,,,0,,,0,,,0,,,0,,,0,,,SL,-85.30,287
2025.09.04 14:17,2025.09.05 12:30,BUY,LienKe,3539.871,3532.049,78.2,212.8,46.2,2.72,0.59,1,0,1,1,12,-,1,14,-,1,23,-,1,50,-,1,85,-,1,124,-,1,885,-,0,,,TP,294.65,1333
2025.09.07 22:23,2025.09.08 07:04,SELL,LienKe,3594.286,3599.716,54.3,145.5,52.3,2.68,0.96,1,1,3,1,2,3,1,13,156,1,51,156,1,167,218,1,321,471,0,,,0,,,0,,,SL,-54.30,521
2025.09.09 00:38,2025.09.09 01:20,SELL,LienKe,3638.988,3643.893,49.1,28.6,43.1,0.58,0.88,1,3,9,1,31,35,0,,,0,,,0,,,0,,,0,,,0,,,0,,,SL,-49.05,42
2025.09.09 00:30,2025.09.09 01:20,SELL,LienKe,3636.853,3643.893,70.4,7.3,64.5,0.10,0.92,0,,,0,,,0,,,0,,,0,,,0,,,0,,,0,,,0,,,SL,-70.40,50
2025.09.14 23:32,2025.09.15 00:39,BUY,Swing,3638.384,3634.572,38.1,41.8,36.1,1.10,0.95,1,38,58,1,39,58,1,39,58,0,,,0,,,0,,,0,,,0,,,0,,,SL,-38.12,67
2025.09.14 23:30,2025.09.15 00:39,BUY,Swing,3639.334,3634.572,47.6,32.3,45.6,0.68,0.96,1,41,59,1,41,59,1,45,59,0,,,0,,,0,,,0,,,0,,,0,,,SL,-47.62,69
2025.09.16 04:52,2025.09.16 06:47,SELL,Swing,3684.341,3692.480,81.4,38.6,65.5,0.47,0.80,1,11,14,1,48,68,1,53,68,0,,,0,,,0,,,0,,,0,,,0,,,SL,-81.39,115
2025.09.16 01:15,2025.09.16 06:47,SELL,Swing,3680.245,3692.480,122.4,53.7,106.4,0.44,0.87,1,0,1,1,2,17,1,5,17,1,91,101,0,,,0,,,0,,,0,,,0,,,SL,-122.35,332
2025.09.19 00:45,2025.09.19 01:51,BUY,LienKe,3638.654,3633.241,54.1,125.6,21.3,2.32,0.39,1,8,65,1,9,65,1,16,65,1,19,65,1,22,65,1,23,65,0,,,0,,,0,,,SL,-54.13,66
2025.09.22 16:17,2025.09.22 17:30,SELL,LienKe,3737.614,3742.118,45.0,14.0,42.2,0.31,0.94,1,2,6,0,,,0,,,0,,,0,,,0,,,0,,,0,,,0,,,SL,-45.04,73
2025.09.22 16:15,2025.09.22 17:30,SELL,LienKe,3735.525,3742.118,65.9,0.0,63.0,0.00,0.96,0,,,0,,,0,,,0,,,0,,,0,,,0,,,0,,,0,,,SL,-65.93,75
2025.09.23 03:07,2025.09.23 08:40,BUY,LienKe,3739.221,3733.722,55.0,284.2,2.2,5.17,0.04,1,2,7,1,3,7,1,13,-,1,15,-,1,53,-,1,140,-,1,145,-,1,322,-,0,,,TP,300.00,333
2025.09.23 03:00,2025.09.23 08:47,BUY,LienKe,3741.840,3733.722,81.2,291.2,28.4,3.59,0.35,1,20,22,1,22,24,1,47,-,1,49,-,1,148,-,1,151,-,1,161,-,1,331,-,0,,,TP,300.00,347
2025.09.23 18:53,2025.09.23 18:57,BUY,LienKe,3769.385,3762.035,73.5,17.0,58.1,0.23,0.79,1,0,1,0,,,0,,,0,,,0,,,0,,,0,,,0,,,0,,,SL,-73.50,4
2025.09.23 16:45,2025.09.23 18:57,BUY,LienKe,3773.844,3762.035,118.1,118.6,102.7,1.00,0.87,1,0,1,1,2,126,1,3,126,1,7,126,1,8,126,1,40,126,0,,,0,,,0,,,SL,-118.09,132
2025.09.26 13:00,2025.09.26 13:08,SELL,LienKe,3754.415,3760.458,60.4,21.6,44.9,0.36,0.74,1,0,0,1,1,4,0,,,0,,,0,,,0,,,0,,,0,,,0,,,SL,-60.43,8
2025.09.26 13:00,2025.09.26 13:08,SELL,LienKe,3752.092,3760.458,83.7,6.3,68.2,0.08,0.81,0,,,0,,,0,,,0,,,0,,,0,,,0,,,0,,,0,,,SL,-83.66,8
2025.09.30 14:37,2025.09.30 19:48,SELL,LienKe,3848.327,3855.629,73.0,169.9,72.9,2.33,1.00,1,1,5,1,1,5,1,1,5,1,30,162,1,31,162,1,31,162,1,37,162,0,,,0,,,SL,-73.02,310
2025.09.30 14:30,2025.09.30 19:48,SELL,LienKe,3844.067,3855.629,115.6,127.3,115.5,1.10,1.00,1,4,4,1,37,98,1,38,98,1,38,98,1,39,98,1,44,98,0,,,0,,,0,,,SL,-115.62,318
2025.10.01 00:41,2025.10.01 01:49,SELL,LienKe,3863.331,3868.365,50.3,41.5,36.7,0.82,0.73,1,13,36,1,15,36,1,18,36,0,,,0,,,0,,,0,,,0,,,0,,,SL,-50.34,68
2025.10.01 00:30,2025.10.01 01:49,SELL,LienKe,3861.200,3868.365,71.6,24.8,58.1,0.35,0.81,1,3,9,1,3,9,0,,,0,,,0,,,0,,,0,,,0,,,0,,,SL,-71.65,79
2025.10.01 07:36,2025.10.01 07:52,SELL,Swing,3872.211,3878.562,63.5,39.0,46.4,0.61,0.73,1,5,10,1,6,10,1,7,10,0,,,0,,,0,,,0,,,0,,,0,,,SL,-63.51,16
2025.10.01 02:15,2025.10.01 07:52,SELL,Swing,3867.649,3878.562,109.1,141.5,92.0,1.30,0.84,1,7,8,1,9,13,1,20,168,1,39,168,1,39,168,1,81,168,0,,,0,,,0,,,SL,-109.13,337
2025.10.01 06:30,2025.10.01 08:19,BUY,LienKe,3862.087,3850.334,117.5,290.5,42.9,2.47,0.36,1,11,21,1,12,21,1,42,-,1,44,-,1,52,-,1,60,-,1,82,-,1,92,-,0,,,TP,300.00,109
2025.10.01 18:15,2025.10.02 12:06,BUY,LienKe,3859.910,3851.868,80.4,289.2,70.8,3.60,0.88,1,0,26,1,1,26,1,2,26,1,5,26,1,88,245,1,93,245,1,869,-,1,950,-,0,,,TP,283.95,1071
2025.10.02 13:03,2025.10.02 13:31,SELL,LienKe,3889.259,3895.014,57.6,19.5,50.8,0.34,0.88,1,3,4,0,,,0,,,0,,,0,,,0,,,0,,,0,,,0,,,SL,-57.55,28
2025.10.02 12:15,2025.10.02 13:31,SELL,LienKe,3886.542,3895.014,84.7,63.3,78.0,0.75,0.92,1,0,20,1,0,20,1,1,20,1,2,20,0,,,0,,,0,,,0,,,0,,,SL,-84.72,76
2025.10.06 04:22,2025.10.06 04:40,SELL,LienKe,3931.485,3936.386,49.0,19.0,48.9,0.39,1.00,1,0,1,0,,,0,,,0,,,0,,,0,,,0,,,0,,,0,,,SL,-49.01,17
2025.10.06 04:15,2025.10.06 04:40,SELL,LienKe,3929.477,3936.386,69.1,5.1,69.0,0.07,1.00,0,,,0,,,0,,,0,,,0,,,0,,,0,,,0,,,0,,,SL,-69.09,25
2025.10.06 13:30,2025.10.06 15:55,BUY,LienKe,3929.979,3923.472,65.1,295.3,28.4,4.54,0.44,1,0,1,1,0,1,1,6,-,1,6,-,1,7,-,1,10,-,1,15,-,1,32,-,0,,,TP,300.00,145
2025.10.06 12:45,2025.10.06 15:55,BUY,LienKe,3931.621,3923.472,81.5,278.9,44.8,3.42,0.55,1,0,1,1,4,21,1,5,21,1,8,21,1,55,-,1,56,-,1,60,-,1,108,-,0,,,TP,300.00,190
2025.10.07 01:30,2025.10.07 07:00,BUY,LienKe,3958.758,3952.804,59.5,181.6,49.3,3.05,0.83,1,0,2,1,0,2,1,42,311,1,49,311,1,65,311,1,105,311,1,140,311,0,,,0,,,SL,-59.54,330
2025.10.07 01:15,2025.10.07 07:00,BUY,LienKe,3961.884,3952.804,90.8,150.4,80.6,1.66,0.89,1,1,2,1,64,131,1,65,131,1,80,131,1,144,237,1,148,237,1,213,237,0,,,0,,,SL,-90.80,345
2025.10.07 12:33,2025.10.07 12:49,SELL,LienKe,3968.309,3975.298,69.9,17.5,60.5,0.25,0.87,1,1,2,0,,,0,,,0,,,0,,,0,,,0,,,0,,,0,,,SL,-69.89,16
2025.10.07 12:30,2025.10.07 12:49,SELL,LienKe,3965.868,3975.298,94.3,6.7,84.9,0.07,0.90,0,,,0,,,0,,,0,,,0,,,0,,,0,,,0,,,0,,,SL,-94.30,19
2025.10.07 08:15,2025.10.07 12:52,BUY,LienKe,3946.581,3937.820,87.6,288.8,15.2,3.30,0.17,1,0,-,1,0,-,1,4,-,1,8,-,1,54,-,1,56,-,1,68,-,1,211,-,0,,,TP,300.00,277
2025.10.07 23:16,2025.10.07 23:49,SELL,Swing,3991.141,3995.292,41.5,26.2,41.1,0.63,0.99,1,9,29,1,10,29,0,,,0,,,0,,,0,,,0,,,0,,,0,,,SL,-41.51,33
2025.10.07 23:15,2025.10.07 23:49,SELL,Swing,3990.034,3995.292,52.6,15.2,52.2,0.29,0.99,1,11,16,0,,,0,,,0,,,0,,,0,,,0,,,0,,,0,,,SL,-52.58,34
2025.10.09 11:38,2025.10.09 12:54,SELL,LienKe,4042.074,4049.757,76.8,45.5,65.5,0.59,0.85,1,1,2,1,42,48,1,42,48,0,,,0,,,0,,,0,,,0,,,0,,,SL,-76.83,76
2025.10.09 11:15,2025.10.09 12:54,SELL,LienKe,4038.208,4049.757,115.5,45.9,104.1,0.40,0.90,1,1,15,1,2,15,1,2,15,0,,,0,,,0,,,0,,,0,,,0,,,SL,-115.49,99
2025.10.14 17:02,2025.10.14 22:14,SELL,LienKe,4143.285,4158.316,150.3,87.7,139.5,0.58,0.93,1,17,18,1,154,156,1,154,156,1,154,156,1,155,156,0,,,0,,,0,,,0,,,SL,-150.31,312
2025.10.14 17:00,2025.10.14 22:14,SELL,LienKe,4140.406,4158.316,179.1,58.9,168.3,0.33,0.94,1,0,1,1,0,1,1,157,158,1,157,158,0,,,0,,,0,,,0,,,0,,,SL,-179.10,314
2025.10.22 05:48,2025.10.22 06:37,SELL,LienKe,4144.230,4150.036,58.1,163.8,54.3,2.82,0.94,1,1,42,1,1,42,1,1,42,1,2,42,1,3,42,1,3,42,1,13,42,0,,,0,,,SL,-58.06,48
2025.10.22 05:30,2025.10.22 06:37,SELL,LienKe,4140.569,4150.036,94.7,127.2,90.9,1.34,0.96,1,0,15,1,0,15,1,1,15,1,1,15,1,7,15,1,31,52,0,,,0,,,0,,,SL,-94.67,67
2025.10.22 22:30,2025.10.23 00:21,SELL,LienKe,4103.013,4119.471,164.6,232.1,19.4,1.41,0.12,1,0,22,1,0,22,1,1,22,1,1,22,1,2,22,1,2,22,1,41,-,1,57,-,0,,,TP,300.00,111
2025.10.24 05:41,2025.10.24 06:02,BUY,Swing,4105.968,4099.836,61.3,75.6,34.9,1.23,0.57,1,1,16,1,1,16,1,2,16,1,8,16,0,,,0,,,0,,,0,,,0,,,SL,-61.32,21
2025.10.24 04:45,2025.10.24 06:02,BUY,Swing,4106.781,4099.836,69.4,112.3,43.1,1.62,0.62,1,0,53,1,0,53,1,2,53,1,3,53,1,17,53,1,18,53,0,,,0,,,0,,,SL,-69.45,77
2025.10.27 14:01,2025.10.27 14:03,BUY,LienKe,4017.588,4010.181,74.1,37.4,37.5,0.50,0.51,1,0,1,1,0,1,1,0,1,0,,,0,,,0,,,0,,,0,,,0,,,SL,-74.07,2
2025.10.27 14:00,2025.10.27 14:03,BUY,LienKe,4022.116,4010.181,119.3,12.7,82.8,0.11,0.69,1,0,0,0,,,0,,,0,,,0,,,0,,,0,,,0,,,0,,,SL,-119.35,3
2025.10.28 00:30,2025.10.28 01:05,BUY,LienKe,3984.630,3970.043,145.9,277.9,11.7,1.91,0.08,1,0,-,1,0,-,1,0,-,1,1,-,1,2,-,1,3,-,1,13,-,1,20,-,0,,,TP,300.00,35
2025.11.04 12:51,2025.11.04 13:34,BUY,LienKe,3987.169,3981.176,59.9,88.8,42.8,1.48,0.71,1,1,1,1,14,31,1,17,31,1,19,31,1,20,31,0,,,0,,,0,,,0,,,SL,-59.93,43
2025.11.04 12:45,2025.11.04 13:34,BUY,LienKe,3990.636,3981.176,94.6,54.1,77.5,0.57,0.82,1,0,1,1,25,35,1,26,35,1,32,35,0,,,0,,,0,,,0,,,0,,,SL,-94.60,49
2025.11.04 08:22,2025.11.04 14:05,SELL,LienKe,3996.675,4002.312,56.4,286.1,42.0,5.08,0.74,1,2,3,1,46,72,1,46,72,1,49,72,1,98,114,1,98,114,1,312,-,1,316,-,0,,,TP,300.00,343
2025.11.04 14:22,2025.11.04 14:29,BUY,Swing,3970.008,3961.320,86.9,6.1,30.3,0.07,0.35,0,,,0,,,0,,,0,,,0,,,0,,,0,,,0,,,0,,,SL,-86.88,7
2025.11.04 14:15,2025.11.04 14:29,BUY,Swing,3975.822,3961.320,145.0,19.1,88.5,0.13,0.61,1,1,1,0,,,0,,,0,,,0,,,0,,,0,,,0,,,0,,,SL,-145.02,14
2025.11.04 08:15,2025.11.04 14:29,SELL,LienKe,3991.743,4002.312,105.7,272.6,91.3,2.58,0.86,1,101,103,1,105,116,1,105,116,1,106,116,1,280,294,1,319,-,1,323,-,1,345,-,0,,,TP,300.00,374
2025.11.06 03:45,2025.11.06 07:00,SELL,LienKe,3987.652,3993.439,57.9,52.9,54.4,0.91,0.94,1,2,14,1,6,14,1,179,186,1,181,186,0,,,0,,,0,,,0,,,0,,,SL,-57.87,195
2025.11.11 14:46,2025.11.11 14:50,BUY,LienKe,4129.406,4120.203,92.0,2.7,91.1,0.03,0.99,0,,,0,,,0,,,0,,,0,,,0,,,0,,,0,,,0,,,SL,-92.03,3
2025.11.11 14:45,2025.11.11 14:50,BUY,LienKe,4132.914,4120.203,127.1,15.1,126.2,0.12,0.99,1,0,0,0,,,0,,,0,,,0,,,0,,,0,,,0,,,0,,,SL,-127.11,5
2025.11.11 14:00,2025.11.11 15:21,SELL,LienKe,4142.453,4149.670,72.2,286.5,9.2,3.97,0.13,1,1,2,1,3,-,1,4,-,1,12,-,1,20,-,1,21,-,1,32,-,1,49,-,0,,,TP,300.00,81
2025.11.12 03:03,2025.11.12 03:50,BUY,LienKe,4122.982,4115.828,71.5,8.2,61.8,0.11,0.86,0,,,0,,,0,,,0,,,0,,,0,,,0,,,0,,,0,,,SL,-71.54,47
2025.11.12 03:00,2025.11.12 03:50,BUY,LienKe,4124.152,4115.828,83.2,12.4,73.5,0.15,0.88,1,1,2,0,,,0,,,0,,,0,,,0,,,0,,,0,,,0,,,SL,-83.24,50
2025.11.12 16:15,2025.11.12 16:32,SELL,LienKe,4186.685,4192.660,59.7,57.1,52.6,0.96,0.88,1,1,14,1,2,14,1,2,14,1,2,14,0,,,0,,,0,,,0,,,0,,,SL,-59.75,17
2025.11.12 16:15,2025.11.12 16:32,SELL,LienKe,4183.748,4192.660,89.1,27.7,81.9,0.31,0.92,1,2,3,1,2,3,0,,,0,,,0,,,0,,,0,,,0,,,0,,,SL,-89.12,17
2025.11.14 11:48,2025.11.14 11:54,BUY,Swing,4145.265,4138.839,64.3,61.5,8.8,0.96,0.14,1,0,5,1,0,5,1,0,5,1,1,5,0,,,0,,,0,,,0,,,0,,,SL,-64.26,6
2025.11.14 11:30,2025.11.14 11:54,BUY,Swing,4148.899,4138.839,100.6,88.2,45.1,0.88,0.45,1,0,17,1,0,17,1,0,17,1,5,17,1,10,17,0,,,0,,,0,,,0,,,SL,-100.60,24
2025.11.14 20:30,2025.11.16 23:03,BUY,LienKe,4083.781,4072.318,114.6,85.3,65.0,0.74,0.57,1,0,0,1,3,30,1,3,30,1,5,30,1,7,30,0,,,0,,,0,,,0,,,SL,-119.98,3033
2025.11.17 03:15,2025.11.17 05:19,BUY,LienKe,4079.834,4067.050,127.8,81.7,109.9,0.64,0.86,1,0,0,1,1,4,1,1,4,1,2,4,1,52,91,0,,,0,,,0,,,0,,,SL,-127.84,124
2025.11.17 23:00,2025.11.17 23:00,BUY,LienKe,4056.812,4049.142,76.7,0.0,68.9,0.00,0.90,0,,,0,,,0,,,0,,,0,,,0,,,0,,,0,,,0,,,SL,-76.70,0
2025.11.17 16:15,2025.11.17 23:00,BUY,LienKe,4061.617,4049.142,124.8,194.6,547.9,1.56,4.39,1,0,0,1,2,3,1,3,3,1,8,165,1,15,165,1,16,165,1,63,165,0,,,0,,,SL,-124.75,405
2025.11.19 16:17,2025.11.19 16:25,BUY,LienKe,4089.302,4080.865,84.4,22.0,74.3,0.26,0.88,1,5,5,1,5,5,0,,,0,,,0,,,0,,,0,,,0,,,0,,,SL,-84.37,8
2025.11.19 16:15,2025.11.19 16:25,BUY,LienKe,4094.860,4080.865,140.0,5.1,129.9,0.04,0.93,0,,,0,,,0,,,0,,,0,,,0,,,0,,,0,,,0,,,SL,-139.95,10
2025.11.20 00:18,2025.11.20 02:01,SELL,LienKe,4107.927,4113.341,54.1,292.4,14.9,5.40,0.28,1,0,1,1,11,13,1,18,44,1,19,44,1,54,-,1,54,-,1,63,-,1,97,-,0,,,TP,300.00,103
2025.11.20 00:15,2025.11.20 02:01,SELL,LienKe,4105.542,4113.341,78.0,268.6,38.8,3.44,0.50,1,21,29,1,22,29,1,22,29,1,55,-,1,57,-,1,65,-,1,77,-,1,100,-,0,,,TP,300.00,106
2025.11.24 01:30,2025.11.24 01:56,BUY,Swing,4053.210,4046.966,62.4,32.8,59.2,0.53,0.95,1,3,4,1,3,4,1,3,4,0,,,0,,,0,,,0,,,0,,,0,,,SL,-62.44,26
2025.11.24 01:30,2025.11.24 01:56,BUY,Swing,4055.633,4046.966,86.7,8.6,83.5,0.10,0.96,0,,,0,,,0,,,0,,,0,,,0,,,0,,,0,,,0,,,SL,-86.67,26
2025.11.24 05:33,2025.11.24 09:11,BUY,LienKe,4042.673,4036.842,58.3,277.6,13.0,4.76,0.22,1,0,16,1,1,16,1,1,16,1,6,16,1,31,-,1,32,-,1,70,-,1,125,-,0,,,TP,300.00,218
2025.11.24 05:30,2025.11.24 10:03,BUY,LienKe,4047.148,4036.842,103.1,270.8,57.7,2.63,0.56,1,12,14,1,13,14,1,33,-,1,35,-,1,55,-,1,73,-,1,128,-,1,136,-,0,,,TP,300.00,273
2025.11.25 02:19,2025.11.25 02:31,SELL,LienKe,4144.206,4147.609,34.0,35.1,26.8,1.03,0.79,1,3,4,1,3,4,1,3,4,0,,,0,,,0,,,0,,,0,,,0,,,SL,-34.03,11
2025.11.25 00:30,2025.11.25 02:31,SELL,LienKe,4135.540,4147.609,120.7,128.6,113.5,1.07,0.94,1,4,8,1,5,8,1,6,8,1,26,36,1,30,36,1,31,36,0,,,0,,,0,,,SL,-120.69,121
2025.11.25 17:45,2025.11.26 02:25,SELL,Swing,4152.519,4162.414,98.9,246.8,58.7,2.49,0.59,1,1,4,1,3,4,1,3,4,1,6,480,1,9,480,1,26,480,1,53,480,1,79,480,0,,,SL,-98.95,520
2025.11.26 13:49,2025.11.26 14:08,BUY,LienKe,4151.992,4145.744,62.5,49.6,56.1,0.79,0.90,1,9,9,1,11,17,1,12,17,0,,,0,,,0,,,0,,,0,,,0,,,SL,-62.48,19
2025.11.26 13:00,2025.11.26 14:08,BUY,LienKe,4155.446,4145.744,97.0,112.0,90.6,1.15,0.93,1,1,2,1,3,36,1,3,36,1,5,36,1,11,36,1,28,36,0,,,0,,,0,,,SL,-97.02,68
2025.11.27 05:49,2025.11.28 00:34,BUY,LienKe,4144.967,4139.601,53.7,289.8,2.6,5.40,0.05,1,1,-,1,3,-,1,9,-,1,16,-,1,22,-,1,27,-,1,85,-,1,159,-,0,,,TP,294.65,1125
2025.11.27 04:15,2025.11.28 00:34,BUY,LienKe,4147.436,4139.601,78.4,265.1,27.3,3.38,0.35,1,11,90,1,14,90,1,15,90,1,17,90,1,126,-,1,141,-,1,226,-,1,1192,-,0,,,TP,294.65,1219
2025.11.28 05:24,2025.11.28 08:06,BUY,LienKe,4169.342,4152.874,164.7,193.4,123.5,1.17,0.75,1,0,159,1,0,159,1,0,159,1,0,159,1,0,159,1,0,159,1,0,159,0,,,0,,,SL,-164.68,162
2025.12.02 00:18,2025.12.02 01:02,BUY,LienKe,4225.290,4220.502,47.9,44.8,47.2,0.93,0.98,1,13,14,1,22,31,1,25,31,0,,,0,,,0,,,0,,,0,,,0,,,SL,-47.88,44
2025.12.02 00:15,2025.12.02 01:02,BUY,LienKe,4227.267,4220.502,67.6,25.0,66.9,0.37,0.99,1,28,33,1,30,33,0,,,0,,,0,,,0,,,0,,,0,,,0,,,SL,-67.65,47
2025.12.02 15:48,2025.12.02 15:54,BUY,LienKe,4184.000,4176.917,70.8,39.5,16.5,0.56,0.23,1,1,3,1,1,3,1,1,3,0,,,0,,,0,,,0,,,0,,,0,,,SL,-70.83,6
2025.12.02 15:45,2025.12.02 15:54,BUY,LienKe,4189.302,4176.917,123.8,3.6,69.5,0.03,0.56,0,,,0,,,0,,,0,,,0,,,0,,,0,,,0,,,0,,,SL,-123.85,9
2025.12.04 14:50,2025.12.04 16:17,SELL,LienKe,4203.610,4216.586,129.8,121.6,118.9,0.94,0.92,1,0,3,1,0,3,1,1,3,1,2,3,1,14,25,1,14,25,0,,,0,,,0,,,SL,-129.76,87
2025.12.04 14:45,2025.12.04 16:17,SELL,LienKe,4199.699,4216.586,168.9,82.5,158.0,0.49,0.94,1,0,0,1,1,3,1,17,18,1,19,24,1,23,24,0,,,0,,,0,,,0,,,SL,-168.87,92
2025.12.05 12:57,2025.12.05 13:00,SELL,LienKe,4227.722,4232.697,49.8,0.0,19.9,0.00,0.40,0,,,0,,,0,,,0,,,0,,,0,,,0,,,0,,,0,,,SL,-49.75,3
2025.12.05 12:30,2025.12.05 13:00,SELL,LienKe,4224.566,4232.697,81.3,15.7,51.5,0.19,0.63,1,1,2,0,,,0,,,0,,,0,,,0,,,0,,,0,,,0,,,SL,-81.31,30
2025.12.09 01:03,2025.12.09 03:33,SELL,LienKe,4195.218,4198.696,34.8,90.5,31.9,2.60,0.92,1,1,2,1,67,134,1,67,134,1,71,134,1,87,134,0,,,0,,,0,,,0,,,SL,-34.78,150
2025.12.09 00:30,2025.12.09 03:33,SELL,LienKe,4192.159,4198.696,65.4,59.9,62.5,0.92,0.96,1,26,31,1,29,31,1,30,31,1,120,152,0,,,0,,,0,,,0,,,0,,,SL,-65.37,183
2025.12.09 05:15,2025.12.09 05:43,BUY,LienKe,4185.676,4180.436,52.4,13.1,51.2,0.25,0.98,1,10,11,0,,,0,,,0,,,0,,,0,,,0,,,0,,,0,,,SL,-52.40,27
2025.12.09 05:15,2025.12.09 05:43,BUY,LienKe,4186.425,4180.436,59.9,5.6,58.6,0.09,0.98,0,,,0,,,0,,,0,,,0,,,0,,,0,,,0,,,0,,,SL,-59.89,28
2025.12.11 16:30,2025.12.11 16:47,SELL,LienKe,4259.573,4264.758,51.8,40.9,48.0,0.79,0.93,1,0,7,1,0,7,1,0,7,0,,,0,,,0,,,0,,,0,,,0,,,SL,-51.85,17
2025.12.11 16:30,2025.12.11 16:47,SELL,LienKe,4257.331,4264.758,74.3,18.4,70.5,0.25,0.95,1,0,1,0,,,0,,,0,,,0,,,0,,,0,,,0,,,0,,,SL,-74.27,17
2025.12.12 16:34,2025.12.12 16:38,BUY,LienKe,4279.884,4269.078,108.1,24.0,91.0,0.22,0.84,1,0,1,1,0,1,0,,,0,,,0,,,0,,,0,,,0,,,0,,,SL,-108.06,4
2025.12.14 23:16,2025.12.15 01:02,SELL,LienKe,4305.363,4311.172,58.1,51.5,56.7,0.89,0.98,1,0,5,1,1,5,1,42,45,1,53,80,0,,,0,,,0,,,0,,,0,,,SL,-58.09,106
2025.12.14 23:15,2025.12.15 01:02,SELL,LienKe,4302.603,4311.172,85.7,23.9,84.3,0.28,0.98,1,45,45,1,54,57,0,,,0,,,0,,,0,,,0,,,0,,,0,,,SL,-85.69,107
2025.12.17 05:35,2025.12.17 05:48,SELL,Swing,4335.296,4341.083,57.9,2.3,57.0,0.04,0.99,0,,,0,,,0,,,0,,,0,,,0,,,0,,,0,,,0,,,SL,-57.87,13
2025.12.17 05:30,2025.12.17 05:48,SELL,Swing,4331.024,4341.083,100.6,0.0,99.8,0.00,0.99,0,,,0,,,0,,,0,,,0,,,0,,,0,,,0,,,0,,,SL,-100.59,18
2025.12.18 09:26,2025.12.18 12:28,BUY,Swing,4324.187,4318.799,53.9,45.0,39.3,0.83,0.73,1,4,10,1,5,10,1,78,90,0,,,0,,,0,,,0,,,0,,,0,,,SL,-53.88,182
2025.12.18 09:00,2025.12.18 12:28,BUY,Swing,4326.668,4318.799,78.7,20.2,64.2,0.26,0.82,1,1,1,1,4,8,0,,,0,,,0,,,0,,,0,,,0,,,0,,,SL,-78.69,208
2025.12.19 01:21,2025.12.19 01:24,BUY,LienKe,4323.086,4317.474,56.1,5.1,42.6,0.09,0.76,0,,,0,,,0,,,0,,,0,,,0,,,0,,,0,,,0,,,SL,-56.12,3
2025.12.19 01:15,2025.12.19 01:24,BUY,LienKe,4325.881,4317.474,84.1,25.2,70.6,0.30,0.84,1,1,5,1,1,5,0,,,0,,,0,,,0,,,0,,,0,,,0,,,SL,-84.07,9
2025.12.24 08:15,2025.12.24 13:26,BUY,LienKe,4485.272,4475.091,101.8,146.3,95.8,1.44,0.94,1,2,3,1,9,14,1,9,14,1,11,14,1,62,139,1,95,139,0,,,0,,,0,,,SL,-101.81,311
2025.12.26 13:58,2025.12.26 14:34,SELL,LienKe,4525.124,4531.394,62.7,25.3,58.6,0.40,0.93,1,4,5,1,4,5,0,,,0,,,0,,,0,,,0,,,0,,,0,,,SL,-62.70,36
2025.12.26 13:45,2025.12.26 14:34,SELL,LienKe,4521.816,4531.394,95.8,64.8,91.7,0.68,0.96,1,0,1,1,4,10,1,4,10,1,5,10,0,,,0,,,0,,,0,,,0,,,SL,-95.78,49
2025.12.29 00:16,2025.12.29 00:19,BUY,LienKe,4519.246,4511.441,78.1,17.8,72.3,0.23,0.93,1,0,1,0,,,0,,,0,,,0,,,0,,,0,,,0,,,0,,,SL,-78.05,3
2025.12.29 00:15,2025.12.29 00:19,BUY,LienKe,4524.185,4511.441,127.4,0.0,121.7,0.00,0.95,0,,,0,,,0,,,0,,,0,,,0,,,0,,,0,,,0,,,SL,-127.44,4
2025.12.29 11:39,2025.12.29 11:40,BUY,Swing,4448.294,4441.978,63.2,0.0,7.5,0.00,0.12,0,,,0,,,0,,,0,,,0,,,0,,,0,,,0,,,0,,,SL,-63.16,1
2025.12.29 08:50,2025.12.29 11:40,BUY,Swing,4459.203,4441.978,172.3,170.9,116.6,0.99,0.68,1,1,2,1,1,2,1,8,17,1,11,17,1,24,100,1,53,100,1,54,100,0,,,0,,,SL,-172.25,170
2025.12.30 11:01,2025.12.30 12:13,SELL,LienKe,4387.286,4394.783,75.0,59.2,58.7,0.79,0.78,1,1,8,1,42,66,1,43,66,1,50,66,0,,,0,,,0,,,0,,,0,,,SL,-74.97,72
2025.12.30 10:45,2025.12.30 12:13,SELL,LienKe,4382.797,4394.783,119.9,39.0,103.6,0.33,0.86,1,1,6,1,2,6,1,3,6,0,,,0,,,0,,,0,,,0,,,0,,,SL,-119.86,88
2025.12.31 05:35,2025.12.31 05:40,BUY,LienKe,4331.861,4326.365,55.0,53.0,19.9,0.96,0.36,1,1,4,1,1,4,1,2,4,1,3,4,0,,,0,,,0,,,0,,,0,,,SL,-54.96,5
2025.12.31 05:15,2025.12.31 05:40,BUY,LienKe,4334.767,4326.365,84.0,82.6,48.9,0.98,0.58,1,2,3,1,6,19,1,7,19,1,10,19,1,14,19,0,,,0,,,0,,,0,,,SL,-84.02,25
2025.12.31 20:53,2025.12.31 21:57,BUY,LienKe,4307.605,4301.157,64.5,113.3,11.5,1.76,0.18,1,0,30,1,1,30,1,1,30,1,2,30,1,46,-,1,62,-,0,,,0,,,0,,,CON_MO,0.00,64
2025.12.31 20:15,2025.12.31 21:57,BUY,LienKe,4315.297,4301.157,141.4,91.5,88.4,0.65,0.63,1,2,6,1,3,6,1,4,6,1,17,33,1,18,33,0,,,0,,,0,,,0,,,CON_MO,0.00,102
2026.01.02 05:08,2026.01.02 05:54,SELL,LienKe,4376.886,4381.641,47.5,14.8,35.3,0.31,0.74,1,12,13,0,,,0,,,0,,,0,,,0,,,0,,,0,,,0,,,SL,-47.55,46
2026.01.02 04:15,2026.01.02 05:54,SELL,LienKe,4374.829,4381.641,68.1,37.2,55.9,0.55,0.82,1,6,11,1,7,11,1,8,11,0,,,0,,,0,,,0,,,0,,,0,,,SL,-68.12,99
2026.01.06 00:32,2026.01.06 00:40,BUY,LienKe,4438.480,4433.533,49.5,7.5,48.5,0.15,0.98,0,,,0,,,0,,,0,,,0,,,0,,,0,,,0,,,0,,,SL,-49.47,8
2026.01.06 00:15,2026.01.06 00:40,BUY,LienKe,4440.724,4433.533,71.9,41.8,71.0,0.58,0.99,1,0,1,1,15,17,1,16,17,0,,,0,,,0,,,0,,,0,,,0,,,SL,-71.91,25
2026.01.06 02:09,2026.01.06 03:12,SELL,Swing,4457.566,4463.290,57.2,87.3,39.7,1.52,0.69,1,29,39,1,29,39,1,30,39,1,31,39,1,32,39,0,,,0,,,0,,,0,,,SL,-57.24,63
2026.01.05 23:15,2026.01.06 03:12,SELL,LienKe,4451.631,4463.290,116.6,238.0,99.1,2.04,0.85,1,0,3,1,2,3,1,16,163,1,16,163,1,17,163,1,17,163,1,79,163,1,85,163,0,,,SL,-116.59,237
2026.01.05 23:15,2026.01.06 03:12,SELL,Swing,4451.631,4463.290,116.6,238.0,99.1,2.04,0.85,1,0,3,1,2,3,1,16,163,1,16,163,1,17,163,1,17,163,1,79,163,1,85,163,0,,,SL,-116.59,237
2026.01.08 01:00,2026.01.08 01:46,BUY,LienKe,4448.450,4443.637,48.1,120.3,40.6,2.50,0.84,1,1,42,1,1,42,1,1,42,1,2,42,1,6,42,1,8,42,0,,,0,,,0,,,SL,-48.13,46
2026.01.08 01:00,2026.01.08 01:46,BUY,LienKe,4450.419,4443.637,67.8,100.6,60.3,1.48,0.89,1,1,2,1,2,40,1,2,40,1,5,40,1,8,40,1,23,40,0,,,0,,,0,,,SL,-67.82,46
2026.01.09 11:59,2026.01.09 12:06,SELL,LienKe,4476.198,4480.674,44.8,7.1,40.4,0.16,0.90,0,,,0,,,0,,,0,,,0,,,0,,,0,,,0,,,0,,,SL,-44.76,7
2026.01.09 09:30,2026.01.09 12:06,SELL,LienKe,4473.977,4480.674,67.0,66.2,62.6,0.99,0.93,1,3,4,1,5,10,1,24,39,1,60,90,0,,,0,,,0,,,0,,,0,,,SL,-66.97,156
2026.01.09 13:19,2026.01.09 14:11,BUY,LienKe,4463.449,4457.898,55.5,298.0,45.4,5.37,0.82,1,1,11,1,1,11,1,1,11,1,1,11,1,3,11,1,5,11,1,12,-,1,13,-,0,,,TP,300.00,52
2026.01.09 12:45,2026.01.09 14:11,BUY,LienKe,4466.195,4457.898,83.0,270.5,72.9,3.26,0.88,1,1,6,1,1,6,1,17,30,1,20,30,1,40,45,1,46,-,1,47,-,1,47,-,0,,,TP,300.00,86
2026.01.12 12:30,2026.01.12 13:40,BUY,LienKe,4582.850,4575.449,74.0,283.9,6.6,3.84,0.09,1,2,-,1,4,-,1,6,-,1,20,-,1,30,-,1,31,-,1,36,-,1,38,-,0,,,TP,300.00,70
2026.01.13 20:45,2026.01.14 01:02,BUY,LienKe,4585.411,4566.234,191.8,286.1,30.0,1.49,0.16,1,1,8,1,2,8,1,2,8,1,136,-,1,142,-,1,148,-,1,196,-,1,202,-,0,,,TP,294.65,257
2026.01.13 20:45,2026.01.14 01:02,BUY,Swing,4585.411,4566.234,191.8,286.1,30.0,1.49,0.16,1,1,8,1,2,8,1,2,8,1,136,-,1,142,-,1,148,-,1,196,-,1,202,-,0,,,TP,294.65,257
2026.01.14 19:25,2026.01.14 23:23,SELL,LienKe,4640.020,4646.164,61.4,293.1,17.2,4.77,0.28,1,0,1,1,0,1,1,2,14,1,3,14,1,37,45,1,37,45,1,109,-,1,132,-,0,,,TP,300.00,238
2026.01.14 19:15,2026.01.14 23:26,SELL,LienKe,4636.921,4646.164,92.4,292.9,48.1,3.17,0.52,1,0,1,1,0,1,1,47,50,1,47,50,1,47,50,1,52,54,1,130,-,1,231,-,0,,,TP,300.00,251
2026.01.15 10:34,2026.01.15 10:42,SELL,LienKe,4613.378,4618.901,55.2,0.0,50.5,0.00,0.91,0,,,0,,,0,,,0,,,0,,,0,,,0,,,0,,,0,,,SL,-55.23,8
2026.01.15 10:30,2026.01.15 10:42,SELL,LienKe,4612.188,4618.901,67.1,14.2,62.4,0.21,0.93,1,1,2,0,,,0,,,0,,,0,,,0,,,0,,,0,,,0,,,SL,-67.13,12
2026.01.15 05:45,2026.01.15 10:47,BUY,LienKe,4589.818,4577.995,118.2,295.9,22.9,2.50,0.19,1,0,0,1,4,-,1,5,-,1,6,-,1,7,-,1,17,-,1,25,-,1,35,-,0,,,TP,300.00,302
2026.01.16 01:57,2026.01.16 13:16,BUY,LienKe,4599.453,4590.942,85.1,167.4,82.2,1.97,0.97,1,0,2,1,0,2,1,5,15,1,224,286,1,228,286,1,230,286,1,238,286,0,,,0,,,SL,-85.11,679
2026.01.16 01:15,2026.01.16 13:16,BUY,LienKe,4603.948,4590.942,130.1,122.5,127.1,0.94,0.98,1,3,4,1,10,17,1,12,17,1,272,303,1,273,303,1,280,303,0,,,0,,,0,,,SL,-130.06,721
2026.01.15 01:49,2026.01.16 15:27,BUY,Swing,4598.795,4580.613,181.8,261.1,178.0,1.44,0.98,1,0,11,1,0,11,1,1,11,1,2,11,1,5,11,1,18,62,1,23,62,1,533,702,0,,,SL,-187.17,2258
2026.01.19 23:24,2026.01.20 00:26,BUY,LienKe,4668.671,4663.476,52.0,3.7,48.0,0.07,0.92,0,,,0,,,0,,,0,,,0,,,0,,,0,,,0,,,0,,,SL,-57.30,62
2026.01.19 23:15,2026.01.20 00:26,BUY,LienKe,4671.024,4663.476,75.5,14.0,71.6,0.19,0.95,1,2,5,0,,,0,,,0,,,0,,,0,,,0,,,0,,,0,,,SL,-80.83,71
2026.01.20 04:15,2026.01.20 04:27,SELL,LienKe,4681.581,4685.699,41.2,2.2,39.9,0.05,0.97,0,,,0,,,0,,,0,,,0,,,0,,,0,,,0,,,0,,,SL,-41.18,12
2026.01.20 04:15,2026.01.20 04:27,SELL,Swing,4680.893,4685.699,48.1,0.0,46.8,0.00,0.97,0,,,0,,,0,,,0,,,0,,,0,,,0,,,0,,,0,,,SL,-48.06,12
2026.01.20 04:15,2026.01.20 04:27,SELL,LienKe,4680.425,4685.699,52.7,0.0,51.5,0.00,0.98,0,,,0,,,0,,,0,,,0,,,0,,,0,,,0,,,0,,,SL,-52.74,12
2026.01.20 04:15,2026.01.20 04:27,SELL,Swing,4680.425,4685.699,52.7,0.0,51.5,0.00,0.98,0,,,0,,,0,,,0,,,0,,,0,,,0,,,0,,,0,,,SL,-52.74,12
2026.01.22 02:33,2026.01.22 05:50,BUY,LienKe,4781.765,4769.208,125.6,260.2,68.6,2.07,0.55,1,1,4,1,1,4,1,2,4,1,14,-,1,20,-,1,25,-,1,79,-,1,187,-,0,,,TP,300.00,197
2026.01.26 13:20,2026.01.26 13:30,BUY,LienKe,5072.457,5063.067,93.9,34.4,52.2,0.37,0.56,1,0,1,1,0,1,1,8,9,0,,,0,,,0,,,0,,,0,,,0,,,SL,-93.90,10
2026.01.26 13:15,2026.01.26 13:30,BUY,LienKe,5080.325,5063.067,172.6,29.9,130.9,0.17,0.76,1,0,1,1,0,1,0,,,0,,,0,,,0,,,0,,,0,,,0,,,SL,-172.58,15
2026.01.28 19:48,2026.01.28 19:57,SELL,Swing,5315.758,5329.162,134.0,47.6,90.3,0.35,0.67,1,1,2,1,1,2,1,1,2,0,,,0,,,0,,,0,,,0,,,0,,,SL,-134.04,9
2026.01.28 20:17,2026.01.28 20:20,SELL,LienKe,5332.779,5341.981,92.0,0.0,64.0,0.00,0.70,0,,,0,,,0,,,0,,,0,,,0,,,0,,,0,,,0,,,SL,-92.02,2
2026.01.28 20:15,2026.01.28 20:20,SELL,LienKe,5326.604,5341.981,153.8,55.5,125.8,0.36,0.82,1,0,1,1,0,1,1,0,1,1,0,1,0,,,0,,,0,,,0,,,0,,,SL,-153.77,5
2026.02.04 00:37,2026.02.04 00:49,SELL,Swing,4993.323,5002.762,94.4,122.1,66.5,1.29,0.70,1,1,10,1,1,10,1,1,10,1,2,10,1,2,10,1,2,10,0,,,0,,,0,,,SL,-94.39,12
2026.02.09 06:15,2026.02.09 07:22,SELL,LienKe,5034.127,5048.748,146.2,264.8,59.3,1.81,0.41,1,0,1,1,0,1,1,0,1,1,4,28,1,5,28,1,5,28,1,7,28,1,7,28,0,,,TP,300.00,67
2026.02.09 10:25,2026.02.09 10:27,BUY,LienKe,5002.308,4993.631,86.8,0.0,46.8,0.00,0.54,0,,,0,,,0,,,0,,,0,,,0,,,0,,,0,,,0,,,SL,-86.77,2
2026.02.09 10:15,2026.02.09 10:27,BUY,LienKe,5010.480,4993.631,168.5,46.6,128.6,0.28,0.76,1,0,1,1,0,1,1,0,1,0,,,0,,,0,,,0,,,0,,,0,,,SL,-168.49,12
2026.02.10 13:01,2026.02.10 13:33,BUY,LienKe,5026.662,5016.361,103.0,288.9,3.8,2.80,0.04,1,0,-,1,0,-,1,1,-,1,1,-,1,4,-,1,6,-,1,12,-,1,29,-,0,,,TP,300.00,32
2026.02.10 13:00,2026.02.10 14:16,BUY,LienKe,5032.518,5016.361,161.6,276.7,62.3,1.71,0.39,1,1,1,1,1,1,1,5,-,1,8,-,1,12,-,1,15,-,1,31,-,1,32,-,0,,,TP,300.00,76
2026.02.11 10:12,2026.02.11 10:24,SELL,LienKe,5068.193,5075.095,69.0,0.0,67.2,0.00,0.97,0,,,0,,,0,,,0,,,0,,,0,,,0,,,0,,,0,,,SL,-69.02,12
2026.02.11 10:00,2026.02.11 10:24,SELL,LienKe,5062.811,5075.095,122.8,1.3,121.0,0.01,0.99,0,,,0,,,0,,,0,,,0,,,0,,,0,,,0,,,0,,,SL,-122.84,24
2026.02.12 10:00,2026.02.12 13:57,SELL,LienKe,5073.305,5083.985,106.8,243.3,100.0,2.28,0.94,1,0,1,1,0,1,1,9,201,1,11,201,1,11,201,1,27,201,1,48,201,1,170,201,0,,,SL,-106.80,237
2026.02.12 14:00,2026.02.12 14:56,SELL,LienKe,5075.230,5086.763,115.3,239.7,28.1,2.08,0.24,1,0,1,1,3,9,1,3,9,1,4,9,1,5,9,1,14,-,1,16,-,1,44,-,0,,,TP,300.00,56
2026.02.13 04:30,2026.02.13 05:52,SELL,LienKe,4985.303,5000.235,149.3,282.2,13.7,1.89,0.09,1,0,0,1,3,56,1,7,56,1,8,56,1,13,56,1,13,56,1,49,56,1,49,56,0,,,TP,300.00,82
2026.02.13 11:18,2026.02.13 11:24,BUY,LienKe,4945.514,4937.853,76.6,72.4,2.7,0.95,0.03,1,1,5,1,1,5,1,1,5,1,2,5,0,,,0,,,0,,,0,,,0,,,SL,-76.61,6
2026.02.13 11:15,2026.02.13 11:24,BUY,LienKe,4951.550,4937.853,137.0,12.0,63.0,0.09,0.46,1,5,5,0,,,0,,,0,,,0,,,0,,,0,,,0,,,0,,,SL,-136.97,9
2026.02.15 23:48,2026.02.16 00:03,BUY,LienKe,5016.348,5007.128,92.2,51.3,31.3,0.56,0.34,1,2,2,1,6,12,1,6,12,1,10,12,0,,,0,,,0,,,0,,,0,,,SL,-92.20,15
2026.02.15 23:15,2026.02.16 00:03,BUY,LienKe,5022.912,5007.128,157.8,93.2,96.9,0.59,0.61,1,0,2,1,0,2,1,0,2,1,0,2,1,1,2,0,,,0,,,0,,,0,,,SL,-157.84,48
2026.02.16 01:01,2026.02.16 02:45,BUY,LienKe,5008.639,4996.755,118.8,228.4,65.5,1.92,0.55,1,1,96,1,1,96,1,1,96,1,2,96,1,3,96,1,5,96,1,14,96,1,18,96,0,,,SL,-118.84,104
2026.02.18 23:15,2026.02.19 06:33,BUY,LienKe,4976.787,4958.397,183.9,281.0,163.4,1.53,0.89,1,0,1,1,0,1,1,0,1,1,9,30,1,15,30,1,17,30,1,356,-,1,390,-,0,,,TP,283.95,438
2026.02.19 13:30,2026.02.19 14:34,BUY,LienKe,4979.103,4971.364,77.4,193.1,74.4,2.50,0.96,1,1,38,1,1,38,1,1,38,1,2,38,1,3,38,1,3,38,1,9,38,0,,,0,,,SL,-77.39,63
2026.02.19 13:15,2026.02.19 14:34,BUY,LienKe,4984.108,4971.364,127.4,143.1,124.5,1.12,0.98,1,0,1,1,8,9,1,11,14,1,18,50,1,22,50,1,24,50,0,,,0,,,0,,,SL,-127.44,79
2026.02.23 07:45,2026.02.23 14:30,BUY,LienKe,5136.943,5121.932,150.1,285.6,147.5,1.90,0.98,1,6,7,1,8,9,1,70,-,1,72,-,1,84,-,1,89,-,1,136,-,1,165,-,0,,,TP,300.00,405
2026.02.25 15:49,2026.02.25 16:24,SELL,LienKe,5197.795,5205.514,77.2,80.4,73.7,1.04,0.95,1,1,7,1,1,7,1,1,7,1,1,7,1,21,30,0,,,0,,,0,,,0,,,SL,-77.19,35
2026.02.25 15:15,2026.02.25 16:24,SELL,LienKe,5192.946,5205.514,125.7,202.3,122.2,1.61,0.97,1,0,0,1,3,27,1,4,27,1,5,27,1,9,27,1,10,27,1,12,27,1,16,27,0,,,SL,-125.68,69
2026.02.26 15:16,2026.02.26 15:27,BUY,Swing,5154.852,5136.658,181.9,72.3,47.7,0.40,0.26,1,0,1,1,0,1,1,3,5,1,4,5,0,,,0,,,0,,,0,,,0,,,SL,-181.94,11
2026.02.26 15:27,2026.02.26 15:27,BUY,Swing,5145.780,5136.658,91.2,0.0,153.1,0.00,1.68,0,,,0,,,0,,,0,,,0,,,0,,,0,,,0,,,0,,,SL,-91.22,0
2026.02.26 20:00,2026.02.26 20:13,SELL,LienKe,5187.023,5196.965,99.4,0.0,98.9,0.00,0.99,0,,,0,,,0,,,0,,,0,,,0,,,0,,,0,,,0,,,SL,-99.42,13
2026.02.27 09:08,2026.02.27 10:04,BUY,LienKe,5175.987,5171.272,47.2,65.8,37.7,1.40,0.80,1,1,2,1,1,2,1,7,40,1,8,40,0,,,0,,,0,,,0,,,0,,,SL,-47.15,56
2026.02.27 08:30,2026.02.27 10:04,BUY,LienKe,5177.863,5171.272,65.9,47.1,56.4,0.71,0.86,1,0,1,1,2,24,1,4,24,0,,,0,,,0,,,0,,,0,,,0,,,SL,-65.91,94
2026.03.04 12:15,2026.03.04 12:39,SELL,LienKe,5197.596,5208.974,113.8,292.7,3.4,2.57,0.03,1,0,-,1,0,-,1,0,-,1,1,-,1,1,-,1,1,-,1,2,-,1,12,-,0,,,TP,300.00,24
2026.03.09 00:05,2026.03.09 00:13,BUY,Swing,5058.443,5041.202,172.4,63.3,146.0,0.37,0.85,1,0,1,1,0,1,1,0,1,1,0,1,0,,,0,,,0,,,0,,,0,,,SL,-172.41,8
2026.03.12 09:38,2026.03.12 13:45,SELL,LienKe,5185.789,5192.676,68.9,297.5,62.3,4.32,0.90,1,1,2,1,5,8,1,49,195,1,51,195,1,60,195,1,98,195,1,149,195,1,163,195,0,,,TP,300.00,247
2026.03.12 09:38,2026.03.12 13:45,SELL,Swing,5185.789,5192.676,68.9,297.5,62.3,4.32,0.90,1,1,2,1,5,8,1,49,195,1,51,195,1,60,195,1,98,195,1,149,195,1,163,195,0,,,TP,300.00,247
2026.03.12 08:15,2026.03.12 13:53,SELL,LienKe,5181.297,5192.676,113.8,293.2,107.2,2.58,0.94,1,5,6,1,8,19,1,14,19,1,33,54,1,185,210,1,231,274,1,240,274,1,308,-,0,,,TP,300.00,338
2026.03.12 08:15,2026.03.12 13:53,SELL,Swing,5181.297,5192.676,113.8,293.2,107.2,2.58,0.94,1,5,6,1,8,19,1,14,19,1,33,54,1,185,210,1,231,274,1,240,274,1,308,-,0,,,TP,300.00,338
2026.03.13 08:20,2026.03.13 08:22,BUY,LienKe,5072.147,5063.471,86.8,0.0,79.8,0.00,0.92,0,,,0,,,0,,,0,,,0,,,0,,,0,,,0,,,0,,,SL,-86.76,1
2026.03.13 08:15,2026.03.13 08:22,BUY,LienKe,5078.007,5063.471,145.4,10.5,138.4,0.07,0.95,1,1,1,0,,,0,,,0,,,0,,,0,,,0,,,0,,,0,,,SL,-145.36,7
2026.03.16 06:30,2026.03.16 07:37,SELL,LienKe,5027.739,5039.013,112.7,293.7,18.8,2.61,0.17,1,1,1,1,4,-,1,5,-,1,10,-,1,17,-,1,17,-,1,18,-,1,20,-,0,,,TP,300.00,67
2026.03.16 14:15,2026.03.16 14:47,SELL,Swing,5028.284,5041.067,127.8,286.9,18.8,2.24,0.15,1,0,1,1,0,1,1,0,1,1,7,-,1,9,-,1,12,-,1,15,-,1,18,-,0,,,TP,300.00,32
2026.03.18 02:00,2026.03.18 03:04,BUY,LienKe,4999.067,4988.069,110.0,77.7,85.9,0.71,0.78,1,0,4,1,0,4,1,0,4,1,19,53,0,,,0,,,0,,,0,,,0,,,SL,-109.98,64
2026.03.18 06:49,2026.03.18 08:22,SELL,LienKe,5013.845,5019.311,54.7,295.1,13.9,5.40,0.25,1,1,17,1,2,17,1,2,17,1,8,17,1,46,-,1,55,-,1,57,-,1,61,-,0,,,TP,300.00,92
2026.03.18 06:45,2026.03.18 08:45,SELL,LienKe,5011.108,5019.311,82.0,274.0,41.3,3.34,0.50,1,6,7,1,8,9,1,32,-,1,50,-,1,59,-,1,60,-,1,64,-,1,69,-,0,,,TP,300.00,120
2026.03.18 10:29,2026.03.18 10:35,BUY,LienKe,4981.215,4974.089,71.3,58.6,20.3,0.82,0.28,1,0,4,1,1,4,1,1,4,1,1,4,0,,,0,,,0,,,0,,,0,,,SL,-71.26,6
2026.03.18 09:00,2026.03.18 10:35,BUY,LienKe,4987.610,4974.089,135.2,77.3,84.2,0.57,0.62,1,1,13,1,4,13,1,5,13,1,20,65,0,,,0,,,0,,,0,,,0,,,SL,-135.21,95
2026.03.18 10:56,2026.03.18 11:04,BUY,Swing,4969.091,4957.290,118.0,6.9,103.1,0.06,0.87,0,,,0,,,0,,,0,,,0,,,0,,,0,,,0,,,0,,,SL,-118.01,8
2026.03.19 00:48,2026.03.19 01:02,SELL,LienKe,4845.473,4851.877,64.0,65.0,53.9,1.01,0.84,1,0,12,1,1,12,1,1,12,1,4,12,0,,,0,,,0,,,0,,,0,,,SL,-64.04,14
2026.03.19 00:45,2026.03.19 01:02,SELL,LienKe,4840.910,4851.877,109.7,29.7,99.5,0.27,0.91,1,0,1,1,0,1,0,,,0,,,0,,,0,,,0,,,0,,,0,,,SL,-109.67,17
2026.03.20 01:35,2026.03.20 01:40,SELL,LienKe,4677.032,4683.367,63.4,49.2,14.0,0.78,0.22,1,0,1,1,2,-,1,2,-,0,,,0,,,0,,,0,,,0,,,0,,,SL,-63.35,5
2026.03.20 01:30,2026.03.20 01:40,SELL,LienKe,4666.170,4683.367,172.0,20.4,122.6,0.12,0.71,1,0,1,1,0,1,0,,,0,,,0,,,0,,,0,,,0,,,0,,,SL,-171.97,10
2026.03.20 08:30,2026.03.20 08:47,SELL,LienKe,4722.909,4737.746,148.4,297.2,3.7,2.00,0.03,1,0,-,1,0,-,1,0,-,1,0,-,1,1,-,1,1,-,1,2,-,1,3,-,0,,,TP,300.00,17
2026.03.20 10:15,2026.03.20 10:21,BUY,LienKe,4663.226,4647.052,161.7,31.7,150.3,0.20,0.93,1,0,1,1,0,1,1,0,1,0,,,0,,,0,,,0,,,0,,,0,,,SL,-161.74,6
2026.03.20 13:50,2026.03.20 13:51,BUY,LienKe,4648.182,4633.439,147.4,0.0,43.4,0.00,0.29,0,,,0,,,0,,,0,,,0,,,0,,,0,,,0,,,0,,,SL,-147.43,1
2026.03.20 13:51,2026.03.20 13:51,BUY,LienKe,4636.927,4633.439,34.9,0.0,71.8,0.00,2.06,0,,,0,,,0,,,0,,,0,,,0,,,0,,,0,,,0,,,SL,-34.88,0
2026.03.25 14:00,2026.03.25 14:30,BUY,LienKe,4533.363,4519.030,143.3,294.2,4.9,2.05,0.03,1,0,-,1,0,-,1,1,-,1,1,-,1,1,-,1,1,-,1,2,-,1,11,-,0,,,TP,300.00,29
2026.03.30 03:30,2026.03.30 05:49,SELL,LienKe,4506.895,4520.590,136.9,204.4,92.5,1.49,0.68,1,1,3,1,1,3,1,7,18,1,11,18,1,26,100,1,26,100,1,35,100,1,65,100,0,,,SL,-136.95,139
2026.03.31 00:15,2026.03.31 00:20,SELL,LienKe,4516.333,4531.254,149.2,208.4,22.1,1.40,0.15,1,0,-,1,0,-,1,0,-,1,0,-,1,1,-,1,1,-,1,1,-,1,4,-,0,,,TP,300.00,5
2026.03.31 13:50,2026.03.31 13:53,SELL,LienKe,4589.955,4600.590,106.4,0.0,93.2,0.00,0.88,0,,,0,,,0,,,0,,,0,,,0,,,0,,,0,,,0,,,SL,-106.35,3
2026.04.01 17:01,2026.04.01 18:21,SELL,LienKe,4788.706,4793.756,50.5,292.2,44.6,5.79,0.88,1,15,27,1,16,27,1,16,27,1,17,27,1,33,-,1,34,-,1,59,-,1,62,-,0,,,TP,300.00,80
2026.04.01 16:30,2026.04.01 18:36,SELL,LienKe,4776.711,4793.756,170.5,273.1,164.5,1.60,0.97,1,2,2,1,87,88,1,90,-,1,90,-,1,93,-,1,93,-,1,93,-,1,111,-,0,,,TP,300.00,126
2026.04.07 00:15,2026.04.07 01:00,BUY,LienKe,4657.885,4646.028,118.6,35.4,36.1,0.30,0.30,1,0,4,1,0,4,1,0,4,0,,,0,,,0,,,0,,,0,,,0,,,SL,-118.57,45
2026.04.07 01:00,2026.04.07 01:00,BUY,LienKe,4653.346,4646.028,73.2,0.0,260.6,0.00,3.56,0,,,0,,,0,,,0,,,0,,,0,,,0,,,0,,,0,,,SL,-73.18,0
2026.04.09 16:19,2026.04.09 20:15,SELL,LienKe,4796.995,4804.052,70.6,298.7,44.9,4.23,0.64,1,0,0,1,1,59,1,1,59,1,7,59,1,19,59,1,22,59,1,109,-,1,132,-,0,,,TP,300.00,236
2026.04.09 16:15,2026.04.09 23:06,SELL,LienKe,4788.280,4804.052,157.7,293.8,132.0,1.86,0.84,1,26,27,1,26,27,1,34,35,1,109,110,1,128,-,1,129,-,1,138,-,1,152,-,0,,,TP,300.00,411
2026.04.10 09:00,2026.04.10 12:18,BUY,Swing,4741.038,4727.601,134.4,296.1,4.9,2.20,0.04,1,0,0,1,1,-,1,2,-,1,5,-,1,18,-,1,18,-,1,19,-,1,143,-,0,,,TP,300.00,198
2026.04.10 16:23,2026.04.10 20:25,BUY,LienKe,4754.787,4744.379,104.1,184.9,66.6,1.78,0.64,1,0,101,1,0,101,1,1,101,1,1,101,1,8,101,1,15,101,1,129,221,0,,,0,,,SL,-104.08,242
2026.04.10 16:15,2026.04.10 20:25,BUY,LienKe,4763.396,4744.379,190.2,98.8,152.7,0.52,0.80,1,1,2,1,23,23,1,62,66,1,63,66,1,139,153,0,,,0,,,0,,,0,,,SL,-190.17,250
2026.04.14 00:30,2026.04.14 00:39,SELL,LienKe,4764.871,4770.521,56.5,0.6,53.4,0.01,0.94,0,,,0,,,0,,,0,,,0,,,0,,,0,,,0,,,0,,,SL,-56.50,9
2026.04.14 00:30,2026.04.14 00:39,SELL,LienKe,4762.363,4770.521,81.6,8.9,78.4,0.11,0.96,0,,,0,,,0,,,0,,,0,,,0,,,0,,,0,,,0,,,SL,-81.58,9
2026.04.14 13:33,2026.04.14 13:35,SELL,LienKe,4787.651,4795.365,77.1,0.0,67.2,0.00,0.87,0,,,0,,,0,,,0,,,0,,,0,,,0,,,0,,,0,,,SL,-77.14,1
2026.04.14 13:30,2026.04.14 13:35,SELL,LienKe,4782.764,4795.365,126.0,22.3,116.1,0.18,0.92,1,0,0,1,0,0,0,,,0,,,0,,,0,,,0,,,0,,,0,,,SL,-126.01,5
2026.04.16 05:15,2026.04.16 13:52,SELL,LienKe,4834.172,4841.319,71.5,289.0,21.6,4.04,0.30,1,9,12,1,11,12,1,16,-,1,17,-,1,23,-,1,40,-,1,66,-,1,169,-,0,,,TP,300.00,517
2026.04.17 00:16,2026.04.17 01:10,BUY,LienKe,4787.825,4782.718,51.1,133.6,47.9,2.62,0.94,1,0,48,1,2,48,1,2,48,1,12,48,1,15,48,1,16,48,0,,,0,,,0,,,SL,-51.07,54
2026.04.17 00:15,2026.04.17 01:10,BUY,LienKe,4790.192,4782.718,74.7,109.9,71.6,1.47,0.96,1,3,9,1,12,47,1,15,47,1,16,47,1,17,47,1,31,47,0,,,0,,,0,,,SL,-74.74,55
2026.04.17 12:00,2026.04.17 12:25,SELL,LienKe,4799.258,4814.712,154.5,14.0,134.3,0.09,0.87,1,1,1,0,,,0,,,0,,,0,,,0,,,0,,,0,,,0,,,SL,-154.54,25
2026.04.20 13:13,2026.04.20 13:29,SELL,Swing,4816.731,4825.144,84.1,46.3,49.7,0.55,0.59,1,0,1,1,0,1,1,3,6,0,,,0,,,0,,,0,,,0,,,0,,,SL,-84.13,16
2026.04.20 12:30,2026.04.20 13:29,SELL,Swing,4805.684,4825.144,194.6,64.8,160.1,0.33,0.82,1,4,4,1,5,12,1,5,12,1,8,12,0,,,0,,,0,,,0,,,0,,,SL,-194.60,59
2026.04.23 00:46,2026.04.23 02:05,SELL,LienKe,4748.363,4755.062,67.0,280.6,56.8,4.19,0.85,1,2,4,1,2,4,1,11,13,1,14,16,1,25,-,1,25,-,1,31,-,1,43,-,0,,,TP,300.00,79
2026.04.23 00:45,2026.04.23 02:08,SELL,LienKe,4744.598,4755.062,104.6,277.2,94.5,2.65,0.90,1,16,16,1,21,22,1,26,-,1,26,-,1,28,-,1,31,-,1,38,-,1,69,-,0,,,TP,300.00,83
2026.04.23 08:20,2026.04.23 10:09,SELL,LienKe,4721.910,4727.812,59.0,284.9,3.8,4.83,0.07,1,0,-,1,0,-,1,2,-,1,9,-,1,10,-,1,12,-,1,17,-,1,26,-,0,,,TP,300.00,109
2026.04.23 08:15,2026.04.23 10:12,SELL,LienKe,4718.340,4727.812,94.7,274.7,39.5,2.90,0.42,1,8,9,1,14,-,1,14,-,1,17,-,1,17,-,1,21,-,1,30,-,1,48,-,0,,,TP,300.00,117
2026.04.23 05:45,2026.04.23 10:12,BUY,LienKe,4701.896,4689.157,127.4,229.2,113.0,1.80,0.89,1,0,181,1,0,181,1,0,181,1,1,181,1,4,181,1,5,181,1,16,181,1,135,181,0,,,SL,-127.39,267
2026.04.24 08:48,2026.04.24 11:07,SELL,LienKe,4692.642,4700.315,76.7,177.3,42.4,2.31,0.55,1,0,12,1,4,12,1,7,12,1,36,136,1,37,136,1,41,136,1,104,136,0,,,0,,,SL,-76.73,139
2026.04.24 08:30,2026.04.24 11:07,SELL,LienKe,4687.897,4700.315,124.2,129.9,89.8,1.05,0.72,1,1,2,1,5,8,1,55,72,1,55,72,1,63,72,1,122,154,0,,,0,,,0,,,SL,-124.18,157
2026.04.27 00:15,2026.04.27 02:37,BUY,LienKe,4680.149,4669.020,111.3,296.3,34.5,2.66,0.31,1,0,0,1,14,16,1,35,-,1,36,-,1,39,-,1,40,-,1,43,-,1,46,-,0,,,TP,300.00,142
2026.04.27 01:50,2026.04.27 02:38,SELL,LienKe,4703.740,4712.777,90.4,73.2,75.3,0.81,0.83,1,5,10,1,6,10,1,7,10,1,15,26,0,,,0,,,0,,,0,,,0,,,SL,-90.37,48
2026.04.27 01:15,2026.04.27 02:38,SELL,LienKe,4692.891,4712.777,198.9,16.7,183.8,0.08,0.92,1,1,1,0,,,0,,,0,,,0,,,0,,,0,,,0,,,0,,,SL,-198.86,83
2026.04.27 08:53,2026.04.27 09:29,BUY,LienKe,4707.907,4702.282,56.3,7.2,56.1,0.13,1.00,0,,,0,,,0,,,0,,,0,,,0,,,0,,,0,,,0,,,SL,-56.25,36
2026.04.27 08:45,2026.04.27 09:29,BUY,LienKe,4711.975,4702.282,96.9,26.4,96.7,0.27,1.00,1,0,4,1,1,4,0,,,0,,,0,,,0,,,0,,,0,,,0,,,SL,-96.93,44
2026.04.27 04:45,2026.04.27 13:01,SELL,LienKe,4726.364,4733.124,67.6,292.4,5.9,4.33,0.09,1,2,3,1,5,14,1,11,14,1,19,-,1,30,-,1,32,-,1,50,-,1,235,-,0,,,TP,300.00,496
2026.04.29 12:50,2026.04.29 12:52,BUY,LienKe,4554.219,4547.947,62.7,8.8,51.1,0.14,0.82,0,,,0,,,0,,,0,,,0,,,0,,,0,,,0,,,0,,,SL,-62.72,2
2026.04.29 12:45,2026.04.29 12:52,BUY,LienKe,4557.995,4547.947,100.5,20.0,88.9,0.20,0.88,1,2,2,0,,,0,,,0,,,0,,,0,,,0,,,0,,,0,,,SL,-100.48,7
2026.04.30 00:30,2026.04.30 00:46,SELL,LienKe,4565.071,4571.521,64.5,26.5,50.3,0.41,0.78,1,2,3,1,2,3,0,,,0,,,0,,,0,,,0,,,0,,,0,,,SL,-64.50,16
2026.04.30 00:15,2026.04.30 00:46,SELL,LienKe,4558.217,4571.521,133.0,16.6,118.9,0.12,0.89,1,0,0,0,,,0,,,0,,,0,,,0,,,0,,,0,,,0,,,SL,-133.04,31
2026.05.01 02:30,2026.05.01 06:19,SELL,LienKe,4629.525,4638.972,94.5,295.3,26.6,3.13,0.28,1,5,5,1,12,61,1,12,61,1,14,61,1,16,61,1,19,61,1,122,-,1,144,-,0,,,TP,300.00,229
2026.05.04 00:18,2026.05.04 01:04,BUY,LienKe,4608.274,4601.393,68.8,58.4,65.6,0.85,0.95,1,1,2,1,30,33,1,37,44,1,37,44,0,,,0,,,0,,,0,,,0,,,SL,-68.81,46
2026.05.04 00:18,2026.05.04 01:04,BUY,Swing,4608.274,4601.393,68.8,58.4,65.6,0.85,0.95,1,1,2,1,30,33,1,37,44,1,37,44,0,,,0,,,0,,,0,,,0,,,SL,-68.81,46
2026.05.04 00:15,2026.05.04 01:04,BUY,LienKe,4612.541,4601.393,111.5,21.3,108.3,0.19,0.97,1,0,1,1,0,1,0,,,0,,,0,,,0,,,0,,,0,,,0,,,SL,-111.48,49
2026.05.04 00:15,2026.05.04 01:04,BUY,Swing,4612.541,4601.393,111.5,21.3,108.3,0.19,0.97,1,0,1,1,0,1,0,,,0,,,0,,,0,,,0,,,0,,,0,,,SL,-111.48,49
2026.05.04 06:16,2026.05.04 06:44,BUY,LienKe,4592.449,4584.607,78.4,49.2,77.3,0.63,0.99,1,0,6,1,1,6,1,1,6,0,,,0,,,0,,,0,,,0,,,0,,,SL,-78.42,28
2026.05.04 06:15,2026.05.04 06:44,BUY,LienKe,4597.633,4584.607,130.3,2.0,129.1,0.02,0.99,0,,,0,,,0,,,0,,,0,,,0,,,0,,,0,,,0,,,SL,-130.26,29
2026.05.04 08:16,2026.05.04 10:01,BUY,LienKe,4576.646,4571.218,54.3,77.8,45.8,1.43,0.84,1,5,7,1,8,11,1,24,32,1,57,101,0,,,0,,,0,,,0,,,0,,,SL,-54.28,105
2026.05.04 08:15,2026.05.04 10:01,BUY,LienKe,4580.161,4571.218,89.4,42.7,80.9,0.48,0.90,1,25,26,1,59,91,1,59,91,0,,,0,,,0,,,0,,,0,,,0,,,SL,-89.43,106
2026.05.07 08:15,2026.05.07 13:33,SELL,LienKe,4742.625,4756.369,137.4,207.8,126.2,1.51,0.92,1,0,222,1,0,222,1,0,222,1,3,222,1,10,222,1,36,222,1,46,222,1,48,222,0,,,SL,-137.44,318
2026.05.07 14:13,2026.05.07 14:52,SELL,LienKe,4753.278,4761.051,77.7,121.3,74.2,1.56,0.95,1,1,1,1,2,3,1,2,3,1,2,3,1,2,3,1,2,3,0,,,0,,,0,,,SL,-77.73,39
2026.05.07 13:45,2026.05.07 14:52,SELL,LienKe,4748.454,4761.051,126.0,109.4,122.5,0.87,0.97,1,0,1,1,0,1,1,0,1,1,0,1,1,2,14,1,7,14,0,,,0,,,0,,,SL,-125.97,67
2026.05.08 01:48,2026.05.08 01:51,SELL,LienKe,4716.516,4722.222,57.1,0.0,56.0,0.00,0.98,0,,,0,,,0,,,0,,,0,,,0,,,0,,,0,,,0,,,SL,-57.06,3
2026.05.08 01:30,2026.05.08 01:51,SELL,LienKe,4712.353,4722.222,98.7,68.6,97.6,0.70,0.99,1,0,1,1,1,1,1,7,15,1,7,15,0,,,0,,,0,,,0,,,0,,,SL,-98.69,21
2026.05.12 22:00,2026.05.12 22:54,SELL,LienKe,4717.573,4722.473,49.0,56.6,43.4,1.15,0.89,1,1,4,1,1,4,1,8,20,1,10,20,0,,,0,,,0,,,0,,,0,,,SL,-49.00,54
2026.05.12 20:30,2026.05.12 22:54,SELL,LienKe,4713.051,4722.473,94.2,11.4,88.7,0.12,0.94,1,100,100,0,,,0,,,0,,,0,,,0,,,0,,,0,,,0,,,SL,-94.22,144
2026.05.13 00:31,2026.05.13 02:46,SELL,LienKe,4723.739,4730.045,63.1,299.1,15.3,4.74,0.24,1,0,9,1,1,9,1,1,9,1,5,9,1,23,-,1,29,-,1,31,-,1,58,-,0,,,TP,300.00,135
2026.05.13 00:30,2026.05.13 02:53,SELL,LienKe,4722.384,4730.045,76.6,300.0,28.8,3.92,0.38,1,2,9,1,3,9,1,6,9,1,6,9,1,29,-,1,30,-,1,46,-,1,65,-,0,,,TP,300.00,143
2026.05.14 07:33,2026.05.14 07:36,SELL,LienKe,4708.770,4715.812,70.4,2.0,56.7,0.03,0.81,0,,,0,,,0,,,0,,,0,,,0,,,0,,,0,,,0,,,SL,-70.42,3
2026.05.14 07:33,2026.05.14 07:36,SELL,Swing,4708.770,4715.812,70.4,2.0,56.7,0.03,0.81,0,,,0,,,0,,,0,,,0,,,0,,,0,,,0,,,0,,,SL,-70.42,3
2026.05.14 04:45,2026.05.14 07:36,SELL,LienKe,4705.041,4715.812,107.7,188.4,94.0,1.75,0.87,1,0,1,1,12,162,1,16,162,1,18,162,1,40,162,1,41,162,1,74,162,0,,,0,,,SL,-107.71,171
2026.05.14 04:45,2026.05.14 07:36,SELL,Swing,4705.041,4715.812,107.7,188.4,94.0,1.75,0.87,1,0,1,1,12,162,1,16,162,1,18,162,1,40,162,1,41,162,1,74,162,0,,,0,,,SL,-107.71,171
2026.05.15 00:23,2026.05.15 00:25,BUY,LienKe,4646.189,4638.985,72.0,4.1,14.5,0.06,0.20,0,,,0,,,0,,,0,,,0,,,0,,,0,,,0,,,0,,,SL,-72.04,2
2026.05.15 00:15,2026.05.15 00:25,BUY,LienKe,4650.692,4638.985,117.1,75.2,59.5,0.64,0.51,1,0,1,1,0,1,1,0,1,1,0,1,0,,,0,,,0,,,0,,,0,,,SL,-117.07,10
2026.05.15 08:55,2026.05.15 09:14,BUY,LienKe,4555.426,4546.827,86.0,84.4,80.9,0.98,0.94,1,1,2,1,9,11,1,9,11,1,10,11,1,10,11,0,,,0,,,0,,,0,,,SL,-85.99,19
2026.05.15 08:45,2026.05.15 09:14,BUY,LienKe,4562.548,4546.827,157.2,13.1,152.1,0.08,0.97,1,0,0,0,,,0,,,0,,,0,,,0,,,0,,,0,,,0,,,SL,-157.21,29
2026.05.17 23:45,2026.05.18 00:05,BUY,LienKe,4535.350,4529.548,58.0,88.5,53.6,1.53,0.92,1,3,13,1,3,13,1,3,13,1,7,13,1,8,13,0,,,0,,,0,,,0,,,SL,-58.02,20
2026.05.17 23:45,2026.05.18 00:05,BUY,LienKe,4539.530,4529.548,99.8,46.7,95.4,0.47,0.96,1,7,10,1,8,10,1,8,10,0,,,0,,,0,,,0,,,0,,,0,,,SL,-99.82,20
2026.05.18 04:17,2026.05.18 07:30,SELL,LienKe,4547.046,4552.977,59.3,171.1,54.4,2.88,0.92,1,1,62,1,3,62,1,3,62,1,5,62,1,7,62,1,7,62,1,11,62,0,,,0,,,SL,-59.31,193
2026.05.18 04:15,2026.05.18 07:30,SELL,LienKe,4544.174,4552.977,88.0,142.3,83.2,1.62,0.94,1,6,25,1,7,25,1,7,25,1,9,25,1,10,25,1,13,25,0,,,0,,,0,,,SL,-88.03,195
2026.05.18 07:45,2026.05.18 11:41,SELL,Swing,4549.054,4563.045,139.9,190.6,113.8,1.36,0.81,1,1,35,1,3,35,1,4,35,1,4,35,1,5,35,1,140,234,1,169,234,0,,,0,,,SL,-139.91,236
2026.05.20 13:03,2026.05.20 14:12,SELL,LienKe,4499.626,4508.364,87.4,274.1,68.1,3.14,0.78,1,1,2,1,1,2,1,19,-,1,21,-,1,23,-,1,26,-,1,38,-,1,62,-,0,,,TP,300.00,69
2026.05.20 13:00,2026.05.20 14:16,SELL,LienKe,4496.260,4508.364,121.0,290.3,101.8,2.40,0.84,1,0,0,1,0,0,1,26,-,1,28,-,1,30,-,1,37,-,1,62,-,1,68,-,0,,,SL,0.00,76
2026.05.21 09:30,2026.05.21 10:30,SELL,LienKe,4539.982,4545.426,54.4,293.7,33.1,5.40,0.61,1,1,-,1,1,-,1,2,-,1,3,-,1,14,-,1,14,-,1,55,-,1,56,-,0,,,TP,300.00,60
2026.05.21 09:30,2026.05.21 10:40,SELL,LienKe,4536.971,4545.426,84.6,291.8,63.3,3.45,0.75,1,2,3,1,3,-,1,4,-,1,14,-,1,15,-,1,55,-,1,56,-,1,56,-,0,,,TP,300.00,70
2026.05.21 10:45,2026.05.21 13:00,BUY,LienKe,4514.093,4501.712,123.8,72.6,121.9,0.59,0.98,1,1,3,1,2,3,1,2,3,1,18,41,0,,,0,,,0,,,0,,,0,,,SL,-123.81,134
2026.05.21 10:45,2026.05.21 13:00,BUY,LienKe,4517.147,4501.712,154.3,42.0,152.4,0.27,0.99,1,18,19,1,18,19,1,18,19,0,,,0,,,0,,,0,,,0,,,0,,,SL,-154.35,135
2026.05.25 17:15,2026.05.26 00:18,SELL,LienKe,4573.882,4581.131,72.5,254.7,67.3,3.51,0.93,1,6,296,1,9,296,1,10,296,1,24,296,1,30,296,1,31,296,1,380,-,1,406,-,0,,,TP,300.00,423
2026.05.25 17:15,2026.05.26 00:18,SELL,Swing,4573.882,4581.131,72.5,254.7,67.3,3.51,0.93,1,6,296,1,9,296,1,10,296,1,24,296,1,30,296,1,31,296,1,380,-,1,406,-,0,,,TP,300.00,423
2026.05.27 07:10,2026.05.27 07:50,BUY,Swing,4483.075,4476.812,62.6,59.3,54.1,0.95,0.86,1,1,2,1,8,9,1,13,25,1,13,25,0,,,0,,,0,,,0,,,0,,,SL,-62.63,40
2026.05.27 06:45,2026.05.27 07:50,BUY,Swing,4487.797,4476.812,109.8,24.6,101.3,0.22,0.92,1,0,1,1,3,7,0,,,0,,,0,,,0,,,0,,,0,,,0,,,SL,-109.85,65
2026.05.27 20:30,2026.05.27 22:00,SELL,LienKe,4455.056,4461.892,68.4,33.5,14.4,0.49,0.21,1,5,21,1,8,21,1,10,21,0,,,0,,,0,,,0,,,0,,,0,,,SL,-68.36,90
2026.05.27 22:00,2026.05.27 22:00,SELL,LienKe,4456.993,4461.892,49.0,0.0,59.8,0.00,1.22,0,,,0,,,0,,,0,,,0,,,0,,,0,,,0,,,0,,,SL,-48.99,0
2026.06.01 03:38,2026.06.01 03:44,BUY,LienKe,4517.110,4510.577,65.3,0.0,60.4,0.00,0.92,0,,,0,,,0,,,0,,,0,,,0,,,0,,,0,,,0,,,SL,-65.33,6
2026.06.01 03:30,2026.06.01 03:44,BUY,LienKe,4520.656,4510.577,100.8,33.6,95.8,0.33,0.95,1,0,5,1,0,5,1,1,5,0,,,0,,,0,,,0,,,0,,,0,,,SL,-100.79,14
2026.06.01 06:17,2026.06.01 06:22,BUY,LienKe,4511.318,4505.237,60.8,17.4,33.5,0.29,0.55,1,1,2,0,,,0,,,0,,,0,,,0,,,0,,,0,,,0,,,SL,-60.81,5
2026.06.01 05:00,2026.06.01 06:22,BUY,LienKe,4514.562,4505.237,93.2,106.4,66.0,1.14,0.71,1,2,34,1,5,34,1,5,34,1,17,34,1,23,34,1,49,61,0,,,0,,,0,,,SL,-93.25,82
2026.06.01 08:41,2026.06.01 13:11,BUY,LienKe,4492.949,4487.198,57.5,200.0,38.2,3.48,0.66,1,1,51,1,1,51,1,1,51,1,2,51,1,4,51,1,36,51,1,126,-,1,162,-,0,,,SL,-57.51,270
2026.06.01 08:30,2026.06.01 13:11,BUY,LienKe,4496.052,4487.198,88.5,169.0,69.3,1.91,0.78,1,12,27,1,13,27,1,13,27,1,15,27,1,47,60,1,50,60,1,172,273,0,,,0,,,SL,-88.54,281
2026.06.03 08:30,2026.06.03 08:51,BUY,LienKe,4457.465,4447.556,99.1,15.1,38.6,0.15,0.39,1,1,1,0,,,0,,,0,,,0,,,0,,,0,,,0,,,0,,,SL,-99.09,21
2026.06.03 08:51,2026.06.03 08:51,BUY,LienKe,4452.134,4447.556,45.8,0.0,91.5,0.00,2.00,0,,,0,,,0,,,0,,,0,,,0,,,0,,,0,,,0,,,SL,-45.78,0
2026.06.03 22:04,2026.06.03 22:16,BUY,LienKe,4432.939,4427.365,55.7,32.5,44.9,0.58,0.81,1,1,2,1,4,8,1,4,8,0,,,0,,,0,,,0,,,0,,,0,,,SL,-55.74,12
2026.06.03 22:00,2026.06.03 22:16,BUY,LienKe,4438.729,4427.365,113.6,16.4,102.8,0.14,0.90,1,2,3,0,,,0,,,0,,,0,,,0,,,0,,,0,,,0,,,SL,-113.64,16
2026.06.03 22:30,2026.06.03 23:46,BUY,Swing,4434.150,4420.591,135.6,256.7,3.4,1.89,0.03,1,0,-,1,1,-,1,1,-,1,4,-,1,26,-,1,26,-,1,27,-,1,75,-,0,,,TP,300.00,76
2026.06.04 01:10,2026.06.04 01:20,SELL,LienKe,4461.402,4468.354,69.5,13.7,62.4,0.20,0.90,1,5,6,0,,,0,,,0,,,0,,,0,,,0,,,0,,,0,,,SL,-69.52,10
2026.06.04 00:15,2026.06.04 01:20,SELL,LienKe,4453.553,4468.354,148.0,103.6,140.9,0.70,0.95,1,0,1,1,0,1,1,0,1,1,11,47,1,23,47,1,45,47,0,,,0,,,0,,,SL,-148.01,65
2026.06.05 09:13,2026.06.05 11:51,SELL,LienKe,4467.767,4471.366,36.0,93.6,19.3,2.60,0.54,1,1,3,1,1,3,1,1,3,1,16,33,1,18,33,0,,,0,,,0,,,0,,,SL,-35.99,158
2026.06.05 09:00,2026.06.05 11:51,SELL,LienKe,4462.540,4471.366,88.3,41.4,71.6,0.47,0.81,1,0,1,1,8,13,1,11,13,0,,,0,,,0,,,0,,,0,,,0,,,SL,-88.26,171
2026.06.07 22:26,2026.06.08 00:19,BUY,LienKe,4317.653,4307.191,104.6,296.5,27.3,2.83,0.26,1,1,2,1,1,2,1,8,29,1,8,29,1,10,29,1,12,29,1,47,-,1,71,-,0,,,TP,300.00,113
2026.06.09 12:19,2026.06.09 13:48,SELL,LienKe,4342.571,4347.002,44.3,171.4,32.4,3.87,0.73,1,1,27,1,1,27,1,1,27,1,4,27,1,60,88,1,62,88,1,82,88,0,,,0,,,SL,-44.31,89
2026.06.09 12:15,2026.06.09 13:48,SELL,LienKe,4341.192,4347.002,58.1,157.6,46.2,2.71,0.80,1,1,2,1,1,2,1,6,23,1,14,23,1,66,92,1,72,92,1,86,92,0,,,0,,,SL,-58.10,93
2026.06.09 14:33,2026.06.09 14:39,BUY,Swing,4311.940,4302.631,93.1,41.0,74.0,0.44,0.80,1,1,2,1,1,2,1,1,2,0,,,0,,,0,,,0,,,0,,,0,,,SL,-93.09,6
2026.06.09 14:30,2026.06.09 14:39,BUY,Swing,4318.596,4302.631,159.6,27.2,140.6,0.17,0.88,1,0,0,1,0,0,0,,,0,,,0,,,0,,,0,,,0,,,0,,,SL,-159.65,9
2026.06.11 08:15,2026.06.11 12:10,SELL,LienKe,4106.398,4115.711,93.1,288.0,24.6,3.09,0.26,1,1,2,1,2,4,1,3,4,1,6,-,1,14,-,1,15,-,1,27,-,1,40,-,0,,,TP,300.00,235
2026.06.11 17:28,2026.06.11 17:30,SELL,LienKe,4093.513,4110.559,170.5,60.6,92.0,0.36,0.54,1,0,1,1,0,1,1,0,1,1,0,1,0,,,0,,,0,,,0,,,0,,,SL,-170.46,2
2026.06.17 09:15,2026.06.17 14:24,BUY,LienKe,4325.316,4314.060,112.6,286.5,57.3,2.54,0.51,1,0,140,1,4,140,1,9,140,1,11,140,1,15,140,1,15,140,1,262,-,1,292,-,0,,,TP,300.00,309
2026.06.18 18:59,2026.06.18 19:06,BUY,Swing,4218.396,4210.853,75.4,7.8,74.9,0.10,0.99,0,,,0,,,0,,,0,,,0,,,0,,,0,,,0,,,0,,,SL,-75.43,7
2026.06.18 17:00,2026.06.18 19:06,BUY,Swing,4219.555,4210.853,87.0,136.4,86.5,1.57,0.99,1,1,111,1,1,111,1,2,111,1,5,111,1,12,111,1,15,111,0,,,0,,,0,,,SL,-87.02,126
2026.06.22 09:33,2026.06.22 10:11,SELL,LienKe,4207.451,4212.597,51.5,29.5,44.9,0.57,0.87,1,3,4,1,3,4,0,,,0,,,0,,,0,,,0,,,0,,,0,,,SL,-51.46,38
2026.06.22 09:30,2026.06.22 10:11,SELL,LienKe,4204.166,4212.597,84.3,26.0,77.7,0.31,0.92,1,0,2,1,0,2,0,,,0,,,0,,,0,,,0,,,0,,,0,,,SL,-84.31,41
2026.06.24 02:16,2026.06.24 02:31,BUY,LienKe,4078.834,4065.184,136.5,7.3,118.5,0.05,0.87,0,,,0,,,0,,,0,,,0,,,0,,,0,,,0,,,0,,,SL,-136.50,14
2026.07.01 20:55,2026.07.02 01:01,BUY,LienKe,4032.031,4025.418,66.1,296.4,18.4,4.48,0.28,1,64,185,1,64,185,1,66,185,1,67,185,1,72,185,1,111,185,1,210,-,1,234,-,0,,,TP,283.95,246
2026.07.01 20:15,2026.07.02 01:02,BUY,LienKe,4035.918,4025.418,105.0,276.0,57.3,2.63,0.55,1,7,20,1,9,20,1,12,20,1,113,114,1,152,182,1,237,-,1,274,-,1,285,-,0,,,TP,283.95,287
2026.07.02 06:17,2026.07.02 06:22,SELL,LienKe,4072.205,4078.948,67.4,0.0,47.7,0.00,0.71,0,,,0,,,0,,,0,,,0,,,0,,,0,,,0,,,0,,,SL,-67.43,5
2026.07.02 06:15,2026.07.02 06:22,SELL,LienKe,4068.286,4078.948,106.6,9.0,86.9,0.08,0.82,0,,,0,,,0,,,0,,,0,,,0,,,0,,,0,,,0,,,SL,-106.62,7
2026.07.07 00:35,2026.07.07 00:40,BUY,LienKe,4156.390,4148.986,74.0,10.7,56.7,0.14,0.77,1,0,1,0,,,0,,,0,,,0,,,0,,,0,,,0,,,0,,,SL,-74.04,5
2026.07.07 00:30,2026.07.07 00:40,BUY,LienKe,4160.195,4148.986,112.1,26.1,94.7,0.23,0.85,1,0,1,1,0,1,0,,,0,,,0,,,0,,,0,,,0,,,0,,,SL,-112.09,10
2026.07.08 05:38,2026.07.08 08:17,SELL,LienKe,4129.909,4137.080,71.7,254.3,39.9,3.55,0.56,1,1,3,1,1,3,1,1,3,1,24,34,1,85,-,1,87,-,1,103,-,1,158,-,0,,,TP,300.00,159
2026.07.08 05:15,2026.07.08 08:17,SELL,LienKe,4125.860,4137.080,112.2,213.8,80.4,1.91,0.72,1,6,10,1,7,10,1,7,10,1,109,137,1,118,137,1,123,137,1,181,-,1,181,-,0,,,TP,300.00,182
2026.07.09 17:47,2026.07.10 07:44,SELL,LienKe,4135.546,4141.077,55.3,286.2,28.9,5.17,0.52,1,10,11,1,15,-,1,16,-,1,18,-,1,28,-,1,35,-,1,103,-,1,406,-,0,,,TP,300.00,837
2026.07.10 07:00,2026.07.10 07:47,BUY,LienKe,4110.948,4105.076,58.7,43.9,57.5,0.75,0.98,1,1,8,1,3,8,1,19,36,0,,,0,,,0,,,0,,,0,,,0,,,SL,-58.72,47
2026.07.10 06:00,2026.07.10 07:47,BUY,LienKe,4117.030,4105.076,119.5,31.9,118.3,0.27,0.99,1,0,0,1,0,0,1,19,21,0,,,0,,,0,,,0,,,0,,,0,,,SL,-119.54,107
2026.07.09 16:45,2026.07.10 08:33,SELL,LienKe,4133.178,4141.077,79.0,297.8,52.6,3.77,0.67,1,4,9,1,5,9,1,12,45,1,15,45,1,32,45,1,100,622,1,463,622,1,534,622,0,,,TP,300.00,948
2026.07.12 23:00,2026.07.13 00:34,BUY,Swing,4073.191,4066.754,64.4,179.5,47.9,2.79,0.74,1,0,1,1,29,31,1,39,91,1,40,91,1,50,91,1,51,91,1,65,91,0,,,0,,,SL,-64.37,94
2026.07.12 23:00,2026.07.13 00:34,BUY,Swing,4076.814,4066.754,100.6,143.2,84.1,1.42,0.84,1,40,43,1,41,43,1,50,86,1,50,86,1,59,86,1,65,86,0,,,0,,,0,,,SL,-100.60,94
2026.07.13 01:00,2026.07.13 03:11,BUY,LienKe,4067.079,4058.059,90.2,228.8,82.8,2.54,0.92,1,0,1,1,0,1,1,2,86,1,3,86,1,3,86,1,7,86,1,31,86,1,32,86,0,,,SL,-90.20,131
2026.07.13 00:45,2026.07.13 03:11,BUY,LienKe,4073.276,4058.059,152.2,166.9,144.7,1.10,0.95,1,0,3,1,0,3,1,1,3,1,22,32,1,30,32,1,46,70,1,47,70,0,,,0,,,SL,-152.17,146
2026.07.13 16:50,2026.07.13 16:55,BUY,LienKe,3995.615,3987.677,79.4,0.0,42.0,0.00,0.53,0,,,0,,,0,,,0,,,0,,,0,,,0,,,0,,,0,,,SL,-79.38,5
2026.07.13 16:45,2026.07.13 16:55,BUY,LienKe,4000.763,3987.677,130.9,19.5,93.5,0.15,0.71,1,0,1,0,,,0,,,0,,,0,,,0,,,0,,,0,,,0,,,SL,-130.86,10
2026.07.14 00:30,2026.07.14 05:30,BUY,LienKe,3995.504,3980.307,152.0,285.6,34.5,1.88,0.23,1,0,0,1,0,0,1,2,31,1,3,31,1,4,31,1,4,31,1,88,-,1,101,-,0,,,TP,300.00,300
2026.07.14 00:30,2026.07.14 05:30,BUY,Swing,3995.504,3980.307,152.0,285.6,34.5,1.88,0.23,1,0,0,1,0,0,1,2,31,1,3,31,1,4,31,1,4,31,1,88,-,1,101,-,0,,,TP,300.00,300
2026.07.17 00:46,2026.07.17 01:06,SELL,LienKe,3986.645,3993.964,73.2,14.4,59.0,0.20,0.81,1,2,3,0,,,0,,,0,,,0,,,0,,,0,,,0,,,0,,,SL,-73.19,19
2026.07.17 00:30,2026.07.17 01:06,SELL,LienKe,3984.832,3993.964,91.3,41.2,77.1,0.45,0.84,1,0,2,1,0,2,1,1,2,0,,,0,,,0,,,0,,,0,,,0,,,SL,-91.32,36
2026.07.16 19:45,2026.07.17 03:20,BUY,LienKe,3975.807,3966.291,95.2,269.4,54.0,2.83,0.57,1,1,2,1,6,21,1,7,21,1,8,21,1,252,411,1,254,411,1,273,411,1,332,411,0,,,TP,294.65,455
2026.07.17 16:30,2026.07.20 00:01,SELL,LienKe,4018.754,4026.877,81.2,296.1,21.3,3.65,0.26,1,0,1,1,3,19,1,4,19,1,7,19,1,65,262,1,82,262,1,173,262,1,3211,-,0,,,TP,300.00,3331
2026.07.20 11:01,2026.07.20 11:30,SELL,LienKe,4027.387,4033.840,64.5,72.9,2.8,1.13,0.04,1,0,-,1,1,-,1,1,-,1,9,-,0,,,0,,,0,,,0,,,0,,,SL,-64.53,29
2026.07.20 11:01,2026.07.20 11:30,SELL,Swing,4027.387,4033.840,64.5,72.9,2.8,1.13,0.04,1,0,-,1,1,-,1,1,-,1,9,-,0,,,0,,,0,,,0,,,0,,,SL,-64.53,29
2026.07.20 08:30,2026.07.20 11:30,SELL,LienKe,4021.957,4033.840,118.8,69.7,57.1,0.59,0.48,1,0,4,1,0,4,1,21,47,1,35,47,0,,,0,,,0,,,0,,,0,,,SL,-118.83,180
2026.07.20 08:30,2026.07.20 11:30,SELL,Swing,4021.957,4033.840,118.8,69.7,57.1,0.59,0.48,1,0,4,1,0,4,1,21,47,1,35,47,0,,,0,,,0,,,0,,,0,,,SL,-118.83,180
2026.07.21 04:59,2026.07.21 05:25,SELL,LienKe,4049.478,4055.050,55.7,29.0,45.2,0.52,0.81,1,6,8,1,7,8,0,,,0,,,0,,,0,,,0,,,0,,,0,,,SL,-55.72,26
2026.07.21 04:15,2026.07.21 05:25,SELL,LienKe,4045.757,4055.050,92.9,19.1,82.4,0.21,0.89,1,3,5,0,,,0,,,0,,,0,,,0,,,0,,,0,,,0,,,SL,-92.93,70
2026.07.23 02:15,2026.07.23 07:10,BUY,LienKe,4116.054,4109.096,69.6,171.9,66.2,2.47,0.95,1,7,8,1,15,17,1,15,17,1,28,285,1,30,285,1,36,285,1,64,285,0,,,0,,,SL,-69.58,295
2026.07.23 02:15,2026.07.23 07:10,BUY,LienKe,4118.051,4109.096,89.6,151.9,86.1,1.70,0.96,1,15,16,1,27,266,1,28,266,1,30,266,1,37,266,1,38,266,1,67,266,0,,,0,,,SL,-89.55,295
2026.07.23 08:41,2026.07.23 11:16,BUY,LienKe,4089.967,4085.363,46.0,92.8,41.6,2.02,0.90,1,1,6,1,2,6,1,13,46,1,20,46,1,22,46,0,,,0,,,0,,,0,,,SL,-46.04,154
2026.07.23 08:30,2026.07.23 11:16,BUY,LienKe,4092.252,4085.363,68.9,69.9,64.4,1.02,0.94,1,4,5,1,27,55,1,31,55,1,33,55,0,,,0,,,0,,,0,,,0,,,SL,-68.89,166
2026.07.27 12:31,2026.07.27 13:28,BUY,LienKe,4086.949,4078.675,82.7,21.8,61.2,0.26,0.74,1,14,15,1,14,15,0,,,0,,,0,,,0,,,0,,,0,,,0,,,SL,-82.74,57
2026.07.27 12:31,2026.07.27 13:28,BUY,Swing,4084.138,4078.675,54.6,49.9,33.1,0.91,0.61,1,3,15,1,3,15,1,3,15,0,,,0,,,0,,,0,,,0,,,0,,,SL,-54.63,57
2026.07.27 12:30,2026.07.27 13:28,BUY,LienKe,4087.038,4078.675,83.6,20.9,62.1,0.25,0.74,1,0,1,1,15,16,0,,,0,,,0,,,0,,,0,,,0,,,0,,,SL,-83.63,58
2026.07.27 12:30,2026.07.27 13:28,BUY,Swing,4087.038,4078.675,83.6,20.9,62.1,0.25,0.74,1,0,1,1,15,16,0,,,0,,,0,,,0,,,0,,,0,,,0,,,SL,-83.63,58
2026.07.28 00:00,2026.07.28 00:04,BUY,LienKe,4073.386,4066.838,65.5,8.2,47.8,0.13,0.73,0,,,0,,,0,,,0,,,0,,,0,,,0,,,0,,,0,,,SL,-65.48,4
2026.07.28 05:31,2026.07.28 05:35,BUY,LienKe,4040.986,4036.720,42.7,0.0,38.9,0.00,0.91,0,,,0,,,0,,,0,,,0,,,0,,,0,,,0,,,0,,,SL,-42.66,4
2026.07.28 05:30,2026.07.28 05:35,BUY,LienKe,4043.143,4036.720,64.2,25.6,60.5,0.40,0.94,1,0,0,1,0,0,0,,,0,,,0,,,0,,,0,,,0,,,0,,,SL,-64.23,5
2026.07.28 08:15,2026.07.28 14:21,SELL,LienKe,4044.230,4058.264,140.3,271.6,71.6,1.94,0.51,1,24,25,1,27,29,1,59,65,1,74,-,1,76,-,1,80,-,1,96,-,1,102,-,0,,,TP,300.00,366
2026.07.28 14:30,2026.07.29 13:52,BUY,LienKe,4022.374,4008.347,140.3,254.5,132.6,1.81,0.95,1,1,4,1,1,4,1,18,37,1,19,37,1,40,264,1,40,264,1,50,264,1,75,264,0,,,SL,-145.62,1402
2026.07.29 17:43,2026.07.29 18:00,SELL,Swing,4046.451,4053.695,72.4,49.3,19.4,0.68,0.27,1,3,4,1,12,-,1,12,-,0,,,0,,,0,,,0,,,0,,,0,,,SL,-72.44,17
2026.07.29 17:30,2026.07.29 18:00,SELL,Swing,4038.980,4053.695,147.2,24.8,94.1,0.17,0.64,1,0,1,1,5,8,0,,,0,,,0,,,0,,,0,,,0,,,0,,,SL,-147.15,30
2026.07.31 07:50,2026.07.31 08:03,BUY,LienKe,4070.082,4065.127,49.5,16.3,48.8,0.33,0.98,1,1,2,0,,,0,,,0,,,0,,,0,,,0,,,0,,,0,,,SL,-49.55,13
2026.07.31 07:45,2026.07.31 08:03,BUY,LienKe,4072.340,4065.127,72.1,19.6,71.3,0.27,0.99,1,0,0,0,,,0,,,0,,,0,,,0,,,0,,,0,,,0,,,SL,-72.13,18
2026.08.03 10:42,2026.08.03 12:40,BUY,LienKe,4049.676,4043.629,60.5,150.2,43.6,2.48,0.72,1,4,5,1,22,26,1,23,26,1,60,97,1,67,97,1,67,97,1,78,97,0,,,0,,,SL,-60.47,118
2026.08.03 10:42,2026.08.03 12:40,BUY,Swing,4049.676,4043.629,60.5,150.2,43.6,2.48,0.72,1,4,5,1,22,26,1,23,26,1,60,97,1,67,97,1,67,97,1,78,97,0,,,0,,,SL,-60.47,118
2026.08.03 09:45,2026.08.03 12:40,BUY,LienKe,4053.521,4043.629,98.9,111.8,82.1,1.13,0.83,1,0,16,1,1,16,1,4,16,1,124,154,1,125,154,1,135,154,0,,,0,,,0,,,SL,-98.92,175
2026.08.03 09:45,2026.08.03 12:40,BUY,Swing,4053.521,4043.629,98.9,111.8,82.1,1.13,0.83,1,0,16,1,1,16,1,4,16,1,124,154,1,125,154,1,135,154,0,,,0,,,0,,,SL,-98.92,175
2026.08.06 00:33,2026.08.06 00:35,SELL,LienKe,4279.420,4287.769,83.5,0.0,78.7,0.00,0.94,0,,,0,,,0,,,0,,,0,,,0,,,0,,,0,,,0,,,SL,-83.49,1
2026.08.06 00:30,2026.08.06 00:35,SELL,LienKe,4274.063,4287.769,137.1,0.0,132.3,0.00,0.97,0,,,0,,,0,,,0,,,0,,,0,,,0,,,0,,,0,,,SL,-137.06,5
2026.08.06 16:30,2026.08.07 02:01,BUY,LienKe,4230.169,4220.147,100.2,291.8,6.6,2.91,0.07,1,0,509,1,0,509,1,1,509,1,8,509,1,25,509,1,25,509,1,82,509,1,160,509,0,,,TP,294.65,571
2026.08.09 23:02,2026.08.09 23:23,SELL,LienKe,4344.632,4348.335,37.0,3.7,33.1,0.10,0.89,0,,,0,,,0,,,0,,,0,,,0,,,0,,,0,,,0,,,SL,-37.03,21
2026.08.09 23:00,2026.08.09 23:23,SELL,LienKe,4341.637,4348.335,67.0,2.0,63.0,0.03,0.94,0,,,0,,,0,,,0,,,0,,,0,,,0,,,0,,,0,,,SL,-66.98,23
2026.08.12 10:09,2026.08.12 12:30,SELL,Swing,4418.825,4427.392,85.7,139.3,83.9,1.63,0.98,1,1,2,1,26,140,1,28,140,1,30,140,1,39,140,1,40,140,0,,,0,,,0,,,SL,-85.67,140
2026.08.12 09:30,2026.08.12 12:30,SELL,Swing,4413.204,4427.392,141.9,83.1,140.1,0.59,0.99,1,2,2,1,24,25,1,79,90,1,79,90,1,172,177,0,,,0,,,0,,,0,,,SL,-141.88,180
2026.08.18 04:37,2026.08.18 05:31,BUY,LienKe,4390.837,4386.767,40.7,52.2,33.1,1.28,0.81,1,3,36,1,5,36,1,6,36,1,43,53,0,,,0,,,0,,,0,,,0,,,SL,-40.70,54
2026.08.18 04:15,2026.08.18 05:31,BUY,LienKe,4392.703,4386.767,59.4,33.5,51.8,0.56,0.87,1,15,16,1,34,46,1,66,74,0,,,0,,,0,,,0,,,0,,,0,,,SL,-59.36,76
2026.08.18 12:30,2026.08.18 13:41,SELL,LienKe,4397.960,4403.978,60.2,219.6,55.9,3.65,0.93,1,0,5,1,0,5,1,0,5,1,1,5,1,37,64,1,60,64,1,60,64,1,60,64,0,,,SL,-60.18,71
2026.08.18 12:30,2026.08.18 13:41,SELL,LienKe,4395.058,4403.978,89.2,190.6,85.0,2.14,0.95,1,0,1,1,1,1,1,10,16,1,37,42,1,60,62,1,60,62,1,60,62,0,,,0,,,SL,-89.20,71
2026.08.19 07:45,2026.08.19 10:16,SELL,LienKe,4354.573,4366.075,115.0,33.9,101.2,0.29,0.88,1,16,18,1,17,18,1,17,18,0,,,0,,,0,,,0,,,0,,,0,,,SL,-115.02,151
2026.08.21 02:44,2026.08.21 04:27,SELL,LienKe,4536.624,4546.877,102.5,97.1,97.8,0.95,0.95,1,1,1,1,15,18,1,15,18,1,43,76,1,56,76,0,,,0,,,0,,,0,,,SL,-102.53,103
2026.08.21 02:44,2026.08.21 04:27,SELL,Swing,4536.624,4546.877,102.5,97.1,97.8,0.95,0.95,1,1,1,1,15,18,1,15,18,1,43,76,1,56,76,0,,,0,,,0,,,0,,,SL,-102.53,103
2026.08.24 06:45,2026.08.24 11:36,SELL,LienKe,4643.174,4663.050,198.8,142.6,185.7,0.72,0.93,1,45,46,1,56,73,1,57,73,1,58,73,1,59,73,1,60,73,0,,,0,,,0,,,SL,-198.76,291
2026.08.24 08:57,2026.08.24 11:38,BUY,LienKe,4637.362,4625.655,117.1,293.5,46.4,2.51,0.40,1,2,2,1,3,19,1,3,19,1,4,19,1,52,-,1,63,-,1,157,-,1,158,-,0,,,TP,300.00,161
2026.08.26 09:16,2026.08.26 09:21,BUY,LienKe,4623.924,4619.086,48.4,0.0,40.4,0.00,0.83,0,,,0,,,0,,,0,,,0,,,0,,,0,,,0,,,0,,,SL,-48.38,4
2026.08.26 08:45,2026.08.26 09:21,BUY,LienKe,4629.801,4619.086,107.2,12.7,99.2,0.12,0.93,1,16,17,0,,,0,,,0,,,0,,,0,,,0,,,0,,,0,,,SL,-107.15,36
2026.08.26 14:59,2026.08.26 15:02,BUY,Swing,4604.473,4594.820,96.5,10.1,48.3,0.10,0.50,1,0,1,0,,,0,,,0,,,0,,,0,,,0,,,0,,,0,,,SL,-96.53,3
2026.08.26 13:30,2026.08.26 15:02,BUY,Swing,4611.592,4594.820,167.7,219.2,119.5,1.31,0.71,1,0,2,1,0,2,1,0,2,1,0,2,1,12,81,1,14,81,1,20,81,1,29,81,0,,,SL,-167.72,92
2026.08.26 20:30,2026.08.26 23:20,BUY,LienKe,4591.428,4581.006,104.2,292.3,12.7,2.80,0.12,1,5,12,1,8,12,1,27,-,1,90,-,1,90,-,1,90,-,1,107,-,1,108,-,0,,,TP,300.00,170
2026.08.27 06:52,2026.08.27 07:19,BUY,LienKe,4602.630,4596.378,62.5,31.2,55.9,0.50,0.89,1,0,2,1,1,2,1,14,17,0,,,0,,,0,,,0,,,0,,,0,,,SL,-62.52,27
2026.08.27 06:15,2026.08.27 07:19,BUY,LienKe,4606.074,4596.378,97.0,56.6,90.3,0.58,0.93,1,4,5,1,6,19,1,6,19,1,15,19,0,,,0,,,0,,,0,,,0,,,SL,-96.96,64
2026.08.28 14:00,2026.08.28 14:02,SELL,LienKe,4616.183,4630.489,143.1,231.5,162.0,1.62,1.13,1,0,-,1,1,-,1,1,-,1,1,-,1,1,-,1,1,-,1,1,-,1,1,-,0,,,TP,300.00,1
2026.08.28 14:00,2026.08.28 14:02,SELL,Swing,4616.183,4630.489,143.1,231.5,162.0,1.62,1.13,1,0,-,1,1,-,1,1,-,1,1,-,1,1,-,1,1,-,1,1,-,1,1,-,0,,,TP,300.00,1
2026.08.30 23:20,2026.08.31 00:38,SELL,LienKe,4464.240,4469.891,56.5,283.6,52.0,5.02,0.92,1,2,55,1,3,55,1,3,55,1,4,55,1,7,55,1,10,55,1,21,55,1,25,55,0,,,SL,-56.51,78
2026.08.30 23:15,2026.08.31 00:38,SELL,LienKe,4460.610,4469.891,92.8,247.3,88.3,2.66,0.95,1,9,44,1,10,44,1,11,44,1,12,44,1,15,44,1,22,44,1,30,44,1,33,44,0,,,SL,-92.81,83
2026.08.31 13:43,2026.08.31 13:45,BUY,LienKe,4434.674,4430.619,40.6,0.0,29.0,0.00,0.71,0,,,0,,,0,,,0,,,0,,,0,,,0,,,0,,,0,,,SL,-40.55,2
2026.08.31 13:30,2026.08.31 13:45,BUY,LienKe,4446.270,4430.619,156.5,10.7,144.9,0.07,0.93,1,0,0,0,,,0,,,0,,,0,,,0,,,0,,,0,,,0,,,SL,-156.51,15
2026.09.01 12:59,2026.09.01 13:01,BUY,LienKe,4358.251,4348.804,94.5,0.0,89.4,0.00,0.95,0,,,0,,,0,,,0,,,0,,,0,,,0,,,0,,,0,,,SL,-94.47,2
2026.09.01 12:45,2026.09.01 13:01,BUY,LienKe,4364.897,4348.804,160.9,51.6,155.9,0.32,0.97,1,0,3,1,0,3,1,1,3,1,2,3,0,,,0,,,0,,,0,,,0,,,SL,-160.93,16
2026.09.02 00:53,2026.09.02 01:02,BUY,LienKe,4320.129,4312.569,75.6,25.9,62.0,0.34,0.82,1,7,7,1,7,7,0,,,0,,,0,,,0,,,0,,,0,,,0,,,SL,-75.60,9
2026.09.02 00:53,2026.09.02 01:02,BUY,Swing,4320.129,4312.569,75.6,25.9,62.0,0.34,0.82,1,7,7,1,7,7,0,,,0,,,0,,,0,,,0,,,0,,,0,,,SL,-75.60,9
2026.09.02 00:15,2026.09.02 01:02,BUY,LienKe,4328.473,4312.569,159.0,60.1,145.5,0.38,0.91,1,0,1,1,0,1,1,2,4,1,2,4,0,,,0,,,0,,,0,,,0,,,SL,-159.04,47
2026.09.02 00:15,2026.09.02 01:02,BUY,Swing,4328.473,4312.569,159.0,60.1,145.5,0.38,0.91,1,0,1,1,0,1,1,2,4,1,2,4,0,,,0,,,0,,,0,,,0,,,SL,-159.04,47
2026.09.02 11:34,2026.09.02 12:04,SELL,LienKe,4328.540,4334.733,61.9,50.2,60.5,0.81,0.98,1,7,20,1,8,20,1,9,20,1,16,20,0,,,0,,,0,,,0,,,0,,,SL,-61.93,30
2026.09.02 08:15,2026.09.02 12:04,SELL,LienKe,4325.407,4334.733,93.3,234.0,91.8,2.51,0.98,1,6,7,1,12,15,1,17,24,1,20,24,1,37,197,1,39,197,1,68,197,1,72,197,0,,,SL,-93.26,229
2026.09.03 08:19,2026.09.03 12:03,SELL,LienKe,4437.630,4446.700,90.7,185.3,84.8,2.04,0.93,1,4,5,1,4,5,1,20,27,1,23,27,1,86,179,1,86,179,1,120,179,0,,,0,,,SL,-90.70,224
2026.09.03 08:15,2026.09.03 12:03,SELL,LienKe,4431.497,4446.700,152.0,123.9,146.1,0.82,0.96,1,89,176,1,90,176,1,90,176,1,100,176,1,116,176,1,125,176,0,,,0,,,0,,,SL,-152.03,228
2026.09.07 06:15,2026.09.07 08:19,BUY,LienKe,4392.492,4382.181,103.1,295.8,24.7,2.87,0.24,1,0,5,1,2,5,1,4,5,1,9,42,1,49,87,1,100,-,1,105,-,1,107,-,0,,,TP,300.00,124
2026.09.07 11:45,2026.09.07 14:48,BUY,LienKe,4387.061,4377.933,91.3,296.9,21.1,3.25,0.23,1,0,9,1,1,9,1,1,9,1,25,-,1,44,-,1,46,-,1,80,-,1,107,-,0,,,TP,300.00,183
2026.09.08 00:33,2026.09.08 01:23,SELL,LienKe,4425.785,4433.268,74.8,106.2,65.3,1.42,0.87,1,0,3,1,1,3,1,4,7,1,10,24,1,15,24,1,19,24,0,,,0,,,0,,,SL,-74.83,50
2026.09.08 00:30,2026.09.08 01:23,SELL,LienKe,4421.238,4433.268,120.3,60.7,110.7,0.50,0.92,1,13,14,1,13,14,1,18,24,1,22,24,0,,,0,,,0,,,0,,,0,,,SL,-120.30,53
2026.09.08 04:15,2026.09.08 06:12,SELL,LienKe,4439.018,4446.097,70.8,282.3,18.9,3.99,0.27,1,5,43,1,5,43,1,6,43,1,8,43,1,54,-,1,57,-,1,71,-,1,75,-,0,,,TP,300.00,117
2026.09.09 00:30,2026.09.09 01:35,BUY,LienKe,4347.083,4337.916,91.7,298.6,36.1,3.26,0.39,1,9,-,1,9,-,1,9,-,1,14,-,1,15,-,1,19,-,1,29,-,1,37,-,0,,,TP,300.00,64
2026.09.09 00:30,2026.09.09 01:35,BUY,LienKe,4347.157,4337.916,92.4,297.8,36.8,3.22,0.40,1,9,-,1,9,-,1,10,-,1,14,-,1,15,-,1,20,-,1,29,-,1,38,-,0,,,TP,300.00,65
2026.09.09 13:11,2026.09.09 13:21,SELL,Swing,4411.300,4418.395,71.0,11.4,70.9,0.16,1.00,1,1,1,0,,,0,,,0,,,0,,,0,,,0,,,0,,,0,,,SL,-70.95,10
2026.09.09 12:00,2026.09.09 13:21,SELL,LienKe,4407.150,4418.395,112.5,160.7,112.4,1.43,1.00,1,2,3,1,3,62,1,4,62,1,6,62,1,15,62,1,19,62,1,30,62,0,,,0,,,SL,-112.45,81
2026.09.09 12:00,2026.09.09 13:21,SELL,Swing,4407.150,4418.395,112.5,160.7,112.4,1.43,1.00,1,2,3,1,3,62,1,4,62,1,6,62,1,15,62,1,19,62,1,30,62,0,,,0,,,SL,-112.45,81
2026.09.10 10:11,2026.09.10 10:34,BUY,Swing,4390.591,4385.311,52.8,95.2,48.8,1.80,0.92,1,0,20,1,0,20,1,1,20,1,2,20,1,5,20,0,,,0,,,0,,,0,,,SL,-52.80,23
2026.09.10 09:45,2026.09.10 10:34,BUY,Swing,4393.420,4385.311,81.1,66.9,77.1,0.83,0.95,1,1,13,1,3,13,1,17,24,1,19,24,0,,,0,,,0,,,0,,,0,,,SL,-81.09,49
