time_vao,time_dong,chieu,nguon,gia_vao,sl_goc,R_pip,mfe_pip,mae_pip,mfe_R,mae_R,cham10,phut10,phut_ve_entry_10,cham20,phut20,phut_ve_entry_20,cham30,phut30,phut_ve_entry_30,cham50,phut50,phut_ve_entry_50,cham80,phut80,phut_ve_entry_80,cham100,phut100,phut_ve_entry_100,cham150,phut150,phut_ve_entry_150,cham200,phut200,phut_ve_entry_200,cham300,phut300,phut_ve_entry_300,ket_cuc,lai_usd,phut_giu
2025.01.02 00:50,2025.01.02 01:11,SELL,Swing,2627.189,2630.937,37.5,32.2,36.3,0.86,0.97,1,7,14,1,10,14,1,10,14,0,,,0,,,0,,,0,,,0,,,0,,,SL,-37.48,20
2025.01.02 00:50,2025.01.02 01:11,SELL,Swing,2626.886,2630.937,40.5,29.1,39.3,0.72,0.97,1,9,14,1,10,14,0,,,0,,,0,,,0,,,0,,,0,,,0,,,SL,-40.51,21
2025.01.02 08:42,2025.01.02 09:28,SELL,LienKe,2636.501,2640.121,36.2,9.7,35.5,0.27,0.98,0,,,0,,,0,,,0,,,0,,,0,,,0,,,0,,,0,,,SL,-36.20,45
2025.01.02 08:42,2025.01.02 09:28,SELL,Swing,2636.501,2640.121,36.2,9.7,35.5,0.27,0.98,0,,,0,,,0,,,0,,,0,,,0,,,0,,,0,,,0,,,SL,-36.20,45
2025.01.02 08:10,2025.01.02 09:28,SELL,LienKe,2635.250,2640.121,48.7,40.0,48.0,0.82,0.99,1,1,3,1,13,31,1,17,31,0,,,0,,,0,,,0,,,0,,,0,,,SL,-48.71,78
2025.01.02 08:10,2025.01.02 09:28,SELL,Swing,2635.250,2640.121,48.7,40.0,48.0,0.82,0.99,1,1,3,1,13,31,1,17,31,0,,,0,,,0,,,0,,,0,,,0,,,SL,-48.71,78
2025.01.01 23:50,2025.01.02 15:37,BUY,LienKe,2623.302,2618.668,46.3,295.9,5.5,6.39,0.12,1,8,10,1,19,-,1,32,-,1,75,-,1,87,-,1,100,-,1,551,-,1,629,-,0,,,TP,283.95,947
2025.01.02 20:35,2025.01.03 02:19,SELL,LienKe,2659.806,2663.463,36.6,35.4,35.6,0.97,0.97,1,44,207,1,57,207,1,59,207,0,,,0,,,0,,,0,,,0,,,0,,,SL,-36.57,344
2025.01.06 01:08,2025.01.06 01:16,SELL,LienKe,2642.239,2646.498,42.6,3.1,40.2,0.07,0.94,0,,,0,,,0,,,0,,,0,,,0,,,0,,,0,,,0,,,SL,-42.59,8
2025.01.06 01:05,2025.01.06 01:16,SELL,LienKe,2641.032,2646.498,54.7,1.2,52.3,0.02,0.96,0,,,0,,,0,,,0,,,0,,,0,,,0,,,0,,,0,,,SL,-54.66,11
2025.01.08 09:32,2025.01.08 13:11,SELL,LienKe,2654.303,2658.001,37.0,83.0,33.9,2.24,0.92,1,16,28,1,90,209,1,101,209,1,116,209,1,172,209,0,,,0,,,0,,,0,,,SL,-36.98,219
2025.01.08 09:15,2025.01.08 13:11,SELL,LienKe,2653.562,2658.001,44.4,75.5,41.3,1.70,0.93,1,106,225,1,110,225,1,131,225,1,135,225,0,,,0,,,0,,,0,,,0,,,SL,-44.39,236
2025.01.08 14:15,2025.01.08 14:37,SELL,Swing,2663.443,2667.508,40.6,28.6,33.1,0.70,0.81,1,1,15,1,1,15,0,,,0,,,0,,,0,,,0,,,0,,,0,,,SL,-40.65,22
2025.01.08 14:15,2025.01.08 14:37,SELL,Swing,2662.338,2667.508,51.7,17.6,44.2,0.34,0.85,1,1,6,0,,,0,,,0,,,0,,,0,,,0,,,0,,,0,,,SL,-51.70,22
2025.01.09 16:30,2025.01.09 17:07,BUY,LienKe,2667.581,2663.905,36.8,26.1,32.8,0.71,0.89,1,3,6,1,13,27,0,,,0,,,0,,,0,,,0,,,0,,,0,,,SL,-36.76,37
2025.01.09 16:10,2025.01.09 17:07,BUY,LienKe,2668.419,2663.905,45.1,25.7,41.2,0.57,0.91,1,3,17,1,5,17,0,,,0,,,0,,,0,,,0,,,0,,,0,,,SL,-45.14,57
2025.01.10 13:03,2025.01.10 13:30,BUY,LienKe,2676.160,2671.747,44.1,47.9,10.4,1.09,0.24,1,3,-,1,3,-,1,7,-,0,,,0,,,0,,,0,,,0,,,0,,,SL,-44.13,27
2025.01.10 12:45,2025.01.10 13:30,BUY,LienKe,2677.742,2671.747,60.0,32.1,26.3,0.54,0.44,1,1,15,1,5,15,1,35,40,0,,,0,,,0,,,0,,,0,,,0,,,SL,-59.95,45
2025.01.15 14:46,2025.01.16 11:34,BUY,LienKe,2680.054,2675.156,49.0,297.4,34.1,6.07,0.70,1,2,14,1,3,14,1,4,14,1,112,-,1,122,-,1,134,-,1,295,-,1,623,-,0,,,TP,283.95,1248
2025.01.16 13:30,2025.01.16 13:30,SELL,LienKe,2710.098,2714.727,46.3,0.0,1.6,0.00,0.03,0,,,0,,,0,,,0,,,0,,,0,,,0,,,0,,,0,,,SL,-46.29,0
2025.01.15 14:40,2025.01.16 13:30,BUY,LienKe,2682.211,2675.156,70.5,295.2,55.7,4.18,0.79,1,0,3,1,0,3,1,118,-,1,127,-,1,140,-,1,146,-,1,391,-,1,1058,-,0,,,TP,283.95,1370
2025.01.16 13:30,2025.01.16 13:43,SELL,LienKe,2710.946,2714.727,37.8,12.7,39.5,0.34,1.04,1,9,10,0,,,0,,,0,,,0,,,0,,,0,,,0,,,0,,,SL,-37.81,13
2025.01.17 14:35,2025.01.19 23:16,BUY,LienKe,2706.869,2699.757,71.1,103.9,76.3,1.46,1.07,1,0,1,1,6,257,1,7,257,1,14,257,1,30,257,1,130,257,0,,,0,,,0,,,SL,-76.47,3401
2025.01.22 04:20,2025.01.22 05:35,SELL,LienKe,2751.186,2754.453,32.7,8.2,30.6,0.25,0.94,0,,,0,,,0,,,0,,,0,,,0,,,0,,,0,,,0,,,SL,-32.67,75
2025.01.22 04:20,2025.01.22 05:35,SELL,LienKe,2750.906,2754.453,35.5,5.4,33.4,0.15,0.94,0,,,0,,,0,,,0,,,0,,,0,,,0,,,0,,,0,,,SL,-35.47,75
2025.01.27 15:01,2025.01.27 15:05,BUY,Swing,2746.880,2741.983,49.0,1.9,42.8,0.04,0.87,0,,,0,,,0,,,0,,,0,,,0,,,0,,,0,,,0,,,SL,-48.97,4
2025.01.27 14:35,2025.01.27 15:05,BUY,Swing,2748.891,2741.983,69.1,65.7,62.9,0.95,0.91,1,0,25,1,0,25,1,3,25,1,6,25,0,,,0,,,0,,,0,,,0,,,SL,-69.08,30
2025.01.27 16:20,2025.01.27 16:51,BUY,LienKe,2739.566,2735.500,40.7,36.1,36.9,0.89,0.91,1,7,14,1,7,14,1,16,22,0,,,0,,,0,,,0,,,0,,,0,,,SL,-40.66,31
2025.01.27 16:15,2025.01.27 16:51,BUY,LienKe,2741.041,2735.500,55.4,21.3,51.6,0.38,0.93,1,21,25,1,22,25,0,,,0,,,0,,,0,,,0,,,0,,,0,,,SL,-55.41,36
2025.01.28 03:46,2025.01.28 08:33,BUY,LienKe,2738.498,2735.076,34.2,64.0,33.9,1.87,0.99,1,5,252,1,27,252,1,72,252,1,75,252,0,,,0,,,0,,,0,,,0,,,SL,-34.22,287
2025.01.28 03:40,2025.01.28 08:33,BUY,LienKe,2738.989,2735.076,39.1,59.0,38.8,1.51,0.99,1,12,16,1,43,253,1,79,253,1,81,253,0,,,0,,,0,,,0,,,0,,,SL,-39.13,293
2025.01.28 10:01,2025.01.28 13:31,SELL,LienKe,2744.541,2748.151,36.1,34.6,34.0,0.96,0.94,1,17,27,1,47,86,1,49,86,0,,,0,,,0,,,0,,,0,,,0,,,SL,-36.10,210
2025.01.28 09:35,2025.01.28 13:31,SELL,LienKe,2743.486,2748.151,46.6,24.0,44.5,0.52,0.95,1,7,9,1,75,84,0,,,0,,,0,,,0,,,0,,,0,,,0,,,SL,-46.65,236
2025.01.31 07:24,2025.01.31 12:05,SELL,Swing,2798.716,2802.658,39.4,75.3,39.3,1.91,1.00,1,20,22,1,42,47,1,58,266,1,61,266,0,,,0,,,0,,,0,,,0,,,SL,-39.42,281
2025.01.31 00:10,2025.01.31 12:05,SELL,LienKe,2797.767,2802.658,48.9,65.8,48.8,1.35,1.00,1,24,125,1,43,125,1,47,125,1,407,430,0,,,0,,,0,,,0,,,0,,,SL,-48.91,715
2025.01.31 00:10,2025.01.31 12:05,SELL,Swing,2797.767,2802.658,48.9,65.8,48.8,1.35,1.00,1,24,125,1,43,125,1,47,125,1,407,430,0,,,0,,,0,,,0,,,0,,,SL,-48.91,715
2025.01.31 05:44,2025.02.02 23:24,BUY,LienKe,2794.954,2790.870,40.8,222.9,39.3,5.46,0.96,1,23,26,1,93,158,1,99,158,1,106,158,1,392,857,1,395,857,1,552,857,1,563,857,0,,,SL,-46.19,3940
2025.01.31 05:40,2025.02.02 23:24,BUY,LienKe,2796.003,2790.870,51.3,212.4,49.8,4.14,0.97,1,98,147,1,103,147,1,104,147,1,112,147,1,396,773,1,416,773,1,558,773,1,572,773,0,,,SL,-56.68,3944
2025.01.31 10:13,2025.02.02 23:32,BUY,LienKe,2792.454,2788.651,38.0,247.9,31.6,6.52,0.83,1,4,19,1,9,19,1,61,3671,1,83,3671,1,103,3671,1,111,3671,1,149,3671,1,286,3671,0,,,SL,-43.38,3679
2025.01.31 09:00,2025.02.02 23:32,BUY,LienKe,2793.477,2788.651,48.3,237.7,41.8,4.92,0.87,1,0,2,1,33,60,1,147,3742,1,169,3742,1,181,3742,1,196,3742,1,280,3742,1,360,3742,0,,,SL,-53.61,3752
2025.02.02 23:30,2025.02.02 23:38,BUY,Swing,2791.753,2786.299,54.5,0.0,49.0,0.00,0.90,0,,,0,,,0,,,0,,,0,,,0,,,0,,,0,,,0,,,SL,-54.54,8
2025.02.02 23:30,2025.02.02 23:38,BUY,Swing,2792.519,2786.299,62.2,0.7,56.6,0.01,0.91,0,,,0,,,0,,,0,,,0,,,0,,,0,,,0,,,0,,,SL,-62.20,8
2025.02.03 01:16,2025.02.03 01:56,BUY,LienKe,2783.760,2779.599,41.6,9.0,30.1,0.22,0.72,0,,,0,,,0,,,0,,,0,,,0,,,0,,,0,,,0,,,SL,-41.61,40
2025.02.03 01:15,2025.02.03 01:56,BUY,LienKe,2785.899,2779.599,63.0,0.0,51.5,0.00,0.82,0,,,0,,,0,,,0,,,0,,,0,,,0,,,0,,,0,,,SL,-63.00,41
2025.02.04 06:30,2025.02.04 07:27,BUY,Swing,2812.129,2807.868,42.6,23.0,37.0,0.54,0.87,1,16,30,1,38,52,0,,,0,,,0,,,0,,,0,,,0,,,0,,,SL,-42.61,57
2025.02.04 06:30,2025.02.04 07:27,BUY,Swing,2812.296,2807.868,44.3,21.4,38.7,0.48,0.87,1,21,30,1,43,51,0,,,0,,,0,,,0,,,0,,,0,,,0,,,SL,-44.28,57
2025.02.06 08:12,2025.02.06 08:22,BUY,LienKe,2854.501,2850.590,39.1,21.0,25.8,0.54,0.66,1,2,7,1,5,7,0,,,0,,,0,,,0,,,0,,,0,,,0,,,SL,-39.11,10
2025.02.06 08:10,2025.02.06 08:22,BUY,LienKe,2855.664,2850.590,50.7,9.4,37.5,0.18,0.74,0,,,0,,,0,,,0,,,0,,,0,,,0,,,0,,,0,,,SL,-50.74,12
2025.02.07 13:10,2025.02.07 13:31,BUY,LienKe,2863.297,2859.851,34.5,76.8,30.2,2.23,0.88,1,19,20,1,19,20,1,19,20,1,19,20,0,,,0,,,0,,,0,,,0,,,SL,-34.46,21
2025.02.07 13:10,2025.02.07 13:31,BUY,LienKe,2864.055,2859.851,42.0,69.2,37.8,1.65,0.90,1,20,20,1,20,20,1,20,20,1,20,20,0,,,0,,,0,,,0,,,0,,,SL,-42.04,21
2025.02.13 04:14,2025.02.13 05:23,SELL,LienKe,2917.924,2921.461,35.4,15.9,33.9,0.45,0.96,1,7,11,0,,,0,,,0,,,0,,,0,,,0,,,0,,,0,,,SL,-35.37,69
2025.02.13 04:10,2025.02.13 05:23,SELL,LienKe,2917.469,2921.461,39.9,11.4,38.4,0.29,0.96,1,12,14,0,,,0,,,0,,,0,,,0,,,0,,,0,,,0,,,SL,-39.92,73
2025.02.17 09:21,2025.02.18 03:22,SELL,LienKe,2905.189,2909.321,41.3,130.3,40.4,3.15,0.98,1,5,1040,1,6,1040,1,18,1040,1,65,1040,1,72,1040,1,951,1040,0,,,0,,,0,,,SL,-41.32,1081
2025.02.17 09:20,2025.02.18 03:22,SELL,LienKe,2904.136,2909.321,51.8,119.7,50.9,2.31,0.98,1,7,105,1,20,105,1,65,105,1,66,105,1,74,105,1,973,1040,0,,,0,,,0,,,SL,-51.85,1082
2025.02.18 05:05,2025.02.18 12:41,SELL,LienKe,2910.879,2916.500,56.2,36.5,51.4,0.65,0.91,1,161,168,1,162,168,1,340,350,0,,,0,,,0,,,0,,,0,,,0,,,SL,-56.21,456
2025.02.18 05:05,2025.02.18 12:41,SELL,LienKe,2910.761,2916.500,57.4,35.3,52.5,0.62,0.92,1,161,168,1,162,168,1,340,349,0,,,0,,,0,,,0,,,0,,,0,,,SL,-57.39,456
2025.02.19 00:37,2025.02.19 00:58,BUY,LienKe,2932.808,2929.022,37.9,1.0,36.5,0.03,0.96,0,,,0,,,0,,,0,,,0,,,0,,,0,,,0,,,0,,,SL,-37.86,21
2025.02.19 00:30,2025.02.19 00:58,BUY,LienKe,2933.657,2929.022,46.4,2.7,45.0,0.06,0.97,0,,,0,,,0,,,0,,,0,,,0,,,0,,,0,,,0,,,SL,-46.35,28
2025.02.19 09:00,2025.02.19 09:15,SELL,Swing,2939.078,2943.041,39.6,8.0,7.9,0.20,0.20,0,,,0,,,0,,,0,,,0,,,0,,,0,,,0,,,0,,,SL,-39.63,15
2025.02.19 08:45,2025.02.19 09:15,SELL,Swing,2938.165,2943.041,48.8,15.9,17.0,0.33,0.35,1,3,8,0,,,0,,,0,,,0,,,0,,,0,,,0,,,0,,,SL,-48.76,30
2025.02.19 12:06,2025.02.19 15:59,BUY,LienKe,2933.040,2928.202,48.4,85.7,44.1,1.77,0.91,1,3,13,1,9,13,1,9,13,1,57,107,1,62,107,0,,,0,,,0,,,0,,,SL,-48.38,233
2025.02.19 12:05,2025.02.19 15:59,BUY,LienKe,2935.061,2928.202,68.6,65.5,64.3,0.95,0.94,1,10,11,1,57,106,1,58,106,1,60,106,0,,,0,,,0,,,0,,,0,,,SL,-68.59,234
2025.02.24 03:10,2025.02.24 08:52,SELL,Swing,2942.558,2946.379,38.2,71.6,26.1,1.87,0.68,1,10,12,1,30,70,1,52,70,1,166,266,0,,,0,,,0,,,0,,,0,,,SL,-38.21,342
2025.02.24 03:05,2025.02.24 08:52,SELL,Swing,2941.764,2946.379,46.1,63.7,34.0,1.38,0.74,1,0,4,1,57,72,1,57,72,1,171,201,0,,,0,,,0,,,0,,,0,,,SL,-46.15,347
2025.02.25 07:58,2025.02.25 12:33,BUY,Swing,2931.428,2927.518,39.1,110.0,19.1,2.81,0.49,1,5,6,1,14,273,1,29,273,1,38,273,1,42,273,1,56,273,0,,,0,,,0,,,SL,-39.10,275
2025.02.25 07:55,2025.02.25 12:33,BUY,Swing,2932.496,2927.518,49.8,99.3,29.8,2.00,0.60,1,1,2,1,32,275,1,36,275,1,42,275,1,47,275,0,,,0,,,0,,,0,,,SL,-49.78,278
2025.02.25 14:20,2025.02.25 15:24,SELL,LienKe,2941.649,2945.635,39.9,253.8,34.6,6.37,0.87,1,0,1,1,24,-,1,24,-,1,27,-,1,38,-,1,41,-,1,55,-,1,57,-,0,,,TP,300.00,64
2025.02.25 14:20,2025.02.25 15:24,SELL,LienKe,2940.636,2945.635,50.0,243.7,44.7,4.87,0.89,1,24,-,1,24,-,1,26,-,1,32,-,1,39,-,1,48,-,1,56,-,1,59,-,0,,,TP,300.00,64
2025.02.26 16:38,2025.02.26 23:42,SELL,LienKe,2914.305,2919.682,53.8,37.8,51.4,0.70,0.95,1,8,16,1,11,16,1,12,16,0,,,0,,,0,,,0,,,0,,,0,,,SL,-53.77,424
2025.02.26 16:10,2025.02.26 23:42,SELL,LienKe,2911.946,2919.682,77.4,18.6,74.9,0.24,0.97,1,0,1,0,,,0,,,0,,,0,,,0,,,0,,,0,,,0,,,SL,-77.36,452
2025.02.27 02:05,2025.02.27 02:50,BUY,LienKe,2911.801,2908.021,37.8,30.1,29.6,0.80,0.78,1,2,42,1,4,42,1,5,42,0,,,0,,,0,,,0,,,0,,,0,,,SL,-37.80,45
2025.02.27 02:00,2025.02.27 02:50,BUY,LienKe,2912.734,2908.021,47.1,20.8,38.9,0.44,0.83,1,8,30,1,10,30,0,,,0,,,0,,,0,,,0,,,0,,,0,,,SL,-47.13,50
2025.02.27 04:17,2025.02.27 04:33,BUY,LienKe,2904.463,2901.148,33.2,20.9,21.1,0.63,0.64,1,0,11,1,7,11,0,,,0,,,0,,,0,,,0,,,0,,,0,,,SL,-33.15,16
2025.02.27 04:15,2025.02.27 04:33,BUY,LienKe,2905.247,2901.148,41.0,13.1,28.9,0.32,0.71,1,4,6,0,,,0,,,0,,,0,,,0,,,0,,,0,,,0,,,SL,-40.99,18
2025.03.03 08:31,2025.03.03 15:29,BUY,LienKe,2859.510,2855.830,36.8,289.8,3.5,7.87,0.10,1,2,-,1,3,-,1,4,-,1,8,-,1,21,-,1,33,-,1,160,-,1,364,-,0,,,TP,300.00,418
2025.03.03 08:31,2025.03.03 15:29,BUY,Swing,2859.510,2855.830,36.8,289.8,3.5,7.87,0.10,1,2,-,1,3,-,1,4,-,1,8,-,1,21,-,1,33,-,1,160,-,1,364,-,0,,,TP,300.00,418
2025.03.03 08:30,2025.03.03 15:30,BUY,LienKe,2860.350,2855.830,45.2,293.1,11.9,6.48,0.26,1,4,-,1,5,-,1,6,-,1,9,-,1,22,-,1,47,-,1,162,-,1,365,-,0,,,TP,300.00,420
2025.03.03 08:30,2025.03.03 15:30,BUY,Swing,2860.350,2855.830,45.2,293.1,11.9,6.48,0.26,1,4,-,1,5,-,1,6,-,1,9,-,1,22,-,1,47,-,1,162,-,1,365,-,0,,,TP,300.00,420
2025.03.04 20:08,2025.03.04 20:20,SELL,LienKe,2916.556,2920.063,35.1,0.0,34.3,0.00,0.98,0,,,0,,,0,,,0,,,0,,,0,,,0,,,0,,,0,,,SL,-35.07,11
2025.03.04 20:05,2025.03.04 20:20,SELL,LienKe,2915.810,2920.063,42.5,1.8,41.8,0.04,0.98,0,,,0,,,0,,,0,,,0,,,0,,,0,,,0,,,0,,,SL,-42.53,15
2025.03.06 05:06,2025.03.06 07:37,BUY,LienKe,2916.386,2912.514,38.7,66.8,32.7,1.73,0.84,1,24,41,1,26,41,1,28,41,1,54,137,0,,,0,,,0,,,0,,,0,,,SL,-38.72,151
2025.03.06 05:05,2025.03.06 07:37,BUY,LienKe,2917.407,2912.514,48.9,56.6,42.9,1.16,0.88,1,27,41,1,29,41,1,51,138,1,56,138,0,,,0,,,0,,,0,,,0,,,SL,-48.93,152
2025.03.07 13:40,2025.03.07 15:00,SELL,LienKe,2922.929,2929.478,65.5,192.0,60.6,2.93,0.92,1,1,1,1,6,66,1,6,66,1,13,66,1,15,66,1,20,66,1,21,66,0,,,0,,,SL,-65.49,80
2025.03.10 03:35,2025.03.10 07:54,BUY,LienKe,2910.050,2906.464,35.9,53.7,31.0,1.50,0.86,1,16,88,1,17,88,1,155,164,1,208,254,0,,,0,,,0,,,0,,,0,,,SL,-35.86,259
2025.03.10 02:30,2025.03.10 07:54,BUY,LienKe,2910.830,2906.464,43.7,45.9,38.8,1.05,0.89,1,4,65,1,6,65,1,8,65,0,,,0,,,0,,,0,,,0,,,0,,,SL,-43.66,324
2025.03.10 16:57,2025.03.10 17:10,BUY,LienKe,2897.549,2892.874,46.8,3.7,41.7,0.08,0.89,0,,,0,,,0,,,0,,,0,,,0,,,0,,,0,,,0,,,SL,-46.75,13
2025.03.10 16:50,2025.03.10 17:10,BUY,LienKe,2899.302,2892.874,64.3,4.9,59.2,0.08,0.92,0,,,0,,,0,,,0,,,0,,,0,,,0,,,0,,,0,,,SL,-64.28,20
2025.03.11 11:43,2025.03.11 13:38,SELL,Swing,2914.575,2918.456,38.8,76.3,32.9,1.97,0.85,1,9,52,1,32,52,1,34,52,1,82,111,0,,,0,,,0,,,0,,,0,,,SL,-38.81,115
2025.03.11 11:35,2025.03.11 13:38,SELL,Swing,2913.596,2918.456,48.6,66.5,42.6,1.37,0.88,1,1,3,1,42,53,1,89,118,1,91,118,0,,,0,,,0,,,0,,,0,,,SL,-48.60,123
2025.03.12 09:05,2025.03.12 15:51,SELL,Swing,2921.218,2928.372,71.5,150.9,69.6,2.11,0.97,1,0,1,1,6,207,1,33,207,1,38,207,1,73,207,1,253,350,1,260,350,0,,,0,,,SL,-71.54,406
2025.03.12 16:07,2025.03.12 16:09,SELL,LienKe,2929.093,2932.729,36.4,0.0,31.4,0.00,0.86,0,,,0,,,0,,,0,,,0,,,0,,,0,,,0,,,0,,,SL,-36.36,2
2025.03.12 16:05,2025.03.12 16:09,SELL,LienKe,2928.286,2932.729,44.4,2.4,39.4,0.05,0.89,0,,,0,,,0,,,0,,,0,,,0,,,0,,,0,,,0,,,SL,-44.43,4
2025.03.13 00:26,2025.03.13 02:42,SELL,LienKe,2938.926,2942.364,34.4,23.3,29.0,0.68,0.84,1,18,33,1,72,86,0,,,0,,,0,,,0,,,0,,,0,,,0,,,SL,-34.38,136
2025.03.13 00:25,2025.03.13 02:42,SELL,LienKe,2938.432,2942.364,39.3,18.3,33.9,0.47,0.86,1,71,87,0,,,0,,,0,,,0,,,0,,,0,,,0,,,0,,,SL,-39.32,137
2025.03.13 16:05,2025.03.13 16:32,SELL,LienKe,2978.403,2982.008,36.1,13.1,31.2,0.36,0.86,1,10,11,0,,,0,,,0,,,0,,,0,,,0,,,0,,,0,,,SL,-36.05,27
2025.03.13 16:05,2025.03.13 16:32,SELL,LienKe,2977.504,2982.008,45.0,7.6,40.1,0.17,0.89,0,,,0,,,0,,,0,,,0,,,0,,,0,,,0,,,0,,,SL,-45.04,27
2025.03.14 04:21,2025.03.14 09:20,SELL,LienKe,2993.397,2996.928,35.3,124.0,32.3,3.51,0.91,1,5,279,1,9,279,1,10,279,1,18,279,1,36,279,1,64,279,0,,,0,,,0,,,SL,-35.31,299
2025.03.14 04:05,2025.03.14 09:20,SELL,LienKe,2992.816,2996.928,41.1,118.2,38.1,2.87,0.93,1,22,263,1,26,263,1,28,263,1,45,263,1,52,263,1,81,263,0,,,0,,,0,,,SL,-41.12,315
2025.03.14 13:57,2025.03.14 15:04,BUY,LienKe,2986.205,2980.157,60.5,71.8,53.8,1.19,0.89,1,4,5,1,9,32,1,9,32,1,12,32,0,,,0,,,0,,,0,,,0,,,SL,-60.48,66
2025.03.14 13:40,2025.03.14 15:04,BUY,LienKe,2989.849,2980.157,96.9,35.3,90.2,0.36,0.93,1,0,0,1,10,13,1,32,36,0,,,0,,,0,,,0,,,0,,,0,,,SL,-96.92,84
2025.03.17 03:30,2025.03.17 04:48,BUY,LienKe,2986.220,2983.016,32.0,24.7,30.3,0.77,0.95,1,5,11,1,6,11,0,,,0,,,0,,,0,,,0,,,0,,,0,,,SL,-32.04,78
2025.03.17 03:30,2025.03.17 04:48,BUY,LienKe,2986.621,2983.016,36.1,20.7,34.4,0.57,0.95,1,5,10,1,6,10,0,,,0,,,0,,,0,,,0,,,0,,,0,,,SL,-36.05,78
2025.03.18 08:11,2025.03.18 08:23,SELL,LienKe,3019.296,3022.714,34.2,6.7,30.2,0.20,0.88,0,,,0,,,0,,,0,,,0,,,0,,,0,,,0,,,0,,,SL,-34.18,12
2025.03.18 08:10,2025.03.18 08:23,SELL,LienKe,3018.875,3022.714,38.4,2.5,34.4,0.07,0.90,0,,,0,,,0,,,0,,,0,,,0,,,0,,,0,,,0,,,SL,-38.39,13
2025.03.18 00:20,2025.03.18 12:08,BUY,LienKe,3000.576,2996.554,40.2,297.4,10.9,7.40,0.27,1,1,28,1,4,28,1,62,-,1,96,-,1,147,-,1,150,-,1,271,-,1,477,-,0,,,TP,300.00,708
2025.03.19 05:34,2025.03.19 05:37,SELL,LienKe,3038.875,3042.293,34.2,0.0,30.1,0.00,0.88,0,,,0,,,0,,,0,,,0,,,0,,,0,,,0,,,0,,,SL,-34.18,3
2025.03.19 05:20,2025.03.19 05:37,SELL,LienKe,3038.291,3042.293,40.0,9.8,35.9,0.24,0.90,0,,,0,,,0,,,0,,,0,,,0,,,0,,,0,,,0,,,SL,-40.02,17
2025.03.21 04:51,2025.03.21 05:32,BUY,LienKe,3029.793,3026.180,36.1,7.7,33.4,0.21,0.92,0,,,0,,,0,,,0,,,0,,,0,,,0,,,0,,,0,,,SL,-36.13,41
2025.03.21 04:05,2025.03.21 05:32,BUY,LienKe,3030.565,3026.180,43.9,14.4,41.1,0.33,0.94,1,3,10,0,,,0,,,0,,,0,,,0,,,0,,,0,,,0,,,SL,-43.85,87
2025.03.24 13:45,2025.03.24 14:24,BUY,LienKe,3022.026,3017.914,41.1,39.7,28.8,0.97,0.70,1,6,12,1,6,12,1,9,12,0,,,0,,,0,,,0,,,0,,,0,,,SL,-41.12,38
2025.03.24 13:40,2025.03.24 14:24,BUY,LienKe,3023.341,3017.914,54.3,26.6,41.9,0.49,0.77,1,13,17,1,15,17,0,,,0,,,0,,,0,,,0,,,0,,,0,,,SL,-54.27,44
2025.03.26 08:06,2025.03.27 04:07,SELL,LienKe,3031.330,3035.042,37.1,188.4,31.9,5.08,0.86,1,7,1116,1,8,1116,1,11,1116,1,33,1116,1,54,1116,1,69,1116,1,350,1116,0,,,0,,,SL,-37.12,1201
2025.03.26 08:05,2025.03.27 04:07,SELL,LienKe,3030.584,3035.042,44.6,181.0,39.4,4.06,0.88,1,9,1117,1,11,1117,1,16,1117,1,45,1117,1,64,1117,1,74,1117,1,358,1117,0,,,0,,,SL,-44.58,1202
2025.03.27 12:05,2025.03.27 14:49,SELL,LienKe,3054.736,3058.976,42.4,211.7,38.3,4.99,0.90,1,6,154,1,8,154,1,13,154,1,20,154,1,66,154,1,71,154,1,77,154,1,95,154,0,,,SL,-42.40,164
2025.03.27 13:47,2025.03.28 01:13,BUY,LienKe,3035.214,3030.406,48.1,298.6,11.3,6.21,0.23,1,0,1,1,6,-,1,7,-,1,12,-,1,16,-,1,18,-,1,33,-,1,52,-,0,,,TP,294.65,686
2025.03.27 13:45,2025.03.28 01:32,BUY,LienKe,3037.210,3030.406,68.0,298.6,31.2,4.39,0.46,1,0,1,1,13,-,1,14,-,1,16,-,1,20,-,1,29,-,1,53,-,1,54,-,0,,,TP,294.65,707
2025.04.01 05:33,2025.04.01 15:53,SELL,LienKe,3147.237,3150.947,37.1,292.6,19.8,7.89,0.53,1,7,-,1,10,-,1,14,-,1,17,-,1,19,-,1,20,-,1,22,-,1,30,-,0,,,TP,300.00,620
2025.04.01 04:15,2025.04.01 15:57,SELL,LienKe,3146.524,3150.947,44.2,299.6,27.0,6.77,0.61,1,2,75,1,7,75,1,11,75,1,95,-,1,97,-,1,98,-,1,100,-,1,208,-,0,,,TP,300.00,702
2025.04.02 20:17,2025.04.02 20:29,BUY,Swing,3111.271,3101.742,95.3,269.1,47.6,2.82,0.50,1,1,-,1,1,-,1,1,-,1,1,-,1,1,-,1,1,-,1,3,-,1,10,-,0,,,TP,300.00,12
2025.04.02 20:15,2025.04.02 22:16,BUY,Swing,3117.924,3101.742,161.8,289.8,114.1,1.79,0.71,1,0,2,1,0,2,1,0,2,1,0,2,1,1,2,1,1,2,1,13,-,1,13,-,0,,,TP,300.00,121
2025.04.03 04:58,2025.04.03 05:12,BUY,LienKe,3140.506,3136.107,44.0,6.5,39.0,0.15,0.89,0,,,0,,,0,,,0,,,0,,,0,,,0,,,0,,,0,,,SL,-43.99,14
2025.04.03 04:55,2025.04.03 05:12,BUY,LienKe,3142.585,3136.107,64.8,10.0,59.8,0.15,0.92,1,0,0,0,,,0,,,0,,,0,,,0,,,0,,,0,,,0,,,SL,-64.78,17
2025.04.04 20:57,2025.04.06 22:22,SELL,LienKe,3039.670,3043.940,42.7,251.2,9.6,5.88,0.22,1,0,-,1,2955,-,1,2955,-,1,2955,-,1,2955,-,1,2955,-,1,2960,-,1,2963,-,0,,,TP,300.00,2965
2025.04.04 20:20,2025.04.06 22:22,SELL,LienKe,3037.932,3043.940,60.1,233.8,27.0,3.89,0.45,1,3,4,1,23,28,1,2993,-,1,2993,-,1,2993,-,1,2995,-,1,2997,-,1,3001,-,0,,,TP,300.00,3002
2025.04.07 00:15,2025.04.07 01:12,BUY,LienKe,2976.152,2967.689,84.6,217.7,40.8,2.57,0.48,1,1,31,1,1,31,1,1,31,1,1,31,1,1,31,1,2,31,1,5,31,1,55,-,0,,,TP,300.00,57
2025.04.07 00:15,2025.04.07 01:15,BUY,LienKe,2981.672,2967.689,139.8,273.9,96.0,1.96,0.69,1,1,15,1,1,15,1,2,15,1,2,15,1,2,15,1,22,27,1,55,-,1,57,-,0,,,TP,300.00,60
2025.04.07 11:40,2025.04.07 13:35,SELL,LienKe,3043.767,3049.148,53.8,293.0,14.8,5.45,0.27,1,1,-,1,1,-,1,2,-,1,6,-,1,7,-,1,16,-,1,20,-,1,54,-,0,,,TP,300.00,115
2025.04.07 11:40,2025.04.07 13:35,SELL,LienKe,3041.354,3049.148,77.9,268.9,38.9,3.45,0.50,1,0,0,1,4,-,1,6,-,1,8,-,1,16,-,1,19,-,1,26,-,1,55,-,0,,,TP,300.00,115
2025.04.09 06:15,2025.04.09 06:23,SELL,Swing,3021.125,3028.244,71.2,0.0,65.6,0.00,0.92,0,,,0,,,0,,,0,,,0,,,0,,,0,,,0,,,0,,,SL,-71.19,8
2025.04.09 06:15,2025.04.09 06:23,SELL,Swing,3020.436,3028.244,78.1,5.1,72.5,0.06,0.93,0,,,0,,,0,,,0,,,0,,,0,,,0,,,0,,,0,,,SL,-78.08,8
2025.04.10 01:00,2025.04.10 02:09,SELL,Swing,3099.336,3104.463,51.3,207.4,30.9,4.05,0.60,1,0,60,1,1,60,1,1,60,1,1,60,1,1,60,1,13,60,1,19,60,1,36,60,0,,,SL,-51.27,69
2025.04.10 00:40,2025.04.10 02:09,SELL,Swing,3096.904,3104.463,75.6,183.1,55.2,2.42,0.73,1,2,4,1,3,4,1,6,15,1,21,80,1,33,80,1,33,80,1,55,80,0,,,0,,,SL,-75.59,89
2025.04.10 12:49,2025.04.10 14:05,SELL,Swing,3130.123,3136.993,68.7,139.5,66.6,2.03,0.97,1,1,30,1,1,30,1,1,30,1,5,30,1,9,30,1,45,73,0,,,0,,,0,,,SL,-68.70,76
2025.04.10 12:35,2025.04.10 14:05,SELL,Swing,3125.008,3136.993,119.9,88.4,117.8,0.74,0.98,1,0,9,1,0,9,1,0,9,1,1,9,1,1,9,0,,,0,,,0,,,0,,,SL,-119.85,90
2025.04.10 08:56,2025.04.10 14:05,BUY,LienKe,3106.965,3101.686,52.8,296.6,37.8,5.62,0.72,1,20,34,1,21,34,1,29,34,1,41,-,1,60,-,1,62,-,1,90,-,1,193,-,0,,,TP,300.00,309
2025.04.10 08:40,2025.04.10 14:07,BUY,LienKe,3108.916,3101.686,72.3,291.5,57.3,4.03,0.79,1,1,13,1,2,13,1,3,13,1,75,-,1,78,-,1,95,-,1,170,-,1,209,-,0,,,TP,300.00,327
2025.04.11 16:11,2025.04.14 10:20,SELL,LienKe,3243.579,3248.436,48.6,298.3,23.4,6.14,0.48,1,2,3,1,4,10,1,7,10,1,15,3464,1,17,3464,1,17,3464,1,38,3464,1,42,3464,0,,,TP,300.00,3969
2025.04.11 16:10,2025.04.14 10:21,SELL,LienKe,3241.771,3248.436,66.6,287.7,41.5,4.32,0.62,1,8,9,1,15,3455,1,16,3455,1,17,3455,1,19,3455,1,29,3455,1,40,3455,1,44,3455,0,,,TP,300.00,3971
2025.04.14 13:09,2025.04.14 13:13,BUY,LienKe,3203.606,3197.468,61.4,0.0,49.2,0.00,0.80,0,,,0,,,0,,,0,,,0,,,0,,,0,,,0,,,0,,,SL,-61.38,4
2025.04.14 12:45,2025.04.14 13:13,BUY,LienKe,3206.908,3197.468,94.4,50.3,82.2,0.53,0.87,1,0,1,1,0,1,1,0,1,1,4,7,0,,,0,,,0,,,0,,,0,,,SL,-94.40,28
2025.04.15 04:30,2025.04.15 20:02,SELL,LienKe,3229.312,3233.103,37.9,176.0,35.5,4.64,0.94,1,3,12,1,46,220,1,48,220,1,57,220,1,77,220,1,180,220,1,561,793,0,,,0,,,SL,-37.91,932
2025.04.15 04:05,2025.04.15 20:02,SELL,LienKe,3228.493,3233.103,46.1,167.8,43.7,3.64,0.95,1,5,6,1,73,148,1,77,148,1,97,148,1,201,245,1,206,245,1,588,816,0,,,0,,,SL,-46.10,957
2025.04.15 12:39,2025.04.15 23:37,BUY,LienKe,3216.171,3211.266,49.0,289.6,46.2,5.90,0.94,1,1,60,1,1,60,1,2,60,1,4,60,1,25,60,1,29,60,1,391,-,1,599,-,0,,,TP,300.00,658
2025.04.15 12:30,2025.04.15 23:58,BUY,LienKe,3219.801,3211.266,85.3,292.1,82.5,3.42,0.97,1,1,4,1,1,4,1,16,25,1,37,53,1,311,-,1,316,-,1,599,-,1,620,-,0,,,TP,300.00,688
2025.04.16 04:54,2025.04.16 04:56,SELL,LienKe,3282.569,3286.736,41.7,2.1,34.0,0.05,0.81,0,,,0,,,0,,,0,,,0,,,0,,,0,,,0,,,0,,,SL,-41.67,1
2025.04.16 04:05,2025.04.16 04:56,SELL,LienKe,3280.891,3286.736,58.4,114.4,50.7,1.96,0.87,1,9,43,1,11,43,1,16,43,1,17,43,1,22,43,1,25,43,0,,,0,,,0,,,SL,-58.45,51
2025.04.21 09:27,2025.04.21 11:36,SELL,LienKe,3395.513,3399.560,40.5,89.5,34.9,2.21,0.86,1,3,6,1,21,46,1,24,46,1,104,123,1,105,123,0,,,0,,,0,,,0,,,SL,-40.47,129
2025.04.21 09:15,2025.04.21 11:36,SELL,LienKe,3394.431,3399.560,51.3,78.7,45.7,1.53,0.89,1,2,5,1,3,5,1,36,38,1,116,135,0,,,0,,,0,,,0,,,0,,,SL,-51.29,141
2025.04.21 12:05,2025.04.21 12:46,SELL,LienKe,3405.637,3409.730,40.9,75.1,32.2,1.84,0.79,1,1,1,1,4,14,1,7,14,1,19,39,0,,,0,,,0,,,0,,,0,,,SL,-40.93,41
2025.04.21 12:05,2025.04.21 12:46,SELL,LienKe,3404.511,3409.730,52.2,63.8,43.5,1.22,0.83,1,5,6,1,8,13,1,19,33,1,20,33,0,,,0,,,0,,,0,,,0,,,SL,-52.19,41
2025.04.22 16:15,2025.04.22 16:17,BUY,LienKe,3410.576,3402.087,84.9,0.0,82.3,0.00,0.97,0,,,0,,,0,,,0,,,0,,,0,,,0,,,0,,,0,,,SL,-84.89,1
2025.04.22 16:05,2025.04.22 16:17,BUY,LienKe,3416.192,3402.087,141.1,32.1,138.5,0.23,0.98,1,2,3,1,2,3,1,4,5,0,,,0,,,0,,,0,,,0,,,0,,,SL,-141.05,12
2025.04.24 20:00,2025.04.24 20:55,SELL,LienKe,3342.266,3350.026,77.6,39.8,77.3,0.51,1.00,1,0,4,1,0,4,1,9,30,0,,,0,,,0,,,0,,,0,,,0,,,SL,-77.60,55
2025.04.24 22:36,2025.04.25 03:52,SELL,Swing,3367.091,3373.324,62.3,296.2,38.6,4.75,0.62,1,3,22,1,5,22,1,9,22,1,10,22,1,25,-,1,45,-,1,55,-,1,191,-,0,,,TP,300.00,316
2025.04.24 22:35,2025.04.25 03:52,SELL,Swing,3363.849,3373.324,94.7,263.7,71.0,2.78,0.75,1,11,12,1,12,12,1,25,-,1,27,-,1,48,-,1,48,-,1,60,-,1,198,-,0,,,TP,300.00,317
2025.04.27 23:46,2025.04.28 01:24,BUY,LienKe,3303.891,3297.242,66.5,120.7,55.6,1.82,0.84,1,1,2,1,15,89,1,16,89,1,20,89,1,20,89,1,64,89,0,,,0,,,0,,,SL,-66.49,98
2025.04.27 23:25,2025.04.28 01:24,BUY,LienKe,3305.492,3297.242,82.5,104.7,71.6,1.27,0.87,1,0,8,1,1,8,1,2,8,1,3,8,1,41,47,1,87,110,0,,,0,,,0,,,SL,-82.50,119
2025.04.28 14:50,2025.04.28 16:13,SELL,Swing,3330.323,3336.208,58.9,110.7,58.8,1.88,1.00,1,1,2,1,1,2,1,10,25,1,11,25,1,48,76,1,51,76,0,,,0,,,0,,,SL,-58.85,83
2025.04.28 14:50,2025.04.28 16:13,SELL,Swing,3329.133,3336.208,70.8,98.8,70.7,1.40,1.00,1,1,2,1,10,24,1,11,24,1,15,24,1,50,76,0,,,0,,,0,,,0,,,SL,-70.75,83
2025.04.28 16:35,2025.04.28 18:23,SELL,LienKe,3336.426,3340.926,45.0,36.9,39.3,0.82,0.87,1,4,5,1,13,20,1,14,20,0,,,0,,,0,,,0,,,0,,,0,,,SL,-45.00,108
2025.04.28 16:20,2025.04.28 18:23,SELL,LienKe,3334.008,3340.926,69.2,24.8,63.4,0.36,0.92,1,1,5,1,11,13,0,,,0,,,0,,,0,,,0,,,0,,,0,,,SL,-69.18,123
2025.04.29 12:16,2025.04.29 12:21,BUY,LienKe,3307.353,3302.962,43.9,4.1,38.4,0.09,0.87,0,,,0,,,0,,,0,,,0,,,0,,,0,,,0,,,0,,,SL,-43.91,5
2025.04.29 12:15,2025.04.29 12:21,BUY,LienKe,3310.152,3302.962,71.9,0.5,66.4,0.01,0.92,0,,,0,,,0,,,0,,,0,,,0,,,0,,,0,,,0,,,SL,-71.90,6
2025.04.29 23:20,2025.04.30 01:59,BUY,LienKe,3314.533,3307.949,65.8,134.5,63.3,2.04,0.96,1,3,18,1,8,18,1,8,18,1,44,81,1,44,81,1,46,81,0,,,0,,,0,,,SL,-71.19,159
2025.04.29 13:48,2025.04.30 08:11,BUY,Swing,3303.638,3297.403,62.4,263.8,44.2,4.23,0.71,1,0,1,1,5,8,1,5,8,1,12,17,1,38,857,1,39,857,1,158,857,1,170,857,0,,,SL,-67.70,1103
2025.04.29 12:25,2025.04.30 08:11,BUY,Swing,3308.479,3297.403,110.8,215.3,92.6,1.94,0.84,1,2,3,1,2,3,1,5,6,1,29,80,1,46,80,1,65,80,1,253,759,1,266,759,0,,,SL,-116.11,1186
2025.05.01 00:17,2025.05.01 00:20,BUY,LienKe,3272.045,3266.416,56.3,0.0,43.9,0.00,0.78,0,,,0,,,0,,,0,,,0,,,0,,,0,,,0,,,0,,,SL,-56.29,3
2025.05.01 00:10,2025.05.01 00:20,BUY,LienKe,3274.833,3266.416,84.2,15.0,71.8,0.18,0.85,1,1,2,0,,,0,,,0,,,0,,,0,,,0,,,0,,,0,,,SL,-84.17,10
2025.05.01 09:52,2025.05.01 09:58,BUY,LienKe,3221.136,3216.712,44.2,9.5,29.3,0.22,0.66,0,,,0,,,0,,,0,,,0,,,0,,,0,,,0,,,0,,,SL,-44.24,6
2025.05.01 09:45,2025.05.01 09:58,BUY,LienKe,3223.239,3216.712,65.3,11.6,50.3,0.18,0.77,1,0,1,0,,,0,,,0,,,0,,,0,,,0,,,0,,,0,,,SL,-65.27,13
2025.05.02 01:00,2025.05.02 06:22,BUY,LienKe,3231.436,3224.533,69.0,296.2,2.0,4.29,0.03,1,0,37,1,0,37,1,1,37,1,15,37,1,63,-,1,68,-,1,79,-,1,138,-,0,,,TP,300.00,322
2025.05.04 22:10,2025.05.04 23:28,SELL,LienKe,3240.411,3244.480,40.7,26.9,40.3,0.66,0.99,1,0,3,1,1,3,0,,,0,,,0,,,0,,,0,,,0,,,0,,,SL,-40.69,78
2025.05.04 22:10,2025.05.04 23:28,SELL,LienKe,3239.325,3244.480,51.6,16.0,51.2,0.31,0.99,1,1,2,0,,,0,,,0,,,0,,,0,,,0,,,0,,,0,,,SL,-51.55,78
2025.05.07 19:20,2025.05.08 01:51,BUY,Swing,3370.064,3360.692,93.7,279.8,63.3,2.99,0.68,1,2,2,1,2,2,1,6,10,1,16,21,1,294,-,1,297,-,1,300,-,1,342,-,0,,,TP,283.95,391
2025.05.08 05:24,2025.05.08 05:53,BUY,LienKe,3372.819,3367.773,50.5,57.7,45.0,1.14,0.89,1,3,20,1,3,20,1,8,20,1,12,20,0,,,0,,,0,,,0,,,0,,,SL,-50.46,29
2025.05.08 05:20,2025.05.08 05:53,BUY,LienKe,3376.394,3367.773,86.2,22.0,80.7,0.25,0.94,1,2,3,1,16,17,0,,,0,,,0,,,0,,,0,,,0,,,0,,,SL,-86.21,33
2025.05.08 15:55,2025.05.08 16:04,BUY,LienKe,3333.773,3323.803,99.7,0.4,82.8,0.00,0.83,0,,,0,,,0,,,0,,,0,,,0,,,0,,,0,,,0,,,SL,-99.70,9
2025.05.14 12:13,2025.05.14 12:14,BUY,LienKe,3218.103,3213.063,50.4,0.0,49.1,0.00,0.97,0,,,0,,,0,,,0,,,0,,,0,,,0,,,0,,,0,,,SL,-50.40,1
2025.05.14 12:05,2025.05.14 12:14,BUY,LienKe,3221.063,3213.063,80.0,14.7,78.7,0.18,0.98,1,1,2,0,,,0,,,0,,,0,,,0,,,0,,,0,,,0,,,SL,-80.00,9
2025.05.15 04:18,2025.05.15 04:43,BUY,LienKe,3147.650,3143.209,44.4,26.7,30.1,0.60,0.68,1,4,5,1,9,11,0,,,0,,,0,,,0,,,0,,,0,,,0,,,SL,-44.41,25
2025.05.15 04:15,2025.05.15 04:43,BUY,LienKe,3149.916,3143.209,67.1,5.2,52.8,0.08,0.79,0,,,0,,,0,,,0,,,0,,,0,,,0,,,0,,,0,,,SL,-67.07,28
2025.05.16 08:07,2025.05.16 08:12,BUY,LienKe,3206.165,3202.279,38.9,0.4,38.5,0.01,0.99,0,,,0,,,0,,,0,,,0,,,0,,,0,,,0,,,0,,,SL,-38.86,5
2025.05.16 08:05,2025.05.16 08:12,BUY,LienKe,3207.162,3202.279,48.8,14.7,48.5,0.30,0.99,1,0,1,0,,,0,,,0,,,0,,,0,,,0,,,0,,,0,,,SL,-48.83,7
2025.05.19 04:10,2025.05.19 08:51,BUY,LienKe,3210.824,3203.584,72.4,298.9,3.2,4.13,0.04,1,0,2,1,2,-,1,6,-,1,11,-,1,51,-,1,51,-,1,116,-,1,130,-,0,,,TP,300.00,281
2025.05.22 00:54,2025.05.22 01:07,SELL,Swing,3325.383,3329.302,39.2,48.7,26.6,1.24,0.68,1,3,9,1,4,9,1,5,9,0,,,0,,,0,,,0,,,0,,,0,,,SL,-39.19,13
2025.05.22 00:15,2025.05.22 01:07,SELL,Swing,3323.762,3329.302,55.4,42.1,42.8,0.76,0.77,1,0,1,1,5,29,1,7,29,0,,,0,,,0,,,0,,,0,,,0,,,SL,-55.40,52
2025.05.23 00:55,2025.05.23 05:57,BUY,LienKe,3295.313,3283.942,113.7,299.1,43.6,2.63,0.38,1,0,84,1,0,84,1,2,84,1,3,84,1,6,84,1,6,84,1,203,-,1,236,-,0,,,TP,300.00,302
2025.05.23 12:06,2025.05.23 12:36,SELL,LienKe,3351.583,3357.211,56.3,62.7,42.4,1.11,0.75,1,2,3,1,5,7,1,6,7,1,6,7,0,,,0,,,0,,,0,,,0,,,SL,-56.28,30
2025.05.23 12:05,2025.05.23 12:36,SELL,LienKe,3348.978,3357.211,82.3,40.1,68.4,0.49,0.83,1,0,1,1,0,1,1,0,1,0,,,0,,,0,,,0,,,0,,,0,,,SL,-82.33,31
2025.05.26 09:22,2025.05.26 09:25,BUY,LienKe,3332.371,3328.001,43.7,5.1,20.6,0.12,0.47,0,,,0,,,0,,,0,,,0,,,0,,,0,,,0,,,0,,,SL,-43.70,3
2025.05.26 09:22,2025.05.26 09:25,BUY,Swing,3332.371,3328.001,43.7,5.1,20.6,0.12,0.47,0,,,0,,,0,,,0,,,0,,,0,,,0,,,0,,,0,,,SL,-43.70,3
2025.05.26 08:45,2025.05.26 09:25,BUY,LienKe,3334.465,3328.001,64.6,18.4,41.5,0.28,0.64,1,0,0,0,,,0,,,0,,,0,,,0,,,0,,,0,,,0,,,SL,-64.64,40
2025.05.26 08:45,2025.05.26 09:25,BUY,Swing,3334.465,3328.001,64.6,18.4,41.5,0.28,0.64,1,0,0,0,,,0,,,0,,,0,,,0,,,0,,,0,,,0,,,SL,-64.64,40
2025.05.27 00:20,2025.05.27 05:46,SELL,LienKe,3346.512,3353.029,65.2,228.2,9.7,3.50,0.15,1,0,11,1,0,11,1,20,40,1,49,180,1,68,180,1,79,180,1,279,-,1,306,-,0,,,TP,300.00,326
2025.05.27 10:33,2025.05.27 14:00,BUY,LienKe,3292.921,3287.608,53.1,120.1,52.7,2.26,0.99,1,1,2,1,1,2,1,6,23,1,31,42,1,179,203,1,181,203,0,,,0,,,0,,,SL,-53.13,207
2025.05.27 10:20,2025.05.27 14:00,BUY,LienKe,3295.353,3287.608,77.4,95.7,77.0,1.24,0.99,1,0,6,1,2,6,1,2,6,1,192,216,1,194,216,0,,,0,,,0,,,0,,,SL,-77.45,220
2025.05.28 12:26,2025.05.28 13:40,BUY,LienKe,3307.314,3302.319,49.9,91.2,38.7,1.83,0.77,1,1,45,1,1,45,1,2,45,1,4,45,1,36,45,0,,,0,,,0,,,0,,,SL,-49.95,74
2025.05.28 12:15,2025.05.28 13:40,BUY,LienKe,3309.504,3302.319,71.8,69.3,60.6,0.97,0.84,1,0,6,1,0,6,1,16,51,1,18,51,0,,,0,,,0,,,0,,,0,,,SL,-71.85,85
2025.05.28 16:42,2025.05.28 20:51,BUY,LienKe,3292.363,3287.746,46.2,107.0,40.9,2.32,0.89,1,17,26,1,31,247,1,31,247,1,33,247,1,85,247,1,103,247,0,,,0,,,0,,,SL,-46.17,249
2025.05.28 16:42,2025.05.28 20:51,BUY,Swing,3292.363,3287.746,46.2,107.0,40.9,2.32,0.89,1,17,26,1,31,247,1,31,247,1,33,247,1,85,247,1,103,247,0,,,0,,,0,,,SL,-46.17,249
2025.05.28 16:40,2025.05.28 20:51,BUY,LienKe,3294.214,3287.746,64.7,88.5,59.4,1.37,0.92,1,33,169,1,35,169,1,35,169,1,82,169,1,105,169,0,,,0,,,0,,,0,,,SL,-64.68,251
2025.05.28 16:40,2025.05.28 20:51,BUY,Swing,3294.214,3287.746,64.7,88.5,59.4,1.37,0.92,1,33,169,1,35,169,1,35,169,1,82,169,1,105,169,0,,,0,,,0,,,0,,,SL,-64.68,251
2025.05.29 01:14,2025.05.29 01:18,BUY,LienKe,3252.308,3246.259,60.5,8.3,56.6,0.14,0.93,0,,,0,,,0,,,0,,,0,,,0,,,0,,,0,,,0,,,SL,-60.49,4
2025.05.29 01:10,2025.05.29 01:18,BUY,LienKe,3255.615,3246.259,93.6,4.6,89.6,0.05,0.96,0,,,0,,,0,,,0,,,0,,,0,,,0,,,0,,,0,,,SL,-93.56,8
2025.05.29 07:22,2025.05.29 07:57,SELL,LienKe,3280.776,3285.825,50.5,40.3,48.0,0.80,0.95,1,0,2,1,0,2,1,12,25,0,,,0,,,0,,,0,,,0,,,0,,,SL,-50.49,35
2025.05.29 07:20,2025.05.29 07:57,SELL,LienKe,3278.694,3285.825,71.3,19.5,68.8,0.27,0.96,1,14,17,0,,,0,,,0,,,0,,,0,,,0,,,0,,,0,,,SL,-71.31,37
2025.05.30 01:25,2025.05.30 07:13,SELL,LienKe,3317.874,3325.742,78.7,275.3,3.6,3.50,0.05,1,0,1,1,2,-,1,6,-,1,7,-,1,21,-,1,39,-,1,48,-,1,84,-,0,,,TP,300.00,348
2025.05.30 13:45,2025.05.30 13:53,BUY,Swing,3285.855,3279.785,60.7,31.1,22.2,0.51,0.37,1,1,1,1,5,6,1,5,6,0,,,0,,,0,,,0,,,0,,,0,,,SL,-60.70,8
2025.06.02 04:42,2025.06.02 04:57,SELL,LienKe,3314.589,3318.086,35.0,8.1,27.7,0.23,0.79,0,,,0,,,0,,,0,,,0,,,0,,,0,,,0,,,0,,,SL,-34.97,14
2025.06.02 04:35,2025.06.02 04:57,SELL,LienKe,3314.144,3318.086,39.4,11.4,32.1,0.29,0.81,1,3,4,0,,,0,,,0,,,0,,,0,,,0,,,0,,,0,,,SL,-39.42,22
2025.06.02 05:02,2025.06.02 05:41,SELL,Swing,3316.616,3321.296,46.8,15.6,34.7,0.33,0.74,1,3,5,0,,,0,,,0,,,0,,,0,,,0,,,0,,,0,,,SL,-46.80,39
2025.06.02 05:00,2025.06.02 05:41,SELL,Swing,3313.883,3321.296,74.1,0.0,62.0,0.00,0.84,0,,,0,,,0,,,0,,,0,,,0,,,0,,,0,,,0,,,SL,-74.13,41
2025.06.03 12:11,2025.06.03 13:46,BUY,LienKe,3352.383,3347.040,53.4,107.4,37.5,2.01,0.70,1,1,4,1,2,4,1,14,80,1,27,80,1,30,80,1,31,80,0,,,0,,,0,,,SL,-53.43,95
2025.06.03 12:11,2025.06.03 13:46,BUY,Swing,3352.383,3347.040,53.4,107.4,37.5,2.01,0.70,1,1,4,1,2,4,1,14,80,1,27,80,1,30,80,1,31,80,0,,,0,,,0,,,SL,-53.43,95
2025.06.03 12:10,2025.06.03 13:46,BUY,LienKe,3354.865,3347.040,78.2,82.6,62.3,1.06,0.80,1,20,21,1,27,80,1,29,80,1,30,80,1,33,80,0,,,0,,,0,,,0,,,SL,-78.25,96
2025.06.03 12:10,2025.06.03 13:46,BUY,Swing,3354.865,3347.040,78.2,82.6,62.3,1.06,0.80,1,20,21,1,27,80,1,29,80,1,30,80,1,33,80,0,,,0,,,0,,,0,,,SL,-78.25,96
2025.06.04 00:42,2025.06.04 01:00,BUY,LienKe,3352.514,3348.788,37.3,27.0,27.0,0.72,0.73,1,2,3,1,8,9,0,,,0,,,0,,,0,,,0,,,0,,,0,,,SL,-37.26,18
2025.06.04 00:15,2025.06.04 01:00,BUY,LienKe,3354.115,3348.788,53.3,50.2,43.0,0.94,0.81,1,0,24,1,1,24,1,2,24,1,5,24,0,,,0,,,0,,,0,,,0,,,SL,-53.27,45
2025.06.04 11:22,2025.06.04 11:28,BUY,LienKe,3349.021,3344.340,46.8,11.3,41.5,0.24,0.89,1,2,2,0,,,0,,,0,,,0,,,0,,,0,,,0,,,0,,,SL,-46.81,5
2025.06.04 10:55,2025.06.04 11:28,BUY,LienKe,3350.887,3344.340,65.5,11.7,60.2,0.18,0.92,1,5,6,0,,,0,,,0,,,0,,,0,,,0,,,0,,,0,,,SL,-65.47,33
2025.06.05 04:33,2025.06.05 10:30,BUY,LienKe,3366.252,3360.916,53.4,297.3,50.7,5.57,0.95,1,1,51,1,5,51,1,30,51,1,156,-,1,168,-,1,260,-,1,287,-,1,295,-,0,,,TP,300.00,356
2025.06.05 04:20,2025.06.05 10:45,BUY,LienKe,3368.714,3360.916,78.0,299.7,75.3,3.84,0.97,1,1,4,1,168,-,1,170,-,1,177,-,1,276,-,1,294,-,1,303,-,1,310,-,0,,,TP,300.00,385
2025.06.05 14:42,2025.06.05 14:58,BUY,LienKe,3371.035,3364.589,64.5,60.9,63.9,0.94,0.99,1,0,4,1,0,4,1,0,4,1,1,4,0,,,0,,,0,,,0,,,0,,,SL,-64.46,16
2025.06.05 14:10,2025.06.05 14:58,BUY,LienKe,3376.477,3364.589,118.9,67.8,118.3,0.57,1.00,1,0,0,1,7,12,1,7,12,1,23,31,0,,,0,,,0,,,0,,,0,,,SL,-118.88,48
2025.06.05 15:29,2025.06.05 15:32,BUY,Swing,3362.727,3357.639,50.9,3.7,43.5,0.07,0.85,0,,,0,,,0,,,0,,,0,,,0,,,0,,,0,,,0,,,SL,-50.88,3
2025.06.05 15:25,2025.06.05 15:32,BUY,Swing,3364.162,3357.639,65.2,32.9,57.8,0.50,0.89,1,0,3,1,0,3,1,1,3,0,,,0,,,0,,,0,,,0,,,0,,,SL,-65.23,7
2025.06.06 14:06,2025.06.06 14:14,BUY,Swing,3339.305,3333.731,55.7,27.7,53.3,0.50,0.96,1,2,3,1,2,3,0,,,0,,,0,,,0,,,0,,,0,,,0,,,SL,-55.74,8
2025.06.06 14:05,2025.06.06 14:14,BUY,Swing,3341.929,3333.731,82.0,8.6,79.5,0.11,0.97,0,,,0,,,0,,,0,,,0,,,0,,,0,,,0,,,0,,,SL,-81.98,9
2025.06.10 06:35,2025.06.10 07:33,SELL,LienKe,3327.950,3332.119,41.7,37.9,35.3,0.91,0.85,1,20,26,1,23,26,1,46,54,0,,,0,,,0,,,0,,,0,,,0,,,SL,-41.69,58
2025.06.10 06:35,2025.06.10 07:33,SELL,LienKe,3326.810,3332.119,53.1,26.5,46.7,0.50,0.88,1,24,25,1,46,54,0,,,0,,,0,,,0,,,0,,,0,,,0,,,SL,-53.09,58
2025.06.11 00:16,2025.06.11 00:23,SELL,LienKe,3329.319,3333.338,40.2,0.0,40.2,0.00,1.00,0,,,0,,,0,,,0,,,0,,,0,,,0,,,0,,,0,,,SL,-40.19,7
2025.06.11 00:15,2025.06.11 00:23,SELL,LienKe,3328.297,3333.338,50.4,0.0,50.4,0.00,1.00,0,,,0,,,0,,,0,,,0,,,0,,,0,,,0,,,0,,,SL,-50.41,8
2025.06.11 09:59,2025.06.11 11:02,BUY,LienKe,3332.563,3328.238,43.3,42.3,41.1,0.98,0.95,1,0,29,1,0,29,1,4,29,0,,,0,,,0,,,0,,,0,,,0,,,SL,-43.25,63
2025.06.11 09:55,2025.06.11 11:02,BUY,LienKe,3334.033,3328.238,58.0,27.6,55.8,0.48,0.96,1,7,15,1,8,15,0,,,0,,,0,,,0,,,0,,,0,,,0,,,SL,-57.95,67
2025.06.10 23:25,2025.06.11 12:30,BUY,LienKe,3320.920,3312.517,84.0,276.1,18.6,3.29,0.22,1,2,7,1,4,7,1,11,-,1,14,-,1,45,-,1,51,-,1,113,-,1,247,-,0,,,TP,294.65,785
2025.06.11 17:20,2025.06.11 17:28,BUY,Swing,3325.877,3321.671,42.1,10.9,36.4,0.26,0.87,1,3,4,0,,,0,,,0,,,0,,,0,,,0,,,0,,,0,,,SL,-42.06,8
2025.06.11 17:15,2025.06.11 17:28,BUY,Swing,3327.218,3321.671,55.5,12.3,49.8,0.22,0.90,1,2,4,0,,,0,,,0,,,0,,,0,,,0,,,0,,,0,,,SL,-55.47,13
2025.06.16 13:39,2025.06.16 13:54,BUY,LienKe,3410.263,3402.914,73.5,22.9,72.9,0.31,0.99,1,0,1,1,1,1,0,,,0,,,0,,,0,,,0,,,0,,,0,,,SL,-73.49,15
2025.06.16 13:39,2025.06.16 13:54,BUY,Swing,3410.263,3402.914,73.5,22.9,72.9,0.31,0.99,1,0,1,1,1,1,0,,,0,,,0,,,0,,,0,,,0,,,0,,,SL,-73.49,15
2025.06.16 13:20,2025.06.16 13:54,BUY,LienKe,3416.017,3402.914,131.0,14.2,130.4,0.11,1.00,1,14,14,0,,,0,,,0,,,0,,,0,,,0,,,0,,,0,,,SL,-131.03,34
2025.06.16 13:20,2025.06.16 13:54,BUY,Swing,3416.017,3402.914,131.0,14.2,130.4,0.11,1.00,1,14,14,0,,,0,,,0,,,0,,,0,,,0,,,0,,,0,,,SL,-131.03,34
2025.06.17 03:17,2025.06.17 03:23,BUY,LienKe,3382.686,3377.517,51.7,8.5,28.3,0.16,0.55,0,,,0,,,0,,,0,,,0,,,0,,,0,,,0,,,0,,,SL,-51.69,6
2025.06.17 03:17,2025.06.17 03:23,BUY,Swing,3382.686,3377.517,51.7,8.5,28.3,0.16,0.55,0,,,0,,,0,,,0,,,0,,,0,,,0,,,0,,,0,,,SL,-51.69,6
2025.06.17 03:15,2025.06.17 03:23,BUY,LienKe,3384.966,3377.517,74.5,0.0,51.1,0.00,0.69,0,,,0,,,0,,,0,,,0,,,0,,,0,,,0,,,0,,,SL,-74.49,8
2025.06.17 03:15,2025.06.17 03:23,BUY,Swing,3384.966,3377.517,74.5,0.0,51.1,0.00,0.69,0,,,0,,,0,,,0,,,0,,,0,,,0,,,0,,,0,,,SL,-74.49,8
2025.06.18 04:35,2025.06.18 04:46,SELL,Swing,3395.857,3399.685,38.3,0.0,34.7,0.00,0.91,0,,,0,,,0,,,0,,,0,,,0,,,0,,,0,,,0,,,SL,-38.28,10
2025.06.18 04:35,2025.06.18 04:46,SELL,Swing,3394.918,3399.685,47.7,2.4,44.0,0.05,0.92,0,,,0,,,0,,,0,,,0,,,0,,,0,,,0,,,0,,,SL,-47.67,11
2025.06.18 10:29,2025.06.18 19:13,BUY,LienKe,3376.692,3372.433,42.6,201.6,34.9,4.73,0.82,1,4,17,1,4,17,1,5,17,1,6,17,1,56,231,1,64,231,1,164,231,1,181,231,0,,,SL,-42.59,524
2025.06.18 10:00,2025.06.18 19:13,BUY,LienKe,3378.234,3372.433,58.0,186.2,50.3,3.21,0.87,1,3,5,1,34,44,1,35,44,1,80,260,1,92,260,1,154,260,1,206,260,0,,,0,,,SL,-58.01,553
2025.06.20 06:27,2025.06.20 13:58,BUY,LienKe,3343.735,3339.027,47.1,295.8,33.9,6.28,0.72,1,1,2,1,27,33,1,37,365,1,38,365,1,42,365,1,44,365,1,198,365,1,430,-,0,,,TP,300.00,450
2025.06.20 06:05,2025.06.22 22:05,BUY,LienKe,3346.071,3339.027,70.4,284.1,57.3,4.03,0.81,1,1,3,1,8,17,1,60,364,1,61,364,1,66,364,1,203,364,1,446,-,1,460,-,0,,,TP,294.65,3840
2025.06.23 12:40,2025.06.23 15:03,BUY,LienKe,3358.489,3352.868,56.2,299.8,3.2,5.33,0.06,1,0,1,1,5,-,1,10,-,1,11,-,1,30,-,1,36,-,1,52,-,1,60,-,0,,,TP,300.00,143
2025.06.23 15:20,2025.06.23 16:22,SELL,Swing,3388.244,3392.083,38.4,21.7,35.3,0.56,0.92,1,1,3,1,21,29,0,,,0,,,0,,,0,,,0,,,0,,,0,,,SL,-38.39,62
2025.06.23 15:20,2025.06.23 16:22,SELL,Swing,3387.445,3392.083,46.4,13.7,43.3,0.29,0.93,1,12,13,0,,,0,,,0,,,0,,,0,,,0,,,0,,,0,,,SL,-46.38,62
2025.06.26 08:05,2025.06.26 08:57,SELL,LienKe,3346.703,3350.339,36.4,20.9,30.1,0.58,0.83,1,2,9,1,2,9,0,,,0,,,0,,,0,,,0,,,0,,,0,,,SL,-36.36,52
2025.06.26 08:05,2025.06.26 08:57,SELL,LienKe,3345.782,3350.339,45.6,11.7,39.3,0.26,0.86,1,3,3,0,,,0,,,0,,,0,,,0,,,0,,,0,,,0,,,SL,-45.57,52
2025.06.26 12:47,2025.06.26 12:53,BUY,LienKe,3332.248,3327.417,48.3,0.0,43.1,0.00,0.89,0,,,0,,,0,,,0,,,0,,,0,,,0,,,0,,,0,,,SL,-48.31,6
2025.06.26 12:45,2025.06.26 12:53,BUY,LienKe,3334.419,3327.417,70.0,10.4,64.8,0.15,0.93,1,0,0,0,,,0,,,0,,,0,,,0,,,0,,,0,,,0,,,SL,-70.02,8
2025.06.26 01:45,2025.06.26 12:53,BUY,LienKe,3330.754,3327.055,37.0,196.2,28.1,5.30,0.76,1,1,10,1,2,10,1,6,10,1,42,655,1,53,655,1,65,655,1,341,655,0,,,0,,,SL,-36.99,668
2025.06.26 01:30,2025.06.26 12:53,BUY,LienKe,3331.579,3327.055,45.2,187.9,36.4,4.15,0.80,1,11,14,1,22,24,1,53,279,1,61,279,1,70,279,1,83,279,1,365,629,0,,,0,,,SL,-45.24,683
2025.06.27 00:15,2025.06.27 02:36,BUY,LienKe,3315.956,3311.959,40.0,60.6,39.5,1.52,0.99,1,39,57,1,40,57,1,44,57,1,73,90,0,,,0,,,0,,,0,,,0,,,SL,-39.97,141
2025.06.27 00:10,2025.06.27 02:36,BUY,LienKe,3317.633,3311.959,56.7,43.8,56.3,0.77,0.99,1,49,51,1,53,56,1,78,91,0,,,0,,,0,,,0,,,0,,,0,,,SL,-56.74,146
2025.06.27 02:57,2025.06.27 03:08,BUY,Swing,3309.955,3305.903,40.5,10.4,37.5,0.26,0.92,1,5,6,0,,,0,,,0,,,0,,,0,,,0,,,0,,,0,,,SL,-40.52,11
2025.06.27 02:50,2025.06.27 03:08,BUY,Swing,3311.202,3305.903,53.0,10.2,49.9,0.19,0.94,1,2,3,0,,,0,,,0,,,0,,,0,,,0,,,0,,,0,,,SL,-52.99,18
2025.06.27 04:05,2025.06.27 06:39,BUY,LienKe,3292.329,3288.048,42.8,86.1,36.9,2.01,0.86,1,2,3,1,4,66,1,21,66,1,36,66,1,98,149,0,,,0,,,0,,,0,,,SL,-42.81,154
2025.06.27 04:05,2025.06.27 06:39,BUY,LienKe,3293.782,3288.048,57.3,71.6,51.4,1.25,0.90,1,13,14,1,33,50,1,35,50,1,74,115,0,,,0,,,0,,,0,,,0,,,SL,-57.34,154
2025.06.27 17:55,2025.06.29 22:28,SELL,LienKe,3278.677,3285.802,71.3,288.2,7.0,4.05,0.10,1,3,-,1,6,-,1,7,-,1,10,-,1,49,-,1,85,-,1,3140,-,1,3147,-,0,,,TP,300.00,3153
2025.06.30 16:05,2025.06.30 16:16,SELL,LienKe,3290.635,3294.600,39.6,1.4,38.9,0.04,0.98,0,,,0,,,0,,,0,,,0,,,0,,,0,,,0,,,0,,,SL,-39.65,11
2025.06.30 16:05,2025.06.30 16:16,SELL,LienKe,3289.430,3294.600,51.7,0.0,51.0,0.00,0.99,0,,,0,,,0,,,0,,,0,,,0,,,0,,,0,,,0,,,SL,-51.70,11
2025.06.30 16:59,2025.06.30 22:02,SELL,Swing,3296.668,3300.357,36.9,45.3,129.4,1.23,3.51,1,12,21,1,15,21,1,46,69,0,,,0,,,0,,,0,,,0,,,0,,,SL,-36.89,302
2025.06.30 16:55,2025.06.30 22:02,SELL,Swing,3295.881,3300.357,44.8,37.4,137.3,0.84,3.07,1,19,23,1,49,73,1,55,73,0,,,0,,,0,,,0,,,0,,,0,,,SL,-44.76,307
2025.07.01 22:11,2025.07.02 01:25,BUY,LienKe,3337.101,3333.771,33.3,79.0,30.0,2.37,0.90,1,1,53,1,1,53,1,10,53,1,14,53,0,,,0,,,0,,,0,,,0,,,SL,-38.65,194
2025.07.01 20:20,2025.07.02 01:25,BUY,LienKe,3337.893,3333.771,41.2,71.1,38.0,1.72,0.92,1,12,102,1,21,102,1,123,164,1,125,164,0,,,0,,,0,,,0,,,0,,,SL,-46.57,305
2025.07.01 22:39,2025.07.02 11:02,SELL,LienKe,3343.036,3346.747,37.1,152.9,36.8,4.12,0.99,1,13,90,1,18,90,1,21,90,1,25,90,1,84,90,1,166,404,1,524,681,0,,,0,,,SL,-37.11,743
2025.07.01 22:35,2025.07.02 11:02,SELL,LienKe,3342.338,3346.747,44.1,145.9,43.8,3.31,0.99,1,22,94,1,25,94,1,26,94,1,29,94,1,169,404,1,184,404,0,,,0,,,0,,,SL,-44.09,747
2025.07.04 14:11,2025.07.06 23:32,BUY,LienKe,3332.135,3328.328,38.1,97.8,33.4,2.57,0.88,1,9,23,1,18,23,1,147,3418,1,3353,3418,1,3353,3418,0,,,0,,,0,,,0,,,SL,-43.42,3441
2025.07.04 12:50,2025.07.06 23:32,BUY,LienKe,3333.643,3328.328,53.2,82.8,48.5,1.56,0.91,1,1,1,1,20,24,1,51,70,1,3435,3454,1,3435,3454,0,,,0,,,0,,,0,,,SL,-58.50,3522
2025.07.03 22:02,2025.07.07 00:31,BUY,LienKe,3326.004,3322.321,36.8,191.2,36.3,5.19,0.99,1,37,133,1,44,133,1,50,133,1,85,133,1,200,4442,1,336,4442,1,375,4442,0,,,0,,,SL,-47.53,4469
2025.07.03 22:02,2025.07.07 00:31,BUY,LienKe,3326.327,3322.321,40.1,188.0,39.6,4.69,0.99,1,39,131,1,48,131,1,50,131,1,86,131,1,331,4426,1,336,4426,1,378,4426,0,,,0,,,SL,-50.76,4469
2025.07.07 04:43,2025.07.07 07:52,BUY,LienKe,3306.318,3302.219,41.0,89.3,40.9,2.18,1.00,1,7,144,1,12,144,1,24,144,1,26,144,1,75,144,0,,,0,,,0,,,0,,,SL,-40.99,189
2025.07.07 04:30,2025.07.07 07:52,BUY,LienKe,3307.639,3302.219,54.2,76.1,54.1,1.40,1.00,1,1,7,1,37,153,1,38,153,1,67,153,0,,,0,,,0,,,0,,,0,,,SL,-54.20,202
2025.07.08 13:47,2025.07.08 13:49,BUY,LienKe,3320.456,3315.954,45.0,0.0,31.9,0.00,0.71,0,,,0,,,0,,,0,,,0,,,0,,,0,,,0,,,0,,,SL,-45.02,2
2025.07.08 13:20,2025.07.08 13:49,BUY,LienKe,3322.165,3315.954,62.1,47.7,49.0,0.77,0.79,1,1,18,1,6,18,1,7,18,0,,,0,,,0,,,0,,,0,,,0,,,SL,-62.11,29
2025.07.09 14:25,2025.07.09 14:36,SELL,Swing,3307.815,3311.928,41.1,11.2,38.5,0.27,0.94,1,2,3,0,,,0,,,0,,,0,,,0,,,0,,,0,,,0,,,SL,-41.13,11
2025.07.09 14:20,2025.07.09 14:36,SELL,Swing,3306.668,3311.928,52.6,14.7,50.0,0.28,0.95,1,4,5,0,,,0,,,0,,,0,,,0,,,0,,,0,,,0,,,SL,-52.60,16
2025.07.09 08:25,2025.07.09 19:04,BUY,LienKe,3285.422,3281.339,40.8,291.9,27.7,7.15,0.68,1,5,10,1,20,28,1,21,28,1,73,189,1,129,189,1,131,189,1,326,-,1,343,-,0,,,TP,300.00,639
2025.07.09 08:25,2025.07.09 19:04,BUY,Swing,3285.422,3281.339,40.8,291.9,27.7,7.15,0.68,1,5,10,1,20,28,1,21,28,1,73,189,1,129,189,1,131,189,1,326,-,1,343,-,0,,,TP,300.00,639
2025.07.09 08:25,2025.07.09 19:19,BUY,LienKe,3286.607,3281.339,52.7,298.4,39.5,5.66,0.75,1,20,28,1,24,28,1,51,185,1,100,185,1,131,185,1,267,-,1,328,-,1,350,-,0,,,TP,300.00,654
2025.07.09 08:25,2025.07.09 19:19,BUY,Swing,3286.607,3281.339,52.7,298.4,39.5,5.66,0.75,1,20,28,1,24,28,1,51,185,1,100,185,1,131,185,1,267,-,1,328,-,1,350,-,0,,,TP,300.00,654
2025.07.10 04:10,2025.07.10 14:00,BUY,LienKe,3315.784,3311.773,40.1,145.3,38.5,3.62,0.96,1,13,20,1,32,582,1,35,582,1,42,582,1,60,582,1,126,582,0,,,0,,,0,,,SL,-40.11,590
2025.07.10 04:10,2025.07.10 14:00,BUY,LienKe,3316.088,3311.773,43.2,142.3,41.5,3.30,0.96,1,16,17,1,32,578,1,37,578,1,43,578,1,63,578,1,129,578,0,,,0,,,0,,,SL,-43.15,590
2025.07.10 09:00,2025.07.11 00:31,SELL,LienKe,3329.415,3333.155,37.4,192.4,10.6,5.14,0.28,1,12,20,1,13,20,1,29,131,1,38,131,1,172,240,1,176,240,1,297,930,0,,,0,,,SL,-37.40,931
2025.07.10 09:00,2025.07.11 00:31,SELL,LienKe,3328.602,3333.155,45.5,184.2,18.8,4.05,0.41,1,13,15,1,29,110,1,35,110,1,40,110,1,173,240,1,177,240,1,298,930,0,,,0,,,SL,-45.53,931
2025.07.11 12:11,2025.07.11 12:35,SELL,LienKe,3349.203,3353.288,40.9,46.9,22.9,1.15,0.56,1,1,10,1,2,10,1,2,10,0,,,0,,,0,,,0,,,0,,,0,,,SL,-40.85,24
2025.07.11 12:05,2025.07.11 12:35,SELL,LienKe,3348.053,3353.288,52.4,35.4,34.4,0.68,0.66,1,8,15,1,9,15,1,9,15,0,,,0,,,0,,,0,,,0,,,0,,,SL,-52.35,30
2025.07.15 04:05,2025.07.15 05:05,SELL,LienKe,3358.332,3361.742,34.1,5.9,32.5,0.17,0.95,0,,,0,,,0,,,0,,,0,,,0,,,0,,,0,,,0,,,SL,-34.10,60
2025.07.15 04:05,2025.07.15 05:05,SELL,LienKe,3357.882,3361.742,38.6,1.4,37.0,0.04,0.96,0,,,0,,,0,,,0,,,0,,,0,,,0,,,0,,,0,,,SL,-38.60,60
2025.07.15 08:15,2025.07.15 15:29,SELL,LienKe,3363.281,3368.629,53.5,287.5,32.4,5.38,0.60,1,0,24,1,1,24,1,2,24,1,5,24,1,210,-,1,231,-,1,264,-,1,304,-,0,,,TP,300.00,434
2025.07.15 16:10,2025.07.15 16:17,BUY,LienKe,3325.009,3320.889,41.2,12.7,35.7,0.31,0.87,1,1,3,0,,,0,,,0,,,0,,,0,,,0,,,0,,,0,,,SL,-41.20,7
2025.07.15 16:10,2025.07.15 16:17,BUY,LienKe,3326.352,3320.889,54.6,2.8,49.2,0.05,0.90,0,,,0,,,0,,,0,,,0,,,0,,,0,,,0,,,0,,,SL,-54.63,7
2025.07.16 00:38,2025.07.16 04:30,SELL,LienKe,3331.981,3335.562,35.8,67.7,33.6,1.89,0.94,1,9,14,1,22,34,1,26,34,1,132,164,0,,,0,,,0,,,0,,,0,,,SL,-35.81,232
2025.07.16 00:35,2025.07.16 04:30,SELL,LienKe,3331.397,3335.562,41.6,61.8,39.5,1.48,0.95,1,13,17,1,25,26,1,94,167,1,139,167,0,,,0,,,0,,,0,,,0,,,SL,-41.65,235
2025.07.16 08:44,2025.07.16 15:04,SELL,LienKe,3341.351,3345.492,41.4,216.6,39.1,5.23,0.94,1,28,40,1,44,54,1,81,372,1,134,372,1,223,372,1,244,372,1,301,372,1,349,372,0,,,SL,-41.41,380
2025.07.16 08:15,2025.07.16 15:04,SELL,LienKe,3340.121,3345.492,53.7,204.3,51.4,3.80,0.96,1,110,113,1,111,113,1,154,218,1,163,218,1,273,401,1,320,401,1,333,401,1,378,401,0,,,SL,-53.71,409
2025.07.18 17:28,2025.07.20 22:08,BUY,LienKe,3351.266,3347.508,37.6,21.0,36.0,0.56,0.96,1,3,9,1,34,41,0,,,0,,,0,,,0,,,0,,,0,,,0,,,SL,-42.93,3160
2025.07.18 17:25,2025.07.20 22:08,BUY,LienKe,3352.150,3347.508,46.4,12.2,44.8,0.26,0.97,1,35,41,0,,,0,,,0,,,0,,,0,,,0,,,0,,,0,,,SL,-51.77,3163
2025.07.22 05:51,2025.07.22 13:27,BUY,LienKe,3385.734,3382.005,37.3,291.1,24.9,7.81,0.67,1,12,12,1,16,23,1,149,214,1,360,-,1,375,-,1,389,-,1,397,-,1,412,-,0,,,TP,300.00,456
2025.07.22 05:50,2025.07.22 13:32,BUY,LienKe,3386.941,3382.005,49.4,298.1,37.0,6.04,0.75,1,21,22,1,152,207,1,170,207,1,370,-,1,386,-,1,390,-,1,412,-,1,429,-,0,,,TP,300.00,462
2025.07.23 09:06,2025.07.23 09:20,SELL,LienKe,3429.217,3432.950,37.3,4.1,35.9,0.11,0.96,0,,,0,,,0,,,0,,,0,,,0,,,0,,,0,,,0,,,SL,-37.33,14
2025.07.23 09:05,2025.07.23 09:20,SELL,LienKe,3428.471,3432.950,44.8,0.0,43.3,0.00,0.97,0,,,0,,,0,,,0,,,0,,,0,,,0,,,0,,,0,,,SL,-44.79,15
2025.07.24 05:46,2025.07.24 06:30,BUY,LienKe,3376.158,3371.582,45.8,38.0,45.3,0.83,0.99,1,2,21,1,3,21,1,9,21,0,,,0,,,0,,,0,,,0,,,0,,,SL,-45.76,44
2025.07.24 05:45,2025.07.24 06:30,BUY,LienKe,3377.848,3371.582,62.7,21.1,62.2,0.34,0.99,1,4,5,1,12,15,0,,,0,,,0,,,0,,,0,,,0,,,0,,,SL,-62.66,45
2025.07.24 08:09,2025.07.24 09:29,BUY,LienKe,3366.632,3362.820,38.1,80.9,36.4,2.12,0.96,1,2,64,1,4,64,1,5,64,1,7,64,1,29,64,0,,,0,,,0,,,0,,,SL,-38.12,80
2025.07.24 08:05,2025.07.24 09:29,BUY,LienKe,3367.646,3362.820,48.3,70.8,46.6,1.47,0.97,1,0,3,1,9,58,1,10,58,1,22,58,0,,,0,,,0,,,0,,,0,,,SL,-48.26,84
2025.07.24 12:30,2025.07.24 12:49,BUY,LienKe,3360.079,3355.072,50.1,54.3,29.8,1.09,0.60,1,0,1,1,3,11,1,3,11,1,7,11,0,,,0,,,0,,,0,,,0,,,SL,-50.07,19
2025.07.24 12:05,2025.07.24 12:49,BUY,LienKe,3362.349,3355.072,72.8,31.6,52.5,0.43,0.72,1,1,2,1,21,22,1,32,33,0,,,0,,,0,,,0,,,0,,,0,,,SL,-72.77,44
2025.07.28 01:10,2025.07.28 03:57,SELL,LienKe,3337.595,3341.761,41.7,68.6,39.1,1.65,0.94,1,0,1,1,4,10,1,5,10,1,47,119,0,,,0,,,0,,,0,,,0,,,SL,-41.66,167
2025.07.28 01:10,2025.07.28 03:57,SELL,LienKe,3336.470,3341.761,52.9,57.4,50.4,1.08,0.95,1,4,8,1,5,8,1,45,81,1,49,81,0,,,0,,,0,,,0,,,0,,,SL,-52.91,167
2025.07.30 10:00,2025.07.30 13:43,SELL,Swing,3331.245,3337.025,57.8,293.8,19.2,5.08,0.33,1,1,2,1,1,2,1,12,117,1,66,117,1,152,-,1,168,-,1,173,-,1,175,-,0,,,TP,300.00,223
2025.08.05 04:31,2025.08.05 05:14,BUY,LienKe,3372.042,3368.594,34.5,6.3,30.6,0.18,0.89,0,,,0,,,0,,,0,,,0,,,0,,,0,,,0,,,0,,,SL,-34.48,43
2025.08.05 04:30,2025.08.05 05:14,BUY,LienKe,3372.651,3368.594,40.6,0.2,36.7,0.01,0.90,0,,,0,,,0,,,0,,,0,,,0,,,0,,,0,,,0,,,SL,-40.57,44
2025.08.07 20:14,2025.08.07 22:03,SELL,LienKe,3400.439,3404.288,38.5,77.5,21.2,2.01,0.55,1,16,25,1,17,25,1,22,25,1,36,107,0,,,0,,,0,,,0,,,0,,,SL,-38.49,109
2025.08.07 20:10,2025.08.07 22:03,SELL,LienKe,3399.131,3404.288,51.6,64.4,34.3,1.25,0.66,1,1,1,1,34,34,1,39,112,1,43,112,0,,,0,,,0,,,0,,,0,,,SL,-51.57,113
2025.08.08 11:30,2025.08.08 18:00,BUY,Swing,3381.582,3377.361,42.2,203.6,17.8,4.82,0.42,1,1,182,1,1,182,1,2,182,1,3,182,1,30,182,1,52,182,1,60,182,1,73,182,0,,,SL,-42.21,390
2025.08.08 11:30,2025.08.08 18:00,BUY,Swing,3381.963,3377.361,46.0,199.8,21.6,4.34,0.47,1,1,181,1,1,181,1,2,181,1,4,181,1,30,181,1,53,181,1,60,181,0,,,0,,,SL,-46.02,390
2025.08.12 00:20,2025.08.12 01:05,SELL,LienKe,3352.400,3356.273,38.7,21.1,35.1,0.55,0.91,1,1,3,1,2,3,0,,,0,,,0,,,0,,,0,,,0,,,0,,,SL,-38.73,45
2025.08.12 00:20,2025.08.12 01:05,SELL,LienKe,3351.490,3356.273,47.8,12.0,44.2,0.25,0.92,1,3,3,0,,,0,,,0,,,0,,,0,,,0,,,0,,,0,,,SL,-47.83,45
2025.08.12 11:33,2025.08.12 11:36,BUY,Swing,3341.696,3336.377,53.2,0.0,40.8,0.00,0.77,0,,,0,,,0,,,0,,,0,,,0,,,0,,,0,,,0,,,SL,-53.19,2
2025.08.12 11:25,2025.08.12 11:36,BUY,Swing,3343.669,3336.377,72.9,5.5,60.5,0.08,0.83,0,,,0,,,0,,,0,,,0,,,0,,,0,,,0,,,0,,,SL,-72.92,11
2025.08.13 02:52,2025.08.13 06:56,SELL,LienKe,3353.876,3357.457,35.8,80.4,34.3,2.24,0.96,1,3,194,1,5,194,1,10,194,1,24,194,1,172,194,0,,,0,,,0,,,0,,,SL,-35.81,244
2025.08.13 02:50,2025.08.13 06:56,SELL,LienKe,3353.253,3357.457,42.0,74.2,40.6,1.76,0.97,1,6,196,1,11,196,1,13,196,1,164,196,0,,,0,,,0,,,0,,,0,,,SL,-42.04,246
2025.08.13 23:15,2025.08.14 00:00,SELL,LienKe,3360.980,3364.345,33.6,9.8,26.4,0.29,0.78,0,,,0,,,0,,,0,,,0,,,0,,,0,,,0,,,0,,,SL,-33.65,45
2025.08.13 23:10,2025.08.14 00:00,SELL,LienKe,3360.648,3364.345,37.0,6.5,29.7,0.18,0.80,0,,,0,,,0,,,0,,,0,,,0,,,0,,,0,,,0,,,SL,-36.97,50
2025.08.14 08:09,2025.08.14 14:05,BUY,LienKe,3343.255,3338.447,48.1,159.0,15.6,3.31,0.32,1,0,8,1,2,8,1,3,8,1,17,261,1,59,261,1,60,261,1,79,261,0,,,0,,,SL,-48.08,356
2025.08.14 08:05,2025.08.14 14:05,BUY,LienKe,3345.246,3338.447,68.0,139.1,35.5,2.05,0.52,1,0,2,1,1,2,1,21,34,1,25,34,1,64,265,1,69,265,0,,,0,,,0,,,SL,-67.99,360
2025.08.15 13:41,2025.08.17 23:12,BUY,LienKe,3335.615,3330.592,50.2,95.2,32.4,1.89,0.64,1,1,2,1,23,205,1,24,205,1,26,205,1,70,205,0,,,0,,,0,,,0,,,SL,-55.58,3451
2025.08.15 12:35,2025.08.17 23:12,BUY,LienKe,3339.042,3330.592,84.5,69.3,66.6,0.82,0.79,1,4,42,1,4,42,1,5,42,1,25,42,0,,,0,,,0,,,0,,,0,,,SL,-89.85,3517
2025.08.18 04:28,2025.08.18 04:42,SELL,LienKe,3351.608,3355.736,41.3,0.0,36.6,0.00,0.89,0,,,0,,,0,,,0,,,0,,,0,,,0,,,0,,,0,,,SL,-41.28,14
2025.08.18 04:25,2025.08.18 04:42,SELL,LienKe,3351.254,3355.736,44.8,4.5,40.1,0.10,0.90,0,,,0,,,0,,,0,,,0,,,0,,,0,,,0,,,0,,,SL,-44.82,17
2025.08.18 16:10,2025.08.19 00:00,BUY,LienKe,3332.531,3328.927,36.0,23.0,23.5,0.64,0.65,1,2,6,1,29,35,0,,,0,,,0,,,0,,,0,,,0,,,0,,,SL,-41.39,470
2025.08.18 16:10,2025.08.19 00:00,BUY,LienKe,3333.298,3328.927,43.7,15.3,31.2,0.35,0.71,1,29,31,0,,,0,,,0,,,0,,,0,,,0,,,0,,,0,,,SL,-49.06,470
2025.08.19 14:40,2025.08.19 14:51,BUY,Swing,3327.682,3322.706,49.8,13.9,46.1,0.28,0.93,1,2,3,0,,,0,,,0,,,0,,,0,,,0,,,0,,,0,,,SL,-49.76,11
2025.08.19 13:15,2025.08.19 14:51,BUY,Swing,3329.774,3322.706,70.7,95.6,67.0,1.35,0.95,1,0,0,1,1,4,1,13,82,1,18,82,1,21,82,0,,,0,,,0,,,0,,,SL,-70.68,96
2025.08.20 01:50,2025.08.20 04:37,SELL,LienKe,3316.864,3320.776,39.1,43.2,38.1,1.10,0.97,1,0,1,1,10,32,1,16,32,0,,,0,,,0,,,0,,,0,,,0,,,SL,-39.12,167
2025.08.20 11:05,2025.08.20 11:28,SELL,LienKe,3327.527,3330.913,33.9,4.1,33.8,0.12,1.00,0,,,0,,,0,,,0,,,0,,,0,,,0,,,0,,,0,,,SL,-33.86,23
2025.08.20 10:35,2025.08.20 11:28,SELL,LienKe,3327.081,3330.913,38.3,14.9,38.2,0.39,1.00,1,17,25,0,,,0,,,0,,,0,,,0,,,0,,,0,,,0,,,SL,-38.32,53
2025.08.20 01:13,2025.08.20 12:53,BUY,LienKe,3312.884,3309.011,38.7,299.5,14.1,7.73,0.36,1,4,12,1,5,12,1,28,90,1,127,-,1,212,-,1,285,-,1,560,-,1,645,-,0,,,TP,300.00,700
2025.08.20 01:10,2025.08.20 12:58,BUY,LienKe,3313.989,3309.011,49.8,294.5,25.1,5.92,0.50,1,1,2,1,31,56,1,34,56,1,186,-,1,284,-,1,289,-,1,603,-,1,654,-,0,,,TP,300.00,708
2025.08.21 10:00,2025.08.21 12:35,SELL,LienKe,3341.496,3345.191,36.9,162.1,33.4,4.39,0.90,1,2,130,1,9,130,1,30,130,1,35,130,1,39,130,1,41,130,1,62,130,0,,,0,,,SL,-36.95,154
2025.08.21 09:55,2025.08.21 12:35,SELL,LienKe,3340.268,3345.191,49.2,149.8,45.7,3.04,0.93,1,26,132,1,38,132,1,39,132,1,41,132,1,45,132,1,47,132,0,,,0,,,0,,,SL,-49.23,160
2025.08.21 12:16,2025.08.21 13:30,SELL,LienKe,3342.117,3345.806,36.9,55.6,35.7,1.51,0.97,1,2,17,1,3,17,1,7,17,1,9,17,0,,,0,,,0,,,0,,,0,,,SL,-36.89,74
2025.08.21 12:15,2025.08.21 13:30,SELL,LienKe,3341.555,3345.806,42.5,50.0,41.3,1.18,0.97,1,0,1,1,5,18,1,9,18,0,,,0,,,0,,,0,,,0,,,0,,,SL,-42.51,75
2025.08.22 08:25,2025.08.22 12:32,BUY,LienKe,3328.293,3322.332,59.6,34.6,32.9,0.58,0.55,1,1,16,1,2,16,1,42,63,0,,,0,,,0,,,0,,,0,,,0,,,SL,-59.61,247
2025.08.27 23:29,2025.08.28 11:25,SELL,LienKe,3398.575,3402.073,35.0,138.1,33.0,3.95,0.94,1,20,548,1,20,548,1,28,548,1,85,548,1,91,548,1,112,548,0,,,0,,,0,,,SL,-34.98,716
2025.08.27 23:10,2025.08.28 11:25,SELL,LienKe,3397.415,3402.073,46.6,126.5,44.5,2.72,0.96,1,39,56,1,47,56,1,102,485,1,105,485,1,131,485,1,145,485,0,,,0,,,0,,,SL,-46.58,735
2025.08.29 05:14,2025.08.29 11:11,BUY,LienKe,3407.987,3404.483,35.0,68.9,34.9,1.97,0.99,1,17,28,1,22,28,1,46,89,1,168,257,0,,,0,,,0,,,0,,,0,,,SL,-35.04,357
2025.08.29 04:25,2025.08.29 11:11,BUY,LienKe,3408.715,3404.483,42.3,61.6,42.1,1.46,1.00,1,70,76,1,90,138,1,96,138,1,227,304,0,,,0,,,0,,,0,,,0,,,SL,-42.32,406
2025.08.29 16:34,2025.08.29 19:50,SELL,LienKe,3447.330,3451.429,41.0,61.8,35.3,1.51,0.86,1,6,9,1,66,190,1,66,190,1,75,190,0,,,0,,,0,,,0,,,0,,,SL,-40.99,196
2025.08.29 16:10,2025.08.29 19:50,SELL,LienKe,3446.169,3451.429,52.6,50.2,46.9,0.95,0.89,1,0,0,1,4,14,1,5,14,1,100,204,0,,,0,,,0,,,0,,,0,,,SL,-52.60,220
2025.09.01 22:34,2025.09.02 00:28,SELL,LienKe,3478.896,3483.401,45.0,42.1,44.6,0.93,0.99,1,7,47,1,17,47,1,20,47,0,,,0,,,0,,,0,,,0,,,0,,,SL,-45.05,114
2025.09.01 22:10,2025.09.02 00:28,SELL,LienKe,3477.389,3483.401,60.1,27.0,59.7,0.45,0.99,1,42,53,1,50,53,0,,,0,,,0,,,0,,,0,,,0,,,0,,,SL,-60.12,138
2025.09.01 14:25,2025.09.02 00:34,SELL,LienKe,3478.965,3484.280,53.2,64.8,51.5,1.22,0.97,1,1,10,1,1,10,1,7,10,1,18,52,0,,,0,,,0,,,0,,,0,,,SL,-53.15,609
2025.09.01 10:15,2025.09.02 01:33,BUY,LienKe,3467.865,3463.276,45.9,299.8,7.9,6.53,0.17,1,1,94,1,2,94,1,3,94,1,16,94,1,172,-,1,174,-,1,833,-,1,899,-,0,,,TP,294.65,917
2025.09.01 10:05,2025.09.02 01:37,BUY,LienKe,3468.937,3463.276,56.6,293.3,18.6,5.18,0.33,1,2,10,1,4,10,1,5,10,1,181,-,1,183,-,1,228,-,1,868,-,1,909,-,0,,,TP,294.65,932
2025.09.02 08:10,2025.09.02 14:25,BUY,LienKe,3472.548,3467.194,53.5,295.3,2.8,5.51,0.05,1,0,-,1,1,-,1,2,-,1,4,-,1,36,-,1,120,-,1,221,-,1,233,-,0,,,TP,300.00,375
2025.09.03 08:20,2025.09.03 11:03,SELL,LienKe,3538.164,3542.920,47.6,57.1,42.7,1.20,0.90,1,14,17,1,75,77,1,93,131,1,103,131,0,,,0,,,0,,,0,,,0,,,SL,-47.56,163
2025.09.03 08:15,2025.09.03 11:03,SELL,LienKe,3536.606,3542.920,63.1,41.5,58.3,0.66,0.92,1,96,100,1,102,131,1,108,131,0,,,0,,,0,,,0,,,0,,,0,,,SL,-63.14,168
2025.09.03 06:00,2025.09.03 13:28,BUY,LienKe,3530.118,3523.781,63.4,280.6,8.3,4.43,0.13,1,0,80,1,4,80,1,5,80,1,33,80,1,125,-,1,145,-,1,312,-,1,416,-,0,,,TP,300.00,448
2025.09.04 13:21,2025.09.04 13:37,SELL,LienKe,3551.023,3556.912,58.9,6.6,54.0,0.11,0.92,0,,,0,,,0,,,0,,,0,,,0,,,0,,,0,,,0,,,SL,-58.89,16
2025.09.04 12:20,2025.09.04 13:37,SELL,LienKe,3547.523,3556.912,93.9,76.5,89.0,0.82,0.95,1,4,10,1,6,10,1,8,10,1,16,23,0,,,0,,,0,,,0,,,0,,,SL,-93.89,77
2025.09.05 04:56,2025.09.05 12:30,SELL,LienKe,3558.890,3562.244,33.5,140.1,24.2,4.18,0.72,1,15,36,1,27,36,1,67,-,1,71,-,1,81,-,1,88,-,0,,,0,,,0,,,SL,-33.54,454
2025.09.05 04:45,2025.09.05 12:30,SELL,LienKe,3558.520,3562.244,37.2,136.4,27.9,3.66,0.75,1,6,8,1,39,47,1,80,-,1,82,-,1,92,-,1,102,-,0,,,0,,,0,,,SL,-37.24,465
2025.09.08 00:18,2025.09.08 03:47,BUY,LienKe,3588.086,3583.886,42.0,91.3,41.9,2.17,1.00,1,1,3,1,2,3,1,7,12,1,37,51,1,43,51,0,,,0,,,0,,,0,,,SL,-42.00,208
2025.09.08 00:15,2025.09.08 03:47,BUY,LienKe,3589.432,3583.886,55.5,77.8,55.4,1.40,1.00,1,0,3,1,10,15,1,39,54,1,45,54,0,,,0,,,0,,,0,,,0,,,SL,-55.46,212
2025.09.08 04:40,2025.09.08 07:34,BUY,LienKe,3581.501,3576.577,49.2,298.5,6.5,6.06,0.13,1,9,16,1,29,-,1,55,-,1,59,-,1,74,-,1,75,-,1,123,-,1,150,-,0,,,TP,300.00,174
2025.09.08 04:05,2025.09.08 07:44,BUY,LienKe,3583.565,3576.577,69.9,299.3,27.2,4.28,0.39,1,17,18,1,91,-,1,94,-,1,104,-,1,115,-,1,128,-,1,160,-,1,186,-,0,,,TP,300.00,219
2025.09.09 20:55,2025.09.09 22:29,BUY,Swing,3627.588,3623.667,39.2,26.7,24.6,0.68,0.63,1,71,80,1,71,80,0,,,0,,,0,,,0,,,0,,,0,,,0,,,SL,-39.21,94
2025.09.09 20:50,2025.09.09 22:29,BUY,Swing,3629.590,3623.667,59.2,6.7,44.6,0.11,0.75,0,,,0,,,0,,,0,,,0,,,0,,,0,,,0,,,0,,,SL,-59.23,99
2025.09.09 19:49,2025.09.09 22:29,BUY,Swing,3629.886,3623.820,60.7,29.1,47.6,0.48,0.78,1,1,2,1,4,10,0,,,0,,,0,,,0,,,0,,,0,,,0,,,SL,-60.66,160
2025.09.09 15:20,2025.09.09 22:29,BUY,Swing,3633.072,3623.820,92.5,163.6,79.4,1.77,0.86,1,0,262,1,0,262,1,1,262,1,2,262,1,8,262,1,23,262,1,49,262,0,,,0,,,SL,-92.52,429
2025.09.10 15:24,2025.09.10 19:33,BUY,LienKe,3642.035,3637.379,46.6,76.8,38.8,1.65,0.83,1,3,41,1,4,41,1,6,41,1,14,41,0,,,0,,,0,,,0,,,0,,,SL,-46.56,249
2025.09.10 12:55,2025.09.10 19:33,BUY,LienKe,3643.918,3637.379,65.4,113.8,57.7,1.74,0.88,1,1,2,1,5,6,1,7,11,1,22,118,1,39,118,1,41,118,0,,,0,,,0,,,SL,-65.39,398
2025.09.12 01:38,2025.09.12 02:09,SELL,Swing,3644.921,3649.181,42.6,8.1,41.9,0.19,0.98,0,,,0,,,0,,,0,,,0,,,0,,,0,,,0,,,0,,,SL,-42.60,31
2025.09.12 01:35,2025.09.12 02:09,SELL,Swing,3643.611,3649.181,55.7,2.8,55.0,0.05,0.99,0,,,0,,,0,,,0,,,0,,,0,,,0,,,0,,,0,,,SL,-55.70,34
2025.09.14 22:10,2025.09.15 12:50,SELL,LienKe,3644.505,3649.044,45.4,178.0,44.8,3.92,0.99,1,5,256,1,10,256,1,10,256,1,56,256,1,113,256,1,149,256,1,171,256,0,,,0,,,SL,-45.39,880
2025.09.12 04:08,2025.09.15 13:37,SELL,LienKe,3653.735,3657.226,34.9,270.3,34.0,7.74,0.97,1,2,9,1,122,129,1,137,185,1,154,185,1,243,608,1,245,608,1,297,608,1,4111,4872,0,,,SL,-34.91,4889
2025.09.12 04:05,2025.09.15 13:37,SELL,LienKe,3653.321,3657.226,39.1,266.2,38.1,6.82,0.98,1,2,3,1,135,185,1,140,185,1,219,596,1,246,596,1,249,596,1,300,596,1,4120,4875,0,,,SL,-39.05,4892
2025.09.16 04:54,2025.09.16 06:47,SELL,Swing,3685.059,3692.480,74.2,45.7,58.3,0.62,0.79,1,6,83,1,9,83,1,46,83,0,,,0,,,0,,,0,,,0,,,0,,,SL,-74.21,113
2025.09.16 01:05,2025.09.16 06:47,SELL,Swing,3680.720,3692.480,117.6,58.5,101.7,0.50,0.86,1,4,5,1,12,28,1,15,28,1,101,129,0,,,0,,,0,,,0,,,0,,,SL,-117.60,342
2025.09.17 01:42,2025.09.17 06:40,BUY,Swing,3678.695,3673.464,52.3,71.6,49.3,1.37,0.94,1,4,5,1,14,18,1,32,40,1,69,231,0,,,0,,,0,,,0,,,0,,,SL,-52.31,298
2025.09.17 01:40,2025.09.17 06:40,BUY,Swing,3681.065,3673.464,76.0,47.9,73.0,0.63,0.96,1,0,0,1,69,85,1,204,221,0,,,0,,,0,,,0,,,0,,,0,,,SL,-76.01,300
2025.09.16 02:50,2025.09.17 06:44,BUY,LienKe,3678.709,3671.711,70.0,243.8,65.0,3.48,0.93,1,2,8,1,25,1367,1,31,1367,1,121,1367,1,212,1367,1,233,1367,1,248,1367,1,422,1367,0,,,SL,-75.33,1674
2025.09.18 01:15,2025.09.18 01:38,BUY,LienKe,3657.439,3652.150,52.9,4.0,51.3,0.08,0.97,0,,,0,,,0,,,0,,,0,,,0,,,0,,,0,,,0,,,SL,-52.89,22
2025.09.18 01:15,2025.09.18 01:38,BUY,LienKe,3661.228,3652.150,90.8,0.0,89.2,0.00,0.98,0,,,0,,,0,,,0,,,0,,,0,,,0,,,0,,,0,,,SL,-90.78,23
2025.09.22 08:31,2025.09.22 09:18,SELL,LienKe,3719.066,3722.962,39.0,5.8,36.7,0.15,0.94,0,,,0,,,0,,,0,,,0,,,0,,,0,,,0,,,0,,,SL,-38.96,47
2025.09.22 08:30,2025.09.22 09:18,SELL,LienKe,3717.694,3722.962,52.7,0.0,50.4,0.00,0.96,0,,,0,,,0,,,0,,,0,,,0,,,0,,,0,,,0,,,SL,-52.68,48
2025.09.24 10:08,2025.09.24 10:26,BUY,LienKe,3764.784,3760.090,46.9,8.9,44.5,0.19,0.95,0,,,0,,,0,,,0,,,0,,,0,,,0,,,0,,,0,,,SL,-46.94,17
2025.09.24 09:45,2025.09.24 10:26,BUY,LienKe,3767.981,3760.090,78.9,9.7,76.4,0.12,0.97,0,,,0,,,0,,,0,,,0,,,0,,,0,,,0,,,0,,,SL,-78.91,41
2025.09.24 15:29,2025.09.24 15:34,BUY,Swing,3751.175,3746.359,48.2,4.1,35.0,0.09,0.73,0,,,0,,,0,,,0,,,0,,,0,,,0,,,0,,,0,,,SL,-48.16,5
2025.09.24 15:00,2025.09.24 15:34,BUY,Swing,3752.923,3746.359,65.6,36.6,52.5,0.56,0.80,1,0,12,1,1,12,1,2,12,0,,,0,,,0,,,0,,,0,,,0,,,SL,-65.64,34
2025.09.25 12:46,2025.09.25 12:50,BUY,LienKe,3738.333,3732.329,60.0,9.0,31.6,0.15,0.53,0,,,0,,,0,,,0,,,0,,,0,,,0,,,0,,,0,,,SL,-60.04,4
2025.09.25 12:45,2025.09.25 12:50,BUY,LienKe,3741.903,3732.329,95.7,7.2,67.3,0.07,0.70,0,,,0,,,0,,,0,,,0,,,0,,,0,,,0,,,0,,,SL,-95.74,5
2025.09.25 02:10,2025.09.25 13:43,BUY,LienKe,3732.322,3726.422,59.0,293.3,50.6,4.97,0.86,1,2,6,1,18,127,1,18,127,1,20,127,1,25,127,1,35,127,1,245,640,1,335,640,0,,,SL,-59.00,693
2025.09.26 09:05,2025.09.26 13:07,SELL,LienKe,3754.291,3758.206,39.1,112.3,33.5,2.87,0.86,1,1,57,1,7,57,1,9,57,1,15,57,1,96,206,1,102,206,0,,,0,,,0,,,SL,-39.15,242
2025.09.26 08:45,2025.09.26 13:07,SELL,LienKe,3753.410,3758.206,48.0,103.5,42.3,2.16,0.88,1,4,7,1,29,76,1,31,76,1,38,76,1,120,215,1,123,215,0,,,0,,,0,,,SL,-47.96,262
2025.09.25 18:50,2025.09.26 13:08,SELL,LienKe,3756.626,3760.689,40.6,220.0,22.8,5.42,0.56,1,2,3,1,10,18,1,10,18,1,34,1061,1,46,1061,1,48,1061,1,266,1061,1,490,1061,0,,,SL,-40.63,1098
2025.09.25 18:45,2025.09.26 13:08,SELL,LienKe,3755.537,3760.689,51.5,209.1,33.7,4.06,0.65,1,1,2,1,4,5,1,16,19,1,47,1066,1,52,1066,1,56,1066,1,271,1066,1,497,1066,0,,,SL,-51.52,1103
2025.09.28 22:28,2025.09.29 00:10,SELL,LienKe,3768.668,3773.994,53.3,45.7,45.8,0.86,0.86,1,1,6,1,3,6,1,93,96,0,,,0,,,0,,,0,,,0,,,0,,,SL,-53.26,102
2025.09.28 22:25,2025.09.29 00:10,SELL,LienKe,3766.940,3773.994,70.5,28.5,63.1,0.40,0.89,1,7,8,1,97,98,0,,,0,,,0,,,0,,,0,,,0,,,0,,,SL,-70.54,105
2025.09.29 00:50,2025.09.29 02:19,SELL,Swing,3783.787,3789.547,57.6,157.8,51.5,2.74,0.89,1,1,2,1,15,16,1,16,79,1,18,79,1,20,79,1,33,79,1,34,79,0,,,0,,,SL,-57.60,89
2025.09.29 16:25,2025.09.30 00:05,SELL,LienKe,3832.324,3836.585,42.6,95.6,36.7,2.24,0.86,1,4,9,1,12,41,1,16,41,1,50,262,1,63,262,0,,,0,,,0,,,0,,,SL,-42.61,460
2025.09.29 16:20,2025.09.30 00:05,SELL,LienKe,3830.498,3836.585,60.9,77.3,55.0,1.27,0.90,1,21,37,1,25,37,1,55,92,1,60,92,0,,,0,,,0,,,0,,,0,,,SL,-60.87,465
2025.10.01 06:25,2025.10.01 08:11,BUY,LienKe,3857.365,3850.334,70.3,280.4,2.9,3.99,0.04,1,0,-,1,0,-,1,3,-,1,11,-,1,47,-,1,51,-,1,71,-,1,87,-,0,,,TP,300.00,106
2025.10.02 00:26,2025.10.02 01:00,BUY,LienKe,3858.201,3853.373,48.3,31.2,22.8,0.65,0.47,1,6,9,1,23,24,1,23,24,0,,,0,,,0,,,0,,,0,,,0,,,SL,-48.28,34
2025.10.02 00:25,2025.10.02 01:00,BUY,LienKe,3860.255,3853.373,68.8,10.6,43.3,0.15,0.63,1,24,25,0,,,0,,,0,,,0,,,0,,,0,,,0,,,0,,,SL,-68.82,35
2025.10.02 06:05,2025.10.02 06:17,SELL,LienKe,3870.405,3874.354,39.5,9.6,30.2,0.24,0.76,0,,,0,,,0,,,0,,,0,,,0,,,0,,,0,,,0,,,SL,-39.49,12
2025.10.02 05:30,2025.10.02 06:17,SELL,LienKe,3869.448,3874.354,49.1,31.2,39.7,0.64,0.81,1,1,34,1,4,34,1,6,34,0,,,0,,,0,,,0,,,0,,,0,,,SL,-49.06,47
2025.10.02 01:05,2025.10.02 11:59,BUY,Swing,3856.484,3849.832,66.5,299.9,18.2,4.51,0.27,1,0,0,1,5,-,1,7,-,1,16,-,1,19,-,1,55,-,1,305,-,1,464,-,0,,,TP,300.00,654
2025.10.03 08:56,2025.10.03 12:34,SELL,LienKe,3864.771,3868.705,39.3,99.2,38.9,2.52,0.99,1,6,63,1,8,63,1,8,63,1,20,63,1,158,198,0,,,0,,,0,,,0,,,SL,-39.34,217
2025.10.03 08:10,2025.10.03 12:34,SELL,LienKe,3863.452,3868.705,52.5,86.0,52.1,1.64,0.99,1,0,19,1,7,19,1,12,19,1,71,106,1,204,222,0,,,0,,,0,,,0,,,SL,-52.53,264
2025.10.05 22:22,2025.10.05 22:59,SELL,Swing,3892.001,3896.620,46.2,18.5,42.4,0.40,0.92,1,0,1,0,,,0,,,0,,,0,,,0,,,0,,,0,,,0,,,SL,-46.19,37
2025.10.05 22:20,2025.10.05 22:59,SELL,Swing,3889.438,3896.620,71.8,11.8,68.0,0.16,0.95,1,0,0,0,,,0,,,0,,,0,,,0,,,0,,,0,,,0,,,SL,-71.82,39
2025.10.06 04:22,2025.10.06 04:40,SELL,LienKe,3932.148,3936.386,42.4,25.7,42.3,0.61,1.00,1,0,2,1,0,2,0,,,0,,,0,,,0,,,0,,,0,,,0,,,SL,-42.38,17
2025.10.06 04:10,2025.10.06 04:40,SELL,LienKe,3930.108,3936.386,62.8,12.2,62.7,0.19,1.00,1,4,6,0,,,0,,,0,,,0,,,0,,,0,,,0,,,0,,,SL,-62.78,30
2025.10.07 01:34,2025.10.07 07:00,BUY,LienKe,3957.864,3952.804,50.6,190.6,40.4,3.77,0.80,1,7,14,1,8,14,1,38,308,1,44,308,1,61,308,1,101,308,1,130,308,0,,,0,,,SL,-50.60,326
2025.10.07 01:15,2025.10.07 07:00,BUY,LienKe,3961.884,3952.804,90.8,150.4,80.6,1.66,0.89,1,1,2,1,64,131,1,65,131,1,80,131,1,144,237,1,148,237,1,213,237,0,,,0,,,SL,-90.80,345
2025.10.09 11:44,2025.10.09 12:54,SELL,LienKe,4043.127,4049.757,66.3,56.0,54.9,0.84,0.83,1,16,19,1,17,19,1,26,33,1,36,53,0,,,0,,,0,,,0,,,0,,,SL,-66.30,70
2025.10.09 11:05,2025.10.09 12:54,SELL,LienKe,4040.639,4049.757,91.2,70.2,79.8,0.77,0.88,1,4,30,1,6,30,1,7,30,1,12,30,0,,,0,,,0,,,0,,,0,,,SL,-91.18,109
2025.10.16 10:06,2025.10.16 10:58,SELL,Swing,4241.601,4246.184,45.8,71.5,26.5,1.56,0.58,1,1,9,1,1,9,1,3,9,1,6,9,0,,,0,,,0,,,0,,,0,,,SL,-45.83,52
2025.10.16 10:05,2025.10.16 10:58,SELL,Swing,4239.963,4246.184,62.2,55.1,42.8,0.89,0.69,1,0,0,1,5,10,1,7,10,1,25,39,0,,,0,,,0,,,0,,,0,,,SL,-62.21,53
2025.10.17 14:00,2025.10.17 14:02,BUY,Swing,4269.921,4255.315,146.1,10.3,99.4,0.07,0.68,1,0,1,0,,,0,,,0,,,0,,,0,,,0,,,0,,,0,,,SL,-146.06,2
2025.10.28 00:25,2025.10.28 01:05,BUY,LienKe,3983.107,3970.043,130.6,293.1,27.6,2.24,0.21,1,0,1,1,5,-,1,5,-,1,6,-,1,6,-,1,7,-,1,10,-,1,25,-,0,,,TP,300.00,40
2025.10.28 04:32,2025.10.28 05:35,BUY,Swing,3967.526,3960.645,68.8,128.9,43.0,1.87,0.63,1,1,58,1,1,58,1,1,58,1,3,58,1,9,58,1,9,58,0,,,0,,,0,,,SL,-68.81,63
2025.10.28 04:30,2025.10.28 05:35,BUY,Swing,3971.588,3960.645,109.4,88.3,83.6,0.81,0.76,1,0,0,1,0,0,1,11,24,1,11,24,1,12,24,0,,,0,,,0,,,0,,,SL,-109.43,65
2025.10.29 07:04,2025.10.29 07:10,SELL,LienKe,3983.376,3987.966,45.9,20.8,19.9,0.45,0.43,1,1,1,1,1,1,0,,,0,,,0,,,0,,,0,,,0,,,0,,,SL,-45.90,6
2025.10.29 06:50,2025.10.29 07:10,SELL,LienKe,3981.814,3987.966,61.5,71.0,35.5,1.15,0.58,1,0,12,1,0,12,1,1,12,1,7,12,0,,,0,,,0,,,0,,,0,,,SL,-61.52,20
2025.10.29 22:21,2025.10.30 00:01,BUY,LienKe,3926.205,3914.163,120.4,290.6,11.1,2.41,0.09,1,1,1,1,1,1,1,2,-,1,3,-,1,4,-,1,4,-,1,20,-,1,25,-,0,,,TP,283.95,100
2025.10.29 22:10,2025.10.30 00:01,BUY,LienKe,3930.508,3914.163,163.4,247.5,54.1,1.51,0.33,1,0,9,1,0,9,1,0,9,1,0,9,1,4,9,1,6,9,1,36,-,1,75,-,0,,,TP,283.95,111
2025.10.30 03:05,2025.10.30 04:21,BUY,LienKe,3920.550,3912.334,82.2,292.8,5.4,3.56,0.07,1,0,-,1,1,-,1,1,-,1,2,-,1,9,-,1,15,-,1,26,-,1,55,-,0,,,TP,300.00,76
2025.10.30 03:05,2025.10.30 04:21,BUY,Swing,3920.550,3912.334,82.2,292.8,5.4,3.56,0.07,1,0,-,1,1,-,1,1,-,1,2,-,1,9,-,1,15,-,1,26,-,1,55,-,0,,,TP,300.00,76
2025.10.30 18:30,2025.10.30 19:04,SELL,LienKe,4015.247,4020.955,57.1,74.3,34.9,1.30,0.61,1,1,4,1,2,4,1,7,24,1,7,24,0,,,0,,,0,,,0,,,0,,,SL,-57.08,34
2025.10.30 17:50,2025.10.30 19:04,SELL,LienKe,4012.565,4020.955,83.9,121.6,61.7,1.45,0.74,1,0,39,1,0,39,1,1,39,1,8,39,1,9,39,1,10,39,0,,,0,,,0,,,SL,-83.90,74
2025.10.31 04:15,2025.10.31 07:22,BUY,LienKe,3991.985,3986.079,59.1,292.5,8.4,4.95,0.14,1,1,-,1,2,-,1,2,-,1,12,-,1,13,-,1,16,-,1,37,-,1,111,-,0,,,TP,300.00,187
2025.11.03 05:42,2025.11.03 07:02,SELL,LienKe,4016.591,4021.693,51.0,63.3,47.5,1.24,0.93,1,2,8,1,3,8,1,6,8,1,15,18,0,,,0,,,0,,,0,,,0,,,SL,-51.02,79
2025.11.03 05:35,2025.11.03 07:02,SELL,LienKe,4014.406,4021.693,72.9,41.4,69.4,0.57,0.95,1,0,1,1,0,1,1,30,33,0,,,0,,,0,,,0,,,0,,,0,,,SL,-72.87,87
2025.11.04 05:58,2025.11.04 06:02,BUY,LienKe,3974.923,3970.464,44.6,10.5,41.3,0.23,0.93,1,0,1,0,,,0,,,0,,,0,,,0,,,0,,,0,,,0,,,SL,-44.59,3
2025.11.04 05:55,2025.11.04 06:02,BUY,LienKe,3980.598,3970.464,101.3,3.9,98.0,0.04,0.97,0,,,0,,,0,,,0,,,0,,,0,,,0,,,0,,,0,,,SL,-101.34,7
2025.11.05 11:23,2025.11.05 16:47,BUY,LienKe,3958.895,3953.028,58.7,275.3,14.6,4.69,0.25,1,2,4,1,17,-,1,17,-,1,20,-,1,27,-,1,58,-,1,106,-,1,151,-,0,,,TP,300.00,324
2025.11.05 10:10,2025.11.06 01:08,BUY,LienKe,3965.673,3953.028,126.4,248.7,82.4,1.97,0.65,1,10,11,1,36,42,1,37,42,1,170,187,1,180,187,1,194,290,1,243,290,1,396,-,0,,,SL,-16.05,898
2025.11.06 17:20,2025.11.06 17:21,BUY,LienKe,3975.498,3970.127,53.7,0.0,15.4,0.00,0.29,0,,,0,,,0,,,0,,,0,,,0,,,0,,,0,,,0,,,SL,-53.71,1
2025.11.06 17:20,2025.11.06 17:21,BUY,LienKe,3977.917,3970.127,77.9,0.0,39.6,0.00,0.51,0,,,0,,,0,,,0,,,0,,,0,,,0,,,0,,,0,,,SL,-77.90,1
2025.11.07 00:18,2025.11.07 00:30,SELL,LienKe,3989.510,3992.801,32.9,0.0,32.7,0.00,0.99,0,,,0,,,0,,,0,,,0,,,0,,,0,,,0,,,0,,,SL,-32.91,12
2025.11.07 00:10,2025.11.07 00:30,SELL,LienKe,3986.019,3992.801,67.8,13.7,67.6,0.20,1.00,1,2,4,0,,,0,,,0,,,0,,,0,,,0,,,0,,,0,,,SL,-67.82,20
2025.11.09 23:06,2025.11.10 00:01,SELL,LienKe,4008.462,4013.532,50.7,42.4,50.0,0.84,0.99,1,12,14,1,12,14,1,12,14,0,,,0,,,0,,,0,,,0,,,0,,,SL,-50.70,55
2025.11.09 23:05,2025.11.10 00:01,SELL,LienKe,4006.442,4013.532,70.9,22.2,70.2,0.31,0.99,1,0,1,1,30,33,0,,,0,,,0,,,0,,,0,,,0,,,0,,,SL,-70.90,56
2025.11.14 11:21,2025.11.14 11:54,BUY,Swing,4145.222,4138.839,63.8,125.0,24.9,1.96,0.39,1,0,1,1,2,26,1,2,26,1,5,26,1,14,26,1,14,26,0,,,0,,,0,,,SL,-63.83,33
2025.11.14 11:20,2025.11.14 11:54,BUY,Swing,4148.803,4138.839,99.6,89.2,60.7,0.89,0.61,1,6,8,1,10,27,1,10,27,1,15,27,1,20,27,0,,,0,,,0,,,0,,,SL,-99.64,34
2025.11.17 03:05,2025.11.17 05:19,BUY,LienKe,4079.966,4067.050,129.2,80.3,111.2,0.62,0.86,1,0,1,1,0,1,1,0,1,1,12,14,1,62,101,0,,,0,,,0,,,0,,,SL,-129.16,134
2025.11.19 12:30,2025.11.19 14:56,SELL,LienKe,4118.145,4122.881,47.4,172.7,45.3,3.65,0.96,1,0,7,1,1,7,1,5,7,1,24,103,1,31,103,1,37,103,1,44,103,0,,,0,,,SL,-47.36,146
2025.11.19 12:15,2025.11.19 14:56,SELL,LienKe,4115.962,4122.881,69.2,150.9,67.2,2.18,0.97,1,0,2,1,1,2,1,6,7,1,45,90,1,52,90,1,55,90,1,60,90,0,,,0,,,SL,-69.19,161
2025.11.20 00:07,2025.11.20 02:01,SELL,LienKe,4107.834,4113.341,55.1,291.5,16.4,5.29,0.30,1,1,2,1,4,10,1,4,10,1,30,55,1,65,-,1,65,-,1,74,-,1,108,-,0,,,TP,300.00,114
2025.11.20 00:05,2025.11.20 02:01,SELL,LienKe,4105.301,4113.341,80.4,266.1,41.7,3.31,0.52,1,0,0,1,32,39,1,32,39,1,67,-,1,68,-,1,75,-,1,87,-,1,110,-,0,,,TP,300.00,116
2025.11.20 08:30,2025.11.20 12:19,BUY,Swing,4046.204,4035.705,105.0,296.2,22.6,2.82,0.21,1,0,0,1,2,-,1,2,-,1,3,-,1,5,-,1,5,-,1,26,-,1,27,-,0,,,TP,300.00,229
2025.11.20 16:36,2025.11.20 16:54,BUY,LienKe,4062.554,4056.974,55.8,46.5,49.1,0.83,0.88,1,0,0,1,1,2,1,1,2,0,,,0,,,0,,,0,,,0,,,0,,,SL,-55.80,18
2025.11.20 16:35,2025.11.20 16:54,BUY,LienKe,4066.223,4056.974,92.5,19.9,85.8,0.21,0.93,1,0,0,0,,,0,,,0,,,0,,,0,,,0,,,0,,,0,,,SL,-92.49,19
2025.11.21 08:05,2025.11.21 09:19,BUY,LienKe,4032.816,4019.258,135.6,270.9,20.4,2.00,0.15,1,0,1,1,0,1,1,0,1,1,2,5,1,11,-,1,11,-,1,22,-,1,66,-,0,,,TP,300.00,74
2025.11.24 05:49,2025.11.24 09:11,BUY,LienKe,4042.392,4036.842,55.5,280.4,10.2,5.05,0.18,1,1,3,1,2,3,1,7,-,1,8,-,1,14,-,1,16,-,1,54,-,1,109,-,0,,,TP,300.00,202
2025.11.24 05:25,2025.11.24 10:03,BUY,LienKe,4046.372,4036.842,95.3,278.6,50.0,2.92,0.52,1,5,5,1,18,21,1,18,21,1,39,-,1,42,-,1,61,-,1,133,-,1,139,-,0,,,TP,300.00,278
2025.11.28 05:24,2025.11.28 08:06,BUY,LienKe,4168.494,4152.874,156.2,201.9,115.0,1.29,0.74,1,0,159,1,0,159,1,0,159,1,0,159,1,0,159,1,0,159,1,0,159,1,84,159,0,,,SL,-156.20,162
2025.12.05 00:20,2025.12.05 04:14,SELL,LienKe,4207.877,4213.526,56.5,128.9,53.2,2.28,0.94,1,0,150,1,4,150,1,10,150,1,33,150,1,47,150,1,50,150,0,,,0,,,0,,,SL,-56.49,234
2025.12.05 12:16,2025.12.05 13:00,SELL,LienKe,4228.007,4232.697,46.9,50.2,17.6,1.07,0.38,1,4,41,1,5,41,1,5,41,1,15,41,0,,,0,,,0,,,0,,,0,,,SL,-46.90,44
2025.12.05 12:10,2025.12.05 13:00,SELL,LienKe,4226.281,4232.697,64.2,32.9,34.9,0.51,0.54,1,2,5,1,19,36,1,22,36,0,,,0,,,0,,,0,,,0,,,0,,,SL,-64.16,50
2025.12.07 23:25,2025.12.08 00:56,SELL,LienKe,4203.271,4211.458,81.9,117.6,72.0,1.44,0.88,1,0,1,1,0,1,1,0,1,1,0,1,1,1,1,1,1,1,0,,,0,,,0,,,SL,-81.87,91
2025.12.08 14:00,2025.12.08 15:00,BUY,LienKe,4200.430,4194.623,58.1,111.6,49.6,1.92,0.85,1,3,42,1,3,42,1,5,42,1,6,42,1,11,42,1,15,42,0,,,0,,,0,,,SL,-58.07,60
2025.12.08 14:00,2025.12.08 15:00,BUY,LienKe,4201.799,4194.623,71.8,97.9,63.2,1.36,0.88,1,4,42,1,5,42,1,6,42,1,7,42,1,14,42,0,,,0,,,0,,,0,,,SL,-71.76,60
2025.12.10 14:15,2025.12.10 19:00,SELL,LienKe,4206.077,4210.115,40.4,169.6,3.7,4.20,0.09,1,0,-,1,2,-,1,3,-,1,6,-,1,11,-,1,12,-,1,61,-,0,,,0,,,SL,-40.38,285
2025.12.10 14:15,2025.12.10 19:00,SELL,LienKe,4205.162,4210.115,49.5,160.5,12.8,3.24,0.26,1,2,157,1,3,157,1,5,157,1,7,157,1,12,157,1,12,157,1,62,157,0,,,0,,,SL,-49.53,285
2025.12.11 05:21,2025.12.11 06:00,BUY,LienKe,4210.223,4205.590,46.3,27.9,40.7,0.60,0.88,1,1,8,1,3,8,0,,,0,,,0,,,0,,,0,,,0,,,0,,,SL,-46.33,39
2025.12.11 04:50,2025.12.11 06:00,BUY,LienKe,4212.423,4205.590,68.3,39.5,62.7,0.58,0.92,1,3,24,1,6,24,1,12,24,0,,,0,,,0,,,0,,,0,,,0,,,SL,-68.33,70
2025.12.11 13:15,2025.12.11 13:16,BUY,LienKe,4209.987,4205.776,42.1,4.9,11.4,0.12,0.27,0,,,0,,,0,,,0,,,0,,,0,,,0,,,0,,,0,,,SL,-42.11,1
2025.12.11 12:05,2025.12.11 13:16,BUY,LienKe,4211.706,4205.776,59.3,108.1,28.6,1.82,0.48,1,0,1,1,6,63,1,11,63,1,16,63,1,27,63,1,55,63,0,,,0,,,0,,,SL,-59.30,71
2025.12.15 05:28,2025.12.15 05:31,SELL,LienKe,4329.509,4333.085,35.8,0.2,34.1,0.00,0.95,0,,,0,,,0,,,0,,,0,,,0,,,0,,,0,,,0,,,SL,-35.76,3
2025.12.15 04:25,2025.12.15 05:31,SELL,LienKe,4328.921,4333.085,41.6,56.1,40.0,1.35,0.96,1,1,58,1,2,58,1,7,58,1,10,58,0,,,0,,,0,,,0,,,0,,,SL,-41.64,66
2025.12.16 01:10,2025.12.16 02:54,BUY,LienKe,4304.735,4296.075,86.6,131.9,78.1,1.52,0.90,1,2,3,1,6,99,1,8,99,1,15,99,1,20,99,1,22,99,0,,,0,,,0,,,SL,-86.60,104
2025.12.16 14:11,2025.12.16 14:15,SELL,Swing,4317.876,4323.141,52.6,0.0,26.6,0.00,0.51,0,,,0,,,0,,,0,,,0,,,0,,,0,,,0,,,0,,,SL,-52.65,4
2025.12.16 14:10,2025.12.16 14:15,SELL,Swing,4315.527,4323.141,76.1,2.3,50.1,0.03,0.66,0,,,0,,,0,,,0,,,0,,,0,,,0,,,0,,,0,,,SL,-76.14,5
2025.12.18 09:26,2025.12.18 12:28,BUY,Swing,4324.187,4318.799,53.9,45.0,39.3,0.83,0.73,1,4,10,1,5,10,1,78,90,0,,,0,,,0,,,0,,,0,,,0,,,SL,-53.88,182
2025.12.18 09:00,2025.12.18 12:28,BUY,Swing,4326.668,4318.799,78.7,20.2,64.2,0.26,0.82,1,1,1,1,4,8,0,,,0,,,0,,,0,,,0,,,0,,,0,,,SL,-78.69,208
2025.12.19 13:16,2025.12.19 14:39,SELL,LienKe,4332.871,4337.765,48.9,76.2,43.2,1.56,0.88,1,6,7,1,8,13,1,9,13,1,9,13,0,,,0,,,0,,,0,,,0,,,SL,-48.94,82
2025.12.19 13:15,2025.12.19 14:39,SELL,LienKe,4330.227,4337.765,75.4,49.7,69.7,0.66,0.92,1,0,0,1,10,11,1,45,47,0,,,0,,,0,,,0,,,0,,,0,,,SL,-75.38,84
2025.12.23 14:00,2025.12.23 14:05,BUY,LienKe,4476.093,4470.184,59.1,7.5,48.1,0.13,0.81,0,,,0,,,0,,,0,,,0,,,0,,,0,,,0,,,0,,,SL,-59.09,5
2025.12.23 14:00,2025.12.23 14:05,BUY,LienKe,4479.398,4470.184,92.1,4.2,81.1,0.05,0.88,0,,,0,,,0,,,0,,,0,,,0,,,0,,,0,,,0,,,SL,-92.14,5
2025.12.24 14:36,2025.12.24 14:38,BUY,LienKe,4476.985,4471.508,54.8,7.9,27.8,0.14,0.51,0,,,0,,,0,,,0,,,0,,,0,,,0,,,0,,,0,,,SL,-54.77,2
2025.12.24 13:30,2025.12.24 14:38,BUY,LienKe,4479.116,4471.508,76.1,102.3,49.1,1.34,0.64,1,0,61,1,1,61,1,1,61,1,3,61,1,23,61,1,30,61,0,,,0,,,0,,,SL,-76.08,68
2025.12.26 13:56,2025.12.26 14:34,SELL,LienKe,4524.124,4531.394,72.7,15.3,68.6,0.21,0.94,1,1,2,0,,,0,,,0,,,0,,,0,,,0,,,0,,,0,,,SL,-72.70,38
2025.12.26 13:45,2025.12.26 14:34,SELL,LienKe,4521.816,4531.394,95.8,64.8,91.7,0.68,0.96,1,0,1,1,4,10,1,4,10,1,5,10,0,,,0,,,0,,,0,,,0,,,SL,-95.78,49
2025.12.30 23:26,2025.12.30 23:34,BUY,LienKe,4337.620,4331.823,58.0,11.9,55.9,0.21,0.96,1,4,5,0,,,0,,,0,,,0,,,0,,,0,,,0,,,0,,,SL,-57.97,8
2025.12.30 23:00,2025.12.30 23:34,BUY,LienKe,4343.680,4331.823,118.6,27.6,116.5,0.23,0.98,1,3,3,1,3,3,0,,,0,,,0,,,0,,,0,,,0,,,0,,,SL,-118.57,34
2026.01.06 00:05,2026.01.06 00:40,BUY,LienKe,4438.442,4433.533,49.1,64.6,48.1,1.32,0.98,1,2,5,1,3,5,1,3,5,1,25,27,0,,,0,,,0,,,0,,,0,,,SL,-49.09,35
2026.01.06 00:05,2026.01.06 00:40,BUY,LienKe,4440.391,4433.533,68.6,45.1,67.6,0.66,0.99,1,3,4,1,12,15,1,25,27,0,,,0,,,0,,,0,,,0,,,0,,,SL,-68.58,35
2026.01.06 02:09,2026.01.06 03:12,SELL,Swing,4455.880,4463.290,74.1,70.4,56.6,0.95,0.76,1,30,36,1,30,36,1,30,36,1,31,36,0,,,0,,,0,,,0,,,0,,,SL,-74.10,63
2026.01.05 23:15,2026.01.06 03:12,SELL,Swing,4451.631,4463.290,116.6,238.0,99.1,2.04,0.85,1,0,3,1,2,3,1,16,163,1,16,163,1,17,163,1,17,163,1,79,163,1,85,163,0,,,SL,-116.59,237
2026.01.06 04:17,2026.01.06 05:30,SELL,LienKe,4467.178,4471.596,44.2,53.1,37.0,1.20,0.84,1,1,36,1,1,36,1,8,36,1,26,36,0,,,0,,,0,,,0,,,0,,,SL,-44.18,73
2026.01.06 04:15,2026.01.06 05:30,SELL,LienKe,4465.732,4471.596,58.6,38.6,51.5,0.66,0.88,1,0,1,1,0,1,1,28,33,0,,,0,,,0,,,0,,,0,,,0,,,SL,-58.64,75
2026.01.06 08:30,2026.01.06 14:34,SELL,LienKe,4471.045,4479.002,79.6,283.2,72.4,3.56,0.91,1,0,332,1,1,332,1,1,332,1,11,332,1,35,332,1,39,332,1,41,332,1,77,332,0,,,SL,-79.57,364
2026.01.08 00:07,2026.01.08 02:37,SELL,LienKe,4464.872,4468.910,40.4,292.2,17.7,7.24,0.44,1,13,-,1,13,-,1,13,-,1,17,-,1,18,-,1,19,-,1,38,-,1,53,-,0,,,TP,300.00,150
2026.01.08 00:05,2026.01.08 02:37,SELL,LienKe,4463.872,4468.910,50.4,282.2,27.7,5.60,0.55,1,0,1,1,15,-,1,19,-,1,19,-,1,21,-,1,31,-,1,41,-,1,101,-,0,,,TP,300.00,152
2026.01.08 05:28,2026.01.08 05:33,BUY,Swing,4424.575,4419.761,48.1,24.5,47.4,0.51,0.98,1,1,2,1,1,2,0,,,0,,,0,,,0,,,0,,,0,,,0,,,SL,-48.14,4
2026.01.08 05:20,2026.01.08 05:33,BUY,Swing,4426.570,4419.761,68.1,30.2,67.3,0.44,0.99,1,1,5,1,2,5,1,3,5,0,,,0,,,0,,,0,,,0,,,0,,,SL,-68.09,13
2026.01.08 12:12,2026.01.08 12:16,BUY,Swing,4415.947,4409.006,69.4,0.0,62.1,0.00,0.89,0,,,0,,,0,,,0,,,0,,,0,,,0,,,0,,,0,,,SL,-69.41,3
2026.01.08 12:10,2026.01.08 12:16,BUY,Swing,4418.501,4409.006,94.9,9.5,87.6,0.10,0.92,0,,,0,,,0,,,0,,,0,,,0,,,0,,,0,,,0,,,SL,-94.95,6
2026.01.08 16:32,2026.01.08 16:34,SELL,LienKe,4456.117,4461.043,49.3,0.0,48.8,0.00,0.99,0,,,0,,,0,,,0,,,0,,,0,,,0,,,0,,,0,,,SL,-49.26,2
2026.01.08 16:05,2026.01.08 16:34,SELL,LienKe,4453.689,4461.043,73.5,66.3,73.1,0.90,0.99,1,0,2,1,1,2,1,5,16,1,9,16,0,,,0,,,0,,,0,,,0,,,SL,-73.54,29
2026.01.09 06:50,2026.01.09 12:06,SELL,LienKe,4475.376,4480.388,50.1,112.4,48.6,2.24,0.97,1,0,0,1,5,13,1,12,13,1,34,77,1,72,77,1,117,145,0,,,0,,,0,,,SL,-50.12,316
2026.01.13 12:32,2026.01.13 13:30,BUY,LienKe,4579.609,4574.847,47.6,268.9,3.2,5.65,0.07,1,2,-,1,3,-,1,3,-,1,6,-,1,15,-,1,17,-,1,27,-,1,39,-,0,,,TP,300.00,58
2026.01.13 12:30,2026.01.13 13:30,BUY,LienKe,4580.704,4574.847,58.6,258.0,14.1,4.40,0.24,1,5,-,1,5,-,1,7,-,1,13,-,1,17,-,1,21,-,1,32,-,1,41,-,0,,,TP,300.00,60
2026.01.14 19:39,2026.01.14 23:23,SELL,LienKe,4640.304,4646.164,58.6,295.9,14.3,5.05,0.24,1,0,1,1,16,21,1,16,21,1,23,31,1,23,31,1,23,31,1,95,-,1,116,-,0,,,TP,300.00,224
2026.01.14 19:05,2026.01.14 23:26,SELL,LienKe,4637.377,4646.164,87.9,297.5,43.6,3.39,0.50,1,0,2,1,0,2,1,0,2,1,57,64,1,57,64,1,57,64,1,140,-,1,241,-,0,,,TP,300.00,261
2026.01.15 05:34,2026.01.15 10:12,BUY,LienKe,4583.935,4577.995,59.4,296.8,24.8,5.00,0.42,1,0,1,1,3,4,1,4,4,1,8,-,1,15,-,1,17,-,1,23,-,1,34,-,0,,,TP,300.00,278
2026.01.15 10:15,2026.01.15 10:37,SELL,LienKe,4613.340,4617.180,38.4,25.7,30.4,0.67,0.79,1,0,1,1,15,18,0,,,0,,,0,,,0,,,0,,,0,,,0,,,SL,-38.40,22
2026.01.15 10:15,2026.01.15 10:37,SELL,LienKe,4612.545,4617.180,46.4,17.8,38.4,0.38,0.83,1,12,13,0,,,0,,,0,,,0,,,0,,,0,,,0,,,0,,,SL,-46.35,22
2026.01.15 05:20,2026.01.15 10:37,BUY,LienKe,4587.084,4577.995,90.9,291.4,56.3,3.21,0.62,1,2,3,1,8,13,1,8,13,1,9,13,1,31,-,1,32,-,1,48,-,1,52,-,0,,,TP,300.00,317
2026.01.15 16:20,2026.01.16 13:16,SELL,Swing,4621.081,4627.902,68.2,296.8,10.5,4.35,0.15,1,0,1,1,2,122,1,2,122,1,3,122,1,6,122,1,11,122,1,20,122,1,238,405,0,,,TP,300.00,1256
2026.01.20 04:05,2026.01.20 04:25,SELL,LienKe,4681.041,4684.956,39.1,11.0,36.3,0.28,0.93,1,7,8,0,,,0,,,0,,,0,,,0,,,0,,,0,,,0,,,SL,-39.15,20
2026.01.20 04:05,2026.01.20 04:25,SELL,LienKe,4679.733,4684.956,52.2,0.0,49.4,0.00,0.95,0,,,0,,,0,,,0,,,0,,,0,,,0,,,0,,,0,,,SL,-52.23,20
2026.01.23 08:11,2026.01.23 08:18,BUY,LienKe,4943.023,4938.697,43.3,13.6,38.8,0.32,0.90,1,2,3,0,,,0,,,0,,,0,,,0,,,0,,,0,,,0,,,SL,-43.26,7
2026.01.23 08:10,2026.01.23 08:18,BUY,LienKe,4947.041,4938.697,83.4,0.0,79.0,0.00,0.95,0,,,0,,,0,,,0,,,0,,,0,,,0,,,0,,,0,,,SL,-83.44,8
2026.01.23 14:10,2026.01.23 14:46,SELL,LienKe,4945.791,4950.993,52.0,128.3,41.3,2.47,0.79,1,1,2,1,5,23,1,5,23,1,8,23,1,20,23,1,20,23,0,,,0,,,0,,,SL,-52.02,36
2026.01.23 13:10,2026.01.23 14:46,SELL,LienKe,4941.066,4950.993,99.3,170.9,88.6,1.72,0.89,1,0,50,1,2,50,1,2,50,1,5,50,1,10,50,1,11,50,1,13,50,0,,,0,,,SL,-99.27,96
2026.01.27 14:12,2026.01.27 14:13,BUY,LienKe,5063.223,5055.782,74.4,1.1,10.0,0.01,0.13,0,,,0,,,0,,,0,,,0,,,0,,,0,,,0,,,0,,,SL,-74.41,1
2026.01.27 14:10,2026.01.27 14:13,BUY,LienKe,5069.664,5055.782,138.8,21.1,74.4,0.15,0.54,1,0,1,1,0,1,0,,,0,,,0,,,0,,,0,,,0,,,0,,,SL,-138.82,3
2026.02.05 20:37,2026.02.05 20:44,BUY,LienKe,4815.564,4807.381,81.8,9.3,81.8,0.11,1.00,0,,,0,,,0,,,0,,,0,,,0,,,0,,,0,,,0,,,SL,-81.83,6
2026.02.05 20:25,2026.02.05 20:44,BUY,LienKe,4820.951,4807.381,135.7,110.1,135.6,0.81,1.00,1,0,0,1,0,0,1,0,0,1,3,7,1,5,7,1,6,7,0,,,0,,,0,,,SL,-135.70,19
2026.02.09 10:25,2026.02.09 10:27,BUY,LienKe,5001.234,4993.631,76.0,1.3,36.1,0.02,0.47,0,,,0,,,0,,,0,,,0,,,0,,,0,,,0,,,0,,,SL,-76.03,2
2026.02.09 10:05,2026.02.09 10:27,BUY,LienKe,5006.001,4993.631,123.7,91.4,83.8,0.74,0.68,1,0,14,1,0,14,1,0,14,1,1,14,1,10,14,0,,,0,,,0,,,0,,,SL,-123.70,22
2026.02.10 23:18,2026.02.10 23:21,SELL,LienKe,5040.797,5048.424,76.3,0.0,62.3,0.00,0.82,0,,,0,,,0,,,0,,,0,,,0,,,0,,,0,,,0,,,SL,-76.27,3
2026.02.10 20:50,2026.02.10 23:21,SELL,LienKe,5035.600,5048.424,128.2,150.1,114.2,1.17,0.89,1,0,0,1,3,4,1,3,4,1,7,131,1,13,131,1,34,131,1,56,131,0,,,0,,,SL,-128.24,151
2026.02.11 10:12,2026.02.11 10:24,SELL,LienKe,5068.193,5075.095,69.0,0.0,67.2,0.00,0.97,0,,,0,,,0,,,0,,,0,,,0,,,0,,,0,,,0,,,SL,-69.02,12
2026.02.11 09:50,2026.02.11 10:24,SELL,LienKe,5064.066,5075.095,110.3,40.3,108.5,0.37,0.98,1,0,10,1,2,10,1,4,10,0,,,0,,,0,,,0,,,0,,,0,,,SL,-110.29,34
2026.02.12 01:04,2026.02.12 01:12,BUY,LienKe,5053.343,5046.930,64.1,34.0,57.9,0.53,0.90,1,1,2,1,1,2,1,1,2,0,,,0,,,0,,,0,,,0,,,0,,,SL,-64.13,8
2026.02.12 00:15,2026.02.12 01:12,BUY,LienKe,5056.832,5046.930,99.0,95.2,92.8,0.96,0.94,1,0,4,1,0,4,1,0,4,1,1,4,1,1,4,0,,,0,,,0,,,0,,,SL,-99.02,57
2026.02.16 13:29,2026.02.16 13:48,BUY,LienKe,4995.219,4989.753,54.7,33.9,50.4,0.62,0.92,1,1,4,1,3,4,1,7,9,0,,,0,,,0,,,0,,,0,,,0,,,SL,-54.66,18
2026.02.16 12:20,2026.02.16 13:48,BUY,LienKe,4999.423,4989.753,96.7,86.7,92.5,0.90,0.96,1,12,32,1,12,32,1,13,32,1,14,32,1,15,32,0,,,0,,,0,,,0,,,SL,-96.70,88
2026.02.17 12:22,2026.02.17 13:32,SELL,LienKe,4941.021,4947.351,63.3,298.6,33.0,4.72,0.52,1,3,4,1,11,13,1,11,13,1,18,-,1,33,-,1,33,-,1,43,-,1,49,-,0,,,TP,300.00,70
2026.02.17 12:20,2026.02.17 13:56,SELL,LienKe,4937.737,4947.351,96.1,296.3,65.9,3.08,0.69,1,20,22,1,20,22,1,21,22,1,35,-,1,38,-,1,43,-,1,47,-,1,55,-,0,,,TP,300.00,96
2026.02.17 15:00,2026.02.17 16:02,BUY,Swing,4855.845,4838.149,177.0,272.2,69.7,1.54,0.39,1,1,11,1,1,11,1,1,11,1,1,11,1,1,11,1,1,11,1,5,11,1,22,32,0,,,TP,300.00,62
2026.02.18 08:55,2026.02.18 09:04,BUY,LienKe,4919.716,4915.233,44.8,24.0,31.7,0.53,0.71,1,1,3,1,1,3,0,,,0,,,0,,,0,,,0,,,0,,,0,,,SL,-44.83,9
2026.02.18 08:55,2026.02.18 09:04,BUY,LienKe,4921.268,4915.233,60.3,8.4,47.3,0.14,0.78,0,,,0,,,0,,,0,,,0,,,0,,,0,,,0,,,0,,,SL,-60.35,9
2026.02.18 16:50,2026.02.18 19:27,SELL,LienKe,5004.489,5013.974,94.9,236.9,29.2,2.50,0.31,1,5,-,1,6,-,1,7,-,1,11,-,1,22,-,1,44,-,1,95,-,1,102,-,0,,,TP,300.00,157
2026.02.19 04:25,2026.02.19 05:03,SELL,LienKe,4983.144,4987.887,47.4,60.4,44.0,1.27,0.93,1,1,6,1,4,6,1,4,6,1,22,30,0,,,0,,,0,,,0,,,0,,,SL,-47.43,38
2026.02.19 04:15,2026.02.19 05:03,SELL,LienKe,4981.757,4987.887,61.3,46.5,57.8,0.76,0.94,1,2,8,1,2,8,1,7,8,0,,,0,,,0,,,0,,,0,,,0,,,SL,-61.30,48
2026.02.18 23:05,2026.02.19 06:31,BUY,LienKe,4973.333,4958.397,149.4,290.1,128.9,1.94,0.86,1,0,0,1,4,8,1,4,8,1,5,8,1,19,51,1,20,51,1,28,51,1,391,-,0,,,TP,283.95,446
2026.02.19 13:30,2026.02.19 14:34,BUY,LienKe,4978.812,4971.364,74.5,196.0,71.5,2.63,0.96,1,1,39,1,1,39,1,1,39,1,2,39,1,3,39,1,3,39,1,8,39,0,,,0,,,SL,-74.48,63
2026.02.19 13:05,2026.02.19 14:34,BUY,LienKe,4983.421,4971.364,120.6,149.9,117.6,1.24,0.98,1,1,1,1,3,4,1,18,19,1,28,62,1,32,62,1,33,62,0,,,0,,,0,,,SL,-120.57,89
2026.02.20 06:30,2026.02.20 09:04,SELL,Swing,5022.420,5032.412,99.9,170.8,95.0,1.71,0.95,1,2,3,1,30,35,1,31,35,1,32,35,1,51,121,1,53,121,1,86,121,0,,,0,,,SL,-99.92,154
2026.02.20 06:30,2026.02.20 09:04,SELL,Swing,5022.054,5032.412,103.6,167.1,98.7,1.61,0.95,1,3,3,1,31,35,1,31,35,1,33,35,1,51,122,1,53,122,1,89,122,0,,,0,,,SL,-103.58,154
2026.02.23 07:34,2026.02.23 08:29,BUY,LienKe,5130.926,5122.562,83.6,86.4,59.9,1.03,0.72,1,2,3,1,5,29,1,6,29,1,9,29,1,19,29,0,,,0,,,0,,,0,,,SL,-83.64,55
2026.02.23 07:30,2026.02.23 08:29,BUY,LienKe,5136.615,5122.562,140.5,29.5,116.8,0.21,0.83,1,18,18,1,23,24,0,,,0,,,0,,,0,,,0,,,0,,,0,,,SL,-140.53,59
2026.02.24 23:12,2026.02.25 01:04,BUY,LienKe,5130.647,5124.569,60.8,279.3,23.4,4.59,0.39,1,0,0,1,0,0,1,1,8,1,2,8,1,27,-,1,29,-,1,30,-,1,35,-,0,,,TP,294.65,112
2026.02.24 23:10,2026.02.25 01:06,BUY,LienKe,5134.284,5124.569,97.1,290.9,59.8,2.99,0.62,1,4,6,1,5,6,1,5,6,1,31,-,1,32,-,1,32,-,1,34,-,1,88,-,0,,,TP,294.65,116
2026.02.25 16:52,2026.02.25 17:11,SELL,Swing,5210.845,5216.870,60.2,28.4,53.1,0.47,0.88,1,10,11,1,10,11,0,,,0,,,0,,,0,,,0,,,0,,,0,,,SL,-60.25,19
2026.02.25 16:50,2026.02.25 17:11,SELL,Swing,5208.124,5216.870,87.5,4.9,80.3,0.06,0.92,0,,,0,,,0,,,0,,,0,,,0,,,0,,,0,,,0,,,SL,-87.46,21
2026.02.26 05:13,2026.02.26 05:16,SELL,LienKe,5197.968,5202.325,43.6,9.7,31.0,0.22,0.71,0,,,0,,,0,,,0,,,0,,,0,,,0,,,0,,,0,,,SL,-43.57,2
2026.02.26 04:15,2026.02.26 05:16,SELL,LienKe,5196.685,5202.325,56.4,67.5,43.8,1.20,0.78,1,1,57,1,2,57,1,3,57,1,34,57,0,,,0,,,0,,,0,,,0,,,SL,-56.40,61
2026.02.26 14:08,2026.02.26 14:30,BUY,LienKe,5161.222,5154.754,64.7,112.8,11.4,1.74,0.18,1,0,-,1,1,-,1,2,-,1,4,-,1,14,-,1,17,-,0,,,0,,,0,,,SL,-64.68,22
2026.02.26 12:05,2026.02.26 14:30,BUY,LienKe,5165.663,5154.754,109.1,223.9,55.8,2.05,0.51,1,0,0,1,4,99,1,4,99,1,12,99,1,14,99,1,18,99,1,27,99,1,37,99,0,,,SL,-109.09,145
2026.02.26 15:18,2026.02.26 15:27,BUY,Swing,5152.654,5136.658,160.0,94.3,25.8,0.59,0.16,1,0,0,1,1,5,1,1,5,1,1,5,1,2,5,0,,,0,,,0,,,0,,,SL,-159.96,9
2026.02.26 15:27,2026.02.26 15:27,BUY,Swing,5145.780,5136.658,91.2,0.0,153.1,0.00,1.68,0,,,0,,,0,,,0,,,0,,,0,,,0,,,0,,,0,,,SL,-91.22,0
2026.03.04 09:23,2026.03.04 09:39,SELL,LienKe,5177.130,5185.155,80.2,78.7,33.3,0.98,0.42,1,2,12,1,2,12,1,3,12,1,6,12,0,,,0,,,0,,,0,,,0,,,SL,-80.25,16
2026.03.04 08:55,2026.03.04 09:39,SELL,LienKe,5174.652,5185.155,105.0,151.0,58.1,1.44,0.55,1,0,24,1,0,24,1,0,24,1,0,24,1,4,24,1,5,24,1,12,24,0,,,0,,,SL,-105.03,44
2026.03.08 23:47,2026.03.09 00:13,BUY,Swing,5056.954,5041.202,157.5,235.3,131.1,1.49,0.83,1,0,18,1,0,18,1,1,18,1,1,18,1,1,18,1,1,18,1,3,18,1,11,18,0,,,SL,-157.52,26
2026.03.09 11:30,2026.03.09 13:42,BUY,LienKe,5085.904,5076.336,95.7,259.9,39.2,2.72,0.41,1,0,2,1,0,2,1,0,2,1,5,8,1,26,113,1,31,113,1,50,113,1,54,113,0,,,SL,-95.68,132
2026.03.10 08:39,2026.03.10 08:40,SELL,Swing,5186.922,5191.978,50.6,0.0,38.1,0.00,0.75,0,,,0,,,0,,,0,,,0,,,0,,,0,,,0,,,0,,,SL,-50.56,1
2026.03.10 08:35,2026.03.10 08:40,SELL,Swing,5184.915,5191.978,70.6,17.1,58.1,0.24,0.82,1,0,1,0,,,0,,,0,,,0,,,0,,,0,,,0,,,0,,,SL,-70.63,5
2026.03.11 17:38,2026.03.11 22:56,BUY,Swing,5159.137,5146.167,129.7,243.2,58.2,1.88,0.45,1,0,1,1,0,1,1,0,1,1,9,300,1,12,300,1,20,300,1,29,300,1,122,300,0,,,SL,-129.70,318
2026.03.12 07:59,2026.03.12 08:01,SELL,Swing,5182.318,5188.373,60.5,3.6,37.3,0.06,0.62,0,,,0,,,0,,,0,,,0,,,0,,,0,,,0,,,0,,,SL,-60.55,2
2026.03.12 07:50,2026.03.12 08:01,SELL,Swing,5179.090,5188.373,92.8,26.6,69.6,0.29,0.75,1,2,4,1,2,4,0,,,0,,,0,,,0,,,0,,,0,,,0,,,SL,-92.83,11
2026.03.12 08:10,2026.03.12 13:42,SELL,LienKe,5187.076,5192.676,56.0,286.1,49.4,5.11,0.88,1,1,92,1,1,92,1,3,92,1,4,92,1,13,92,1,38,92,1,235,-,1,245,-,0,,,TP,300.00,331
2026.03.12 08:05,2026.03.12 13:45,SELL,LienKe,5184.389,5192.676,82.9,283.5,76.3,3.42,0.92,1,1,3,1,2,3,1,9,11,1,18,86,1,43,86,1,195,286,1,242,286,1,256,286,0,,,TP,300.00,340
2026.03.12 17:45,2026.03.12 18:21,BUY,LienKe,5110.560,5101.904,86.6,19.3,81.8,0.22,0.94,1,3,4,0,,,0,,,0,,,0,,,0,,,0,,,0,,,0,,,SL,-86.56,36
2026.03.12 17:45,2026.03.12 18:21,BUY,LienKe,5110.748,5101.904,88.4,17.4,83.6,0.20,0.95,1,3,4,0,,,0,,,0,,,0,,,0,,,0,,,0,,,0,,,SL,-88.44,36
2026.03.13 00:05,2026.03.13 00:13,SELL,LienKe,5101.462,5106.771,53.1,0.0,49.9,0.00,0.94,0,,,0,,,0,,,0,,,0,,,0,,,0,,,0,,,0,,,SL,-53.09,8
2026.03.13 00:05,2026.03.13 00:13,SELL,LienKe,5099.133,5106.771,76.4,0.0,73.2,0.00,0.96,0,,,0,,,0,,,0,,,0,,,0,,,0,,,0,,,0,,,SL,-76.38,8
2026.03.16 14:10,2026.03.16 14:40,SELL,Swing,5035.441,5041.067,56.3,289.8,23.9,5.15,0.42,1,2,-,1,2,-,1,2,-,1,3,-,1,5,-,1,5,-,1,14,-,1,19,-,0,,,TP,300.00,30
2026.03.16 14:10,2026.03.16 14:42,SELL,Swing,5032.537,5041.067,85.3,288.4,52.9,3.38,0.62,1,3,-,1,3,-,1,3,-,1,4,-,1,9,-,1,13,-,1,17,-,1,20,-,0,,,TP,300.00,32
2026.03.17 04:36,2026.03.17 04:44,SELL,LienKe,5034.208,5038.269,40.6,7.1,3.8,0.17,0.09,0,,,0,,,0,,,0,,,0,,,0,,,0,,,0,,,0,,,SL,-40.61,8
2026.03.17 04:35,2026.03.17 04:44,SELL,LienKe,5033.182,5038.269,50.9,0.0,14.1,0.00,0.28,0,,,0,,,0,,,0,,,0,,,0,,,0,,,0,,,0,,,SL,-50.87,9
2026.03.17 10:45,2026.03.17 13:41,BUY,Swing,4999.189,4988.665,105.2,298.9,31.9,2.84,0.30,1,0,1,1,6,13,1,7,13,1,9,13,1,32,-,1,33,-,1,95,-,1,103,-,0,,,TP,300.00,176
2026.03.18 01:55,2026.03.18 03:04,BUY,LienKe,4998.697,4988.069,106.3,81.4,82.2,0.77,0.77,1,0,0,1,5,9,1,5,9,1,24,58,1,27,58,0,,,0,,,0,,,0,,,SL,-106.28,69
2026.03.18 07:06,2026.03.18 08:21,SELL,LienKe,5014.669,5019.311,46.4,269.0,5.7,5.80,0.12,1,1,-,1,1,-,1,3,-,1,9,-,1,19,-,1,38,-,1,40,-,1,44,-,0,,,TP,300.00,75
2026.03.18 06:40,2026.03.18 08:45,SELL,LienKe,5012.068,5019.311,72.4,283.6,31.7,3.92,0.44,1,4,6,1,11,22,1,13,22,1,39,-,1,64,-,1,64,-,1,68,-,1,72,-,0,,,TP,300.00,125
2026.03.18 10:29,2026.03.18 10:35,BUY,LienKe,4981.215,4974.089,71.3,58.6,20.3,0.82,0.28,1,0,4,1,1,4,1,1,4,1,1,4,0,,,0,,,0,,,0,,,0,,,SL,-71.26,6
2026.03.18 08:50,2026.03.18 10:35,BUY,LienKe,4988.799,4974.089,147.1,65.4,96.1,0.44,0.65,1,14,22,1,15,22,1,30,75,1,31,75,0,,,0,,,0,,,0,,,0,,,SL,-147.10,105
2026.03.18 10:56,2026.03.18 11:04,BUY,Swing,4968.619,4957.290,113.3,11.6,98.4,0.10,0.87,1,3,4,0,,,0,,,0,,,0,,,0,,,0,,,0,,,0,,,SL,-113.29,8
2026.03.18 12:06,2026.03.18 12:07,BUY,LienKe,4925.449,4918.130,73.2,0.0,27.2,0.00,0.37,0,,,0,,,0,,,0,,,0,,,0,,,0,,,0,,,0,,,SL,-73.19,1
2026.03.18 12:05,2026.03.18 12:07,BUY,LienKe,4930.253,4918.130,121.2,20.6,75.3,0.17,0.62,1,0,0,1,0,0,0,,,0,,,0,,,0,,,0,,,0,,,0,,,SL,-121.23,2
2026.03.19 01:00,2026.03.19 01:02,SELL,LienKe,4846.792,4851.877,50.9,19.8,40.7,0.39,0.80,1,0,1,0,,,0,,,0,,,0,,,0,,,0,,,0,,,0,,,SL,-50.85,2
2026.03.19 00:40,2026.03.19 01:02,SELL,LienKe,4843.757,4851.877,81.2,58.1,71.0,0.72,0.87,1,1,8,1,1,8,1,3,8,1,4,8,0,,,0,,,0,,,0,,,0,,,SL,-81.20,22
2026.03.20 01:34,2026.03.20 01:40,SELL,LienKe,4674.923,4683.367,84.4,28.1,35.1,0.33,0.42,1,3,4,1,3,4,0,,,0,,,0,,,0,,,0,,,0,,,0,,,SL,-84.44,6
2026.03.20 01:10,2026.03.20 01:40,SELL,LienKe,4666.617,4683.367,167.5,180.3,118.2,1.08,0.71,1,0,20,1,0,20,1,0,20,1,1,20,1,1,20,1,2,20,1,4,20,0,,,0,,,SL,-167.50,30
2026.03.20 08:30,2026.03.20 08:47,SELL,LienKe,4722.909,4737.746,148.4,297.2,3.7,2.00,0.03,1,0,-,1,0,-,1,0,-,1,0,-,1,1,-,1,1,-,1,2,-,1,3,-,0,,,TP,300.00,17
2026.03.25 12:35,2026.03.25 13:04,BUY,LienKe,4538.063,4519.030,190.3,251.6,20.3,1.32,0.11,1,0,10,1,0,10,1,0,10,1,0,10,1,1,10,1,1,10,1,2,10,1,28,-,0,,,TP,300.00,29
2026.03.26 05:35,2026.03.26 05:45,BUY,Swing,4486.855,4477.029,98.3,88.7,39.1,0.90,0.40,1,0,9,1,0,9,1,1,9,1,1,9,1,1,9,0,,,0,,,0,,,0,,,SL,-98.26,10
2026.03.26 05:35,2026.03.26 05:45,BUY,Swing,4493.909,4477.029,168.8,18.1,109.6,0.11,0.65,1,2,2,0,,,0,,,0,,,0,,,0,,,0,,,0,,,0,,,SL,-168.80,10
2026.03.26 13:51,2026.03.26 14:22,SELL,LienKe,4457.050,4463.325,62.7,198.2,38.5,3.16,0.61,1,1,3,1,1,3,1,2,3,1,2,3,1,6,24,1,7,24,1,7,24,0,,,0,,,SL,-62.75,31
2026.03.26 13:50,2026.03.26 14:22,SELL,LienKe,4452.428,4463.325,109.0,151.9,84.7,1.39,0.78,1,0,1,1,0,1,1,1,1,1,8,9,1,8,9,1,8,9,1,9,9,0,,,0,,,SL,-108.97,32
2026.03.27 05:30,2026.03.27 05:33,SELL,LienKe,4447.817,4452.482,46.6,2.7,42.9,0.06,0.92,0,,,0,,,0,,,0,,,0,,,0,,,0,,,0,,,0,,,SL,-46.65,3
2026.03.27 05:00,2026.03.27 05:33,SELL,LienKe,4446.120,4452.482,63.6,55.2,59.9,0.87,0.94,1,0,1,1,0,1,1,4,6,1,26,30,0,,,0,,,0,,,0,,,0,,,SL,-63.62,33
2026.03.31 00:25,2026.03.31 00:37,BUY,LienKe,4493.912,4479.562,143.5,294.7,41.7,2.05,0.29,1,0,-,1,0,-,1,0,-,1,0,-,1,1,-,1,1,-,1,2,-,1,9,-,0,,,TP,300.00,12
2026.03.31 11:35,2026.03.31 11:39,SELL,LienKe,4579.404,4586.100,67.0,51.7,38.8,0.77,0.58,1,0,2,1,1,2,1,1,2,1,1,2,0,,,0,,,0,,,0,,,0,,,SL,-66.96,4
2026.03.31 11:30,2026.03.31 11:39,SELL,LienKe,4575.331,4586.100,107.7,62.9,79.5,0.58,0.74,1,0,3,1,0,3,1,0,3,1,2,3,0,,,0,,,0,,,0,,,0,,,SL,-107.69,9
2026.04.01 11:35,2026.04.01 11:39,SELL,LienKe,4748.245,4753.482,52.4,17.0,35.7,0.33,0.68,1,1,2,0,,,0,,,0,,,0,,,0,,,0,,,0,,,0,,,SL,-52.37,4
2026.04.01 11:35,2026.04.01 11:39,SELL,LienKe,4745.987,4753.482,74.9,0.0,58.2,0.00,0.78,0,,,0,,,0,,,0,,,0,,,0,,,0,,,0,,,0,,,SL,-74.95,4
2026.04.02 13:13,2026.04.02 13:47,BUY,LienKe,4587.570,4577.323,102.5,260.8,68.0,2.54,0.66,1,0,1,1,0,1,1,0,1,1,2,4,1,9,10,1,9,10,1,17,27,1,18,27,0,,,TP,300.00,34
2026.04.02 13:05,2026.04.02 13:48,BUY,LienKe,4595.237,4577.323,179.1,255.7,144.7,1.43,0.81,1,0,5,1,0,5,1,0,5,1,0,5,1,0,5,1,0,5,1,1,5,1,42,-,0,,,TP,300.00,43
2026.04.06 09:14,2026.04.06 09:43,SELL,Swing,4700.859,4706.178,53.2,34.9,46.5,0.66,0.87,1,4,5,1,4,5,1,9,10,0,,,0,,,0,,,0,,,0,,,0,,,SL,-53.19,28
2026.04.06 09:10,2026.04.06 09:43,SELL,Swing,4699.166,4706.178,70.1,18.0,63.4,0.26,0.90,1,1,2,0,,,0,,,0,,,0,,,0,,,0,,,0,,,0,,,SL,-70.12,33
2026.04.07 00:10,2026.04.07 01:00,BUY,LienKe,4653.726,4646.028,77.0,77.0,9.2,1.00,0.12,1,0,-,1,0,-,1,1,-,1,2,-,0,,,0,,,0,,,0,,,0,,,SL,-76.98,50
2026.04.07 01:00,2026.04.07 01:00,BUY,LienKe,4651.901,4646.028,58.7,0.0,246.2,0.00,4.19,0,,,0,,,0,,,0,,,0,,,0,,,0,,,0,,,0,,,SL,-58.73,0
2026.04.07 01:09,2026.04.07 01:52,BUY,Swing,4640.989,4624.285,167.0,213.9,124.8,1.28,0.75,1,0,1,1,0,1,1,0,1,1,7,28,1,8,28,1,8,28,1,11,28,1,24,28,0,,,SL,-167.04,43
2026.04.07 04:55,2026.04.07 05:29,SELL,LienKe,4661.915,4667.251,53.4,299.4,13.6,5.61,0.26,1,2,2,1,4,-,1,7,-,1,9,-,1,25,-,1,28,-,1,30,-,1,31,-,0,,,TP,300.00,34
2026.04.07 17:33,2026.04.07 17:35,SELL,LienKe,4670.310,4676.194,58.8,15.5,26.9,0.26,0.46,1,0,1,0,,,0,,,0,,,0,,,0,,,0,,,0,,,0,,,SL,-58.84,2
2026.04.07 17:10,2026.04.07 17:35,SELL,LienKe,4667.367,4676.194,88.3,132.8,56.4,1.50,0.64,1,0,0,1,5,6,1,6,22,1,6,22,1,7,22,1,8,22,0,,,0,,,0,,,SL,-88.27,25
2026.04.07 19:25,2026.04.07 19:45,SELL,Swing,4689.566,4705.697,161.3,76.2,23.4,0.47,0.14,1,0,0,1,0,0,1,1,3,1,6,11,0,,,0,,,0,,,0,,,0,,,SL,-161.31,20
2026.04.07 19:45,2026.04.07 19:45,SELL,Swing,4696.292,4705.697,94.0,0.0,167.8,0.00,1.78,0,,,0,,,0,,,0,,,0,,,0,,,0,,,0,,,0,,,SL,-94.05,0
2026.04.09 20:35,2026.04.09 20:40,BUY,LienKe,4768.024,4763.033,49.9,4.7,48.8,0.09,0.98,0,,,0,,,0,,,0,,,0,,,0,,,0,,,0,,,0,,,SL,-49.91,5
2026.04.09 20:20,2026.04.09 20:40,BUY,LienKe,4770.899,4763.033,78.7,24.2,77.6,0.31,0.99,1,2,6,1,3,6,0,,,0,,,0,,,0,,,0,,,0,,,0,,,SL,-78.66,20
2026.04.13 11:40,2026.04.13 11:43,BUY,LienKe,4709.959,4705.107,48.5,24.0,38.0,0.49,0.78,1,2,-,1,2,-,0,,,0,,,0,,,0,,,0,,,0,,,0,,,SL,-48.52,3
2026.04.13 10:30,2026.04.13 11:43,BUY,LienKe,4712.878,4705.107,77.7,162.2,67.2,2.09,0.86,1,0,1,1,4,66,1,4,66,1,14,66,1,17,66,1,21,66,1,36,66,0,,,0,,,SL,-77.71,73
2026.04.13 15:30,2026.04.13 16:29,BUY,LienKe,4702.787,4697.207,55.8,285.4,7.3,5.11,0.13,1,0,-,1,1,-,1,2,-,1,3,-,1,5,-,1,7,-,1,8,-,1,47,-,0,,,TP,300.00,59
2026.04.13 15:10,2026.04.13 16:33,BUY,LienKe,4705.486,4697.207,82.8,285.6,34.2,3.45,0.41,1,1,3,1,1,3,1,1,3,1,5,14,1,27,-,1,28,-,1,63,-,1,68,-,0,,,TP,300.00,83
2026.04.13 16:51,2026.04.13 17:26,SELL,LienKe,4743.213,4749.229,60.2,173.2,49.7,2.88,0.83,1,0,28,1,0,28,1,0,28,1,1,28,1,5,28,1,8,28,1,16,28,0,,,0,,,SL,-60.16,35
2026.04.13 16:50,2026.04.13 17:26,SELL,LienKe,4737.754,4749.229,114.8,118.6,104.3,1.03,0.91,1,0,0,1,3,4,1,7,13,1,9,13,1,17,28,1,17,28,0,,,0,,,0,,,SL,-114.75,36
2026.04.13 22:13,2026.04.13 22:53,SELL,LienKe,4751.621,4755.550,39.3,55.2,37.3,1.40,0.95,1,0,32,1,0,32,1,1,32,1,8,32,0,,,0,,,0,,,0,,,0,,,SL,-39.29,40
2026.04.13 22:10,2026.04.13 22:53,SELL,LienKe,4748.005,4755.550,75.5,19.0,73.5,0.25,0.97,1,5,5,0,,,0,,,0,,,0,,,0,,,0,,,0,,,0,,,SL,-75.45,43
2026.04.14 14:00,2026.04.14 14:19,SELL,Swing,4798.574,4806.307,77.3,55.1,53.9,0.71,0.70,1,3,3,1,3,3,1,3,3,1,5,8,0,,,0,,,0,,,0,,,0,,,SL,-77.33,19
2026.04.14 13:40,2026.04.14 14:19,SELL,Swing,4789.387,4806.307,169.2,24.7,145.8,0.15,0.86,1,1,2,1,1,2,0,,,0,,,0,,,0,,,0,,,0,,,0,,,SL,-169.20,39
2026.04.14 16:50,2026.04.14 17:05,SELL,LienKe,4818.029,4823.446,54.2,86.2,11.0,1.59,0.20,1,1,-,1,1,-,1,1,-,1,3,-,1,9,-,0,,,0,,,0,,,0,,,SL,-54.17,15
2026.04.14 16:35,2026.04.14 17:05,SELL,LienKe,4815.868,4823.446,75.8,64.6,32.6,0.85,0.43,1,0,1,1,1,1,1,11,15,1,22,28,0,,,0,,,0,,,0,,,0,,,SL,-75.78,30
2026.04.15 00:08,2026.04.15 00:17,BUY,LienKe,4834.793,4829.619,51.7,12.8,43.0,0.25,0.83,1,0,1,0,,,0,,,0,,,0,,,0,,,0,,,0,,,0,,,SL,-51.74,9
2026.04.15 00:05,2026.04.15 00:17,BUY,LienKe,4838.496,4829.619,88.8,13.3,80.0,0.15,0.90,1,1,2,0,,,0,,,0,,,0,,,0,,,0,,,0,,,0,,,SL,-88.77,12
2026.04.15 09:28,2026.04.15 09:47,BUY,LienKe,4798.684,4789.552,91.3,52.1,55.5,0.57,0.61,1,2,5,1,2,5,1,2,5,1,2,5,0,,,0,,,0,,,0,,,0,,,SL,-91.32,19
2026.04.15 09:15,2026.04.15 09:47,BUY,LienKe,4805.155,4789.552,156.0,22.0,120.2,0.14,0.77,1,0,0,1,6,7,0,,,0,,,0,,,0,,,0,,,0,,,0,,,SL,-156.03,32
2026.04.15 23:20,2026.04.15 23:30,SELL,LienKe,4812.777,4816.836,40.6,0.0,32.9,0.00,0.81,0,,,0,,,0,,,0,,,0,,,0,,,0,,,0,,,0,,,SL,-40.59,10
2026.04.15 23:20,2026.04.15 23:30,SELL,LienKe,4812.607,4816.836,42.3,0.0,34.6,0.00,0.82,0,,,0,,,0,,,0,,,0,,,0,,,0,,,0,,,0,,,SL,-42.29,10
2026.04.17 01:23,2026.04.17 04:59,BUY,Swing,4773.984,4766.147,78.4,297.1,64.2,3.79,0.82,1,2,4,1,2,4,1,13,16,1,25,-,1,28,-,1,29,-,1,32,-,1,44,-,0,,,TP,300.00,215
2026.04.17 01:15,2026.04.17 07:50,BUY,Swing,4778.957,4766.147,128.1,273.5,114.0,2.14,0.89,1,0,6,1,0,6,1,0,6,1,1,6,1,40,-,1,40,-,1,52,-,1,204,-,0,,,SL,0.00,395
2026.04.21 01:47,2026.04.21 01:55,BUY,LienKe,4811.134,4805.988,51.5,18.0,24.0,0.35,0.47,1,2,2,0,,,0,,,0,,,0,,,0,,,0,,,0,,,0,,,SL,-51.46,8
2026.04.21 01:45,2026.04.21 01:55,BUY,LienKe,4813.618,4805.988,76.3,4.7,48.8,0.06,0.64,0,,,0,,,0,,,0,,,0,,,0,,,0,,,0,,,0,,,SL,-76.30,10
2026.04.21 13:06,2026.04.21 13:15,BUY,LienKe,4773.965,4763.799,101.7,0.0,95.0,0.00,0.93,0,,,0,,,0,,,0,,,0,,,0,,,0,,,0,,,0,,,SL,-101.66,8
2026.04.21 13:06,2026.04.21 13:15,BUY,Swing,4773.965,4763.799,101.7,0.0,95.0,0.00,0.93,0,,,0,,,0,,,0,,,0,,,0,,,0,,,0,,,0,,,SL,-101.66,8
2026.04.23 05:35,2026.04.23 10:12,BUY,LienKe,4706.171,4689.157,170.1,186.4,155.8,1.10,0.92,1,11,12,1,11,12,1,14,107,1,15,107,1,16,107,1,25,107,1,75,107,0,,,0,,,SL,-170.14,277
2026.04.24 04:16,2026.04.24 04:22,BUY,LienKe,4668.987,4664.137,48.5,16.1,14.0,0.33,0.29,1,0,1,0,,,0,,,0,,,0,,,0,,,0,,,0,,,0,,,SL,-48.50,6
2026.04.24 04:05,2026.04.24 04:22,BUY,LienKe,4671.182,4664.137,70.5,33.5,35.9,0.48,0.51,1,3,6,1,4,6,1,4,6,0,,,0,,,0,,,0,,,0,,,0,,,SL,-70.45,17
2026.04.24 09:13,2026.04.24 11:07,SELL,LienKe,4695.181,4700.315,51.3,202.7,17.0,3.95,0.33,1,5,111,1,5,111,1,8,111,1,9,111,1,11,111,1,12,111,1,20,111,1,81,111,0,,,SL,-51.34,114
2026.04.24 08:25,2026.04.24 11:07,SELL,LienKe,4692.070,4700.315,82.4,171.6,48.1,2.08,0.58,1,0,23,1,2,23,1,3,23,1,6,23,1,60,160,1,65,160,1,127,160,0,,,0,,,SL,-82.45,162
2026.04.27 08:37,2026.04.27 09:10,BUY,LienKe,4708.132,4703.853,42.8,64.8,37.6,1.51,0.88,1,6,16,1,6,16,1,7,16,1,8,16,0,,,0,,,0,,,0,,,0,,,SL,-42.79,33
2026.04.27 08:35,2026.04.27 09:10,BUY,LienKe,4709.829,4703.853,59.8,47.8,54.5,0.80,0.91,1,9,17,1,10,17,1,10,17,0,,,0,,,0,,,0,,,0,,,0,,,SL,-59.76,35
2026.04.27 04:35,2026.04.27 12:42,SELL,LienKe,4727.263,4733.124,58.6,295.7,12.1,5.05,0.21,1,0,1,1,12,-,1,15,-,1,27,-,1,37,-,1,41,-,1,59,-,1,235,-,0,,,TP,300.00,487
2026.04.28 02:56,2026.04.28 05:00,BUY,Swing,4668.574,4663.315,52.6,72.7,21.2,1.38,0.40,1,3,3,1,4,5,1,8,64,1,14,64,0,,,0,,,0,,,0,,,0,,,SL,-52.59,124
2026.04.28 02:05,2026.04.28 05:00,BUY,Swing,4672.844,4663.315,95.3,67.3,63.9,0.71,0.67,1,0,25,1,0,25,1,0,25,1,7,25,0,,,0,,,0,,,0,,,0,,,SL,-95.29,175
2026.04.28 17:46,2026.04.29 00:01,SELL,LienKe,4600.321,4604.513,41.9,121.9,13.3,2.91,0.32,1,2,37,1,3,37,1,4,37,1,10,37,1,155,374,1,324,374,0,,,0,,,0,,,SL,-41.92,375
2026.04.28 17:45,2026.04.29 00:01,SELL,LienKe,4599.116,4604.513,54.0,109.9,25.3,2.04,0.47,1,0,0,1,7,34,1,11,34,1,18,34,1,322,375,1,353,375,0,,,0,,,0,,,SL,-53.97,376
2026.04.29 12:34,2026.04.29 12:52,BUY,Swing,4553.198,4548.404,47.9,68.0,40.9,1.42,0.85,1,0,3,1,1,3,1,1,3,1,9,16,0,,,0,,,0,,,0,,,0,,,SL,-47.94,18
2026.04.29 10:00,2026.04.29 12:52,BUY,Swing,4555.879,4548.404,74.7,205.4,67.7,2.75,0.91,1,0,150,1,1,150,1,2,150,1,3,150,1,9,150,1,10,150,1,16,150,1,31,150,0,,,SL,-74.75,172
2026.04.30 00:07,2026.04.30 00:46,SELL,LienKe,4565.071,4571.521,64.5,85.1,50.3,1.32,0.78,1,0,23,1,1,23,1,1,23,1,4,23,1,7,23,0,,,0,,,0,,,0,,,SL,-64.50,39
2026.04.30 00:05,2026.04.30 00:46,SELL,LienKe,4559.447,4571.521,120.7,28.9,106.6,0.24,0.88,1,0,0,1,10,10,0,,,0,,,0,,,0,,,0,,,0,,,0,,,SL,-120.74,41
2026.05.01 14:11,2026.05.01 14:12,SELL,Swing,4638.358,4645.018,66.6,0.0,51.3,0.00,0.77,0,,,0,,,0,,,0,,,0,,,0,,,0,,,0,,,0,,,SL,-66.60,1
2026.05.01 14:10,2026.05.01 14:12,SELL,Swing,4634.479,4645.018,105.4,0.0,90.1,0.00,0.86,0,,,0,,,0,,,0,,,0,,,0,,,0,,,0,,,0,,,SL,-105.39,2
2026.05.01 20:10,2026.05.04 00:21,BUY,LienKe,4610.333,4603.980,63.5,190.0,59.4,2.99,0.93,1,2,3,1,15,28,1,17,28,1,19,28,1,2993,3110,1,2993,3110,1,2993,3110,0,,,0,,,SL,-68.88,3131
2026.05.04 06:23,2026.05.04 06:44,BUY,LienKe,4590.736,4584.607,61.3,48.8,60.1,0.80,0.98,1,1,2,1,4,10,1,5,10,0,,,0,,,0,,,0,,,0,,,0,,,SL,-61.29,21
2026.05.04 06:15,2026.05.04 06:44,BUY,LienKe,4597.633,4584.607,130.3,2.0,129.1,0.02,0.99,0,,,0,,,0,,,0,,,0,,,0,,,0,,,0,,,0,,,SL,-130.26,29
2026.05.05 17:08,2026.05.05 22:04,BUY,LienKe,4555.699,4550.643,50.6,100.5,47.5,1.99,0.94,1,7,128,1,10,128,1,10,128,1,11,128,1,66,128,1,98,128,0,,,0,,,0,,,SL,-50.56,295
2026.05.05 16:35,2026.05.05 22:04,BUY,LienKe,4557.954,4550.643,73.1,78.0,70.0,1.07,0.96,1,1,1,1,16,31,1,20,31,1,99,126,0,,,0,,,0,,,0,,,0,,,SL,-73.11,329
2026.05.08 01:11,2026.05.08 01:51,SELL,LienKe,4717.024,4722.222,52.0,115.4,50.9,2.22,0.98,1,1,8,1,1,8,1,2,8,1,4,8,1,26,37,1,26,37,0,,,0,,,0,,,SL,-51.98,40
2026.05.08 01:10,2026.05.08 01:51,SELL,LienKe,4714.751,4722.222,74.7,92.6,73.7,1.24,0.99,1,4,8,1,5,8,1,14,15,1,26,36,1,27,36,0,,,0,,,0,,,0,,,SL,-74.71,41
2026.05.08 12:47,2026.05.08 13:30,SELL,LienKe,4726.743,4733.812,70.7,101.2,55.5,1.43,0.79,1,0,2,1,0,2,1,0,2,1,3,5,1,22,33,1,25,33,0,,,0,,,0,,,SL,-70.69,43
2026.05.08 12:45,2026.05.08 13:30,SELL,LienKe,4724.126,4733.812,96.9,75.0,81.7,0.77,0.84,1,0,1,1,0,1,1,0,1,1,24,32,0,,,0,,,0,,,0,,,0,,,SL,-96.86,45
2026.05.11 00:25,2026.05.11 00:52,BUY,LienKe,4684.645,4672.672,119.7,87.7,30.3,0.73,0.25,1,0,1,1,0,1,1,5,-,1,6,-,1,7,-,0,,,0,,,0,,,0,,,SL,-119.73,27
2026.05.11 00:52,2026.05.11 00:53,BUY,LienKe,4680.692,4672.672,80.2,0.0,86.3,0.00,1.08,0,,,0,,,0,,,0,,,0,,,0,,,0,,,0,,,0,,,SL,-80.20,0
2026.05.11 01:17,2026.05.11 01:22,SELL,LienKe,4695.363,4702.690,73.3,18.0,32.2,0.25,0.44,1,3,3,0,,,0,,,0,,,0,,,0,,,0,,,0,,,0,,,SL,-73.27,5
2026.05.11 01:10,2026.05.11 01:22,SELL,LienKe,4690.997,4702.690,116.9,86.1,75.9,0.74,0.65,1,0,2,1,0,2,1,0,2,1,0,2,1,0,2,0,,,0,,,0,,,0,,,SL,-116.93,12
2026.05.11 05:42,2026.05.11 05:43,BUY,LienKe,4670.100,4665.306,47.9,0.0,6.1,0.00,0.13,0,,,0,,,0,,,0,,,0,,,0,,,0,,,0,,,0,,,SL,-47.94,1
2026.05.11 04:35,2026.05.11 05:43,BUY,LienKe,4673.222,4665.306,79.2,75.5,37.3,0.95,0.47,1,3,4,1,14,18,1,58,63,1,59,63,0,,,0,,,0,,,0,,,0,,,SL,-79.16,68
2026.05.12 13:58,2026.05.12 14:00,BUY,LienKe,4682.384,4676.353,60.3,0.0,56.1,0.00,0.93,0,,,0,,,0,,,0,,,0,,,0,,,0,,,0,,,0,,,SL,-60.31,2
2026.05.12 13:20,2026.05.12 14:00,BUY,LienKe,4685.768,4676.353,94.1,159.4,89.9,1.69,0.96,1,0,12,1,0,12,1,0,12,1,2,12,1,2,12,1,18,38,1,23,38,0,,,0,,,SL,-94.15,40
2026.05.14 04:05,2026.05.14 04:26,BUY,Swing,4673.115,4664.960,81.5,267.0,9.2,3.27,0.11,1,0,-,1,0,-,1,0,-,1,2,-,1,9,-,1,10,-,1,17,-,1,20,-,0,,,TP,300.00,21
2026.05.14 19:20,2026.05.14 19:29,BUY,LienKe,4667.742,4663.008,47.3,15.2,8.3,0.32,0.18,1,0,1,0,,,0,,,0,,,0,,,0,,,0,,,0,,,0,,,SL,-47.34,9
2026.05.14 16:35,2026.05.14 19:29,BUY,Swing,4671.613,4663.469,81.4,114.7,56.1,1.41,0.69,1,1,2,1,3,88,1,3,88,1,13,88,1,25,88,1,28,88,0,,,0,,,0,,,SL,-81.44,174
2026.05.14 13:45,2026.05.14 19:29,BUY,Swing,4677.183,4663.469,137.1,237.7,111.8,1.73,0.81,1,0,79,1,0,79,1,0,79,1,1,79,1,2,79,1,2,79,1,32,79,1,35,79,0,,,SL,-137.14,344
2026.05.14 19:29,2026.05.14 19:30,BUY,LienKe,4666.730,4663.008,37.2,0.0,38.4,0.00,1.03,0,,,0,,,0,,,0,,,0,,,0,,,0,,,0,,,0,,,SL,-37.22,0
2026.05.15 00:13,2026.05.15 00:25,BUY,LienKe,4645.793,4638.985,68.1,124.2,10.5,1.82,0.15,1,0,10,1,0,10,1,1,10,1,2,10,1,2,10,1,2,10,0,,,0,,,0,,,SL,-68.08,12
2026.05.15 00:05,2026.05.15 00:25,BUY,LienKe,4649.824,4638.985,108.4,83.9,50.8,0.77,0.47,1,0,0,1,1,1,1,10,11,1,10,11,1,10,11,0,,,0,,,0,,,0,,,SL,-108.39,20
2026.05.17 23:45,2026.05.18 00:05,BUY,LienKe,4535.834,4529.548,62.9,83.7,58.4,1.33,0.93,1,3,13,1,3,13,1,3,13,1,7,13,1,8,13,0,,,0,,,0,,,0,,,SL,-62.86,20
2026.05.17 23:45,2026.05.18 00:05,BUY,LienKe,4539.530,4529.548,99.8,46.7,95.4,0.47,0.96,1,7,10,1,8,10,1,8,10,0,,,0,,,0,,,0,,,0,,,0,,,SL,-99.82,20
2026.05.19 00:08,2026.05.19 01:21,SELL,LienKe,4585.648,4592.369,67.2,288.4,5.0,4.29,0.07,1,0,13,1,0,13,1,0,13,1,3,13,1,7,13,1,7,13,1,20,-,1,47,-,0,,,TP,300.00,73
2026.05.19 00:05,2026.05.19 02:53,SELL,LienKe,4579.363,4592.369,130.1,299.7,67.9,2.30,0.52,1,0,0,1,0,0,1,10,11,1,19,-,1,23,-,1,23,-,1,52,-,1,55,-,0,,,TP,300.00,168
2026.05.19 04:06,2026.05.19 04:28,BUY,LienKe,4542.820,4538.357,44.6,15.7,44.2,0.35,0.99,1,1,2,0,,,0,,,0,,,0,,,0,,,0,,,0,,,0,,,SL,-44.63,22
2026.05.19 04:05,2026.05.19 04:28,BUY,LienKe,4544.493,4538.357,61.4,13.3,61.0,0.22,0.99,1,0,1,0,,,0,,,0,,,0,,,0,,,0,,,0,,,0,,,SL,-61.36,23
2026.05.19 13:41,2026.05.19 13:54,BUY,Swing,4472.835,4461.373,114.6,241.6,28.1,2.11,0.25,1,1,-,1,1,-,1,1,-,1,2,-,1,4,-,1,9,-,1,9,-,1,10,-,0,,,TP,300.00,13
2026.05.20 01:41,2026.05.20 10:08,BUY,Swing,4461.918,4453.046,88.7,293.5,87.0,3.31,0.98,1,0,63,1,0,63,1,0,63,1,1,63,1,7,63,1,8,63,1,9,63,1,9,63,0,,,TP,300.00,507
2026.05.20 01:40,2026.05.20 11:26,BUY,Swing,4468.134,4453.046,150.9,290.5,149.2,1.93,0.99,1,4,4,1,8,52,1,9,52,1,9,52,1,10,52,1,10,52,1,10,52,1,10,52,0,,,TP,300.00,586
2026.05.21 10:35,2026.05.21 10:40,BUY,LienKe,4514.093,4505.072,90.2,40.4,65.8,0.45,0.73,1,2,3,1,2,3,1,2,3,0,,,0,,,0,,,0,,,0,,,0,,,SL,-90.21,5
2026.05.21 10:35,2026.05.21 10:40,BUY,LienKe,4514.732,4505.072,96.6,34.0,72.2,0.35,0.75,1,2,3,1,2,3,1,2,3,0,,,0,,,0,,,0,,,0,,,0,,,SL,-96.60,5
2026.05.21 17:29,2026.05.21 17:31,SELL,Swing,4541.617,4549.390,77.7,6.6,42.9,0.08,0.55,0,,,0,,,0,,,0,,,0,,,0,,,0,,,0,,,0,,,SL,-77.73,2
2026.05.21 17:25,2026.05.21 17:31,SELL,Swing,4536.785,4549.390,126.1,10.9,91.2,0.09,0.72,1,0,1,0,,,0,,,0,,,0,,,0,,,0,,,0,,,0,,,SL,-126.05,6
2026.05.22 10:08,2026.05.22 14:01,SELL,LienKe,4534.562,4539.083,45.2,281.9,25.7,6.24,0.57,1,7,131,1,7,131,1,12,131,1,14,131,1,20,131,1,21,131,1,26,131,1,33,131,0,,,TP,300.00,232
2026.05.22 10:00,2026.05.22 14:13,SELL,LienKe,4532.383,4539.083,67.0,292.9,47.5,4.37,0.71,1,0,1,1,2,6,1,22,139,1,27,139,1,30,139,1,32,139,1,37,139,1,45,139,0,,,TP,300.00,253
2026.05.26 17:30,2026.05.26 17:54,BUY,LienKe,4500.504,4496.499,40.1,12.2,35.8,0.30,0.89,1,2,4,0,,,0,,,0,,,0,,,0,,,0,,,0,,,0,,,SL,-40.05,24
2026.05.26 16:25,2026.05.26 17:54,BUY,LienKe,4506.225,4496.499,97.3,51.0,93.0,0.52,0.96,1,1,17,1,4,17,1,5,17,1,8,17,0,,,0,,,0,,,0,,,0,,,SL,-97.26,89
2026.05.28 16:10,2026.05.28 16:16,SELL,LienKe,4483.518,4488.914,54.0,12.5,34.7,0.23,0.64,1,3,4,0,,,0,,,0,,,0,,,0,,,0,,,0,,,0,,,SL,-53.96,6
2026.05.28 16:10,2026.05.28 16:16,SELL,LienKe,4481.381,4488.914,75.3,0.0,56.0,0.00,0.74,0,,,0,,,0,,,0,,,0,,,0,,,0,,,0,,,0,,,SL,-75.33,6
2026.06.01 08:23,2026.06.01 13:11,BUY,LienKe,4493.356,4488.585,47.7,195.9,42.3,4.11,0.89,1,2,3,1,6,8,1,6,8,1,20,68,1,22,68,1,54,68,1,144,-,0,,,0,,,SL,-47.71,288
2026.06.01 08:20,2026.06.01 13:11,BUY,LienKe,4495.464,4488.585,68.8,174.8,63.4,2.54,0.92,1,1,2,1,22,37,1,23,37,1,25,37,1,57,70,1,58,70,1,147,283,0,,,0,,,SL,-68.79,291
2026.06.03 05:42,2026.06.03 06:46,BUY,LienKe,4462.006,4455.903,61.0,88.5,59.7,1.45,0.98,1,1,2,1,4,13,1,4,13,1,8,13,1,36,41,0,,,0,,,0,,,0,,,SL,-61.03,64
2026.06.03 05:42,2026.06.03 06:46,BUY,Swing,4462.006,4455.903,61.0,88.5,59.7,1.45,0.98,1,1,2,1,4,13,1,4,13,1,8,13,1,36,41,0,,,0,,,0,,,0,,,SL,-61.03,64
2026.06.03 05:35,2026.06.03 06:46,BUY,LienKe,4465.179,4455.903,92.8,56.8,91.4,0.61,0.99,1,1,3,1,1,3,1,2,3,1,43,46,0,,,0,,,0,,,0,,,0,,,SL,-92.76,71
2026.06.03 05:35,2026.06.03 06:46,BUY,Swing,4465.179,4455.903,92.8,56.8,91.4,0.61,0.99,1,1,3,1,1,3,1,2,3,1,43,46,0,,,0,,,0,,,0,,,0,,,SL,-92.76,71
2026.06.03 20:42,2026.06.03 22:12,BUY,LienKe,4433.629,4429.428,42.0,67.4,32.6,1.61,0.78,1,3,5,1,77,82,1,77,82,1,77,82,0,,,0,,,0,,,0,,,0,,,SL,-42.01,90
2026.06.03 20:40,2026.06.03 22:12,BUY,LienKe,4434.418,4429.428,49.9,59.5,40.5,1.19,0.81,1,80,84,1,80,84,1,80,84,1,82,84,0,,,0,,,0,,,0,,,0,,,SL,-49.90,92
2026.06.05 06:20,2026.06.05 07:27,BUY,LienKe,4436.742,4425.481,112.6,292.8,21.5,2.60,0.19,1,1,2,1,3,-,1,3,-,1,3,-,1,4,-,1,13,-,1,26,-,1,48,-,0,,,TP,300.00,67
2026.06.07 22:05,2026.06.07 23:55,BUY,LienKe,4315.768,4307.686,80.8,281.1,55.8,3.48,0.69,1,4,5,1,4,5,1,4,5,1,7,25,1,8,25,1,8,25,1,67,-,1,85,-,0,,,TP,300.00,110
2026.06.07 22:05,2026.06.08 00:23,BUY,LienKe,4321.053,4307.686,133.7,294.0,108.6,2.20,0.81,1,8,21,1,8,21,1,8,21,1,8,21,1,9,21,1,67,-,1,87,-,1,103,-,0,,,TP,300.00,138
2026.06.08 03:07,2026.06.08 05:34,BUY,LienKe,4307.303,4296.839,104.6,145.5,65.2,1.39,0.62,1,1,3,1,2,3,1,14,22,1,39,126,1,44,126,1,46,126,0,,,0,,,0,,,SL,-104.64,147
2026.06.08 01:35,2026.06.08 05:34,BUY,LienKe,4315.756,4296.839,189.2,149.4,149.7,0.79,0.79,1,2,3,1,3,4,1,5,35,1,5,35,1,6,35,1,8,35,0,,,0,,,0,,,SL,-189.17,239
2026.06.08 23:26,2026.06.08 23:30,BUY,LienKe,4323.711,4319.673,40.4,0.0,32.8,0.00,0.81,0,,,0,,,0,,,0,,,0,,,0,,,0,,,0,,,0,,,SL,-40.38,3
2026.06.08 22:20,2026.06.08 23:30,BUY,LienKe,4324.988,4319.673,53.2,39.6,45.6,0.74,0.86,1,0,2,1,7,9,1,26,65,0,,,0,,,0,,,0,,,0,,,0,,,SL,-53.15,70
2026.06.10 17:36,2026.06.10 17:44,BUY,LienKe,4108.404,4102.681,57.2,7.3,43.6,0.13,0.76,0,,,0,,,0,,,0,,,0,,,0,,,0,,,0,,,0,,,SL,-57.23,8
2026.06.10 17:35,2026.06.10 17:44,BUY,LienKe,4111.484,4102.681,88.0,5.6,74.4,0.06,0.84,0,,,0,,,0,,,0,,,0,,,0,,,0,,,0,,,0,,,SL,-88.03,9
2026.06.11 01:11,2026.06.11 01:16,SELL,LienKe,4084.476,4092.997,85.2,19.3,57.7,0.23,0.68,1,2,3,0,,,0,,,0,,,0,,,0,,,0,,,0,,,0,,,SL,-85.21,5
2026.06.11 01:05,2026.06.11 01:16,SELL,LienKe,4078.892,4092.997,141.1,124.2,113.5,0.88,0.80,1,0,0,1,0,0,1,2,5,1,2,5,1,2,5,1,2,5,0,,,0,,,0,,,SL,-141.05,11
2026.06.11 08:09,2026.06.11 09:29,SELL,LienKe,4109.245,4115.140,59.0,298.6,37.3,5.06,0.63,1,2,2,1,3,-,1,5,-,1,8,-,1,12,-,1,20,-,1,32,-,1,35,-,0,,,TP,300.00,80
2026.06.11 08:05,2026.06.11 12:10,SELL,LienKe,4106.401,4115.140,87.4,288.1,65.7,3.30,0.75,1,9,9,1,12,14,1,13,14,1,16,-,1,24,-,1,25,-,1,37,-,1,50,-,0,,,TP,300.00,245
2026.06.12 15:30,2026.06.14 22:02,SELL,LienKe,4225.896,4238.655,127.6,238.8,96.5,1.87,0.76,1,0,5,1,0,5,1,0,5,1,1,5,1,5,5,1,9,45,1,12,45,1,244,-,0,,,SL,-127.59,3272
2026.06.15 12:56,2026.06.15 13:15,SELL,LienKe,4347.580,4352.451,48.7,59.6,31.6,1.22,0.65,1,4,14,1,4,14,1,5,14,1,6,14,0,,,0,,,0,,,0,,,0,,,SL,-48.71,19
2026.06.15 12:55,2026.06.15 13:15,SELL,LienKe,4344.272,4352.451,81.8,26.5,64.7,0.32,0.79,1,7,8,1,7,8,0,,,0,,,0,,,0,,,0,,,0,,,0,,,SL,-81.79,20
2026.06.16 14:09,2026.06.16 14:17,BUY,LienKe,4334.889,4328.312,65.8,11.4,55.8,0.17,0.85,1,3,3,0,,,0,,,0,,,0,,,0,,,0,,,0,,,0,,,SL,-65.77,8
2026.06.16 14:05,2026.06.16 14:17,BUY,LienKe,4338.649,4328.312,103.4,1.8,93.4,0.02,0.90,0,,,0,,,0,,,0,,,0,,,0,,,0,,,0,,,0,,,SL,-103.37,12
2026.06.17 00:15,2026.06.17 01:03,SELL,LienKe,4339.004,4343.066,40.6,67.1,37.8,1.65,0.93,1,5,6,1,13,15,1,24,45,1,31,45,0,,,0,,,0,,,0,,,0,,,SL,-40.62,48
2026.06.17 00:15,2026.06.17 01:03,SELL,LienKe,4337.777,4343.066,52.9,54.8,50.0,1.04,0.95,1,15,15,1,24,37,1,30,37,1,31,37,0,,,0,,,0,,,0,,,0,,,SL,-52.89,48
2026.06.17 10:47,2026.06.17 13:36,SELL,LienKe,4333.860,4338.855,49.9,140.0,47.4,2.80,0.95,1,1,3,1,7,119,1,15,119,1,17,119,1,47,119,1,61,119,0,,,0,,,0,,,SL,-49.95,169
2026.06.17 09:40,2026.06.17 13:36,SELL,LienKe,4329.000,4338.855,98.5,91.4,96.0,0.93,0.97,1,7,17,1,11,17,1,11,17,1,128,171,1,148,171,0,,,0,,,0,,,0,,,SL,-98.55,236
2026.06.17 08:50,2026.06.17 14:23,BUY,LienKe,4319.803,4314.060,57.4,271.5,12.4,4.73,0.22,1,0,202,1,1,202,1,1,202,1,5,202,1,34,202,1,35,202,1,40,202,1,287,-,0,,,TP,300.00,333
2026.06.17 16:19,2026.06.17 17:33,SELL,LienKe,4364.573,4368.807,42.3,92.3,22.3,2.18,0.53,1,2,3,1,14,-,1,15,-,1,19,-,1,23,-,0,,,0,,,0,,,0,,,SL,-42.34,74
2026.06.17 16:05,2026.06.17 17:33,SELL,LienKe,4362.618,4368.807,61.9,72.7,41.9,1.17,0.68,1,5,6,1,33,74,1,33,74,1,36,74,0,,,0,,,0,,,0,,,0,,,SL,-61.89,88
2026.06.18 16:48,2026.06.18 19:02,BUY,Swing,4218.288,4211.716,65.7,149.1,44.3,2.27,0.67,1,1,1,1,12,131,1,13,131,1,14,131,1,18,131,1,24,131,0,,,0,,,0,,,SL,-65.72,134
2026.06.18 16:40,2026.06.18 19:02,BUY,Swing,4223.275,4211.716,115.6,99.2,94.2,0.86,0.82,1,0,1,1,0,1,1,26,30,1,32,54,1,38,54,0,,,0,,,0,,,0,,,SL,-115.59,142
2026.06.19 13:07,2026.06.19 14:46,SELL,LienKe,4173.085,4184.604,115.2,298.0,102.4,2.59,0.89,1,5,6,1,5,6,1,7,-,1,8,-,1,10,-,1,13,-,1,37,-,1,52,-,0,,,TP,300.00,98
2026.06.21 23:46,2026.06.21 23:47,BUY,LienKe,4143.451,4138.760,46.9,0.0,16.6,0.00,0.35,0,,,0,,,0,,,0,,,0,,,0,,,0,,,0,,,0,,,SL,-46.91,1
2026.06.21 23:45,2026.06.21 23:47,BUY,LienKe,4145.977,4138.760,72.2,10.1,41.8,0.14,0.58,1,0,1,0,,,0,,,0,,,0,,,0,,,0,,,0,,,0,,,SL,-72.17,2
2026.06.19 13:05,2026.06.21 23:47,SELL,LienKe,4169.291,4184.604,153.1,272.7,140.3,1.78,0.92,1,10,11,1,10,11,1,12,-,1,14,-,1,32,-,1,39,-,1,53,-,1,55,-,0,,,TP,300.00,3522
2026.06.22 00:27,2026.06.22 00:41,SELL,LienKe,4167.212,4173.552,63.4,33.7,57.9,0.53,0.91,1,0,2,1,1,2,1,1,2,0,,,0,,,0,,,0,,,0,,,0,,,SL,-63.40,14
2026.06.22 00:20,2026.06.22 00:41,SELL,LienKe,4163.929,4173.552,96.2,20.7,90.7,0.22,0.94,1,0,1,1,2,3,0,,,0,,,0,,,0,,,0,,,0,,,0,,,SL,-96.23,21
2026.06.25 08:33,2026.06.25 12:30,SELL,LienKe,3999.317,4004.517,52.0,255.8,30.5,4.92,0.59,1,2,3,1,2,3,1,4,6,1,14,-,1,17,-,1,25,-,1,97,-,1,163,-,0,,,SL,-52.00,237
2026.06.25 08:25,2026.06.25 12:30,SELL,LienKe,3997.076,4004.517,74.4,233.4,53.0,3.14,0.71,1,0,6,1,0,6,1,0,6,1,23,68,1,33,68,1,72,-,1,150,-,1,172,-,0,,,SL,-74.41,245
2026.06.29 05:24,2026.06.29 05:30,BUY,LienKe,4049.662,4044.108,55.5,29.8,15.9,0.54,0.29,1,0,5,1,1,5,0,,,0,,,0,,,0,,,0,,,0,,,0,,,SL,-55.54,6
2026.06.29 05:05,2026.06.29 05:30,BUY,LienKe,4054.689,4044.108,105.8,25.9,66.2,0.25,0.63,1,0,2,1,1,2,0,,,0,,,0,,,0,,,0,,,0,,,0,,,SL,-105.81,25
2026.06.30 11:09,2026.06.30 14:09,SELL,LienKe,4032.004,4040.753,87.5,231.5,56.2,2.65,0.64,1,1,1,1,24,30,1,27,30,1,61,131,1,72,131,1,72,131,1,76,131,1,107,131,0,,,SL,-87.49,180
2026.06.30 08:10,2026.06.30 14:09,SELL,LienKe,4027.524,4040.753,132.3,186.7,101.0,1.41,0.76,1,0,138,1,1,138,1,2,138,1,3,138,1,28,138,1,30,138,1,86,138,0,,,0,,,SL,-132.29,359
2026.07.01 05:30,2026.07.01 06:07,BUY,LienKe,3970.718,3966.655,40.6,82.3,10.1,2.03,0.25,1,0,35,1,0,35,1,0,35,1,2,35,1,2,35,0,,,0,,,0,,,0,,,SL,-40.63,37
2026.07.01 05:20,2026.07.01 06:07,BUY,LienKe,3972.321,3966.655,56.7,66.3,26.1,1.17,0.46,1,0,1,1,3,10,1,12,20,1,12,20,0,,,0,,,0,,,0,,,0,,,SL,-56.66,47
2026.07.06 04:26,2026.07.06 05:02,BUY,LienKe,4161.562,4157.066,45.0,19.2,43.3,0.43,0.96,1,0,1,0,,,0,,,0,,,0,,,0,,,0,,,0,,,0,,,SL,-44.96,36
2026.07.06 04:25,2026.07.06 05:02,BUY,LienKe,4163.402,4157.066,63.4,0.8,61.7,0.01,0.97,0,,,0,,,0,,,0,,,0,,,0,,,0,,,0,,,0,,,SL,-63.36,37
2026.07.07 03:43,2026.07.07 05:14,BUY,Swing,4129.049,4122.558,64.9,122.7,64.0,1.89,0.99,1,14,61,1,14,61,1,19,61,1,20,61,1,25,61,1,26,61,0,,,0,,,0,,,SL,-64.91,91
2026.07.07 01:30,2026.07.07 05:14,BUY,Swing,4132.914,4122.558,103.6,134.4,102.7,1.30,0.99,1,0,81,1,0,81,1,0,81,1,1,81,1,14,81,1,15,81,0,,,0,,,0,,,SL,-103.56,224
2026.07.07 05:13,2026.07.07 05:39,BUY,LienKe,4124.730,4119.644,50.9,41.1,46.5,0.81,0.91,1,9,9,1,12,17,1,12,17,0,,,0,,,0,,,0,,,0,,,0,,,SL,-50.86,26
2026.07.07 05:05,2026.07.07 05:39,BUY,LienKe,4128.556,4119.644,89.1,26.7,84.7,0.30,0.95,1,0,2,1,0,2,0,,,0,,,0,,,0,,,0,,,0,,,0,,,SL,-89.12,34
2026.07.08 05:43,2026.07.08 08:17,SELL,LienKe,4131.178,4137.080,59.0,266.9,27.2,4.52,0.46,1,0,31,1,1,31,1,1,31,1,5,31,1,24,31,1,81,-,1,95,-,1,153,-,0,,,TP,300.00,154
2026.07.08 05:10,2026.07.08 08:17,SELL,LienKe,4128.392,4137.080,86.9,239.1,55.1,2.75,0.63,1,0,6,1,0,6,1,4,6,1,12,24,1,115,-,1,115,-,1,186,-,1,186,-,0,,,TP,300.00,187
2026.07.09 08:20,2026.07.09 08:21,SELL,LienKe,4110.976,4115.978,50.0,0.0,18.0,0.00,0.36,0,,,0,,,0,,,0,,,0,,,0,,,0,,,0,,,0,,,SL,-50.02,1
2026.07.09 08:20,2026.07.09 08:21,SELL,LienKe,4109.024,4115.978,69.5,0.0,37.6,0.00,0.54,0,,,0,,,0,,,0,,,0,,,0,,,0,,,0,,,0,,,SL,-69.54,1
2026.07.10 07:08,2026.07.10 07:47,BUY,LienKe,4109.915,4105.076,48.4,54.3,47.1,1.12,0.97,1,1,3,1,5,7,1,10,33,1,12,33,0,,,0,,,0,,,0,,,0,,,SL,-48.39,39
2026.07.10 05:50,2026.07.10 07:47,BUY,LienKe,4111.980,4105.076,69.0,82.4,67.8,1.19,0.98,1,0,50,1,2,50,1,5,50,1,9,50,1,29,50,0,,,0,,,0,,,0,,,SL,-69.04,117
2026.07.12 23:00,2026.07.13 00:34,BUY,Swing,4073.928,4066.754,71.7,172.1,55.3,2.40,0.77,1,29,30,1,39,89,1,39,89,1,40,89,1,50,89,1,57,89,1,65,89,0,,,0,,,SL,-71.74,94
2026.07.12 22:50,2026.07.13 00:34,BUY,Swing,4078.297,4066.754,115.4,128.4,99.0,1.11,0.86,1,1,3,1,1,3,1,60,95,1,62,95,1,70,95,1,75,95,0,,,0,,,0,,,SL,-115.43,104
2026.07.13 13:59,2026.07.13 14:00,BUY,LienKe,4046.563,4039.377,71.9,5.1,46.9,0.07,0.65,0,,,0,,,0,,,0,,,0,,,0,,,0,,,0,,,0,,,SL,-71.86,1
2026.07.13 13:59,2026.07.13 14:00,BUY,Swing,4046.563,4039.377,71.9,5.1,46.9,0.07,0.65,0,,,0,,,0,,,0,,,0,,,0,,,0,,,0,,,0,,,SL,-71.86,1
2026.07.13 13:55,2026.07.13 14:00,BUY,LienKe,4051.817,4039.377,124.4,12.3,99.4,0.10,0.80,1,1,2,0,,,0,,,0,,,0,,,0,,,0,,,0,,,0,,,SL,-124.40,5
2026.07.13 13:55,2026.07.13 14:00,BUY,Swing,4051.817,4039.377,124.4,12.3,99.4,0.10,0.80,1,1,2,0,,,0,,,0,,,0,,,0,,,0,,,0,,,0,,,SL,-124.40,5
2026.07.14 00:19,2026.07.14 02:15,BUY,LienKe,3988.961,3980.307,86.5,289.4,33.8,3.34,0.39,1,2,3,1,6,7,1,8,-,1,9,-,1,9,-,1,13,-,1,15,-,1,99,-,0,,,TP,300.00,116
2026.07.14 00:19,2026.07.14 02:15,BUY,Swing,3988.961,3980.307,86.5,289.4,33.8,3.34,0.39,1,2,3,1,6,7,1,8,-,1,9,-,1,9,-,1,13,-,1,15,-,1,99,-,0,,,TP,300.00,116
2026.07.14 00:10,2026.07.14 05:30,BUY,LienKe,3995.232,3980.307,149.3,288.3,96.5,1.93,0.65,1,0,2,1,0,2,1,0,2,1,23,51,1,24,51,1,24,51,1,108,-,1,121,-,0,,,TP,300.00,320
2026.07.14 00:10,2026.07.14 05:30,BUY,Swing,3995.232,3980.307,149.3,288.3,96.5,1.93,0.65,1,0,2,1,0,2,1,0,2,1,23,51,1,24,51,1,24,51,1,108,-,1,121,-,0,,,TP,300.00,320
2026.07.14 12:05,2026.07.14 12:30,SELL,LienKe,4029.984,4039.079,91.0,66.4,12.8,0.73,0.14,1,0,1,1,2,20,1,3,20,1,10,20,0,,,0,,,0,,,0,,,0,,,SL,-90.95,25
2026.07.14 12:05,2026.07.14 12:30,SELL,Swing,4029.984,4039.079,91.0,66.4,12.8,0.73,0.14,1,0,1,1,2,20,1,3,20,1,10,20,0,,,0,,,0,,,0,,,0,,,SL,-90.95,25
2026.07.14 12:30,2026.07.14 12:30,SELL,LienKe,4033.521,4039.079,55.6,0.0,566.2,0.00,10.19,0,,,0,,,0,,,0,,,0,,,0,,,0,,,0,,,0,,,SL,-55.58,0
2026.07.14 12:30,2026.07.14 12:30,SELL,Swing,4033.521,4039.079,55.6,0.0,566.2,0.00,10.19,0,,,0,,,0,,,0,,,0,,,0,,,0,,,0,,,0,,,SL,-55.58,0
2026.07.15 18:35,2026.07.16 01:02,SELL,LienKe,4072.779,4084.502,117.2,292.8,9.3,2.50,0.08,1,0,0,1,4,-,1,6,-,1,10,-,1,15,-,1,21,-,1,25,-,1,57,-,0,,,TP,300.00,387
2026.07.16 07:16,2026.07.16 12:16,BUY,LienKe,4024.635,4019.753,48.8,187.3,35.5,3.84,0.73,1,4,7,1,4,7,1,24,249,1,31,249,1,46,249,1,75,249,1,270,-,0,,,0,,,SL,-48.82,300
2026.07.16 06:40,2026.07.16 12:16,BUY,LienKe,4026.717,4019.753,69.6,166.4,56.3,2.39,0.81,1,5,7,1,8,34,1,13,34,1,68,73,1,111,273,1,140,273,1,308,335,0,,,0,,,SL,-69.64,336
2026.07.16 02:51,2026.07.16 12:16,BUY,Swing,4026.692,4021.019,56.7,166.7,56.1,2.94,0.99,1,2,158,1,2,158,1,4,158,1,5,158,1,44,158,1,66,158,1,537,564,0,,,0,,,SL,-56.73,565
2026.07.16 02:45,2026.07.16 12:16,BUY,Swing,4028.019,4021.019,70.0,153.4,69.3,2.19,0.99,1,0,3,1,4,5,1,11,36,1,25,36,1,59,155,1,89,155,1,559,568,0,,,0,,,SL,-70.00,571
2026.07.16 12:24,2026.07.16 12:40,BUY,LienKe,4020.663,4009.606,110.6,91.5,60.3,0.83,0.55,1,2,5,1,3,5,1,3,5,1,5,5,1,6,11,0,,,0,,,0,,,0,,,SL,-110.57,16
2026.07.16 12:20,2026.07.16 12:40,BUY,LienKe,4029.066,4009.606,194.6,7.5,144.4,0.04,0.74,0,,,0,,,0,,,0,,,0,,,0,,,0,,,0,,,0,,,SL,-194.60,20
2026.07.16 19:40,2026.07.17 03:20,BUY,LienKe,3975.211,3966.291,89.2,275.4,48.0,3.09,0.54,1,0,5,1,2,5,1,11,30,1,13,30,1,257,416,1,259,416,1,278,416,1,337,416,0,,,TP,294.65,460
2026.07.20 08:24,2026.07.20 11:30,SELL,LienKe,4026.681,4031.338,46.6,116.9,44.0,2.51,0.94,1,2,157,1,3,157,1,4,157,1,6,157,1,28,157,1,42,157,0,,,0,,,0,,,SL,-46.57,186
2026.07.20 08:20,2026.07.20 11:30,SELL,LienKe,4025.075,4031.338,62.6,100.9,60.1,1.61,0.96,1,0,2,1,8,21,1,10,21,1,10,21,1,45,154,1,71,154,0,,,0,,,0,,,SL,-62.63,190
2026.07.21 03:02,2026.07.21 03:26,SELL,Swing,4041.323,4048.473,71.5,43.9,17.2,0.61,0.24,1,1,3,1,5,8,1,5,8,0,,,0,,,0,,,0,,,0,,,0,,,SL,-71.50,24
2026.07.21 02:45,2026.07.21 03:26,SELL,Swing,4035.850,4048.473,126.2,46.9,71.9,0.37,0.57,1,3,11,1,6,11,1,7,11,0,,,0,,,0,,,0,,,0,,,0,,,SL,-126.23,41
2026.07.21 05:00,2026.07.21 05:25,SELL,LienKe,4050.227,4055.050,48.2,36.5,37.7,0.76,0.78,1,1,7,1,5,7,1,6,7,0,,,0,,,0,,,0,,,0,,,0,,,SL,-48.23,25
2026.07.21 04:10,2026.07.21 05:25,SELL,LienKe,4048.451,4055.050,66.0,46.0,55.5,0.70,0.84,1,0,46,1,0,46,1,5,46,0,,,0,,,0,,,0,,,0,,,0,,,SL,-65.99,75
2026.07.21 15:10,2026.07.21 15:17,SELL,LienKe,4071.715,4076.967,52.5,9.9,48.0,0.19,0.91,0,,,0,,,0,,,0,,,0,,,0,,,0,,,0,,,0,,,SL,-52.52,7
2026.07.21 14:35,2026.07.21 15:17,SELL,LienKe,4066.837,4076.967,101.3,44.3,96.8,0.44,0.96,1,0,8,1,0,8,1,3,8,0,,,0,,,0,,,0,,,0,,,0,,,SL,-101.30,42
2026.07.22 20:51,2026.07.22 22:00,BUY,LienKe,4129.194,4125.210,39.8,12.4,8.3,0.31,0.21,1,5,-,0,,,0,,,0,,,0,,,0,,,0,,,0,,,0,,,SL,-39.84,68
2026.07.22 20:50,2026.07.22 22:00,BUY,LienKe,4130.474,4125.210,52.6,0.0,21.1,0.00,0.40,0,,,0,,,0,,,0,,,0,,,0,,,0,,,0,,,0,,,SL,-52.64,70
2026.07.23 02:02,2026.07.23 07:09,BUY,LienKe,4116.054,4111.181,48.7,171.9,45.4,3.53,0.93,1,9,13,1,11,13,1,28,30,1,41,298,1,43,298,1,49,298,1,77,298,0,,,0,,,SL,-48.73,307
2026.07.23 02:00,2026.07.23 07:09,BUY,LienKe,4118.111,4111.181,69.3,151.3,66.0,2.18,0.95,1,30,31,1,42,280,1,43,280,1,45,280,1,52,280,1,53,280,1,82,280,0,,,0,,,SL,-69.30,309
2026.07.24 07:30,2026.07.24 07:35,SELL,LienKe,4049.766,4053.921,41.5,17.8,40.8,0.43,0.98,1,2,3,0,,,0,,,0,,,0,,,0,,,0,,,0,,,0,,,SL,-41.55,4
2026.07.24 07:30,2026.07.24 07:35,SELL,LienKe,4048.844,4053.921,50.8,8.6,50.0,0.17,0.98,0,,,0,,,0,,,0,,,0,,,0,,,0,,,0,,,0,,,SL,-50.77,5
2026.07.28 14:25,2026.07.29 07:22,BUY,LienKe,4017.561,4008.347,92.1,294.9,75.6,3.20,0.82,1,0,1,1,2,479,1,3,479,1,4,479,1,24,479,1,24,479,1,45,479,1,55,479,0,,,TP,294.65,1017
2026.07.29 17:16,2026.07.29 18:00,SELL,Swing,4046.451,4053.695,72.4,99.5,44.8,1.37,0.62,1,1,1,1,2,4,1,9,27,1,12,27,1,12,27,0,,,0,,,0,,,0,,,SL,-72.44,44
2026.07.29 17:15,2026.07.29 18:00,SELL,Swing,4042.177,4053.695,115.2,56.8,87.5,0.49,0.76,1,0,0,1,13,17,1,13,17,1,20,25,0,,,0,,,0,,,0,,,0,,,SL,-115.18,45
2026.07.30 13:22,2026.07.30 13:37,SELL,LienKe,4082.026,4089.946,79.2,76.0,33.0,0.96,0.42,1,1,1,1,4,8,1,4,8,1,5,8,0,,,0,,,0,,,0,,,0,,,SL,-79.20,15
2026.07.30 12:35,2026.07.30 13:37,SELL,LienKe,4073.592,4089.946,163.5,84.7,117.4,0.52,0.72,1,1,1,1,16,22,1,17,22,1,18,22,1,25,27,0,,,0,,,0,,,0,,,SL,-163.54,62
2026.08.05 02:31,2026.08.05 02:35,SELL,Swing,4106.186,4111.702,55.2,3.7,25.3,0.07,0.46,0,,,0,,,0,,,0,,,0,,,0,,,0,,,0,,,0,,,SL,-55.16,4
2026.08.05 02:30,2026.08.05 02:35,SELL,Swing,4103.653,4111.702,80.5,19.8,50.7,0.25,0.63,1,0,0,0,,,0,,,0,,,0,,,0,,,0,,,0,,,0,,,SL,-80.49,5
2026.08.06 12:49,2026.08.06 12:56,BUY,LienKe,4254.740,4250.182,45.6,18.3,39.8,0.40,0.87,1,0,1,0,,,0,,,0,,,0,,,0,,,0,,,0,,,0,,,SL,-45.58,7
2026.08.06 12:20,2026.08.06 12:56,BUY,LienKe,4257.187,4250.182,70.1,135.7,64.3,1.94,0.92,1,0,6,1,0,6,1,0,6,1,0,6,1,10,29,1,11,29,0,,,0,,,0,,,SL,-70.05,36
2026.08.07 00:49,2026.08.07 03:58,BUY,LienKe,4232.505,4227.337,51.7,295.6,30.0,5.72,0.58,1,1,6,1,1,6,1,11,-,1,11,-,1,12,-,1,12,-,1,32,-,1,54,-,0,,,TP,300.00,189
2026.08.07 00:45,2026.08.07 03:58,BUY,LienKe,4234.925,4227.337,75.9,271.4,54.2,3.58,0.71,1,0,1,1,0,1,1,15,-,1,16,-,1,16,-,1,22,-,1,36,-,1,58,-,0,,,TP,300.00,193
2026.08.09 22:10,2026.08.10 01:00,BUY,LienKe,4339.496,4329.725,97.7,96.6,88.9,0.99,0.91,1,0,12,1,1,12,1,1,12,1,1,12,1,54,105,0,,,0,,,0,,,0,,,SL,-97.71,170
2026.08.10 16:08,2026.08.10 18:25,SELL,LienKe,4361.290,4367.251,59.6,120.1,45.8,2.02,0.77,1,23,81,1,23,81,1,23,81,1,23,81,1,23,81,1,23,81,0,,,0,,,0,,,SL,-59.61,137
2026.08.10 16:08,2026.08.10 18:25,SELL,Swing,4361.290,4367.251,59.6,120.1,45.8,2.02,0.77,1,23,81,1,23,81,1,23,81,1,23,81,1,23,81,1,23,81,0,,,0,,,0,,,SL,-59.61,137
2026.08.10 16:05,2026.08.10 18:25,SELL,LienKe,4357.891,4367.251,93.6,86.1,79.8,0.92,0.85,1,26,30,1,26,30,1,26,30,1,26,30,1,27,30,0,,,0,,,0,,,0,,,SL,-93.60,140
2026.08.10 16:05,2026.08.10 18:25,SELL,Swing,4357.891,4367.251,93.6,86.1,79.8,0.92,0.85,1,26,30,1,26,30,1,26,30,1,26,30,1,27,30,0,,,0,,,0,,,0,,,SL,-93.60,140
2026.08.14 08:09,2026.08.14 09:14,SELL,LienKe,4345.721,4350.937,52.2,28.3,42.0,0.54,0.80,1,1,2,1,13,19,0,,,0,,,0,,,0,,,0,,,0,,,0,,,SL,-52.16,65
2026.08.14 08:05,2026.08.14 09:14,SELL,LienKe,4342.732,4350.937,82.0,7.6,71.9,0.09,0.88,0,,,0,,,0,,,0,,,0,,,0,,,0,,,0,,,0,,,SL,-82.05,69
2026.08.18 12:25,2026.08.18 13:41,SELL,LienKe,4395.889,4403.978,80.9,198.9,76.6,2.46,0.95,1,0,1,1,0,1,1,2,4,1,35,38,1,65,67,1,65,67,1,65,67,0,,,0,,,SL,-80.89,76
2026.08.19 07:40,2026.08.19 10:16,SELL,LienKe,4357.581,4366.075,84.9,63.9,71.1,0.75,0.84,1,1,12,1,3,12,1,3,12,1,22,24,0,,,0,,,0,,,0,,,0,,,SL,-84.94,156
2026.08.20 14:42,2026.08.20 14:46,SELL,LienKe,4498.352,4503.888,55.4,3.4,42.5,0.06,0.77,0,,,0,,,0,,,0,,,0,,,0,,,0,,,0,,,0,,,SL,-55.36,4
2026.08.20 14:40,2026.08.20 14:46,SELL,LienKe,4496.153,4503.888,77.3,21.5,64.5,0.28,0.83,1,0,0,1,1,2,0,,,0,,,0,,,0,,,0,,,0,,,0,,,SL,-77.35,6
2026.08.21 00:29,2026.08.21 00:41,BUY,LienKe,4516.052,4511.417,46.3,10.6,45.4,0.23,0.98,1,2,3,0,,,0,,,0,,,0,,,0,,,0,,,0,,,0,,,SL,-46.35,12
2026.08.21 00:20,2026.08.21 00:41,BUY,LienKe,4517.971,4511.417,65.5,28.4,64.6,0.43,0.99,1,3,4,1,5,8,0,,,0,,,0,,,0,,,0,,,0,,,0,,,SL,-65.54,21
2026.08.25 00:07,2026.08.25 00:32,SELL,LienKe,4684.504,4692.206,77.0,77.2,76.3,1.00,0.99,1,1,1,1,2,5,1,2,5,1,12,23,0,,,0,,,0,,,0,,,0,,,SL,-77.02,24
2026.08.25 00:05,2026.08.25 00:32,SELL,LienKe,4677.141,4692.206,150.7,15.2,149.9,0.10,1.00,1,0,0,0,,,0,,,0,,,0,,,0,,,0,,,0,,,0,,,SL,-150.65,27
2026.08.25 03:04,2026.08.25 06:25,BUY,Swing,4622.312,4614.730,75.8,299.3,2.8,3.95,0.04,1,0,-,1,1,-,1,1,-,1,1,-,1,2,-,1,2,-,1,5,-,1,134,-,0,,,TP,300.00,201
2026.08.25 03:00,2026.08.25 07:56,BUY,Swing,4629.718,4614.730,149.9,238.2,76.9,1.59,0.51,1,0,0,1,6,86,1,6,86,1,7,86,1,9,86,1,33,86,1,140,-,1,190,-,0,,,SL,0.00,296
2026.08.26 09:16,2026.08.26 09:21,BUY,LienKe,4623.872,4619.086,47.9,0.0,39.9,0.00,0.83,0,,,0,,,0,,,0,,,0,,,0,,,0,,,0,,,0,,,SL,-47.86,4
2026.08.26 08:25,2026.08.26 09:21,BUY,LienKe,4626.549,4619.086,74.6,45.2,66.6,0.61,0.89,1,0,1,1,2,5,1,4,5,0,,,0,,,0,,,0,,,0,,,0,,,SL,-74.63,56
2026.08.26 13:22,2026.08.26 15:02,BUY,Swing,4604.500,4594.820,96.8,290.1,48.6,3.00,0.50,1,0,97,1,0,97,1,0,97,1,1,97,1,7,97,1,8,97,1,20,97,1,26,97,0,,,SL,-96.80,100
2026.08.26 13:20,2026.08.26 15:02,BUY,Swing,4611.381,4594.820,165.6,221.3,117.4,1.34,0.71,1,0,0,1,0,0,1,10,12,1,10,12,1,22,92,1,24,92,1,30,92,1,39,92,0,,,SL,-165.61,102
2026.08.26 20:25,2026.08.26 23:18,BUY,LienKe,4589.705,4581.006,87.0,282.6,7.0,3.25,0.08,1,1,-,1,2,-,1,11,-,1,95,-,1,95,-,1,95,-,1,96,-,1,112,-,0,,,TP,300.00,173
2026.08.27 01:37,2026.08.27 01:39,SELL,LienKe,4625.672,4630.152,44.8,0.0,44.5,0.00,0.99,0,,,0,,,0,,,0,,,0,,,0,,,0,,,0,,,0,,,SL,-44.80,1
2026.08.27 00:05,2026.08.27 01:39,SELL,LienKe,4624.455,4630.152,57.0,238.1,56.6,4.18,0.99,1,0,69,1,0,69,1,0,69,1,1,69,1,8,69,1,12,69,1,37,69,1,47,69,0,,,SL,-56.97,94
2026.08.27 13:54,2026.08.27 15:40,BUY,LienKe,4570.858,4561.795,90.6,286.2,26.4,3.16,0.29,1,0,6,1,1,6,1,1,6,1,2,6,1,11,-,1,23,-,1,40,-,1,42,-,0,,,TP,300.00,106
2026.08.27 13:50,2026.08.27 15:53,BUY,LienKe,4577.120,4561.795,153.2,290.9,89.0,1.90,0.58,1,0,3,1,0,3,1,0,3,1,1,3,1,40,-,1,45,-,1,53,-,1,54,-,0,,,TP,300.00,123
2026.08.27 23:20,2026.08.27 23:47,BUY,LienKe,4600.345,4596.905,34.4,30.6,22.7,0.89,0.66,1,0,8,1,2,8,1,3,8,0,,,0,,,0,,,0,,,0,,,0,,,SL,-34.40,27
2026.08.27 22:00,2026.08.27 23:47,BUY,LienKe,4606.683,4596.905,97.8,48.6,86.0,0.50,0.88,1,21,26,1,33,50,1,40,50,0,,,0,,,0,,,0,,,0,,,0,,,SL,-97.78,107
2026.08.28 14:00,2026.08.28 14:02,SELL,LienKe,4618.857,4630.489,116.3,258.3,135.3,2.22,1.16,1,0,-,1,0,-,1,0,-,1,1,-,1,1,-,1,1,-,1,1,-,1,1,-,0,,,TP,300.00,1
2026.08.28 14:00,2026.08.28 14:02,SELL,Swing,4618.857,4630.489,116.3,258.3,135.3,2.22,1.16,1,0,-,1,0,-,1,0,-,1,1,-,1,1,-,1,1,-,1,1,-,1,1,-,0,,,TP,300.00,1
2026.08.28 14:11,2026.08.28 14:13,BUY,Swing,4561.046,4545.105,159.4,0.0,113.2,0.00,0.71,0,,,0,,,0,,,0,,,0,,,0,,,0,,,0,,,0,,,SL,-159.41,2
2026.08.30 22:25,2026.08.31 00:36,SELL,LienKe,4462.385,4469.004,66.2,265.1,54.9,4.00,0.83,1,2,15,1,2,15,1,3,15,1,6,15,1,9,15,1,65,108,1,76,108,1,80,108,0,,,SL,-66.19,131
2026.08.30 22:25,2026.08.31 00:36,SELL,LienKe,4462.331,4469.004,66.7,264.5,55.5,3.96,0.83,1,0,0,1,2,16,1,3,16,1,6,16,1,9,16,1,65,108,1,76,108,1,80,108,0,,,SL,-66.73,131
2026.09.02 00:06,2026.09.02 01:02,BUY,LienKe,4320.129,4312.569,75.6,143.6,62.0,1.90,0.82,1,1,5,1,1,5,1,2,5,1,2,5,1,8,47,1,9,47,0,,,0,,,0,,,SL,-75.60,56
2026.09.02 00:06,2026.09.02 01:02,BUY,Swing,4320.129,4312.569,75.6,143.6,62.0,1.90,0.82,1,1,5,1,1,5,1,2,5,1,2,5,1,8,47,1,9,47,0,,,0,,,0,,,SL,-75.60,56
2026.09.02 00:05,2026.09.02 01:02,BUY,Swing,4329.709,4312.569,171.4,47.8,157.8,0.28,0.92,1,11,11,1,12,14,1,12,14,0,,,0,,,0,,,0,,,0,,,0,,,SL,-171.40,57
2026.09.02 11:35,2026.09.02 12:04,SELL,LienKe,4330.726,4334.733,40.1,72.0,38.6,1.80,0.96,1,6,19,1,6,19,1,6,19,1,8,19,0,,,0,,,0,,,0,,,0,,,SL,-40.07,29
2026.09.02 08:20,2026.09.02 12:04,SELL,LienKe,4325.564,4334.733,91.7,235.6,90.2,2.57,0.98,1,1,2,1,7,10,1,12,19,1,15,19,1,32,192,1,34,192,1,63,192,1,67,192,0,,,SL,-91.69,224
2026.09.03 08:21,2026.09.03 12:03,SELL,LienKe,4439.108,4446.700,75.9,200.0,70.0,2.63,0.92,1,1,6,1,2,6,1,2,6,1,18,25,1,77,199,1,84,199,1,109,199,1,123,199,0,,,SL,-75.92,222
2026.09.03 08:10,2026.09.03 12:03,SELL,LienKe,4435.478,4446.700,112.2,163.7,106.3,1.46,0.95,1,0,0,1,1,2,1,3,7,1,94,185,1,96,185,1,119,185,1,134,185,0,,,0,,,SL,-112.22,233
2026.09.08 08:09,2026.09.08 12:15,BUY,LienKe,4389.957,4385.616,43.4,180.4,22.6,4.16,0.52,1,3,4,1,3,4,1,10,12,1,16,-,1,25,-,1,91,-,1,102,-,0,,,0,,,SL,-43.41,246
2026.09.08 08:05,2026.09.08 12:15,BUY,LienKe,4391.429,4385.616,58.1,165.6,37.3,2.85,0.64,1,0,3,1,1,3,1,1,3,1,20,40,1,95,187,1,96,187,1,135,187,0,,,0,,,SL,-58.13,250
2026.09.08 12:20,2026.09.08 16:09,BUY,LienKe,4388.304,4382.152,61.5,248.8,9.5,4.04,0.15,1,0,-,1,0,-,1,0,-,1,0,-,1,1,-,1,6,-,1,10,-,1,39,-,0,,,SL,-61.52,229
2026.09.08 12:20,2026.09.08 16:09,BUY,LienKe,4391.662,4382.152,95.1,215.2,43.1,2.26,0.45,1,0,2,1,0,2,1,1,2,1,5,82,1,9,82,1,9,82,1,12,82,1,39,82,0,,,SL,-95.10,229
2026.09.09 00:16,2026.09.09 00:25,BUY,LienKe,4346.843,4341.445,54.0,18.2,42.4,0.34,0.79,1,2,2,0,,,0,,,0,,,0,,,0,,,0,,,0,,,0,,,SL,-53.98,8
2026.09.09 00:10,2026.09.09 00:25,BUY,LienKe,4349.265,4341.445,78.2,33.6,66.6,0.43,0.85,1,0,1,1,1,5,1,1,5,0,,,0,,,0,,,0,,,0,,,0,,,SL,-78.20,15
2026.09.09 15:11,2026.09.09 15:22,BUY,LienKe,4385.798,4377.207,85.9,77.1,59.3,0.90,0.69,1,0,1,1,0,1,1,0,1,1,3,3,0,,,0,,,0,,,0,,,0,,,SL,-85.91,11
2026.09.09 15:10,2026.09.09 15:22,BUY,LienKe,4391.582,4377.207,143.8,19.3,117.1,0.13,0.81,1,0,0,0,,,0,,,0,,,0,,,0,,,0,,,0,,,0,,,SL,-143.75,12
2026.09.10 08:30,2026.09.10 08:33,BUY,LienKe,4404.765,4400.807,39.6,13.7,35.6,0.35,0.90,1,0,1,0,,,0,,,0,,,0,,,0,,,0,,,0,,,0,,,SL,-39.58,3
2026.09.10 08:30,2026.09.10 08:33,BUY,LienKe,4405.713,4400.807,49.1,4.2,45.0,0.09,0.92,0,,,0,,,0,,,0,,,0,,,0,,,0,,,0,,,0,,,SL,-49.06,3
2026.09.10 09:40,2026.09.10 10:33,BUY,Swing,4390.846,4386.487,43.6,92.7,37.5,2.13,0.86,1,3,30,1,4,30,1,5,30,1,13,30,1,24,30,0,,,0,,,0,,,0,,,SL,-43.59,53
2026.09.10 09:35,2026.09.10 10:33,BUY,Swing,4392.399,4386.487,59.1,77.1,53.0,1.30,0.90,1,10,25,1,11,25,1,13,25,1,28,34,0,,,0,,,0,,,0,,,0,,,SL,-59.12,58
